data,regiao_id,pedidos,receita
2025-01-01,SE,52162,8361945.688056175
2025-01-02,SE,48798,7919327.067979484
2025-01-03,SE,49414,8167375.085308634
2025-01-04,SE,42964,6921673.917796542
2025-01-05,SE,36894,6073410.899500235
2025-01-06,SE,55767,9396361.639162675
2025-01-07,SE,55164,8865082.454465559
2025-01-08,SE,51335,8435301.953073584
2025-01-09,SE,50904,8571301.915357003
2025-01-10,SE,46981,7687017.79808265
2025-01-11,SE,43122,7033495.311449651
2025-01-12,SE,40911,6907394.264955004
2025-01-13,SE,58903,9659475.47050972
2025-01-14,SE,57414,9682574.475344602
2025-01-15,SE,53064,8830676.644398753
2025-01-16,SE,49687,8142139.756511868
2025-01-17,SE,49335,8218371.256679197
2025-01-18,SE,40664,6752561.504802416
2025-01-19,SE,41288,6951615.692714716
2025-01-20,SE,59003,9628726.695156856
2025-01-21,SE,55195,9114680.417224837
2025-01-22,SE,51259,8447329.33367118
2025-01-23,SE,53728,8989967.155468274
2025-01-24,SE,48723,7874460.640560018
2025-01-25,SE,41684,7017752.515219864
2025-01-26,SE,39791,6626748.77097233
2025-01-27,SE,60555,9728411.887148319
2025-01-28,SE,56589,9562820.470602682
2025-01-29,SE,53577,9235201.816466669
2025-01-30,SE,52602,8853234.952538585
2025-01-31,SE,52964,8988470.109997563
2025-02-01,SE,41958,6934890.641016628
2025-02-02,SE,39794,6347820.841638955
2025-02-03,SE,58088,9231019.813067516
2025-02-04,SE,57409,9520810.216686133
2025-02-05,SE,55218,9003099.976842728
2025-02-06,SE,51912,8408804.303590253
2025-02-07,SE,48098,7926210.632981767
2025-02-08,SE,41574,6944164.731099899
2025-02-09,SE,41682,6677702.327788339
2025-02-10,SE,61700,10089104.02773471
2025-02-11,SE,57596,9790316.289154492
2025-02-12,SE,52181,8424703.244204506
2025-02-13,SE,52847,8871437.08921175
2025-02-14,SE,50044,8177209.041437839
2025-02-15,SE,43385,7236666.565494598
2025-02-16,SE,42239,7122390.054703249
2025-02-17,SE,60956,10206852.38558152
2025-02-18,SE,58199,9777445.19297451
2025-02-19,SE,53861,8682379.268300476
2025-02-20,SE,53257,8983128.577506341
2025-02-21,SE,51236,8309767.671409283
2025-02-22,SE,41096,6816038.223713161
2025-02-23,SE,40765,6760965.439182708
2025-02-24,SE,59830,9967732.11290065
2025-02-25,SE,55897,9285160.06216173
2025-02-26,SE,53524,8682418.518541161
2025-02-27,SE,55802,8958756.505574945
2025-02-28,SE,48890,8207592.118978991
2025-03-01,SE,45030,7457564.8323847335
2025-03-02,SE,39022,6586638.244189925
2025-03-03,SE,60466,9967964.088724608
2025-03-04,SE,57834,9274431.29040321
2025-03-05,SE,55471,9329569.192465428
2025-03-06,SE,54662,8952420.845724525
2025-03-07,SE,52117,8658124.840828357
2025-03-08,SE,43271,7047261.484131867
2025-03-09,SE,41028,6992245.954872644
2025-03-10,SE,85568,13871200.533710165
2025-03-11,SE,77558,12710707.75633241
2025-03-12,SE,70509,11658986.131909002
2025-03-13,SE,69544,11224109.398408713
2025-03-14,SE,66636,11067620.847712977
2025-03-15,SE,60514,10306702.397090444
2025-03-16,SE,56907,9297549.59041063
2025-03-17,SE,63387,10541509.828970881
2025-03-18,SE,57302,8934921.116580421
2025-03-19,SE,55290,9115747.094867138
2025-03-20,SE,55133,9039990.4308451
2025-03-21,SE,50741,8235211.423415112
2025-03-22,SE,45021,7589135.339257382
2025-03-23,SE,41209,6755119.21960908
2025-03-24,SE,61458,10104575.542374067
2025-03-25,SE,57726,9452936.341562755
2025-03-26,SE,52988,8407844.80993681
2025-03-27,SE,55188,8899862.176738609
2025-03-28,SE,50744,8533700.101936957
2025-03-29,SE,44588,7046561.017837822
2025-03-30,SE,43143,7009493.227676048
2025-03-31,SE,63586,10407815.221652504
2025-04-01,SE,60216,10282119.983390735
2025-04-02,SE,55430,9286542.23218083
2025-04-03,SE,53767,8772695.620497389
2025-04-04,SE,51745,8760681.802148907
2025-04-05,SE,42179,6856462.084583375
2025-04-06,SE,40513,6819554.47915063
2025-04-07,SE,60054,9639610.153382018
2025-04-08,SE,57119,9626936.266510084
2025-04-09,SE,56726,9283763.487329142
2025-04-10,SE,53151,8589517.10459611
2025-04-11,SE,51499,8460432.159531603
2025-04-12,SE,47135,7820414.639106671
2025-04-13,SE,42386,6924487.656978333
2025-04-14,SE,64967,10838317.701499194
2025-04-15,SE,57581,9390086.07630964
2025-04-16,SE,55861,9331425.253581418
2025-04-17,SE,53372,8884267.510453558
2025-04-18,SE,51868,8547792.141894748
2025-04-19,SE,46679,7634044.15963553
2025-04-20,SE,40559,6712517.932346964
2025-04-21,SE,64667,10787479.75404251
2025-04-22,SE,60368,10371460.081131937
2025-04-23,SE,55414,9315098.24273663
2025-04-24,SE,52716,8867925.944441823
2025-04-25,SE,52927,9272391.760293322
2025-04-26,SE,44761,7461777.897349398
2025-04-27,SE,43771,7292218.992740961
2025-04-28,SE,64115,10727930.157417437
2025-04-29,SE,63592,10280944.857325586
2025-04-30,SE,56440,9229922.432413733
2025-05-01,SE,70000,11433074.89939407
2025-05-02,SE,69461,11609511.917756438
2025-05-03,SE,60090,9880311.706835223
2025-05-04,SE,59469,9839511.029335454
2025-05-05,SE,86215,14534866.17025113
2025-05-06,SE,79716,13380202.85014558
2025-05-07,SE,78231,12866364.733896565
2025-05-08,SE,69982,11392300.930329885
2025-05-09,SE,67872,11453156.109736325
2025-05-10,SE,58030,9723149.38725306
2025-05-11,SE,56317,8993788.434721395
2025-05-12,SE,61685,10114279.227618862
2025-05-13,SE,62267,10308065.299202213
2025-05-14,SE,57128,9572946.847462978
2025-05-15,SE,53585,9002458.702400947
2025-05-16,SE,51804,8596194.63940015
2025-05-17,SE,46910,7830748.073596945
2025-05-18,SE,45470,7512173.791333645
2025-05-19,SE,69737,11351530.095910462
2025-05-20,SE,67512,11081273.010825675
2025-05-21,SE,58748,9697101.790968018
2025-05-22,SE,54852,9044302.653467335
2025-05-23,SE,49992,7937610.249891505
2025-05-24,SE,47106,7710701.295081886
2025-05-25,SE,43165,7130231.186151457
2025-05-26,SE,64605,10599837.902520677
2025-05-27,SE,60298,9900056.1619682
2025-05-28,SE,57956,9656070.692024957
2025-05-29,SE,59280,9570130.079240797
2025-05-30,SE,54634,8721086.687553866
2025-05-31,SE,46678,7648238.830660976
2025-06-01,SE,43065,7214316.736680685
2025-06-02,SE,62071,10587383.745556116
2025-06-03,SE,60919,10208868.35165146
2025-06-04,SE,58469,9364086.884539953
2025-06-05,SE,61034,10023808.403109197
2025-06-06,SE,54898,9104662.757033626
2025-06-07,SE,48833,8086063.613142008
2025-06-08,SE,44158,7364658.21448121
2025-06-09,SE,63566,10296022.660008607
2025-06-10,SE,60226,9950197.165889742
2025-06-11,SE,57421,9554111.678788299
2025-06-12,SE,62116,10418388.343886854
2025-06-13,SE,53384,8666418.886598691
2025-06-14,SE,48875,8008705.511774561
2025-06-15,SE,43774,6832132.18007915
2025-06-16,SE,68874,11222961.51386866
2025-06-17,SE,63536,10373486.558688633
2025-06-18,SE,58932,9525495.691023432
2025-06-19,SE,58060,9611630.956760276
2025-06-20,SE,54014,8902337.939330572
2025-06-21,SE,48501,7641070.363487908
2025-06-22,SE,44740,7413918.0276036495
2025-06-23,SE,64207,10397458.805363616
2025-06-24,SE,60233,10034984.860160442
2025-06-25,SE,59959,9639601.887423541
2025-06-26,SE,61711,10188425.720547633
2025-06-27,SE,55912,9173233.647452483
2025-06-28,SE,47832,7940123.298891116
2025-06-29,SE,46183,7639199.351433448
2025-06-30,SE,70556,11582328.900341714
2025-07-01,SE,63904,10220185.978342945
2025-07-02,SE,59081,9460357.751825504
2025-07-03,SE,61093,9962629.36425913
2025-07-04,SE,56760,9363849.111500917
2025-07-05,SE,50905,8297147.556217836
2025-07-06,SE,46285,7732520.182882672
2025-07-07,SE,64953,10657395.419993663
2025-07-08,SE,60729,9826890.949381655
2025-07-09,SE,63773,10464019.38485403
2025-07-10,SE,62724,10396210.546831295
2025-07-11,SE,55891,9281936.835005421
2025-07-12,SE,47936,8206578.540835034
2025-07-13,SE,48621,7915138.964632989
2025-07-14,SE,65608,10809411.399502244
2025-07-15,SE,62142,10340814.641200734
2025-07-16,SE,62002,10225537.507955983
2025-07-17,SE,58675,9584441.559937583
2025-07-18,SE,56558,9042914.471647063
2025-07-19,SE,48588,7935112.582467617
2025-07-20,SE,47072,7600093.644094207
2025-07-21,SE,72029,11474378.016305607
2025-07-22,SE,64726,10509836.341270298
2025-07-23,SE,62362,10074244.178161556
2025-07-24,SE,55547,9272266.051063579
2025-07-25,SE,56798,9484334.686798807
2025-07-26,SE,47699,7728058.34382873
2025-07-27,SE,44795,7352707.093029953
2025-07-28,SE,66921,10631591.991268931
2025-07-29,SE,64135,10477650.174073609
2025-07-30,SE,63305,10528674.912439074
2025-07-31,SE,57392,9625917.956690418
2025-08-01,SE,57285,9317230.223153533
2025-08-02,SE,48596,8187022.598047245
2025-08-03,SE,46521,7443277.037193596
2025-08-04,SE,71879,11564096.812703634
2025-08-05,SE,66498,11127900.612645919
2025-08-06,SE,64581,11012009.844204081
2025-08-07,SE,60206,10032024.968725938
2025-08-08,SE,56152,9257604.49122743
2025-08-09,SE,49329,7781940.477193759
2025-08-10,SE,47734,7557529.690348508
2025-08-11,SE,70274,11625220.615126206
2025-08-12,SE,63154,10345786.803547477
2025-08-13,SE,62246,10043438.404730804
2025-08-14,SE,61369,10139156.507544767
2025-08-15,SE,62986,10416620.492235696
2025-08-16,SE,53291,8959100.257966252
2025-08-17,SE,46184,7641179.171467573
2025-08-18,SE,69539,11755825.342732696
2025-08-19,SE,62642,10337582.514596688
2025-08-20,SE,61117,10061043.534703787
2025-08-21,SE,61910,10432592.172586858
2025-08-22,SE,60677,9815787.770981696
2025-08-23,SE,49011,8542013.317635693
2025-08-24,SE,46784,7777294.951333223
2025-08-25,SE,65341,10863381.4218919
2025-08-26,SE,66027,11008867.689182512
2025-08-27,SE,60434,10345971.456975635
2025-08-28,SE,60446,10131672.879919676
2025-08-29,SE,56759,9064600.471369464
2025-08-30,SE,50418,8552478.560535386
2025-08-31,SE,45194,7406168.615962255
2025-09-01,SE,67410,11146486.967418326
2025-09-02,SE,71766,11538427.096128471
2025-09-03,SE,60285,10051707.892586578
2025-09-04,SE,59565,9700187.938360017
2025-09-05,SE,62681,10363084.819160927
2025-09-06,SE,56050,9195701.627473442
2025-09-07,SE,46449,7959154.234771834
2025-09-08,SE,70548,12101906.848860415
2025-09-09,SE,67977,11226639.02504657
2025-09-10,SE,67336,11124656.41047002
2025-09-11,SE,60149,9850459.670756243
2025-09-12,SE,58726,9904129.374066815
2025-09-13,SE,52563,8615841.2500237
2025-09-14,SE,49456,8091475.734358903
2025-09-15,SE,70935,11933349.399787445
2025-09-16,SE,67245,10975971.855206925
2025-09-17,SE,60788,10022446.32498761
2025-09-18,SE,62138,9928513.68517295
2025-09-19,SE,59021,9875619.660586398
2025-09-20,SE,51884,8893169.80289929
2025-09-21,SE,48043,8041439.440931887
2025-09-22,SE,73490,12480361.14871607
2025-09-23,SE,70360,11412945.237205258
2025-09-24,SE,64579,10705898.233170027
2025-09-25,SE,63798,10328103.33437877
2025-09-26,SE,60031,9859994.12155958
2025-09-27,SE,51763,8672802.542917252
2025-09-28,SE,48034,7941749.809388353
2025-09-29,SE,73519,11787910.347375955
2025-09-30,SE,68111,10942740.77355597
2025-10-01,SE,69333,11123936.211755235
2025-10-02,SE,66876,11142999.06523584
2025-10-03,SE,61080,10494206.8381851
2025-10-04,SE,50671,8588537.501549724
2025-10-05,SE,47633,7561417.172129949
2025-10-06,SE,76182,12927289.343476307
2025-10-07,SE,69371,11660579.809984786
2025-10-08,SE,66065,10563827.205025522
2025-10-09,SE,59859,9816842.159603577
2025-10-10,SE,62581,10552109.330511604
2025-10-11,SE,53195,8873800.025026781
2025-10-12,SE,47912,7698499.504904957
2025-10-13,SE,72342,12082231.619814208
2025-10-14,SE,69773,11020383.564001909
2025-10-15,SE,65468,10754080.51673184
2025-10-16,SE,63464,10709883.651763575
2025-10-17,SE,60743,10026282.15546028
2025-10-18,SE,52200,8527053.017643554
2025-10-19,SE,50404,8464587.808297968
2025-10-20,SE,77790,13085575.61419543
2025-10-21,SE,63288,10716122.31387114
2025-10-22,SE,65180,10942765.810304247
2025-10-23,SE,64888,10938075.21717568
2025-10-24,SE,61951,10371749.579537982
2025-10-25,SE,52279,8671844.188415628
2025-10-26,SE,47326,7822769.139645313
2025-10-27,SE,75261,12359138.867727334
2025-10-28,SE,74164,11940343.529114611
2025-10-29,SE,62556,10124530.459739085
2025-10-30,SE,66823,10963606.322703023
2025-10-31,SE,60960,10106972.448042901
2025-11-01,SE,53160,9024158.87244269
2025-11-02,SE,48848,8053182.353742032
2025-11-03,SE,73961,12448484.76283369
2025-11-04,SE,73540,12396030.48213426
2025-11-05,SE,67842,11142114.01495895
2025-11-06,SE,69191,11552300.794369217
2025-11-07,SE,64581,10603964.96127331
2025-11-08,SE,54405,9214196.65094722
2025-11-09,SE,54123,9043860.37168999
2025-11-10,SE,76425,12309882.02085821
2025-11-11,SE,72795,12049977.017276678
2025-11-12,SE,66176,11278956.052388828
2025-11-13,SE,65765,10811893.42534302
2025-11-14,SE,60861,10131984.668673832
2025-11-15,SE,55757,9300345.668974211
2025-11-16,SE,49188,7947754.956358442
2025-11-17,SE,77776,12964118.710811501
2025-11-18,SE,70679,11336935.913454836
2025-11-19,SE,70013,11407598.992147112
2025-11-20,SE,67726,11415209.56519849
2025-11-21,SE,66742,11091005.07348161
2025-11-22,SE,55588,9116166.469155854
2025-11-23,SE,48761,8117405.623327891
2025-11-24,SE,197500,32548334.87752559
2025-11-25,SE,178435,29449181.668721594
2025-11-26,SE,172684,28867152.766544864
2025-11-27,SE,181695,29543550.0305911
2025-11-28,SE,167735,27698602.22905286
2025-11-29,SE,138271,22672228.802729692
2025-11-30,SE,130148,20793421.743608337
2025-12-01,SE,199335,32284794.14103255
2025-12-02,SE,68913,11727275.375925483
2025-12-03,SE,66436,11046286.27782169
2025-12-04,SE,67484,10840100.591325155
2025-12-05,SE,66036,10560267.822840365
2025-12-06,SE,55998,9218942.851541305
2025-12-07,SE,48012,8169333.769841868
2025-12-08,SE,120655,19833715.100909095
2025-12-09,SE,112492,19046369.079413034
2025-12-10,SE,107599,17878797.416730743
2025-12-11,SE,109955,18313568.93550507
2025-12-12,SE,91801,14742517.421033593
2025-12-13,SE,83708,14070797.956821634
2025-12-14,SE,83056,13612440.21955027
2025-12-15,SE,113426,19038350.511322793
2025-12-16,SE,118686,19264309.091009386
2025-12-17,SE,108050,17891379.600594874
2025-12-18,SE,107770,17907236.682541333
2025-12-19,SE,97528,16042545.547713263
2025-12-20,SE,88418,14707007.953711564
2025-12-21,SE,54777,8990049.972460194
2025-12-22,SE,78548,12792178.259909775
2025-12-23,SE,73832,12573448.962090865
2025-12-24,SE,69874,11771081.95752766
2025-12-25,SE,65866,10702510.112918766
2025-12-26,SE,64242,10720439.39696403
2025-12-27,SE,55487,9019365.22868435
2025-12-28,SE,53819,8669731.808637032
2025-12-29,SE,81105,13659020.478657393
2025-12-30,SE,70925,11303776.22236816
2025-12-31,SE,69314,11648815.499619026
2026-01-01,SE,71852,11795656.608110102
2026-01-02,SE,63258,10393409.350441694
2026-01-03,SE,54492,9064862.939417051
2026-01-04,SE,53792,8978850.693432823
2026-01-05,SE,81145,13167648.06362352
2026-01-06,SE,74108,12403344.391063724
2026-01-07,SE,73278,12118284.968741862
2026-01-08,SE,70765,11382905.432522887
2026-01-09,SE,67247,11058057.286988953
2026-01-10,SE,57525,9753836.64872109
2026-01-11,SE,58098,9907612.45514198
2026-01-12,SE,78701,13171969.93517546
2026-01-13,SE,69282,11159381.054093972
2026-01-14,SE,74379,12392954.80763263
2026-01-15,SE,67994,11409926.339780107
2026-01-16,SE,65948,11039354.66727688
2026-01-17,SE,59357,9947660.354655042
2026-01-18,SE,51002,8476469.573773682
2026-01-19,SE,76235,12560557.829652537
2026-01-20,SE,70737,11529592.497859385
2026-01-21,SE,68863,10931093.139085123
2026-01-22,SE,70569,11722979.993456142
2026-01-23,SE,67291,11144329.950277258
2026-01-24,SE,57636,9615990.256214269
2026-01-25,SE,51657,8295396.467937378
2026-01-26,SE,73704,12318043.023228614
2026-01-27,SE,75512,12971451.270310514
2026-01-28,SE,70064,11578698.548877317
2026-01-29,SE,71025,11704671.728321074
2026-01-30,SE,68093,11304779.961528713
2026-01-31,SE,57691,9905931.932465462
2026-02-01,SE,56111,9068769.93146275
2026-02-02,SE,81298,13468687.04699449
2026-02-03,SE,77210,12535902.886400517
2026-02-04,SE,69884,11404711.302891945
2026-02-05,SE,69862,11515797.22230548
2026-02-06,SE,67304,11404404.803396745
2026-02-07,SE,59403,10154543.007353952
2026-02-08,SE,54215,9025651.887024092
2026-02-09,SE,82596,13525692.7814486
2026-02-10,SE,75532,13084109.121847305
2026-02-11,SE,71769,11740623.980017222
2026-02-12,SE,72763,11868755.04362936
2026-02-13,SE,62540,9952783.704573754
2026-02-14,SE,55442,9403356.958980821
2026-02-15,SE,52422,8817129.322462851
2026-02-16,SE,74921,12959741.548285555
2026-02-17,SE,74861,12008795.344687676
2026-02-18,SE,74382,12630953.481306307
2026-02-19,SE,70409,11633780.966651715
2026-02-20,SE,68086,11415307.659891477
2026-02-21,SE,60640,9675860.020739302
2026-02-22,SE,58193,9883770.882170994
2026-02-23,SE,81857,13718865.275655441
2026-02-24,SE,80778,13317997.853193128
2026-02-25,SE,73134,12222802.915288048
2026-02-26,SE,69432,11280885.429851513
2026-02-27,SE,66593,10860509.04305683
2026-02-28,SE,55706,9106295.069366166
2026-03-01,SE,54192,8610350.006673625
2026-03-02,SE,81495,13678430.728000842
2026-03-03,SE,79751,13472516.581671422
2026-03-04,SE,77736,12646525.026874062
2026-03-05,SE,68461,11374731.478026174
2026-03-06,SE,69341,11380502.621230822
2026-03-07,SE,56937,9456285.084110724
2026-03-08,SE,57188,9317583.372007757
2026-03-09,SE,115674,18748985.23903257
2026-03-10,SE,102225,17222034.572238464
2026-03-11,SE,106595,17565707.65942956
2026-03-12,SE,99155,17022232.30297219
2026-03-13,SE,94514,15609253.902041428
2026-03-14,SE,80087,12969604.520342086
2026-03-15,SE,77395,13083539.994134804
2026-03-16,SE,84735,14157662.811299412
2026-03-17,SE,77948,13048392.34373205
2026-03-18,SE,75022,12673390.105629094
2026-03-19,SE,73696,12001082.030284844
2026-03-20,SE,72391,11914115.418840513
2026-03-21,SE,59056,9710827.033880468
2026-03-22,SE,53963,8674041.567273794
2026-03-23,SE,87103,14296228.67359753
2026-03-24,SE,78005,13214831.12271855
2026-03-25,SE,77507,12849359.702555474
2026-03-26,SE,74177,11909710.58931866
2026-03-27,SE,69273,11074378.710237926
2026-03-28,SE,60852,10374886.343998935
2026-03-29,SE,61141,10070041.757800171
2026-03-30,SE,90590,14753808.661236119
2026-03-31,SE,79569,13056940.872554405
2026-04-01,SE,75448,12081102.279022478
2026-04-02,SE,76390,12963093.786954936
2026-04-03,SE,67922,11119030.09263183
2026-04-04,SE,61170,10369075.039790805
2026-04-05,SE,57511,9499117.787773613
2026-04-06,SE,85872,14573977.340076467
2026-04-07,SE,77505,12853978.853589503
2026-04-08,SE,71262,11958880.117870541
2026-04-09,SE,68670,11493504.394267125
2026-04-10,SE,67645,11300561.329782829
2026-04-11,SE,59838,9941975.020710675
2026-04-12,SE,57301,9410634.489682341
2026-04-13,SE,91221,15628066.964399893
2026-04-14,SE,83403,13511878.824285753
2026-04-15,SE,73341,12102307.558430396
2026-04-16,SE,75376,12440742.724507837
2026-04-17,SE,69795,11608866.562852718
2026-04-18,SE,60557,9906080.00244247
2026-04-19,SE,58607,9731027.911214573
2026-04-20,SE,87784,14435448.464251792
2026-04-21,SE,79799,12750248.84450121
2026-04-22,SE,79177,13066700.860517561
2026-04-23,SE,71906,11603337.072238343
2026-04-24,SE,71229,11345107.74053754
2026-04-25,SE,67112,11103793.27958375
2026-04-26,SE,59023,9833822.917036869
2026-04-27,SE,90753,15131983.110469885
2026-04-28,SE,81485,13597537.486702949
2026-04-29,SE,78336,12425848.731303468
2026-04-30,SE,75182,12067360.883576
2026-05-01,SE,96115,16484935.542567844
2026-05-02,SE,81250,13125467.151204346
2026-05-03,SE,80718,13481179.358959261
2026-05-04,SE,113840,18525536.769793548
2026-05-05,SE,112855,18650746.841067135
2026-05-06,SE,108204,17627541.89558072
2026-05-07,SE,103597,17285479.130683936
2026-05-08,SE,96276,15928994.614231981
2026-05-09,SE,85346,13955832.861229245
2026-05-10,SE,79115,12779796.58807982
2026-05-11,SE,90281,14976142.24366861
2026-05-12,SE,76898,12380426.354311036
2026-05-13,SE,76752,12772353.082318032
2026-05-14,SE,70894,12311976.669766163
2026-05-15,SE,68662,11635157.740997182
2026-05-16,SE,65578,10975825.79849826
2026-05-17,SE,61453,10122384.276615314
2026-05-18,SE,85709,13593628.78860411
2026-05-19,SE,78293,12576709.962979097
2026-05-20,SE,70007,11847509.782274703
2026-05-21,SE,75186,12209740.617887136
2026-05-22,SE,79044,12859863.446603978
2026-05-23,SE,63909,10510049.364373382
2026-05-24,SE,58756,9488814.753050199
2026-05-25,SE,89870,14464725.969625287
2026-05-26,SE,78575,12951787.19911296
2026-05-27,SE,77745,12599195.540403524
2026-05-28,SE,77354,12574251.520973286
2026-05-29,SE,73071,11868343.04874376
2026-05-30,SE,65067,10848216.759710774
2026-05-31,SE,61003,10018765.800458949
2026-06-01,SE,91021,14964827.463004101
2026-06-02,SE,81582,13621740.132641036
2026-06-03,SE,81499,13409133.916096458
2026-06-04,SE,81951,13446664.523889849
2026-06-05,SE,71212,11860535.645378849
2026-06-06,SE,61701,10316718.967979653
2026-06-07,SE,63458,10439771.132565005
2026-06-08,SE,88855,14684710.932879113
2026-06-09,SE,88209,14326913.916563995
2026-06-10,SE,78242,12687702.843211181
2026-06-11,SE,81950,13729754.404694393
2026-06-12,SE,74482,12398892.57651808
2026-06-13,SE,64626,10760389.58570766
2026-06-14,SE,64313,10671251.53290763
2026-06-15,SE,88831,14670659.134539928
2026-06-16,SE,81778,13681308.866305424
2026-06-17,SE,78676,13224323.035711354
2026-06-18,SE,79670,13385121.866072677
2026-06-19,SE,70482,11606090.004063373
2026-06-20,SE,65854,11167328.763476877
2026-06-21,SE,60169,9973247.627505202
2026-06-22,SE,94125,15727048.950113343
2026-06-23,SE,77924,12929998.675457876
2026-06-24,SE,78179,12963260.433368538
2026-06-25,SE,74225,12066908.06812811
2026-06-26,SE,72830,12185511.959136957
2026-06-27,SE,65351,11396526.35220531
2026-06-28,SE,61292,10037372.598910687
2026-06-29,SE,90205,14904958.458406193
2026-06-30,SE,85066,13910632.239844019
2026-07-01,SE,81432,13305136.559140828
2026-07-02,SE,76536,13018519.751349058
2026-07-03,SE,77298,12582506.264696619
2026-07-04,SE,66674,10896900.823111946
2026-07-05,SE,62871,10044351.037641324
2026-07-06,SE,93320,15164488.923756868
2026-07-07,SE,86929,13853203.668828012
2026-07-08,SE,87116,14555772.983982602
2026-07-09,SE,79551,13860886.755191453
2026-07-10,SE,75052,12292764.076490505
2026-07-11,SE,63811,10177835.281475268
2026-07-12,SE,60139,10101547.76340316
2026-07-13,SE,88056,14318006.656194272
2026-07-14,SE,83841,14193262.20181498
2026-07-15,SE,81590,13386414.5249697
2026-07-16,SE,81194,13227721.177904021
2026-07-17,SE,76441,12567874.263388105
2026-07-18,SE,64151,10745335.052069698
2026-07-19,SE,64731,10632035.155996833
2026-07-20,SE,94994,15518296.640823288
2026-07-21,SE,86546,14223303.336292349
2026-07-22,SE,80385,12926139.339279858
2026-07-23,SE,82268,13682007.88632982
2026-07-24,SE,77250,12290768.723064085
2026-07-25,SE,62938,10292528.016886972
2026-07-26,SE,62965,10547013.47592429
2026-07-27,SE,93986,15601681.576535057
2026-07-28,SE,84778,14153522.451870913
2026-07-29,SE,83289,13724806.956184246
2026-07-30,SE,77050,13010675.512708284
2026-07-31,SE,80798,13578225.690812
2026-08-01,SE,69593,11585304.359998409
2026-08-02,SE,62919,10574223.83411721
2026-08-03,SE,94861,15886978.565021116
2026-08-04,SE,80614,13184401.191505678
2026-08-05,SE,79849,12820965.352141185
2026-08-06,SE,80813,13446248.390769875
2026-08-07,SE,74721,12463619.300275952
2026-08-08,SE,68742,11589802.044528997
2026-08-09,SE,68310,11060081.649215465
2026-08-10,SE,90330,14634252.87197113
2026-08-11,SE,85953,14312693.36504684
2026-08-12,SE,84387,13904036.62332846
2026-08-13,SE,86755,13774697.479867175
2026-08-14,SE,74741,12424783.6655816
2026-08-15,SE,68040,10810671.7780517
2026-08-16,SE,68308,11057743.67100029
2026-08-17,SE,89276,15128759.930603413
2026-08-18,SE,85066,14548166.023144973
2026-08-19,SE,82933,13351245.5022986
2026-08-20,SE,81093,13292197.551786754
2026-08-21,SE,80766,13337750.087306617
2026-08-22,SE,68416,11690792.590875488
2026-08-23,SE,60573,9896024.982437328
2026-08-24,SE,97020,15855617.949881528
2026-08-25,SE,87763,14929433.643918341
2026-08-26,SE,88443,14483708.32578826
2026-08-27,SE,81250,13599890.33321663
2026-08-28,SE,77226,12365846.319341552
2026-08-29,SE,69526,11432503.078372981
2026-08-30,SE,66693,10639089.47660294
2026-08-31,SE,97354,15724332.688973166
2026-09-01,SE,84775,14222647.87311401
2026-09-02,SE,86759,14300946.851976536
2026-09-03,SE,80530,13202647.968553787
2026-09-04,SE,80096,13017932.895388162
2026-09-05,SE,65208,10711837.813961072
2026-09-06,SE,66354,11014344.208196338
2026-09-07,SE,93682,15761399.134977376
2026-09-08,SE,86543,13529874.370710095
2026-09-09,SE,87787,14243896.19992347
2026-09-10,SE,84747,14027748.666481413
2026-09-11,SE,78183,12874687.930515578
2026-09-12,SE,72529,12063831.369130928
2026-09-13,SE,64697,10732124.877842048
2026-09-14,SE,97069,15918727.378643407
2026-09-15,SE,91991,15018578.017238215
2026-09-16,SE,84273,13836770.814753216
2026-09-17,SE,85915,14501665.856650569
2026-09-18,SE,78861,12821566.303930303
2026-09-19,SE,68422,11275448.706683846
2026-09-20,SE,69242,11466823.439219538
2026-09-21,SE,93968,15988576.085388862
2026-09-22,SE,83919,13763469.82321432
2026-09-23,SE,91523,15390879.4432077
2026-09-24,SE,92595,15654622.938389573
2026-09-25,SE,79679,13130271.408935374
2026-09-26,SE,65089,10694423.89082388
2026-09-27,SE,65749,10777189.665384455
2026-09-28,SE,97100,15939526.593094649
2026-09-29,SE,91576,15368191.969258208
2026-09-30,SE,83743,13881435.046133518
2025-01-01,S,18316,3036361.5688334126
2025-01-02,S,17938,2893161.9442136614
2025-01-03,S,15872,2568205.191723271
2025-01-04,S,14822,2550471.557161587
2025-01-05,S,14763,2427231.7040979583
2025-01-06,S,20446,3321314.738868736
2025-01-07,S,18876,3203684.3119038898
2025-01-08,S,17966,2981097.8088726406
2025-01-09,S,18098,3020699.3773618666
2025-01-10,S,15824,2603751.2921664584
2025-01-11,S,14635,2399384.523754048
2025-01-12,S,13663,2246748.7065954795
2025-01-13,S,21763,3491589.6483593103
2025-01-14,S,19095,3145134.386186519
2025-01-15,S,19220,3190076.193944505
2025-01-16,S,17130,2931054.8361459537
2025-01-17,S,17290,2857756.8486520024
2025-01-18,S,14799,2327841.496042688
2025-01-19,S,13509,2224795.1576020913
2025-01-20,S,20686,3600198.962241679
2025-01-21,S,20143,3381184.009735302
2025-01-22,S,18058,2931247.9925939245
2025-01-23,S,16860,2814787.9842498875
2025-01-24,S,17029,2768087.0361789237
2025-01-25,S,14255,2288389.8635692364
2025-01-26,S,13845,2268508.52634788
2025-01-27,S,20618,3408197.404009949
2025-01-28,S,18274,2902311.160150156
2025-01-29,S,17331,2793891.937107727
2025-01-30,S,18329,3024910.153773979
2025-01-31,S,16824,2753298.551807634
2025-02-01,S,13476,2241097.5730768833
2025-02-02,S,14481,2331319.2802424077
2025-02-03,S,20995,3513651.299897893
2025-02-04,S,19058,3070121.7331231483
2025-02-05,S,17625,3003670.5338364476
2025-02-06,S,18659,2973087.6983668907
2025-02-07,S,17447,2815851.078627248
2025-02-08,S,16132,2683998.985121881
2025-02-09,S,14384,2452356.4925954887
2025-02-10,S,21201,3520206.4504487063
2025-02-11,S,19545,3261228.491564884
2025-02-12,S,19114,3154916.1611173097
2025-02-13,S,18632,3011171.2752096546
2025-02-14,S,18095,2956407.123742408
2025-02-15,S,14703,2367193.2615774805
2025-02-16,S,14040,2257354.8097729622
2025-02-17,S,20685,3440448.5821072254
2025-02-18,S,20320,3277484.1772331097
2025-02-19,S,19670,3266292.5701304204
2025-02-20,S,18044,2899742.7038544444
2025-02-21,S,17177,2851005.2047506
2025-02-22,S,15228,2488062.528071446
2025-02-23,S,14216,2411628.273207046
2025-02-24,S,21864,3630916.706778704
2025-02-25,S,18320,3097510.490578854
2025-02-26,S,18254,2966391.201966636
2025-02-27,S,17939,2963258.612756112
2025-02-28,S,16112,2606315.9882378206
2025-03-01,S,14638,2395290.633307134
2025-03-02,S,13960,2291325.3826666004
2025-03-03,S,21131,3435999.236797578
2025-03-04,S,20781,3345509.0957980813
2025-03-05,S,18744,3005326.6032420006
2025-03-06,S,17882,2812460.059843237
2025-03-07,S,17603,2843131.9395697303
2025-03-08,S,15796,2639049.2488530343
2025-03-09,S,14010,2237746.61736943
2025-03-10,S,27974,4489412.833946403
2025-03-11,S,27690,4732496.93874355
2025-03-12,S,25472,4149377.669640275
2025-03-13,S,25759,4277525.419695254
2025-03-14,S,23937,4000342.9802680817
2025-03-15,S,21196,3543681.5826945854
2025-03-16,S,18982,3036671.323206173
2025-03-17,S,21518,3534062.590766145
2025-03-18,S,20084,3206608.427612676
2025-03-19,S,18311,3169136.9368378725
2025-03-20,S,17739,2833573.07538237
2025-03-21,S,18270,2951374.6653641197
2025-03-22,S,15224,2459681.0455334466
2025-03-23,S,14148,2264543.316998571
2025-03-24,S,21579,3656854.159129501
2025-03-25,S,21154,3659516.7275684164
2025-03-26,S,17700,2892711.49394095
2025-03-27,S,17885,2873092.965661669
2025-03-28,S,17365,2737039.102758255
2025-03-29,S,16295,2675548.419824552
2025-03-30,S,14904,2443600.136119566
2025-03-31,S,22361,3641505.0121509205
2025-04-01,S,19651,3256770.808882427
2025-04-02,S,18589,3091426.3827209305
2025-04-03,S,19280,3201755.8492030413
2025-04-04,S,18085,2965158.5095784846
2025-04-05,S,15891,2564245.620770577
2025-04-06,S,14746,2465490.6370388507
2025-04-07,S,22116,3650053.2892011097
2025-04-08,S,20700,3476183.702521455
2025-04-09,S,19988,3350133.6992734084
2025-04-10,S,19632,3147170.291299541
2025-04-11,S,17124,2744413.2504343367
2025-04-12,S,14448,2347897.027395602
2025-04-13,S,15452,2495719.3368066056
2025-04-14,S,22944,3842944.039268385
2025-04-15,S,19965,3317370.862347626
2025-04-16,S,18297,3085373.8394631566
2025-04-17,S,19269,3204596.6847994807
2025-04-18,S,18852,3123560.424327673
2025-04-19,S,16764,2832430.491124376
2025-04-20,S,15286,2545884.831980127
2025-04-21,S,21868,3613134.465165905
2025-04-22,S,20173,3427100.0908764964
2025-04-23,S,19692,3256664.8684384474
2025-04-24,S,19111,3134121.3641080647
2025-04-25,S,17711,2873347.330470504
2025-04-26,S,17001,2844607.0482364628
2025-04-27,S,16045,2712924.9706147457
2025-04-28,S,23170,3819182.036698999
2025-04-29,S,20270,3432037.7839902574
2025-04-30,S,20390,3231793.5985437282
2025-05-01,S,25818,4255245.405738391
2025-05-02,S,24382,4019803.9393151295
2025-05-03,S,21648,3519984.685226215
2025-05-04,S,20185,3489315.1756704915
2025-05-05,S,29891,4925485.738853791
2025-05-06,S,27996,4581671.058749936
2025-05-07,S,26194,4324254.170277615
2025-05-08,S,23813,3771758.0882667988
2025-05-09,S,24219,3935404.303763036
2025-05-10,S,20455,3441445.172797519
2025-05-11,S,18970,3090677.3918358535
2025-05-12,S,23869,3873096.4098390974
2025-05-13,S,22469,3804483.3140385784
2025-05-14,S,20979,3554321.7503559752
2025-05-15,S,19825,3304947.8091649623
2025-05-16,S,19566,3199004.074999258
2025-05-17,S,16146,2651330.5506026847
2025-05-18,S,15474,2512146.7255321443
2025-05-19,S,21804,3526082.890811908
2025-05-20,S,21605,3490361.759841318
2025-05-21,S,20185,3289356.086936834
2025-05-22,S,18862,3047824.2058232245
2025-05-23,S,18757,2998114.6242019045
2025-05-24,S,16187,2682574.8543505115
2025-05-25,S,16426,2723006.4411387937
2025-05-26,S,23516,4012126.2802737607
2025-05-27,S,21441,3490476.518245552
2025-05-28,S,20435,3391742.69131154
2025-05-29,S,19908,3305364.0906930687
2025-05-30,S,18765,3080506.235946082
2025-05-31,S,15708,2630403.573639864
2025-06-01,S,15461,2590618.200911066
2025-06-02,S,22335,3709406.9984770822
2025-06-03,S,20613,3383755.6459075045
2025-06-04,S,20740,3397629.9243103107
2025-06-05,S,20266,3252417.62830703
2025-06-06,S,17820,2892907.199110608
2025-06-07,S,16350,2664189.5840478847
2025-06-08,S,16177,2609202.779037291
2025-06-09,S,23922,3981858.7417326374
2025-06-10,S,22459,3794422.7155216117
2025-06-11,S,20521,3324471.647726373
2025-06-12,S,19513,3237896.616027761
2025-06-13,S,18393,2972077.659575079
2025-06-14,S,16715,2741155.645512081
2025-06-15,S,15931,2592322.7862645923
2025-06-16,S,24245,4048581.7680015285
2025-06-17,S,22645,3685700.177951035
2025-06-18,S,20516,3453632.2426570985
2025-06-19,S,19343,3175910.176147672
2025-06-20,S,19013,3096386.9794092625
2025-06-21,S,16737,2692382.318419626
2025-06-22,S,15702,2603950.1968281697
2025-06-23,S,22862,3839769.3942685933
2025-06-24,S,22126,3670746.770203045
2025-06-25,S,20364,3510512.1745810485
2025-06-26,S,19893,3376206.1139135803
2025-06-27,S,19550,3205909.846259282
2025-06-28,S,16471,2700428.8414546205
2025-06-29,S,16041,2671628.536754973
2025-06-30,S,23693,3843822.878141975
2025-07-01,S,21178,3575878.857393958
2025-07-02,S,20499,3406796.0820209966
2025-07-03,S,21487,3563539.7576381373
2025-07-04,S,18660,3121201.2329539913
2025-07-05,S,15558,2655522.4981740043
2025-07-06,S,14954,2475846.3389108195
2025-07-07,S,23628,3889805.970986268
2025-07-08,S,22209,3775058.6085774247
2025-07-09,S,20884,3512540.8655289444
2025-07-10,S,21450,3516529.441998438
2025-07-11,S,17733,2926248.5052704327
2025-07-12,S,17134,2838157.266825195
2025-07-13,S,16968,2819979.498745389
2025-07-14,S,22803,3660410.9968768167
2025-07-15,S,22017,3520734.084087109
2025-07-16,S,20535,3328140.571463993
2025-07-17,S,20047,3243932.6318287402
2025-07-18,S,19451,3168089.0310439286
2025-07-19,S,17847,2982136.3467369555
2025-07-20,S,17222,2832029.316830259
2025-07-21,S,23596,3908632.619429407
2025-07-22,S,23939,3853216.6222010944
2025-07-23,S,21239,3472079.0981321344
2025-07-24,S,22092,3687993.1976687815
2025-07-25,S,19725,3293351.9428838734
2025-07-26,S,17174,2792645.3579465128
2025-07-27,S,16483,2728488.447678491
2025-07-28,S,26687,4597001.153797414
2025-07-29,S,23244,3833910.1473168605
2025-07-30,S,20807,3385558.635398327
2025-07-31,S,21644,3558848.98658733
2025-08-01,S,19652,3248557.8329064874
2025-08-02,S,16900,2780069.339408888
2025-08-03,S,16890,2785102.3830483938
2025-08-04,S,24180,3874521.6062852214
2025-08-05,S,22923,3709475.9513446954
2025-08-06,S,21469,3531804.9419245296
2025-08-07,S,21303,3503376.6782342196
2025-08-08,S,20316,3314181.085683416
2025-08-09,S,16121,2650548.0011302438
2025-08-10,S,16848,2783312.3283372615
2025-08-11,S,23458,3939420.7408484025
2025-08-12,S,21680,3570101.9956149873
2025-08-13,S,21538,3582136.4199578557
2025-08-14,S,21239,3466474.9389528884
2025-08-15,S,19646,3278679.9955331925
2025-08-16,S,17899,2975528.1487699794
2025-08-17,S,15781,2648954.411819696
2025-08-18,S,24085,4030731.1942853197
2025-08-19,S,22495,3755378.905861147
2025-08-20,S,21672,3568841.4231345765
2025-08-21,S,21507,3566039.09625495
2025-08-22,S,19536,3292003.1444065557
2025-08-23,S,17937,2921007.336880453
2025-08-24,S,16691,2719402.111027043
2025-08-25,S,22947,3799993.9107529307
2025-08-26,S,21514,3579293.2799460245
2025-08-27,S,21823,3541446.2287596534
2025-08-28,S,21256,3501995.794941886
2025-08-29,S,20294,3342214.883290143
2025-08-30,S,17577,2771709.670646525
2025-08-31,S,16882,2773296.287102001
2025-09-01,S,25536,4200183.015007259
2025-09-02,S,22327,3672144.7602364486
2025-09-03,S,21058,3572963.8652203586
2025-09-04,S,20721,3335829.563406772
2025-09-05,S,20692,3357871.8021968924
2025-09-06,S,18467,2887864.9146350417
2025-09-07,S,16593,2711511.4942019694
2025-09-08,S,22682,3712915.842587536
2025-09-09,S,21971,3588239.461813908
2025-09-10,S,21441,3616139.0424583755
2025-09-11,S,21247,3566097.283640408
2025-09-12,S,20309,3356202.9343033773
2025-09-13,S,17822,2918833.282727381
2025-09-14,S,16759,2821988.1117377495
2025-09-15,S,25921,4275274.9265001435
2025-09-16,S,22944,3723804.5203492814
2025-09-17,S,21542,3432424.284265772
2025-09-18,S,22160,3624127.5536903962
2025-09-19,S,19608,3284150.271750218
2025-09-20,S,18145,3130240.721921806
2025-09-21,S,17103,2825472.2817778997
2025-09-22,S,25017,4064620.2335581766
2025-09-23,S,24949,4019024.7999611064
2025-09-24,S,21854,3645715.993602746
2025-09-25,S,23501,3740813.201904627
2025-09-26,S,20677,3449257.3026837716
2025-09-27,S,17200,2884413.310771483
2025-09-28,S,17182,2859767.3067659754
2025-09-29,S,24339,3998292.0600700686
2025-09-30,S,23146,3862241.1840110826
2025-10-01,S,22782,3771881.2493044487
2025-10-02,S,22476,3650825.9321501264
2025-10-03,S,20506,3508707.0317726536
2025-10-04,S,18734,3069368.4070578427
2025-10-05,S,17938,3005690.9677260523
2025-10-06,S,26717,4195065.211290422
2025-10-07,S,24352,4120659.242493688
2025-10-08,S,23678,4021635.3802215727
2025-10-09,S,20715,3420014.4227710837
2025-10-10,S,20848,3478362.5531563023
2025-10-11,S,17660,2946449.1477537258
2025-10-12,S,17411,2835883.0343876514
2025-10-13,S,25073,4182314.391962126
2025-10-14,S,23907,3880859.6354772975
2025-10-15,S,24227,3948785.4318357874
2025-10-16,S,22170,3740498.287300555
2025-10-17,S,21512,3618670.5595997307
2025-10-18,S,18169,2955532.349556792
2025-10-19,S,17485,2842697.2781918184
2025-10-20,S,25738,4191935.994331617
2025-10-21,S,24565,4112616.0601357417
2025-10-22,S,23793,3847329.294963588
2025-10-23,S,23724,3942386.747140013
2025-10-24,S,21558,3610201.727694059
2025-10-25,S,18804,3097184.087423872
2025-10-26,S,16833,2833552.92729078
2025-10-27,S,25801,4231255.02794608
2025-10-28,S,25126,4128057.991759109
2025-10-29,S,23690,3832451.821388805
2025-10-30,S,22728,3826410.7422971493
2025-10-31,S,22116,3593197.1915222304
2025-11-01,S,18848,3131675.2474269685
2025-11-02,S,18382,3028703.9245785004
2025-11-03,S,26294,4247159.803057188
2025-11-04,S,24161,3938000.4145088797
2025-11-05,S,23397,3967276.703863559
2025-11-06,S,20363,3373445.9633841976
2025-11-07,S,21863,3534586.922086099
2025-11-08,S,16257,2698785.2824925114
2025-11-09,S,16672,2742841.1566553437
2025-11-10,S,26594,4691137.8030702295
2025-11-11,S,25018,4151509.6532669133
2025-11-12,S,22313,3653618.488698447
2025-11-13,S,22253,3776024.608139904
2025-11-14,S,22739,3613786.0393533623
2025-11-15,S,18427,3046190.523821394
2025-11-16,S,19246,3302259.7436684854
2025-11-17,S,26330,4334353.560381265
2025-11-18,S,25103,3998408.514791458
2025-11-19,S,24717,4046011.5157230888
2025-11-20,S,23059,3915416.113971366
2025-11-21,S,21058,3500703.6027457654
2025-11-22,S,18780,3046712.731469071
2025-11-23,S,17926,2917253.913547079
2025-11-24,S,65568,10697615.189650122
2025-11-25,S,64139,10659385.67458162
2025-11-26,S,59585,10094655.174717793
2025-11-27,S,61966,10439597.666556675
2025-11-28,S,57138,9513753.55940246
2025-11-29,S,48812,7839479.194707844
2025-11-30,S,46760,7510489.3896307
2025-12-01,S,69795,11638995.471908027
2025-12-02,S,25576,4106481.1629575854
2025-12-03,S,22836,3750941.539972695
2025-12-04,S,22373,3714000.7011773274
2025-12-05,S,22930,3697369.3999649007
2025-12-06,S,18796,3037808.2850391897
2025-12-07,S,17255,2841715.6054019113
2025-12-08,S,42170,7028138.477662134
2025-12-09,S,39662,6683166.459658097
2025-12-10,S,34915,5830919.393227546
2025-12-11,S,36488,6029389.0200656485
2025-12-12,S,35302,5737900.848272766
2025-12-13,S,30120,4863356.128241038
2025-12-14,S,28930,4724677.075254304
2025-12-15,S,39712,6606201.89443747
2025-12-16,S,39709,6596096.069529336
2025-12-17,S,36711,5802919.644066748
2025-12-18,S,35791,5812718.450488217
2025-12-19,S,35669,6027164.813532192
2025-12-20,S,31451,5197636.595146011
2025-12-21,S,19519,3129361.6299829716
2025-12-22,S,28347,4897630.528014717
2025-12-23,S,25374,4184286.5871980092
2025-12-24,S,24374,4052623.594550207
2025-12-25,S,24258,4034552.5160560715
2025-12-26,S,22556,3694378.10499546
2025-12-27,S,19492,3169379.8415199937
2025-12-28,S,19005,3268889.029200888
2025-12-29,S,27200,4578047.75885689
2025-12-30,S,24965,4186939.885344738
2025-12-31,S,23864,3982943.4653948396
2026-01-01,S,24287,3926942.020782943
2026-01-02,S,22593,3823093.6907525603
2026-01-03,S,19748,3203474.3936896273
2026-01-04,S,19014,3155085.1700941203
2026-01-05,S,27054,4317548.220141954
2026-01-06,S,26449,4185955.3700554385
2026-01-07,S,24678,4097790.807986942
2026-01-08,S,22864,3711512.4893710236
2026-01-09,S,23868,3781544.4097473132
2026-01-10,S,19284,3216262.875060944
2026-01-11,S,17603,3027650.279982263
2026-01-12,S,26564,4504870.519739438
2026-01-13,S,24989,4101965.6151048173
2026-01-14,S,24540,4049816.3106269324
2026-01-15,S,23805,3997560.096561046
2026-01-16,S,22583,3809820.356337375
2026-01-17,S,20169,3305020.0526871146
2026-01-18,S,19017,3139949.8601457826
2026-01-19,S,28038,4654084.505241811
2026-01-20,S,26439,4410759.988905112
2026-01-21,S,25168,4141667.4159546196
2026-01-22,S,22390,3685477.2614976056
2026-01-23,S,22691,3847337.258801708
2026-01-24,S,18340,3099302.6119532487
2026-01-25,S,18926,3152607.0592924096
2026-01-26,S,27887,4759559.622297907
2026-01-27,S,27175,4449219.510157941
2026-01-28,S,25809,4396713.16172773
2026-01-29,S,24486,4084027.309396358
2026-01-30,S,22712,3992642.099449535
2026-01-31,S,20309,3271065.2190116164
2026-02-01,S,18660,3036451.4980589603
2026-02-02,S,28051,4667182.403000217
2026-02-03,S,27277,4536461.665768256
2026-02-04,S,24436,4189196.8675170927
2026-02-05,S,25143,4093138.6826147395
2026-02-06,S,23801,3998240.2866893294
2026-02-07,S,19414,3277784.5873505576
2026-02-08,S,19773,3308523.9052354465
2026-02-09,S,28904,4677497.093718965
2026-02-10,S,26613,4514778.460777959
2026-02-11,S,24397,4124478.073152697
2026-02-12,S,23855,3983275.192774678
2026-02-13,S,22944,3801232.2260065633
2026-02-14,S,20585,3411884.630176319
2026-02-15,S,18588,3062190.3150097197
2026-02-16,S,28812,4814905.594250687
2026-02-17,S,25513,4212266.3335605115
2026-02-18,S,25031,4060024.885428428
2026-02-19,S,24832,4011352.5285096164
2026-02-20,S,25532,4149416.734226774
2026-02-21,S,19338,3204945.4579111906
2026-02-22,S,20339,3354125.7593010566
2026-02-23,S,28691,4754403.814951717
2026-02-24,S,27212,4534952.819067187
2026-02-25,S,25461,4148356.68028726
2026-02-26,S,25267,4291263.35706282
2026-02-27,S,23528,3861334.2888820493
2026-02-28,S,21475,3512659.1131559964
2026-03-01,S,19143,3189068.255146142
2026-03-02,S,29843,4743231.985900718
2026-03-03,S,26372,4282581.6841232935
2026-03-04,S,25449,4281477.161457897
2026-03-05,S,24084,3835774.5698595447
2026-03-06,S,24170,4077188.835521586
2026-03-07,S,21592,3670353.9204447274
2026-03-08,S,19513,3195854.699377049
2026-03-09,S,40141,6661920.065780957
2026-03-10,S,36509,6158812.276256726
2026-03-11,S,35622,5822757.717293595
2026-03-12,S,33270,5584823.94217409
2026-03-13,S,32430,5279124.32709391
2026-03-14,S,29170,4767075.525641454
2026-03-15,S,28823,4679765.392792912
2026-03-16,S,31893,5298407.555508935
2026-03-17,S,26733,4513099.7560513755
2026-03-18,S,27094,4454048.425916818
2026-03-19,S,25529,4105187.7246487676
2026-03-20,S,23940,3864563.995625697
2026-03-21,S,21106,3509973.770778574
2026-03-22,S,19836,3393653.6474810927
2026-03-23,S,29319,4875728.956741165
2026-03-24,S,27058,4430023.465337179
2026-03-25,S,24677,4134098.501774883
2026-03-26,S,24084,3954825.319039745
2026-03-27,S,24759,4054327.319800823
2026-03-28,S,20708,3351322.3551695663
2026-03-29,S,19492,3306776.500077765
2026-03-30,S,29383,4601983.497408742
2026-03-31,S,28377,4756919.8067368725
2026-04-01,S,26261,4292876.260822047
2026-04-02,S,25018,4094092.5154157938
2026-04-03,S,25391,4331314.594625658
2026-04-04,S,22194,3609706.89598105
2026-04-05,S,20369,3315172.3156252643
2026-04-06,S,30551,5027768.874502339
2026-04-07,S,28975,4820446.052412902
2026-04-08,S,27285,4462240.084434459
2026-04-09,S,26307,4204023.427277495
2026-04-10,S,24999,4053417.7568812515
2026-04-11,S,21538,3644841.316381758
2026-04-12,S,19364,3199838.3265579063
2026-04-13,S,30443,5068412.085586725
2026-04-14,S,26603,4366544.8583643995
2026-04-15,S,25665,4178869.1723714527
2026-04-16,S,27084,4618796.460235405
2026-04-17,S,25352,4167335.5681321356
2026-04-18,S,22382,3660282.4346761988
2026-04-19,S,20061,3382631.0496377996
2026-04-20,S,28681,4663995.542406171
2026-04-21,S,27853,4541080.695669747
2026-04-22,S,26646,4397491.009369638
2026-04-23,S,26124,4310483.285457359
2026-04-24,S,25752,4271142.187722972
2026-04-25,S,21127,3631784.286410473
2026-04-26,S,20622,3425512.567409719
2026-04-27,S,29018,4560248.979359361
2026-04-28,S,28697,4765905.5425728625
2026-04-29,S,26707,4409993.481342351
2026-04-30,S,25515,4213633.470325381
2026-05-01,S,33354,5530480.977640079
2026-05-02,S,28866,4760158.169408332
2026-05-03,S,27398,4515913.161785746
2026-05-04,S,43343,7239279.878107514
2026-05-05,S,38228,6239235.206440001
2026-05-06,S,35949,5819159.3589363545
2026-05-07,S,32965,5768165.5534328
2026-05-08,S,32768,5329311.1848311825
2026-05-09,S,28952,4786647.814085096
2026-05-10,S,27151,4345906.384143993
2026-05-11,S,31877,5271956.7900997605
2026-05-12,S,28414,4600804.986368953
2026-05-13,S,28232,4617056.742795614
2026-05-14,S,26563,4474503.173965698
2026-05-15,S,25234,4202915.275179893
2026-05-16,S,21703,3621704.4333090964
2026-05-17,S,20728,3298965.3381623845
2026-05-18,S,32422,5546164.190147447
2026-05-19,S,26410,4253773.968107482
2026-05-20,S,25266,4296338.037862031
2026-05-21,S,26152,4403240.870104388
2026-05-22,S,25359,4232548.917296428
2026-05-23,S,22425,3636853.9887508275
2026-05-24,S,21190,3506950.2230786947
2026-05-25,S,30345,4959767.63632014
2026-05-26,S,29941,4943134.263574452
2026-05-27,S,28312,4648134.53478254
2026-05-28,S,26985,4270985.715084474
2026-05-29,S,26352,4445632.144624261
2026-05-30,S,22233,3662494.2571418458
2026-05-31,S,20553,3358363.4613838005
2026-06-01,S,31691,5170415.809892493
2026-06-02,S,29189,4850713.15269608
2026-06-03,S,27485,4453960.853238522
2026-06-04,S,28357,4467869.95607156
2026-06-05,S,23441,3899258.648066117
2026-06-06,S,21050,3509309.4897530708
2026-06-07,S,20210,3321335.9547167746
2026-06-08,S,30719,4952268.986204226
2026-06-09,S,28984,4790866.435466546
2026-06-10,S,26184,4193813.8587446543
2026-06-11,S,26188,4232246.3209420135
2026-06-12,S,25011,4064855.1699033114
2026-06-13,S,24193,4059222.479208862
2026-06-14,S,22546,3693111.0925877825
2026-06-15,S,30843,5043510.305663209
2026-06-16,S,29039,4978750.64265159
2026-06-17,S,26684,4433896.860607445
2026-06-18,S,25458,4229049.403417304
2026-06-19,S,25831,4230600.85816669
2026-06-20,S,21623,3525240.3629212766
2026-06-21,S,21267,3355610.590992512
2026-06-22,S,29712,4997464.621658892
2026-06-23,S,28794,4793608.477902913
2026-06-24,S,28108,4621201.2074671
2026-06-25,S,27789,4572600.803702818
2026-06-26,S,26468,4431518.078900634
2026-06-27,S,21494,3436234.1035744315
2026-06-28,S,22095,3602664.6875317516
2026-06-29,S,30770,4961668.67099903
2026-06-30,S,30413,5195938.8089672895
2026-07-01,S,28114,4720049.992754328
2026-07-02,S,26266,4142965.447790197
2026-07-03,S,25947,4151639.0093427896
2026-07-04,S,22955,3777549.61672466
2026-07-05,S,22040,3602238.4784955485
2026-07-06,S,31682,5089065.045516237
2026-07-07,S,31530,5404800.566065296
2026-07-08,S,29284,4862062.982175517
2026-07-09,S,27505,4581422.415769153
2026-07-10,S,27081,4406521.49242748
2026-07-11,S,24339,4073947.120544946
2026-07-12,S,23191,3797400.3666722183
2026-07-13,S,30647,5028099.059792775
2026-07-14,S,29122,4863848.8769443035
2026-07-15,S,29928,4777236.290880489
2026-07-16,S,26881,4577033.029472159
2026-07-17,S,25312,4191714.8981501996
2026-07-18,S,22538,3814040.7379057272
2026-07-19,S,22148,3575819.2906603413
2026-07-20,S,32092,5197413.489970968
2026-07-21,S,29583,4767765.7689565625
2026-07-22,S,27939,4633012.120032723
2026-07-23,S,27376,4523000.984281936
2026-07-24,S,25872,4229229.633462408
2026-07-25,S,24902,4025497.241563943
2026-07-26,S,22182,3567314.393097941
2026-07-27,S,33399,5505491.2644869955
2026-07-28,S,29926,4891810.605112304
2026-07-29,S,28592,4652990.512085825
2026-07-30,S,27533,4683511.848911484
2026-07-31,S,24356,4012123.0900803944
2026-08-01,S,22075,3734894.452629242
2026-08-02,S,20681,3375971.9783127992
2026-08-03,S,30015,4976719.968522115
2026-08-04,S,29341,4835893.518083176
2026-08-05,S,30287,4827682.573268361
2026-08-06,S,28357,4812566.184857395
2026-08-07,S,28223,4644207.34717079
2026-08-08,S,23663,3962681.231292877
2026-08-09,S,22816,3708017.651805446
2026-08-10,S,31735,5219011.5897168685
2026-08-11,S,31364,5085339.740525101
2026-08-12,S,29855,5047847.424519573
2026-08-13,S,27988,4646781.891894284
2026-08-14,S,27691,4602556.461384157
2026-08-15,S,23927,4055195.9978896766
2026-08-16,S,21906,3698081.681084571
2026-08-17,S,31663,5304364.034381554
2026-08-18,S,29693,4760034.344618575
2026-08-19,S,29369,4778461.379798418
2026-08-20,S,29059,4698467.448363632
2026-08-21,S,26558,4445832.071456537
2026-08-22,S,23619,3910436.073100242
2026-08-23,S,22913,3675504.322407133
2026-08-24,S,33865,5566631.984847037
2026-08-25,S,32848,5257960.613387821
2026-08-26,S,30765,5070828.314126962
2026-08-27,S,27883,4448377.719955374
2026-08-28,S,29092,4850949.343143899
2026-08-29,S,23292,3872231.568102433
2026-08-30,S,23420,4011757.707256807
2026-08-31,S,33419,5607640.755623649
2026-09-01,S,30884,5052757.763206487
2026-09-02,S,27745,4652826.270635071
2026-09-03,S,28888,4633280.143163944
2026-09-04,S,26124,4227486.006814737
2026-09-05,S,24678,4099000.261641614
2026-09-06,S,23931,3778173.0601585717
2026-09-07,S,32597,5374507.610648584
2026-09-08,S,31850,5148015.226681893
2026-09-09,S,29034,4800316.451829756
2026-09-10,S,28587,4615184.4774172595
2026-09-11,S,28545,4749888.538176072
2026-09-12,S,23976,3957569.201222503
2026-09-13,S,24247,4112805.418875851
2026-09-14,S,33156,5471476.857701823
2026-09-15,S,32807,5329939.347142176
2026-09-16,S,30064,4936066.157980348
2026-09-17,S,30218,4851923.55303133
2026-09-18,S,27514,4576685.7194056865
2026-09-19,S,24105,4024245.5226185177
2026-09-20,S,22895,3964231.402758271
2026-09-21,S,32927,5365386.860913317
2026-09-22,S,32620,5353472.985322162
2026-09-23,S,30821,5026905.003510356
2026-09-24,S,30183,5001322.351876104
2026-09-25,S,29626,4925606.280455828
2026-09-26,S,25518,4205975.336375582
2026-09-27,S,22817,3846601.1048694635
2026-09-28,S,34561,5632197.685523413
2026-09-29,S,31366,5277466.706114262
2026-09-30,S,30334,5059014.819844751
2025-01-01,CO,0,0.0
2025-01-02,CO,0,0.0
2025-01-03,CO,0,0.0
2025-01-04,CO,0,0.0
2025-01-05,CO,0,0.0
2025-01-06,CO,0,0.0
2025-01-07,CO,0,0.0
2025-01-08,CO,0,0.0
2025-01-09,CO,0,0.0
2025-01-10,CO,0,0.0
2025-01-11,CO,0,0.0
2025-01-12,CO,0,0.0
2025-01-13,CO,0,0.0
2025-01-14,CO,0,0.0
2025-01-15,CO,0,0.0
2025-01-16,CO,0,0.0
2025-01-17,CO,0,0.0
2025-01-18,CO,0,0.0
2025-01-19,CO,0,0.0
2025-01-20,CO,0,0.0
2025-01-21,CO,0,0.0
2025-01-22,CO,0,0.0
2025-01-23,CO,0,0.0
2025-01-24,CO,0,0.0
2025-01-25,CO,0,0.0
2025-01-26,CO,0,0.0
2025-01-27,CO,0,0.0
2025-01-28,CO,0,0.0
2025-01-29,CO,0,0.0
2025-01-30,CO,0,0.0
2025-01-31,CO,0,0.0
2025-02-01,CO,0,0.0
2025-02-02,CO,0,0.0
2025-02-03,CO,0,0.0
2025-02-04,CO,0,0.0
2025-02-05,CO,0,0.0
2025-02-06,CO,0,0.0
2025-02-07,CO,0,0.0
2025-02-08,CO,0,0.0
2025-02-09,CO,0,0.0
2025-02-10,CO,0,0.0
2025-02-11,CO,0,0.0
2025-02-12,CO,0,0.0
2025-02-13,CO,0,0.0
2025-02-14,CO,0,0.0
2025-02-15,CO,0,0.0
2025-02-16,CO,0,0.0
2025-02-17,CO,0,0.0
2025-02-18,CO,0,0.0
2025-02-19,CO,0,0.0
2025-02-20,CO,0,0.0
2025-02-21,CO,0,0.0
2025-02-22,CO,0,0.0
2025-02-23,CO,0,0.0
2025-02-24,CO,0,0.0
2025-02-25,CO,0,0.0
2025-02-26,CO,0,0.0
2025-02-27,CO,0,0.0
2025-02-28,CO,0,0.0
2025-03-01,CO,0,0.0
2025-03-02,CO,0,0.0
2025-03-03,CO,0,0.0
2025-03-04,CO,0,0.0
2025-03-05,CO,0,0.0
2025-03-06,CO,0,0.0
2025-03-07,CO,0,0.0
2025-03-08,CO,0,0.0
2025-03-09,CO,0,0.0
2025-03-10,CO,0,0.0
2025-03-11,CO,0,0.0
2025-03-12,CO,0,0.0
2025-03-13,CO,0,0.0
2025-03-14,CO,0,0.0
2025-03-15,CO,0,0.0
2025-03-16,CO,0,0.0
2025-03-17,CO,0,0.0
2025-03-18,CO,0,0.0
2025-03-19,CO,0,0.0
2025-03-20,CO,0,0.0
2025-03-21,CO,0,0.0
2025-03-22,CO,0,0.0
2025-03-23,CO,0,0.0
2025-03-24,CO,0,0.0
2025-03-25,CO,0,0.0
2025-03-26,CO,0,0.0
2025-03-27,CO,0,0.0
2025-03-28,CO,0,0.0
2025-03-29,CO,0,0.0
2025-03-30,CO,0,0.0
2025-03-31,CO,0,0.0
2025-04-01,CO,0,0.0
2025-04-02,CO,0,0.0
2025-04-03,CO,0,0.0
2025-04-04,CO,0,0.0
2025-04-05,CO,0,0.0
2025-04-06,CO,0,0.0
2025-04-07,CO,0,0.0
2025-04-08,CO,0,0.0
2025-04-09,CO,0,0.0
2025-04-10,CO,0,0.0
2025-04-11,CO,0,0.0
2025-04-12,CO,0,0.0
2025-04-13,CO,0,0.0
2025-04-14,CO,0,0.0
2025-04-15,CO,0,0.0
2025-04-16,CO,0,0.0
2025-04-17,CO,0,0.0
2025-04-18,CO,0,0.0
2025-04-19,CO,0,0.0
2025-04-20,CO,0,0.0
2025-04-21,CO,0,0.0
2025-04-22,CO,0,0.0
2025-04-23,CO,0,0.0
2025-04-24,CO,0,0.0
2025-04-25,CO,0,0.0
2025-04-26,CO,0,0.0
2025-04-27,CO,0,0.0
2025-04-28,CO,0,0.0
2025-04-29,CO,0,0.0
2025-04-30,CO,0,0.0
2025-05-01,CO,0,0.0
2025-05-02,CO,0,0.0
2025-05-03,CO,0,0.0
2025-05-04,CO,0,0.0
2025-05-05,CO,0,0.0
2025-05-06,CO,0,0.0
2025-05-07,CO,0,0.0
2025-05-08,CO,0,0.0
2025-05-09,CO,0,0.0
2025-05-10,CO,0,0.0
2025-05-11,CO,0,0.0
2025-05-12,CO,0,0.0
2025-05-13,CO,0,0.0
2025-05-14,CO,0,0.0
2025-05-15,CO,0,0.0
2025-05-16,CO,0,0.0
2025-05-17,CO,0,0.0
2025-05-18,CO,0,0.0
2025-05-19,CO,0,0.0
2025-05-20,CO,0,0.0
2025-05-21,CO,0,0.0
2025-05-22,CO,0,0.0
2025-05-23,CO,0,0.0
2025-05-24,CO,0,0.0
2025-05-25,CO,0,0.0
2025-05-26,CO,0,0.0
2025-05-27,CO,0,0.0
2025-05-28,CO,0,0.0
2025-05-29,CO,0,0.0
2025-05-30,CO,0,0.0
2025-05-31,CO,0,0.0
2025-06-01,CO,3159,510781.75704475463
2025-06-02,CO,4713,820124.4601646876
2025-06-03,CO,4532,756616.9959383116
2025-06-04,CO,4215,680091.3023471661
2025-06-05,CO,4115,678405.7747610577
2025-06-06,CO,3993,659733.8420716196
2025-06-07,CO,3413,572674.8240321103
2025-06-08,CO,3534,604562.6402573173
2025-06-09,CO,5243,871817.6823343248
2025-06-10,CO,4945,807116.464577283
2025-06-11,CO,4324,724691.0653211877
2025-06-12,CO,4595,747587.04523112
2025-06-13,CO,4818,778540.5538162721
2025-06-14,CO,3969,631834.2415677761
2025-06-15,CO,3973,635024.7581325447
2025-06-16,CO,5584,904841.0258190668
2025-06-17,CO,5873,946218.3742911662
2025-06-18,CO,5328,884627.4499189132
2025-06-19,CO,5376,865761.6520884209
2025-06-20,CO,5541,856782.118567587
2025-06-21,CO,4718,762216.9200167067
2025-06-22,CO,4270,697901.0257039575
2025-06-23,CO,6310,1028542.7253140421
2025-06-24,CO,6056,1029607.3968110582
2025-06-25,CO,5960,971332.8449439011
2025-06-26,CO,5787,971678.0834690614
2025-06-27,CO,5504,907815.2152454766
2025-06-28,CO,5122,844414.9401438463
2025-06-29,CO,4667,757189.2246334224
2025-06-30,CO,7546,1243626.206166866
2025-07-01,CO,6650,1080459.9654952362
2025-07-02,CO,6721,1112736.0202731465
2025-07-03,CO,6344,1041814.0666910966
2025-07-04,CO,6215,1006101.1534042069
2025-07-05,CO,5108,859539.7677477291
2025-07-06,CO,4883,812573.0648110172
2025-07-07,CO,7613,1244888.3647364178
2025-07-08,CO,7348,1215947.973601731
2025-07-09,CO,6779,1116659.831518236
2025-07-10,CO,6395,1036865.7946554645
2025-07-11,CO,6112,1009901.8807408654
2025-07-12,CO,5309,865105.0603593012
2025-07-13,CO,5029,814103.1615441996
2025-07-14,CO,8001,1277318.5873487738
2025-07-15,CO,7845,1285141.193527915
2025-07-16,CO,7183,1198634.4158177066
2025-07-17,CO,6540,1064107.8618353775
2025-07-18,CO,6755,1170765.3778112393
2025-07-19,CO,5882,987721.6899487918
2025-07-20,CO,6086,1030385.9055183266
2025-07-21,CO,7992,1339653.4211032283
2025-07-22,CO,7859,1344788.4972655394
2025-07-23,CO,8033,1304582.4431203248
2025-07-24,CO,7603,1190246.3550675637
2025-07-25,CO,7302,1194079.889665764
2025-07-26,CO,6249,1042596.4159993688
2025-07-27,CO,6030,997965.036220813
2025-07-28,CO,9088,1507781.5337919684
2025-07-29,CO,8127,1376380.6174526035
2025-07-30,CO,8196,1362673.4348049725
2025-07-31,CO,7469,1252076.3661653853
2025-08-01,CO,7587,1228331.0736759584
2025-08-02,CO,6556,1058041.376612549
2025-08-03,CO,6101,1039162.4398464288
2025-08-04,CO,9242,1528007.3555598364
2025-08-05,CO,8548,1392839.701901678
2025-08-06,CO,7991,1302128.6407868145
2025-08-07,CO,8085,1316706.0705531305
2025-08-08,CO,7520,1223206.4729337264
2025-08-09,CO,6867,1103977.4593304181
2025-08-10,CO,6234,997743.0514014392
2025-08-11,CO,9869,1622034.1559298642
2025-08-12,CO,8716,1421085.7917771484
2025-08-13,CO,8462,1427146.9801822898
2025-08-14,CO,8323,1381344.614050964
2025-08-15,CO,8503,1410439.7875712202
2025-08-16,CO,7132,1159290.2153359614
2025-08-17,CO,6691,1101342.6562710532
2025-08-18,CO,10163,1689002.2189134809
2025-08-19,CO,8732,1461417.6099572647
2025-08-20,CO,8934,1471341.8623922202
2025-08-21,CO,9431,1589699.813997262
2025-08-22,CO,8453,1394967.8609730562
2025-08-23,CO,7314,1225946.3166219664
2025-08-24,CO,7107,1161166.4471667379
2025-08-25,CO,10653,1694023.6372321162
2025-08-26,CO,9063,1503421.0537777592
2025-08-27,CO,8700,1456324.0538529397
2025-08-28,CO,9171,1530627.484254024
2025-08-29,CO,8469,1409184.1461578552
2025-08-30,CO,7876,1290479.945885257
2025-08-31,CO,7115,1155033.001389183
2025-09-01,CO,9930,1656529.5836482958
2025-09-02,CO,9599,1597343.4468686879
2025-09-03,CO,8610,1404713.1741318544
2025-09-04,CO,9301,1568716.8894661285
2025-09-05,CO,8886,1440301.0282245092
2025-09-06,CO,7637,1245398.9854553703
2025-09-07,CO,7683,1309184.7611911893
2025-09-08,CO,11417,1916529.7799442566
2025-09-09,CO,10269,1682252.8880447568
2025-09-10,CO,9062,1503824.0051696065
2025-09-11,CO,9847,1629784.9894650267
2025-09-12,CO,9369,1460996.934206789
2025-09-13,CO,8049,1304007.510896273
2025-09-14,CO,7863,1296075.63706391
2025-09-15,CO,10790,1767652.1351541528
2025-09-16,CO,11347,1881507.7802503319
2025-09-17,CO,9711,1638510.7290454227
2025-09-18,CO,10145,1663160.4642334636
2025-09-19,CO,8868,1432268.366984342
2025-09-20,CO,7897,1311470.666705964
2025-09-21,CO,8204,1344817.2611656522
2025-09-22,CO,11420,1878418.5909080259
2025-09-23,CO,11179,1833771.2632588395
2025-09-24,CO,10376,1788802.319742616
2025-09-25,CO,10084,1589295.6361659192
2025-09-26,CO,10107,1654702.8604954265
2025-09-27,CO,8284,1366759.1523680447
2025-09-28,CO,7474,1213943.745341839
2025-09-29,CO,11458,1924593.6744689355
2025-09-30,CO,11320,1898180.0538462508
2025-10-01,CO,10667,1758373.9848991232
2025-10-02,CO,9779,1604800.1684434302
2025-10-03,CO,9609,1581934.8823735646
2025-10-04,CO,8361,1376673.8000032073
2025-10-05,CO,8039,1324355.86544876
2025-10-06,CO,11461,1883954.6295818025
2025-10-07,CO,11091,1839254.7206488762
2025-10-08,CO,10467,1753071.773252426
2025-10-09,CO,10846,1745556.7748491813
2025-10-10,CO,10346,1671218.4432851616
2025-10-11,CO,8664,1379567.7713154305
2025-10-12,CO,8193,1375269.6998737284
2025-10-13,CO,12341,2046459.4912121699
2025-10-14,CO,11234,1872341.3784041628
2025-10-15,CO,10512,1684891.2779104665
2025-10-16,CO,10411,1779139.213194107
2025-10-17,CO,10027,1634308.6714152873
2025-10-18,CO,8513,1409370.3889185959
2025-10-19,CO,8512,1428479.3233645912
2025-10-20,CO,12830,2075162.2641193501
2025-10-21,CO,11125,1815568.0669881038
2025-10-22,CO,11163,1848495.3119155695
2025-10-23,CO,10877,1897271.424318038
2025-10-24,CO,10564,1753557.5698855128
2025-10-25,CO,9029,1537647.6549358477
2025-10-26,CO,8175,1381401.0472744158
2025-10-27,CO,12168,2022497.2222094154
2025-10-28,CO,11997,1940342.6404815642
2025-10-29,CO,11754,1980515.93500714
2025-10-30,CO,10286,1646338.442185167
2025-10-31,CO,10745,1829689.6305729041
2025-11-01,CO,9568,1585035.0476038065
2025-11-02,CO,8711,1361130.8788423024
2025-11-03,CO,13191,2161692.6675314354
2025-11-04,CO,11882,1986171.686427081
2025-11-05,CO,11482,1885549.0232361995
2025-11-06,CO,10687,1788571.1814368914
2025-11-07,CO,9902,1606054.1002813324
2025-11-08,CO,9640,1549054.0887568807
2025-11-09,CO,8589,1415159.9729296395
2025-11-10,CO,12935,2135622.3962911037
2025-11-11,CO,11770,1928518.4034203885
2025-11-12,CO,11131,1881696.2265858052
2025-11-13,CO,11433,1854367.6109641162
2025-11-14,CO,10671,1771742.9076462833
2025-11-15,CO,9598,1585822.840084654
2025-11-16,CO,9172,1466261.9442471259
2025-11-17,CO,13489,2166970.086113235
2025-11-18,CO,12658,2089067.5398241282
2025-11-19,CO,12535,2150228.328545686
2025-11-20,CO,11234,1875084.806320675
2025-11-21,CO,11087,1766219.0260889507
2025-11-22,CO,9988,1545497.0691784406
2025-11-23,CO,9562,1600861.2129058163
2025-11-24,CO,33420,5503688.999821781
2025-11-25,CO,32732,5524054.528456245
2025-11-26,CO,32804,5317319.4667856395
2025-11-27,CO,31307,5201836.538812508
2025-11-28,CO,29478,4946183.5544323465
2025-11-29,CO,25126,4108688.194467199
2025-11-30,CO,23805,3894353.2089021434
2025-12-01,CO,36001,5943166.307701832
2025-12-02,CO,12784,2132253.99556761
2025-12-03,CO,12185,2009948.6225115738
2025-12-04,CO,12019,2021766.324545653
2025-12-05,CO,11137,1820627.911730539
2025-12-06,CO,10048,1613872.540419172
2025-12-07,CO,10358,1776645.7858476238
2025-12-08,CO,20181,3289598.025657362
2025-12-09,CO,20474,3339803.6653672773
2025-12-10,CO,18644,3072211.43751037
2025-12-11,CO,19191,3170769.5998287196
2025-12-12,CO,17931,2935734.0395015907
2025-12-13,CO,15891,2621100.761213825
2025-12-14,CO,15355,2531560.188090187
2025-12-15,CO,21928,3630770.34606961
2025-12-16,CO,21302,3349106.6470905524
2025-12-17,CO,17794,3046455.4329227624
2025-12-18,CO,20096,3306072.3103689915
2025-12-19,CO,18352,3063243.4348299
2025-12-20,CO,16252,2607670.220091384
2025-12-21,CO,9216,1506315.5632546789
2025-12-22,CO,13803,2246871.0795206917
2025-12-23,CO,13441,2282955.038491906
2025-12-24,CO,12643,2061653.743276954
2025-12-25,CO,12545,2101308.37433934
2025-12-26,CO,12269,1998050.9718383034
2025-12-27,CO,9587,1567535.4493442744
2025-12-28,CO,10067,1652897.5534068514
2025-12-29,CO,14380,2433623.5866485573
2025-12-30,CO,13426,2131558.5660595433
2025-12-31,CO,12132,1949106.620166455
2026-01-01,CO,12780,2026574.3519421977
2026-01-02,CO,10940,1765838.998472372
2026-01-03,CO,10564,1714766.6482953818
2026-01-04,CO,9327,1489262.7200322265
2026-01-05,CO,14558,2366800.5144457864
2026-01-06,CO,13610,2155163.1285178373
2026-01-07,CO,13456,2175036.414318841
2026-01-08,CO,12613,2131109.978263422
2026-01-09,CO,11782,1959721.7463253713
2026-01-10,CO,10253,1698087.9499411902
2026-01-11,CO,10387,1679482.659148565
2026-01-12,CO,14957,2392086.7649829746
2026-01-13,CO,13622,2196421.972598938
2026-01-14,CO,12952,2135233.1428627414
2026-01-15,CO,12119,2034355.7334985747
2026-01-16,CO,12364,2076877.6734600216
2026-01-17,CO,9895,1653266.7007783493
2026-01-18,CO,10308,1675730.970689119
2026-01-19,CO,14896,2459046.791201516
2026-01-20,CO,15111,2477290.836994404
2026-01-21,CO,12681,2083945.751610106
2026-01-22,CO,12902,2215563.979617699
2026-01-23,CO,13093,2084214.4319598086
2026-01-24,CO,11091,1821425.7581342005
2026-01-25,CO,9894,1672073.844169736
2026-01-26,CO,15090,2416853.0012218147
2026-01-27,CO,14081,2293451.7952659256
2026-01-28,CO,13447,2195278.863766586
2026-01-29,CO,12752,2094683.6112324132
2026-01-30,CO,12396,1980054.4996634205
2026-01-31,CO,10147,1694188.2132590252
2026-02-01,CO,10285,1719639.1235121374
2026-02-02,CO,15351,2558668.429727357
2026-02-03,CO,14098,2285677.2574014864
2026-02-04,CO,12680,2095819.9575297036
2026-02-05,CO,13650,2211734.7144086105
2026-02-06,CO,12710,2083199.8982572604
2026-02-07,CO,10571,1819337.221211807
2026-02-08,CO,10229,1691015.2644575262
2026-02-09,CO,14449,2327461.7140617524
2026-02-10,CO,13825,2289352.3490794394
2026-02-11,CO,13305,2135972.372172301
2026-02-12,CO,13884,2235924.701044061
2026-02-13,CO,12378,1999842.8268166455
2026-02-14,CO,11188,1829615.9173011545
2026-02-15,CO,10226,1718908.7683313543
2026-02-16,CO,15518,2590089.4246815233
2026-02-17,CO,14395,2400019.108575397
2026-02-18,CO,14097,2274882.9193162713
2026-02-19,CO,13176,2150503.2187741734
2026-02-20,CO,12069,2002218.1784846117
2026-02-21,CO,10504,1711380.4186824842
2026-02-22,CO,10316,1692663.6269461177
2026-02-23,CO,14839,2470047.761406891
2026-02-24,CO,14800,2424965.9422501284
2026-02-25,CO,13571,2249338.920456222
2026-02-26,CO,14667,2497144.8092726488
2026-02-27,CO,12097,1989144.3795585593
2026-02-28,CO,11210,1893277.2435949426
2026-03-01,CO,10182,1698825.1698835678
2026-03-02,CO,15377,2462751.1255583083
2026-03-03,CO,14785,2385751.183273718
2026-03-04,CO,12779,2073381.6780938243
2026-03-05,CO,13767,2232718.909405335
2026-03-06,CO,13851,2281288.009198026
2026-03-07,CO,11044,1844660.8252611517
2026-03-08,CO,10784,1824027.5736069544
2026-03-09,CO,22877,3797970.4009657204
2026-03-10,CO,20645,3376061.520365429
2026-03-11,CO,19234,3041445.567336076
2026-03-12,CO,17736,2930571.523141686
2026-03-13,CO,18739,3093528.5952768466
2026-03-14,CO,15775,2612397.8135873545
2026-03-15,CO,14548,2501537.226708261
2026-03-16,CO,15972,2700768.866518126
2026-03-17,CO,14645,2454365.8165876446
2026-03-18,CO,13874,2245162.068261376
2026-03-19,CO,14168,2313735.238298156
2026-03-20,CO,12577,2071268.5599495787
2026-03-21,CO,11820,1920054.469720852
2026-03-22,CO,10326,1720843.729060488
2026-03-23,CO,15654,2601347.268714555
2026-03-24,CO,16081,2595611.443853629
2026-03-25,CO,14807,2501635.174538235
2026-03-26,CO,14029,2319521.528520915
2026-03-27,CO,12859,2048362.3846093367
2026-03-28,CO,11277,1858794.3217352645
2026-03-29,CO,10969,1820064.0269295604
2026-03-30,CO,16170,2719959.1731985724
2026-03-31,CO,15133,2480091.7996519003
2026-04-01,CO,14338,2404944.2302995715
2026-04-02,CO,13982,2315664.8435547696
2026-04-03,CO,12721,2043759.9280508286
2026-04-04,CO,11367,1822470.53764322
2026-04-05,CO,11376,1919181.7955733028
2026-04-06,CO,15491,2617154.0699941297
2026-04-07,CO,15194,2523200.7333943387
2026-04-08,CO,14046,2386918.6987987924
2026-04-09,CO,14248,2400600.104526178
2026-04-10,CO,13313,2226678.7926093596
2026-04-11,CO,12265,1986840.123149249
2026-04-12,CO,11302,1929406.4055557528
2026-04-13,CO,15637,2607779.2801349545
2026-04-14,CO,15770,2581970.5643304363
2026-04-15,CO,14172,2307126.615699884
2026-04-16,CO,14008,2323190.189797772
2026-04-17,CO,13745,2192128.2665003547
2026-04-18,CO,11545,1931581.502281031
2026-04-19,CO,11535,1866976.8501532646
2026-04-20,CO,16061,2669707.711558229
2026-04-21,CO,15184,2479223.0654319273
2026-04-22,CO,14336,2352930.6680034497
2026-04-23,CO,14115,2293718.5165815395
2026-04-24,CO,14220,2338734.1477124095
2026-04-25,CO,12092,2070573.0456524582
2026-04-26,CO,11940,2024674.1194249708
2026-04-27,CO,17947,2982249.0515575013
2026-04-28,CO,15067,2484797.3412924185
2026-04-29,CO,14814,2485579.7882484505
2026-04-30,CO,13905,2346175.3864892167
2026-05-01,CO,18111,2938719.82562347
2026-05-02,CO,15731,2591594.970271817
2026-05-03,CO,14750,2345066.1831757734
2026-05-04,CO,21772,3673072.191177181
2026-05-05,CO,21142,3632503.851425828
2026-05-06,CO,19234,3178693.0203666016
2026-05-07,CO,20296,3206513.6218663957
2026-05-08,CO,18145,3030384.450796858
2026-05-09,CO,17791,2882435.6538286377
2026-05-10,CO,15179,2471307.362122418
2026-05-11,CO,16903,2823945.368364903
2026-05-12,CO,15131,2509325.472961339
2026-05-13,CO,15878,2594294.369255073
2026-05-14,CO,15280,2488444.2855816935
2026-05-15,CO,14128,2336986.7789009274
2026-05-16,CO,11512,1883924.567446276
2026-05-17,CO,11588,1869602.3283161675
2026-05-18,CO,16310,2673250.45188329
2026-05-19,CO,16775,2786673.9986418486
2026-05-20,CO,15513,2550527.367033449
2026-05-21,CO,14854,2381622.3528293506
2026-05-22,CO,12878,2166902.6748404447
2026-05-23,CO,11745,1831772.7769212318
2026-05-24,CO,11860,1939430.160562497
2026-05-25,CO,17817,2903339.7496462027
2026-05-26,CO,16690,2762011.248056524
2026-05-27,CO,14342,2393012.6670367727
2026-05-28,CO,15062,2541235.3940886916
2026-05-29,CO,14676,2387037.662059656
2026-05-30,CO,11534,1925436.6142400545
2026-05-31,CO,11656,1930772.115126183
2026-06-01,CO,17370,2767942.8514751224
2026-06-02,CO,16003,2740862.3408354498
2026-06-03,CO,14298,2291283.6976613747
2026-06-04,CO,14833,2467978.9300325606
2026-06-05,CO,14104,2345309.9836747847
2026-06-06,CO,12263,2034549.441743615
2026-06-07,CO,11505,1879547.6468034114
2026-06-08,CO,17051,2859963.100350169
2026-06-09,CO,16258,2598854.100508489
2026-06-10,CO,15629,2575389.83414399
2026-06-11,CO,14942,2437626.1291237455
2026-06-12,CO,14155,2303937.397179136
2026-06-13,CO,12448,2071532.2731121315
2026-06-14,CO,11019,1857315.0290053529
2026-06-15,CO,17724,2904383.2450947715
2026-06-16,CO,16387,2746071.969368025
2026-06-17,CO,15513,2562191.368912039
2026-06-18,CO,15713,2546354.2460276023
2026-06-19,CO,13467,2210591.3252290646
2026-06-20,CO,11626,1906799.984211067
2026-06-21,CO,12004,1953063.0715539393
2026-06-22,CO,17542,2919234.2768637864
2026-06-23,CO,16592,2750527.7235031114
2026-06-24,CO,15340,2450578.130974205
2026-06-25,CO,15656,2497914.239761158
2026-06-26,CO,15023,2499849.1139836833
2026-06-27,CO,12782,2074640.7292615892
2026-06-28,CO,11858,1968389.2932566926
2026-06-29,CO,16357,2741058.2028163355
2026-06-30,CO,17047,2741257.4210364665
2026-07-01,CO,16363,2623674.952481121
2026-07-02,CO,15746,2685096.484194288
2026-07-03,CO,14191,2357979.165237367
2026-07-04,CO,12948,2118506.517525402
2026-07-05,CO,12406,2008754.6646567525
2026-07-06,CO,18742,3060859.948112273
2026-07-07,CO,16194,2608385.5762436376
2026-07-08,CO,15667,2630728.381153875
2026-07-09,CO,15902,2583068.7404126627
2026-07-10,CO,14765,2489506.9260435435
2026-07-11,CO,12232,2002108.3732761315
2026-07-12,CO,12296,1986504.188269397
2026-07-13,CO,18248,2985248.8004523497
2026-07-14,CO,16864,2636521.9698319132
2026-07-15,CO,16015,2636092.441107067
2026-07-16,CO,15454,2541234.227466906
2026-07-17,CO,15596,2615786.869988035
2026-07-18,CO,12407,1969923.8287030838
2026-07-19,CO,11946,2016892.8633046907
2026-07-20,CO,18005,3019582.1380112283
2026-07-21,CO,17439,2949488.479434225
2026-07-22,CO,15154,2497773.49888451
2026-07-23,CO,14973,2520642.555080168
2026-07-24,CO,13857,2219127.8056473737
2026-07-25,CO,12906,2159858.553192548
2026-07-26,CO,11793,1915833.7359036326
2026-07-27,CO,17868,2850846.081792281
2026-07-28,CO,17418,2809355.077500223
2026-07-29,CO,15731,2595902.134127864
2026-07-30,CO,15919,2583332.336984467
2026-07-31,CO,14857,2469843.170719335
2026-08-01,CO,13277,2111478.6989412983
2026-08-02,CO,12555,1983446.1581216794
2026-08-03,CO,17783,3014732.046946538
2026-08-04,CO,17029,2860574.6809318042
2026-08-05,CO,16784,2711242.3862898746
2026-08-06,CO,16108,2657660.5497518224
2026-08-07,CO,14369,2419227.679928508
2026-08-08,CO,13352,2221550.6495222575
2026-08-09,CO,11955,1978422.6234790825
2026-08-10,CO,19244,3244807.978964573
2026-08-11,CO,17854,2902857.736243599
2026-08-12,CO,16458,2717263.345196804
2026-08-13,CO,16075,2651428.1743601845
2026-08-14,CO,15090,2476267.268312125
2026-08-15,CO,13445,2201129.9141665283
2026-08-16,CO,12341,2039232.5808460368
2026-08-17,CO,18602,3071442.159193065
2026-08-18,CO,17871,2886884.713680876
2026-08-19,CO,16071,2694237.684824433
2026-08-20,CO,15739,2546222.821609391
2026-08-21,CO,14655,2407520.903271532
2026-08-22,CO,12721,2086569.3324515433
2026-08-23,CO,11775,1956790.0111289052
2026-08-24,CO,19037,3007978.440357273
2026-08-25,CO,18553,3115790.8643280747
2026-08-26,CO,17316,2818454.8759644674
2026-08-27,CO,15263,2579841.989235001
2026-08-28,CO,15779,2578636.6176649965
2026-08-29,CO,13956,2300490.5184277375
2026-08-30,CO,12454,2133563.16143194
2026-08-31,CO,18743,3075441.104843515
2026-09-01,CO,16321,2759688.587593593
2026-09-02,CO,16749,2765743.0882557984
2026-09-03,CO,15677,2608196.3193082865
2026-09-04,CO,15590,2575949.1595494472
2026-09-05,CO,12644,2121636.7786776978
2026-09-06,CO,12976,2111684.987912342
2026-09-07,CO,19464,3148353.38250825
2026-09-08,CO,17178,2798170.7760656215
2026-09-09,CO,16031,2650389.90824141
2026-09-10,CO,15145,2487888.808326373
2026-09-11,CO,15431,2582283.830342128
2026-09-12,CO,13182,2231786.611781256
2026-09-13,CO,12115,1959961.471196513
2026-09-14,CO,19204,3122147.316439292
2026-09-15,CO,17489,2802794.3090833174
2026-09-16,CO,16164,2775362.531774679
2026-09-17,CO,16161,2682813.4204585156
2026-09-18,CO,16258,2708312.0661940156
2026-09-19,CO,13823,2219660.188329262
2026-09-20,CO,12830,2116900.463835438
2026-09-21,CO,19430,3238602.4715125826
2026-09-22,CO,17149,2815281.012604583
2026-09-23,CO,16916,2851188.899953559
2026-09-24,CO,16666,2877035.625881879
2026-09-25,CO,15505,2509867.1098574973
2026-09-26,CO,13827,2234818.0788446045
2026-09-27,CO,12612,2044448.1436551267
2026-09-28,CO,19474,3316431.1040591314
2026-09-29,CO,18331,3087669.470544355
2026-09-30,CO,15263,2511568.7484261515
2025-01-01,NE,0,0.0
2025-01-02,NE,0,0.0
2025-01-03,NE,0,0.0
2025-01-04,NE,0,0.0
2025-01-05,NE,0,0.0
2025-01-06,NE,0,0.0
2025-01-07,NE,0,0.0
2025-01-08,NE,0,0.0
2025-01-09,NE,0,0.0
2025-01-10,NE,0,0.0
2025-01-11,NE,0,0.0
2025-01-12,NE,0,0.0
2025-01-13,NE,0,0.0
2025-01-14,NE,0,0.0
2025-01-15,NE,0,0.0
2025-01-16,NE,0,0.0
2025-01-17,NE,0,0.0
2025-01-18,NE,0,0.0
2025-01-19,NE,0,0.0
2025-01-20,NE,0,0.0
2025-01-21,NE,0,0.0
2025-01-22,NE,0,0.0
2025-01-23,NE,0,0.0
2025-01-24,NE,0,0.0
2025-01-25,NE,0,0.0
2025-01-26,NE,0,0.0
2025-01-27,NE,0,0.0
2025-01-28,NE,0,0.0
2025-01-29,NE,0,0.0
2025-01-30,NE,0,0.0
2025-01-31,NE,0,0.0
2025-02-01,NE,0,0.0
2025-02-02,NE,0,0.0
2025-02-03,NE,0,0.0
2025-02-04,NE,0,0.0
2025-02-05,NE,0,0.0
2025-02-06,NE,0,0.0
2025-02-07,NE,0,0.0
2025-02-08,NE,0,0.0
2025-02-09,NE,0,0.0
2025-02-10,NE,0,0.0
2025-02-11,NE,0,0.0
2025-02-12,NE,0,0.0
2025-02-13,NE,0,0.0
2025-02-14,NE,0,0.0
2025-02-15,NE,0,0.0
2025-02-16,NE,0,0.0
2025-02-17,NE,0,0.0
2025-02-18,NE,0,0.0
2025-02-19,NE,0,0.0
2025-02-20,NE,0,0.0
2025-02-21,NE,0,0.0
2025-02-22,NE,0,0.0
2025-02-23,NE,0,0.0
2025-02-24,NE,0,0.0
2025-02-25,NE,0,0.0
2025-02-26,NE,0,0.0
2025-02-27,NE,0,0.0
2025-02-28,NE,0,0.0
2025-03-01,NE,0,0.0
2025-03-02,NE,0,0.0
2025-03-03,NE,0,0.0
2025-03-04,NE,0,0.0
2025-03-05,NE,0,0.0
2025-03-06,NE,0,0.0
2025-03-07,NE,0,0.0
2025-03-08,NE,0,0.0
2025-03-09,NE,0,0.0
2025-03-10,NE,0,0.0
2025-03-11,NE,0,0.0
2025-03-12,NE,0,0.0
2025-03-13,NE,0,0.0
2025-03-14,NE,0,0.0
2025-03-15,NE,0,0.0
2025-03-16,NE,0,0.0
2025-03-17,NE,0,0.0
2025-03-18,NE,0,0.0
2025-03-19,NE,0,0.0
2025-03-20,NE,0,0.0
2025-03-21,NE,0,0.0
2025-03-22,NE,0,0.0
2025-03-23,NE,0,0.0
2025-03-24,NE,0,0.0
2025-03-25,NE,0,0.0
2025-03-26,NE,0,0.0
2025-03-27,NE,0,0.0
2025-03-28,NE,0,0.0
2025-03-29,NE,0,0.0
2025-03-30,NE,0,0.0
2025-03-31,NE,0,0.0
2025-04-01,NE,9366,1589050.6024712846
2025-04-02,NE,9875,1659908.3971846336
2025-04-03,NE,9477,1565934.6748719802
2025-04-04,NE,8856,1426995.5965178816
2025-04-05,NE,8447,1377029.7929669002
2025-04-06,NE,8032,1319458.5445397377
2025-04-07,NE,11281,1870759.1539670976
2025-04-08,NE,11986,1958770.1216182052
2025-04-09,NE,11094,1796252.620431221
2025-04-10,NE,10808,1740941.2302743585
2025-04-11,NE,11023,1758731.922954372
2025-04-12,NE,9210,1512509.1432601796
2025-04-13,NE,8841,1415887.0698279662
2025-04-14,NE,12943,2092860.6470308378
2025-04-15,NE,12887,2109603.495663363
2025-04-16,NE,12306,1976238.6652490757
2025-04-17,NE,12043,2002187.0735000963
2025-04-18,NE,11275,1887916.8496391084
2025-04-19,NE,10192,1663200.791387682
2025-04-20,NE,9756,1595669.9932369576
2025-04-21,NE,13926,2322488.0150305573
2025-04-22,NE,13179,2143482.853424696
2025-04-23,NE,13551,2200912.4701210186
2025-04-24,NE,11986,2025016.0615064849
2025-04-25,NE,12770,2144310.5554970955
2025-04-26,NE,10887,1817966.9470892102
2025-04-27,NE,11142,1872464.6568261909
2025-04-28,NE,15612,2474111.3909805636
2025-04-29,NE,15433,2615394.3551790714
2025-04-30,NE,14201,2361538.324588099
2025-05-01,NE,18624,3135081.8152358853
2025-05-02,NE,18267,3037393.5379230916
2025-05-03,NE,15277,2523171.5010039075
2025-05-04,NE,15440,2533572.4450117284
2025-05-05,NE,21442,3563908.6221063402
2025-05-06,NE,21282,3489635.757308888
2025-05-07,NE,20733,3480324.128102745
2025-05-08,NE,20334,3248655.268945929
2025-05-09,NE,20333,3318605.8554070517
2025-05-10,NE,16152,2774072.3508610027
2025-05-11,NE,15158,2469752.57869946
2025-05-12,NE,17586,2887838.276552479
2025-05-13,NE,17657,2861978.6859174646
2025-05-14,NE,16723,2777828.94571931
2025-05-15,NE,16306,2650871.7335144263
2025-05-16,NE,14950,2457592.884531294
2025-05-17,NE,13903,2332940.911786636
2025-05-18,NE,12424,2021311.2588393276
2025-05-19,NE,20069,3363612.9006233616
2025-05-20,NE,20076,3367013.349939326
2025-05-21,NE,17589,2963418.5550750582
2025-05-22,NE,17502,2895947.1700270833
2025-05-23,NE,16130,2833978.9794083973
2025-05-24,NE,13365,2251734.68141914
2025-05-25,NE,13380,2222044.646628059
2025-05-26,NE,19516,3163728.015144777
2025-05-27,NE,18216,2999805.504178153
2025-05-28,NE,19344,3282809.8678358095
2025-05-29,NE,18177,3101749.895337188
2025-05-30,NE,17446,2963700.0673047253
2025-05-31,NE,14795,2479510.8365876134
2025-06-01,NE,14231,2289146.3086938853
2025-06-02,NE,21959,3658537.0349801914
2025-06-03,NE,20050,3226112.6116561233
2025-06-04,NE,19427,3110094.560516434
2025-06-05,NE,18682,3097274.2763993973
2025-06-06,NE,17761,2961230.3997637616
2025-06-07,NE,14839,2492672.202122377
2025-06-08,NE,13898,2315970.358247324
2025-06-09,NE,21937,3658087.6258384874
2025-06-10,NE,20950,3388676.043536552
2025-06-11,NE,18962,3122161.125946531
2025-06-12,NE,19549,3128358.3340601837
2025-06-13,NE,18730,2966623.7574809035
2025-06-14,NE,14998,2511326.9258953473
2025-06-15,NE,15015,2440158.0628498546
2025-06-16,NE,23316,3914272.477750692
2025-06-17,NE,21993,3709285.431325042
2025-06-18,NE,19765,3220830.337160114
2025-06-19,NE,20406,3406741.4310451346
2025-06-20,NE,20067,3267272.474158803
2025-06-21,NE,17261,2742921.339658719
2025-06-22,NE,16007,2647668.5850018044
2025-06-23,NE,23402,3824966.0112407426
2025-06-24,NE,21953,3590362.7956369165
2025-06-25,NE,21647,3712863.8331576074
2025-06-26,NE,21120,3378453.871731464
2025-06-27,NE,20458,3401418.166368518
2025-06-28,NE,17435,2819538.268207258
2025-06-29,NE,17056,2865361.3117683292
2025-06-30,NE,24634,4088870.131737391
2025-07-01,NE,23793,3955629.9423301793
2025-07-02,NE,22633,3663872.2338398662
2025-07-03,NE,21015,3414381.8610074115
2025-07-04,NE,19322,3247253.903199693
2025-07-05,NE,18844,3219377.410485173
2025-07-06,NE,17228,2869926.6521479567
2025-07-07,NE,23759,3849872.9976141322
2025-07-08,NE,23236,3859929.399176165
2025-07-09,NE,23206,4014885.323660965
2025-07-10,NE,22020,3640742.6559637007
2025-07-11,NE,20827,3536926.006609349
2025-07-12,NE,19275,3133284.4998624143
2025-07-13,NE,16901,2786317.7220162684
2025-07-14,NE,25236,4215536.646887887
2025-07-15,NE,24652,4099903.2936024773
2025-07-16,NE,23512,3820016.2088656467
2025-07-17,NE,23218,3768945.258145128
2025-07-18,NE,22452,3777803.572680921
2025-07-19,NE,18978,3205993.7293641656
2025-07-20,NE,18298,3110478.3693274995
2025-07-21,NE,26373,4508542.693494932
2025-07-22,NE,25134,4158275.6322113555
2025-07-23,NE,23855,3911576.928695223
2025-07-24,NE,23554,3991420.093887561
2025-07-25,NE,22885,3829876.3487000726
2025-07-26,NE,19671,3181939.6046022745
2025-07-27,NE,18443,2980185.9694887544
2025-07-28,NE,26465,4409687.478170352
2025-07-29,NE,25720,4228753.635831884
2025-07-30,NE,24286,4005071.8029932524
2025-07-31,NE,24069,4056573.8583321916
2025-08-01,NE,24541,4110735.8508977564
2025-08-02,NE,19363,3279871.107840116
2025-08-03,NE,19097,3029279.40142274
2025-08-04,NE,28869,4787525.636758454
2025-08-05,NE,26302,4400126.601803101
2025-08-06,NE,26860,4296586.4828349175
2025-08-07,NE,24089,3922624.9223583974
2025-08-08,NE,23522,3815889.3564386074
2025-08-09,NE,19570,3230451.28958522
2025-08-10,NE,18969,3231784.91437612
2025-08-11,NE,28642,4917102.31890376
2025-08-12,NE,27532,4468797.415792995
2025-08-13,NE,25606,4269483.9823552575
2025-08-14,NE,25992,4336610.103450513
2025-08-15,NE,23635,3930008.0658621783
2025-08-16,NE,20285,3373732.896239262
2025-08-17,NE,21427,3556932.3589800815
2025-08-18,NE,29334,5003470.500348328
2025-08-19,NE,26558,4478691.708772337
2025-08-20,NE,25170,4064992.5571115906
2025-08-21,NE,24520,4110186.5669805305
2025-08-22,NE,24941,4188712.058301178
2025-08-23,NE,20631,3425558.6973340544
2025-08-24,NE,20016,3377373.7476599426
2025-08-25,NE,29387,4867093.874431621
2025-08-26,NE,28438,4711082.973471489
2025-08-27,NE,25473,4213236.5893020425
2025-08-28,NE,24827,3931102.0784701104
2025-08-29,NE,24760,4078830.808030739
2025-08-30,NE,21703,3533134.960682621
2025-08-31,NE,20502,3302558.9637186173
2025-09-01,NE,29101,4939378.508143876
2025-09-02,NE,28860,4809919.715650185
2025-09-03,NE,25991,4285956.379238062
2025-09-04,NE,25744,4199777.018346423
2025-09-05,NE,24143,4007191.3935295823
2025-09-06,NE,22583,3800080.6842747848
2025-09-07,NE,21048,3415480.275652579
2025-09-08,NE,31070,5126054.942162107
2025-09-09,NE,29886,5016802.016769398
2025-09-10,NE,29772,4722172.535470194
2025-09-11,NE,25037,4126348.4653335647
2025-09-12,NE,24697,4040017.710371238
2025-09-13,NE,21457,3530928.7620490957
2025-09-14,NE,20281,3312792.3551191306
2025-09-15,NE,29719,4917132.216619113
2025-09-16,NE,28759,4927796.264266052
2025-09-17,NE,26335,4317124.355442002
2025-09-18,NE,27339,4537252.788016159
2025-09-19,NE,25769,4421513.647504749
2025-09-20,NE,22622,3691569.907033985
2025-09-21,NE,21581,3690101.2787272795
2025-09-22,NE,31986,5278251.863576917
2025-09-23,NE,29091,4971077.572251901
2025-09-24,NE,29964,5018240.787476041
2025-09-25,NE,27624,4585955.752646323
2025-09-26,NE,24380,4017419.7491194964
2025-09-27,NE,21763,3546077.654274899
2025-09-28,NE,20185,3335573.5130389007
2025-09-29,NE,31770,5336130.272725119
2025-09-30,NE,29747,4906967.915065069
2025-10-01,NE,27804,4558608.8444425985
2025-10-02,NE,29718,4878875.907342706
2025-10-03,NE,26932,4531986.954518162
2025-10-04,NE,23431,3960847.3015796677
2025-10-05,NE,21065,3429348.3656106484
2025-10-06,NE,31037,5052626.827605727
2025-10-07,NE,30297,5036933.342724211
2025-10-08,NE,28801,4897346.688290343
2025-10-09,NE,26290,4437272.681178273
2025-10-10,NE,26588,4277181.98616245
2025-10-11,NE,23148,3799247.6591738737
2025-10-12,NE,21880,3543006.7009371985
2025-10-13,NE,31632,5191355.544892362
2025-10-14,NE,30051,5117521.611809832
2025-10-15,NE,28798,4616475.423503944
2025-10-16,NE,28548,4557909.290904542
2025-10-17,NE,27653,4487135.373583832
2025-10-18,NE,24299,4032373.4890955808
2025-10-19,NE,22078,3688096.582269352
2025-10-20,NE,32418,5395767.971092425
2025-10-21,NE,31464,5313632.82623996
2025-10-22,NE,29943,4766381.162571116
2025-10-23,NE,28350,4788924.82484617
2025-10-24,NE,28150,4615757.9052443
2025-10-25,NE,24494,4100636.8313603895
2025-10-26,NE,23583,3788200.8719301233
2025-10-27,NE,35392,5840258.910487799
2025-10-28,NE,30389,5037879.107076517
2025-10-29,NE,29659,5006853.786069847
2025-10-30,NE,29120,4652463.371785884
2025-10-31,NE,27601,4556966.04360397
2025-11-01,NE,23399,3777036.7120944643
2025-11-02,NE,21624,3604031.793317867
2025-11-03,NE,33790,5662015.084330614
2025-11-04,NE,30827,5217397.670317129
2025-11-05,NE,30054,4905846.741774714
2025-11-06,NE,28603,4807015.815261517
2025-11-07,NE,26914,4561680.107573679
2025-11-08,NE,24395,3892887.8675622405
2025-11-09,NE,23172,3870204.54641212
2025-11-10,NE,34724,5839295.037761659
2025-11-11,NE,34458,5656149.860386943
2025-11-12,NE,30569,4921744.946278496
2025-11-13,NE,30229,5081850.211519749
2025-11-14,NE,27212,4382264.587088845
2025-11-15,NE,23343,3837856.2501318995
2025-11-16,NE,24574,4051456.171631685
2025-11-17,NE,33267,5567607.554407923
2025-11-18,NE,31150,5075335.408839909
2025-11-19,NE,30536,4969455.323177244
2025-11-20,NE,29926,4947558.477237633
2025-11-21,NE,27657,4655256.346750447
2025-11-22,NE,24422,4213981.542922638
2025-11-23,NE,24525,3924620.777798904
2025-11-24,NE,87711,14563589.58028286
2025-11-25,NE,80739,13032440.02010567
2025-11-26,NE,82921,13960751.795423223
2025-11-27,NE,80163,12978614.396398365
2025-11-28,NE,73337,11937331.967956439
2025-11-29,NE,61206,9979969.189740427
2025-11-30,NE,60107,9902540.704288218
2025-12-01,NE,90937,15101594.045556283
2025-12-02,NE,34298,5713916.96831335
2025-12-03,NE,30033,4954873.384842125
2025-12-04,NE,30502,4898967.691310607
2025-12-05,NE,29788,4986561.669689952
2025-12-06,NE,23055,3800045.8254305213
2025-12-07,NE,24822,4190790.7171605583
2025-12-08,NE,52546,8547366.821708376
2025-12-09,NE,52143,8327888.543342733
2025-12-10,NE,49163,8106374.6927793035
2025-12-11,NE,49664,8406955.241226133
2025-12-12,NE,46390,7678988.148868141
2025-12-13,NE,36062,5926468.375417354
2025-12-14,NE,36434,5906966.263303608
2025-12-15,NE,55570,9491390.972426396
2025-12-16,NE,51646,8346112.976469115
2025-12-17,NE,49995,8129496.916496591
2025-12-18,NE,49602,8277636.959440727
2025-12-19,NE,46889,7449496.051377265
2025-12-20,NE,39380,6663338.155328967
2025-12-21,NE,22804,3809632.529262821
2025-12-22,NE,35414,5948399.718284491
2025-12-23,NE,34332,5728012.201739043
2025-12-24,NE,30776,5061676.166668317
2025-12-25,NE,32102,5184203.640351749
2025-12-26,NE,30823,5071547.100427906
2025-12-27,NE,25931,4195161.785759809
2025-12-28,NE,21950,3656964.659885383
2025-12-29,NE,34668,5812519.162445957
2025-12-30,NE,36376,6179317.289535939
2025-12-31,NE,31648,5260746.817551116
2026-01-01,NE,29471,4952633.929102914
2026-01-02,NE,31424,5154146.328465024
2026-01-03,NE,26042,4255827.532347569
2026-01-04,NE,25748,4288667.142687678
2026-01-05,NE,36945,6048806.807067663
2026-01-06,NE,34955,5798625.984519953
2026-01-07,NE,32942,5320069.282766412
2026-01-08,NE,32707,5301498.191184517
2026-01-09,NE,32787,5478604.443683205
2026-01-10,NE,27133,4556338.253992778
2026-01-11,NE,23607,3818369.328903372
2026-01-12,NE,37461,6263967.212863408
2026-01-13,NE,36064,5887158.488269265
2026-01-14,NE,34169,5639746.085706442
2026-01-15,NE,31702,5379065.907169003
2026-01-16,NE,31855,5340959.269271344
2026-01-17,NE,27307,4577373.492043843
2026-01-18,NE,27454,4702842.970653556
2026-01-19,NE,36199,5888751.896720017
2026-01-20,NE,34330,5552761.20995807
2026-01-21,NE,32691,5316112.232851058
2026-01-22,NE,31877,5232932.99073784
2026-01-23,NE,29885,4698818.041143226
2026-01-24,NE,24076,3956059.660651849
2026-01-25,NE,24995,4079256.900035746
2026-01-26,NE,37946,6359233.8088411335
2026-01-27,NE,34611,5751067.037518824
2026-01-28,NE,35554,5795931.345917754
2026-01-29,NE,32696,5458494.887339952
2026-01-30,NE,32485,5437559.161644638
2026-01-31,NE,27102,4403093.877616742
2026-02-01,NE,26313,4298834.274134804
2026-02-02,NE,38114,6008912.274706926
2026-02-03,NE,37185,6001689.569215158
2026-02-04,NE,33615,5464113.222896992
2026-02-05,NE,33498,5535368.5813270295
2026-02-06,NE,31714,5133869.841232384
2026-02-07,NE,26783,4373814.11092185
2026-02-08,NE,26129,4205630.004249063
2026-02-09,NE,40998,6787820.58111955
2026-02-10,NE,35409,5892229.622662867
2026-02-11,NE,34293,5703879.439148091
2026-02-12,NE,34629,5715197.577001266
2026-02-13,NE,32802,5245514.087776911
2026-02-14,NE,27266,4443107.933220982
2026-02-15,NE,23787,3892882.6074123485
2026-02-16,NE,38995,6382277.5475997785
2026-02-17,NE,33211,5488032.664061179
2026-02-18,NE,35794,6074395.232012739
2026-02-19,NE,33607,5635218.987484981
2026-02-20,NE,32883,5318535.594389277
2026-02-21,NE,26585,4446041.6234512115
2026-02-22,NE,24719,4130866.1929468866
2026-02-23,NE,38929,6319732.977840046
2026-02-24,NE,36223,6078264.952041558
2026-02-25,NE,33696,5542006.631288121
2026-02-26,NE,33747,5411235.388589192
2026-02-27,NE,35096,5843560.122918755
2026-02-28,NE,28454,4715282.324706121
2026-03-01,NE,27291,4482510.284412235
2026-03-02,NE,39998,6594726.439972565
2026-03-03,NE,38413,6246991.63934821
2026-03-04,NE,34297,5728059.631432808
2026-03-05,NE,31447,5184245.906058773
2026-03-06,NE,32009,5299066.941451598
2026-03-07,NE,28631,4757858.590446466
2026-03-08,NE,25608,4127750.126233043
2026-03-09,NE,54431,8820481.826758595
2026-03-10,NE,50240,7923208.888151309
2026-03-11,NE,51233,8548925.352426488
2026-03-12,NE,49019,7892044.633591658
2026-03-13,NE,46458,7685894.447821695
2026-03-14,NE,40099,6665426.647545109
2026-03-15,NE,37318,6231649.39069791
2026-03-16,NE,39663,6386803.754583517
2026-03-17,NE,35493,5848712.821668197
2026-03-18,NE,32327,5512139.012037259
2026-03-19,NE,34533,5893306.415184865
2026-03-20,NE,33037,5558745.037089315
2026-03-21,NE,29418,4886733.631420649
2026-03-22,NE,28351,4583878.954940488
2026-03-23,NE,41837,7002319.410706903
2026-03-24,NE,35978,5917608.550366082
2026-03-25,NE,34808,5807705.8650788
2026-03-26,NE,35166,5728949.909320013
2026-03-27,NE,35801,5886734.111369818
2026-03-28,NE,29886,4947378.836410706
2026-03-29,NE,28113,4661492.932754351
2026-03-30,NE,39383,6562361.12948984
2026-03-31,NE,36370,5931534.438762337
2026-04-01,NE,36458,5853957.566968388
2026-04-02,NE,33475,5702860.94139513
2026-04-03,NE,32830,5686633.307417822
2026-04-04,NE,28488,4742582.2000284195
2026-04-05,NE,28752,4618457.511664656
2026-04-06,NE,39691,6447741.671637385
2026-04-07,NE,34554,5759463.759987257
2026-04-08,NE,36344,6157606.969110117
2026-04-09,NE,34189,5504342.1909156395
2026-04-10,NE,33375,5493181.293943754
2026-04-11,NE,28705,4754884.958702552
2026-04-12,NE,27151,4557379.7594518475
2026-04-13,NE,41574,6812569.922734615
2026-04-14,NE,35987,5752140.902321213
2026-04-15,NE,35298,5896529.203796776
2026-04-16,NE,36121,6094039.891691235
2026-04-17,NE,32823,5406849.031488758
2026-04-18,NE,27348,4548992.26985626
2026-04-19,NE,28238,4615054.344989346
2026-04-20,NE,42319,6864520.545629983
2026-04-21,NE,38215,6434917.02936097
2026-04-22,NE,33699,5603427.134499148
2026-04-23,NE,36383,6062070.566481727
2026-04-24,NE,31800,5404631.963630554
2026-04-25,NE,29483,4762065.275409042
2026-04-26,NE,26908,4390802.054682009
2026-04-27,NE,39318,6507961.7572512925
2026-04-28,NE,37927,6187326.063043716
2026-04-29,NE,36182,6063536.9721934525
2026-04-30,NE,34928,5741519.916040476
2026-05-01,NE,46816,7571300.827477898
2026-05-02,NE,39011,6445282.202108461
2026-05-03,NE,39026,6461227.214869369
2026-05-04,NE,56228,9451052.500007365
2026-05-05,NE,51060,8491143.455898535
2026-05-06,NE,47976,7989049.065597202
2026-05-07,NE,45750,7597106.03699299
2026-05-08,NE,46633,7665479.643243158
2026-05-09,NE,39388,6405925.552930191
2026-05-10,NE,34819,5778323.306469211
2026-05-11,NE,40729,6675511.132654073
2026-05-12,NE,37785,6445229.8274541
2026-05-13,NE,38915,6593337.37920363
2026-05-14,NE,34034,5686685.5552004995
2026-05-15,NE,32676,5432350.392837514
2026-05-16,NE,30885,5087060.169544472
2026-05-17,NE,29649,4768694.510214653
2026-05-18,NE,40680,6683180.176052366
2026-05-19,NE,38393,6347692.069892342
2026-05-20,NE,37914,6284518.722147914
2026-05-21,NE,33452,5571412.870813063
2026-05-22,NE,32373,5439971.534236452
2026-05-23,NE,29623,4820132.855782999
2026-05-24,NE,30028,4886932.398700202
2026-05-25,NE,41390,7027518.161316079
2026-05-26,NE,39648,6642793.99755949
2026-05-27,NE,38828,6356549.581334196
2026-05-28,NE,39349,6478663.447452565
2026-05-29,NE,34142,5621857.363427664
2026-05-30,NE,30086,4967324.7988417605
2026-05-31,NE,30488,5078076.834983364
2026-06-01,NE,40040,6941553.661527663
2026-06-02,NE,41184,6821149.282909245
2026-06-03,NE,36240,6058841.438005657
2026-06-04,NE,37007,5900197.236562271
2026-06-05,NE,34764,5680431.69094842
2026-06-06,NE,29275,4949087.745374945
2026-06-07,NE,27846,4631559.485479464
2026-06-08,NE,42968,6467368.130907841
2026-06-09,NE,41395,6922248.9285176005
2026-06-10,NE,37640,6448859.035785629
2026-06-11,NE,37194,5892031.903698139
2026-06-12,NE,35984,6117783.032197413
2026-06-13,NE,29442,4588610.671666267
2026-06-14,NE,29768,5003863.763567954
2026-06-15,NE,44047,7266497.878101128
2026-06-16,NE,43915,6905418.346472357
2026-06-17,NE,37544,6250034.3353334395
2026-06-18,NE,36733,6200448.528468488
2026-06-19,NE,36451,6058186.34908179
2026-06-20,NE,31545,5265804.679776451
2026-06-21,NE,28648,4688000.799021245
2026-06-22,NE,42474,6747309.79407125
2026-06-23,NE,41262,6902437.387855917
2026-06-24,NE,37170,6347676.565513202
2026-06-25,NE,37021,6246465.102254371
2026-06-26,NE,35826,5676271.789744717
2026-06-27,NE,31929,5108667.090358135
2026-06-28,NE,28752,4663813.227109882
2026-06-29,NE,40550,6477585.989986948
2026-06-30,NE,38009,6277027.728352938
2026-07-01,NE,36815,6122270.889463479
2026-07-02,NE,36053,5778580.758651568
2026-07-03,NE,35737,5988253.391172128
2026-07-04,NE,29750,4967763.379704164
2026-07-05,NE,28826,4704145.924721942
2026-07-06,NE,42428,6976464.782689616
2026-07-07,NE,40358,6399392.749704883
2026-07-08,NE,40540,6644649.3042076025
2026-07-09,NE,38900,6419448.009129111
2026-07-10,NE,36170,5988191.881714032
2026-07-11,NE,30726,5108206.527595815
2026-07-12,NE,29281,4854965.420195664
2026-07-13,NE,44377,7283493.425163256
2026-07-14,NE,42082,6983274.063389484
2026-07-15,NE,37743,6352399.988627579
2026-07-16,NE,38299,6307265.313658035
2026-07-17,NE,33782,5609435.6689868495
2026-07-18,NE,31652,5203134.134631032
2026-07-19,NE,30710,5001605.51112721
2026-07-20,NE,43706,7286904.829783593
2026-07-21,NE,44125,7199777.162204516
2026-07-22,NE,38007,6319586.741377833
2026-07-23,NE,38773,6401160.300214545
2026-07-24,NE,36542,5992778.942866983
2026-07-25,NE,31497,5162897.801212393
2026-07-26,NE,29972,4895122.972130546
2026-07-27,NE,44571,7112143.486664108
2026-07-28,NE,42976,7145342.4887119075
2026-07-29,NE,41355,6855174.54256597
2026-07-30,NE,38709,6495521.623146695
2026-07-31,NE,37858,6180174.345155149
2026-08-01,NE,31017,5311809.075907652
2026-08-02,NE,31084,5089907.749730239
2026-08-03,NE,43480,7048635.768099337
2026-08-04,NE,43591,7049573.126175157
2026-08-05,NE,42760,6810729.67752507
2026-08-06,NE,38778,6594496.406557028
2026-08-07,NE,34187,5795534.846931088
2026-08-08,NE,31375,5239074.65230218
2026-08-09,NE,31767,5147617.024583177
2026-08-10,NE,45808,7832122.8148576375
2026-08-11,NE,42607,6980702.195560655
2026-08-12,NE,41336,6783742.509193369
2026-08-13,NE,39841,6762729.068778057
2026-08-14,NE,38837,6492552.364219297
2026-08-15,NE,33215,5721736.814487321
2026-08-16,NE,32268,5350705.040656715
2026-08-17,NE,45775,7492900.5199926365
2026-08-18,NE,43837,7144600.020768451
2026-08-19,NE,39733,6313768.89294256
2026-08-20,NE,38581,6330394.938414901
2026-08-21,NE,39710,6702140.944899957
2026-08-22,NE,32616,5446094.198738656
2026-08-23,NE,31687,5230478.549352803
2026-08-24,NE,45673,7386087.585187003
2026-08-25,NE,41867,6939400.0257289605
2026-08-26,NE,40419,6804226.826595962
2026-08-27,NE,41638,6929453.15172296
2026-08-28,NE,38427,6361598.536799554
2026-08-29,NE,30613,4970634.026688338
2026-08-30,NE,30768,5164768.785186775
2026-08-31,NE,48600,7516705.1051698085
2026-09-01,NE,42676,7095456.467456046
2026-09-02,NE,38082,6606543.905538497
2026-09-03,NE,42523,6804631.14688661
2026-09-04,NE,38824,6375035.938559225
2026-09-05,NE,32677,5390851.925499791
2026-09-06,NE,30780,5031713.613245017
2026-09-07,NE,47761,8043909.291656236
2026-09-08,NE,42432,7067435.23675571
2026-09-09,NE,42528,7038494.199804185
2026-09-10,NE,40878,6852419.9955930775
2026-09-11,NE,38470,6349676.519267367
2026-09-12,NE,33119,5812170.975617642
2026-09-13,NE,31178,5159941.692501914
2026-09-14,NE,47984,7948282.373505969
2026-09-15,NE,42191,6723366.020317498
2026-09-16,NE,38792,6331110.96718071
2026-09-17,NE,41222,6957710.769237201
2026-09-18,NE,39216,6297814.789715748
2026-09-19,NE,33703,5321031.706829854
2026-09-20,NE,32006,5284403.153603737
2026-09-21,NE,46041,7805029.477966563
2026-09-22,NE,44972,7426669.696435844
2026-09-23,NE,41303,6769181.25027449
2026-09-24,NE,39900,6338792.893237645
2026-09-25,NE,38173,6355515.858865505
2026-09-26,NE,35699,5968237.6383696515
2026-09-27,NE,29814,4744012.109996939
2026-09-28,NE,47657,8041830.76259496
2026-09-29,NE,41436,6941640.287375855
2026-09-30,NE,41455,6994977.51941439
2025-01-01,N,0,0.0
2025-01-02,N,0,0.0
2025-01-03,N,0,0.0
2025-01-04,N,0,0.0
2025-01-05,N,0,0.0
2025-01-06,N,0,0.0
2025-01-07,N,0,0.0
2025-01-08,N,0,0.0
2025-01-09,N,0,0.0
2025-01-10,N,0,0.0
2025-01-11,N,0,0.0
2025-01-12,N,0,0.0
2025-01-13,N,0,0.0
2025-01-14,N,0,0.0
2025-01-15,N,0,0.0
2025-01-16,N,0,0.0
2025-01-17,N,0,0.0
2025-01-18,N,0,0.0
2025-01-19,N,0,0.0
2025-01-20,N,0,0.0
2025-01-21,N,0,0.0
2025-01-22,N,0,0.0
2025-01-23,N,0,0.0
2025-01-24,N,0,0.0
2025-01-25,N,0,0.0
2025-01-26,N,0,0.0
2025-01-27,N,0,0.0
2025-01-28,N,0,0.0
2025-01-29,N,0,0.0
2025-01-30,N,0,0.0
2025-01-31,N,0,0.0
2025-02-01,N,0,0.0
2025-02-02,N,0,0.0
2025-02-03,N,0,0.0
2025-02-04,N,0,0.0
2025-02-05,N,0,0.0
2025-02-06,N,0,0.0
2025-02-07,N,0,0.0
2025-02-08,N,0,0.0
2025-02-09,N,0,0.0
2025-02-10,N,0,0.0
2025-02-11,N,0,0.0
2025-02-12,N,0,0.0
2025-02-13,N,0,0.0
2025-02-14,N,0,0.0
2025-02-15,N,0,0.0
2025-02-16,N,0,0.0
2025-02-17,N,0,0.0
2025-02-18,N,0,0.0
2025-02-19,N,0,0.0
2025-02-20,N,0,0.0
2025-02-21,N,0,0.0
2025-02-22,N,0,0.0
2025-02-23,N,0,0.0
2025-02-24,N,0,0.0
2025-02-25,N,0,0.0
2025-02-26,N,0,0.0
2025-02-27,N,0,0.0
2025-02-28,N,0,0.0
2025-03-01,N,0,0.0
2025-03-02,N,0,0.0
2025-03-03,N,0,0.0
2025-03-04,N,0,0.0
2025-03-05,N,0,0.0
2025-03-06,N,0,0.0
2025-03-07,N,0,0.0
2025-03-08,N,0,0.0
2025-03-09,N,0,0.0
2025-03-10,N,0,0.0
2025-03-11,N,0,0.0
2025-03-12,N,0,0.0
2025-03-13,N,0,0.0
2025-03-14,N,0,0.0
2025-03-15,N,0,0.0
2025-03-16,N,0,0.0
2025-03-17,N,0,0.0
2025-03-18,N,0,0.0
2025-03-19,N,0,0.0
2025-03-20,N,0,0.0
2025-03-21,N,0,0.0
2025-03-22,N,0,0.0
2025-03-23,N,0,0.0
2025-03-24,N,0,0.0
2025-03-25,N,0,0.0
2025-03-26,N,0,0.0
2025-03-27,N,0,0.0
2025-03-28,N,0,0.0
2025-03-29,N,0,0.0
2025-03-30,N,0,0.0
2025-03-31,N,0,0.0
2025-04-01,N,0,0.0
2025-04-02,N,0,0.0
2025-04-03,N,0,0.0
2025-04-04,N,0,0.0
2025-04-05,N,0,0.0
2025-04-06,N,0,0.0
2025-04-07,N,0,0.0
2025-04-08,N,0,0.0
2025-04-09,N,0,0.0
2025-04-10,N,0,0.0
2025-04-11,N,0,0.0
2025-04-12,N,0,0.0
2025-04-13,N,0,0.0
2025-04-14,N,0,0.0
2025-04-15,N,0,0.0
2025-04-16,N,0,0.0
2025-04-17,N,0,0.0
2025-04-18,N,0,0.0
2025-04-19,N,0,0.0
2025-04-20,N,0,0.0
2025-04-21,N,0,0.0
2025-04-22,N,0,0.0
2025-04-23,N,0,0.0
2025-04-24,N,0,0.0
2025-04-25,N,0,0.0
2025-04-26,N,0,0.0
2025-04-27,N,0,0.0
2025-04-28,N,0,0.0
2025-04-29,N,0,0.0
2025-04-30,N,0,0.0
2025-05-01,N,0,0.0
2025-05-02,N,0,0.0
2025-05-03,N,0,0.0
2025-05-04,N,0,0.0
2025-05-05,N,0,0.0
2025-05-06,N,0,0.0
2025-05-07,N,0,0.0
2025-05-08,N,0,0.0
2025-05-09,N,0,0.0
2025-05-10,N,0,0.0
2025-05-11,N,0,0.0
2025-05-12,N,0,0.0
2025-05-13,N,0,0.0
2025-05-14,N,0,0.0
2025-05-15,N,0,0.0
2025-05-16,N,0,0.0
2025-05-17,N,0,0.0
2025-05-18,N,0,0.0
2025-05-19,N,0,0.0
2025-05-20,N,0,0.0
2025-05-21,N,0,0.0
2025-05-22,N,0,0.0
2025-05-23,N,0,0.0
2025-05-24,N,0,0.0
2025-05-25,N,0,0.0
2025-05-26,N,0,0.0
2025-05-27,N,0,0.0
2025-05-28,N,0,0.0
2025-05-29,N,0,0.0
2025-05-30,N,0,0.0
2025-05-31,N,0,0.0
2025-06-01,N,0,0.0
2025-06-02,N,0,0.0
2025-06-03,N,0,0.0
2025-06-04,N,0,0.0
2025-06-05,N,0,0.0
2025-06-06,N,0,0.0
2025-06-07,N,0,0.0
2025-06-08,N,0,0.0
2025-06-09,N,0,0.0
2025-06-10,N,0,0.0
2025-06-11,N,0,0.0
2025-06-12,N,0,0.0
2025-06-13,N,0,0.0
2025-06-14,N,0,0.0
2025-06-15,N,0,0.0
2025-06-16,N,0,0.0
2025-06-17,N,0,0.0
2025-06-18,N,0,0.0
2025-06-19,N,0,0.0
2025-06-20,N,0,0.0
2025-06-21,N,0,0.0
2025-06-22,N,0,0.0
2025-06-23,N,0,0.0
2025-06-24,N,0,0.0
2025-06-25,N,0,0.0
2025-06-26,N,0,0.0
2025-06-27,N,0,0.0
2025-06-28,N,0,0.0
2025-06-29,N,0,0.0
2025-06-30,N,0,0.0
2025-07-01,N,0,0.0
2025-07-02,N,0,0.0
2025-07-03,N,0,0.0
2025-07-04,N,0,0.0
2025-07-05,N,0,0.0
2025-07-06,N,0,0.0
2025-07-07,N,0,0.0
2025-07-08,N,0,0.0
2025-07-09,N,0,0.0
2025-07-10,N,0,0.0
2025-07-11,N,0,0.0
2025-07-12,N,0,0.0
2025-07-13,N,0,0.0
2025-07-14,N,0,0.0
2025-07-15,N,0,0.0
2025-07-16,N,0,0.0
2025-07-17,N,0,0.0
2025-07-18,N,0,0.0
2025-07-19,N,0,0.0
2025-07-20,N,0,0.0
2025-07-21,N,0,0.0
2025-07-22,N,0,0.0
2025-07-23,N,0,0.0
2025-07-24,N,0,0.0
2025-07-25,N,0,0.0
2025-07-26,N,0,0.0
2025-07-27,N,0,0.0
2025-07-28,N,0,0.0
2025-07-29,N,0,0.0
2025-07-30,N,0,0.0
2025-07-31,N,0,0.0
2025-08-01,N,2990,491309.77906223346
2025-08-02,N,2622,433752.95452333335
2025-08-03,N,2443,395745.07640886935
2025-08-04,N,4164,697785.5714938133
2025-08-05,N,3865,619251.9199556068
2025-08-06,N,3713,627858.657218572
2025-08-07,N,3732,610739.8369239117
2025-08-08,N,3562,571241.9321633977
2025-08-09,N,3040,517600.4062117539
2025-08-10,N,2949,485929.6415056572
2025-08-11,N,4380,750272.970316769
2025-08-12,N,4635,783456.2526759122
2025-08-13,N,4150,673819.3945729497
2025-08-14,N,3987,656736.7806900952
2025-08-15,N,3972,656966.5168979343
2025-08-16,N,3302,561461.5154489722
2025-08-17,N,3476,578558.6781864916
2025-08-18,N,4823,798600.8557281093
2025-08-19,N,4783,786040.1205851991
2025-08-20,N,4667,769276.3660350991
2025-08-21,N,4528,766613.7367810397
2025-08-22,N,4314,711862.7501150231
2025-08-23,N,3759,615335.1773487275
2025-08-24,N,3611,589088.1632623976
2025-08-25,N,5290,863182.9217094821
2025-08-26,N,5049,809723.6971427343
2025-08-27,N,5155,837809.990442404
2025-08-28,N,4841,822702.7134295966
2025-08-29,N,4539,745840.4116557377
2025-08-30,N,3999,669130.9094664342
2025-08-31,N,4066,637630.5407941103
2025-09-01,N,5971,996413.1765252562
2025-09-02,N,5642,927925.8385384333
2025-09-03,N,5232,854967.6491407816
2025-09-04,N,5332,882964.0990267993
2025-09-05,N,4901,800645.8694225219
2025-09-06,N,4329,683943.9600569509
2025-09-07,N,4337,728804.3047588469
2025-09-08,N,6432,1066438.1935501522
2025-09-09,N,5711,936398.3463150855
2025-09-10,N,5467,884623.953083904
2025-09-11,N,5594,895876.136281159
2025-09-12,N,5662,938413.3456744839
2025-09-13,N,4336,738526.4040116726
2025-09-14,N,4501,745682.6926289776
2025-09-15,N,6307,1011875.4444162294
2025-09-16,N,6133,1016501.1149268574
2025-09-17,N,5895,971637.2926839333
2025-09-18,N,5812,975552.0111306533
2025-09-19,N,5542,925526.300388412
2025-09-20,N,4912,762081.0110510918
2025-09-21,N,4618,770279.164050167
2025-09-22,N,6631,1072156.5625174087
2025-09-23,N,6791,1088653.6323855123
2025-09-24,N,6453,1060731.477573436
2025-09-25,N,6390,1063016.147776116
2025-09-26,N,5617,896392.1791902623
2025-09-27,N,5213,872265.7576449994
2025-09-28,N,5057,847143.6750214922
2025-09-29,N,7067,1167150.5365715201
2025-09-30,N,6932,1123932.588884378
2025-10-01,N,6559,1061036.656912724
2025-10-02,N,6916,1164554.6438526292
2025-10-03,N,6629,1060725.9458770214
2025-10-04,N,5079,855876.270052652
2025-10-05,N,5612,922920.577652568
2025-10-06,N,7409,1220141.875234082
2025-10-07,N,7479,1191878.1997690054
2025-10-08,N,7102,1168391.4610263284
2025-10-09,N,6536,1091674.303277746
2025-10-10,N,6581,1056841.7811990923
2025-10-11,N,5594,932214.9178366426
2025-10-12,N,5474,904817.9351529086
2025-10-13,N,8024,1306913.8663502114
2025-10-14,N,7830,1314033.897881849
2025-10-15,N,7154,1128418.6817466004
2025-10-16,N,6990,1161346.8848312711
2025-10-17,N,6972,1187639.316342887
2025-10-18,N,5943,1008835.0208497283
2025-10-19,N,5711,949661.4143972851
2025-10-20,N,8058,1321547.8858095943
2025-10-21,N,7500,1221763.8867254462
2025-10-22,N,7241,1187526.4972768866
2025-10-23,N,7119,1187410.500533161
2025-10-24,N,7137,1158592.7131694392
2025-10-25,N,6229,1043354.3767766983
2025-10-26,N,5724,984753.6956566683
2025-10-27,N,8950,1474922.2786505122
2025-10-28,N,8425,1352747.4634817159
2025-10-29,N,7692,1235045.5372574027
2025-10-30,N,7294,1222202.0881428078
2025-10-31,N,7560,1245909.4523272947
2025-11-01,N,6198,1040604.1730495564
2025-11-02,N,5959,972741.2425805562
2025-11-03,N,8679,1455824.639838024
2025-11-04,N,8025,1319932.8421391177
2025-11-05,N,7450,1211241.3877998607
2025-11-06,N,7902,1293373.3230676618
2025-11-07,N,7171,1154887.5466169578
2025-11-08,N,7074,1213650.007407441
2025-11-09,N,5869,966518.3059495433
2025-11-10,N,8633,1442806.4974210581
2025-11-11,N,8665,1414373.4955801258
2025-11-12,N,8502,1373316.4818698408
2025-11-13,N,7959,1307092.1985448936
2025-11-14,N,7723,1302359.882786449
2025-11-15,N,6136,1001895.8061023344
2025-11-16,N,6113,991083.8455673268
2025-11-17,N,8917,1475879.7064012308
2025-11-18,N,8152,1358504.5063954685
2025-11-19,N,8309,1416031.4039355037
2025-11-20,N,7502,1246587.6590928766
2025-11-21,N,7401,1236893.426385572
2025-11-22,N,6594,1103661.5730104337
2025-11-23,N,6227,1003761.5716151282
2025-11-24,N,25011,4047305.1352321045
2025-11-25,N,23491,3791991.034460883
2025-11-26,N,22711,3647475.6045502075
2025-11-27,N,22230,3726304.1409606184
2025-11-28,N,21466,3562436.5103832586
2025-11-29,N,17872,2953568.487010582
2025-11-30,N,17235,2696312.951828238
2025-12-01,N,25673,4410186.849391342
2025-12-02,N,9183,1488095.070613331
2025-12-03,N,8536,1466237.103159493
2025-12-04,N,8413,1347909.8536968257
2025-12-05,N,7878,1278749.6821205423
2025-12-06,N,7125,1123830.5038937423
2025-12-07,N,6676,1109517.9029199984
2025-12-08,N,14994,2419519.592254896
2025-12-09,N,14122,2280125.403018616
2025-12-10,N,13113,2104252.329531634
2025-12-11,N,13923,2333011.2779770475
2025-12-12,N,12859,2151925.7466151733
2025-12-13,N,10764,1840425.618251788
2025-12-14,N,10887,1771719.549654049
2025-12-15,N,15344,2542839.9626168287
2025-12-16,N,14012,2252361.6562062125
2025-12-17,N,14455,2369093.1360569913
2025-12-18,N,13460,2197853.9288746766
2025-12-19,N,12879,2144774.4483085256
2025-12-20,N,11324,1906465.2912884029
2025-12-21,N,7235,1217437.2127769475
2025-12-22,N,10290,1669230.6236723065
2025-12-23,N,9275,1560935.6063907484
2025-12-24,N,9341,1539906.062423111
2025-12-25,N,8856,1451753.7206367888
2025-12-26,N,9146,1487705.8480071288
2025-12-27,N,7423,1211078.8687748988
2025-12-28,N,6525,1114141.3728932203
2025-12-29,N,10592,1758425.1129677254
2025-12-30,N,10518,1741530.6724596582
2025-12-31,N,9836,1614427.781668121
2026-01-01,N,9748,1687103.218364183
2026-01-02,N,8411,1424037.2626315681
2026-01-03,N,7787,1266325.794729804
2026-01-04,N,7013,1150812.7541504763
2026-01-05,N,10715,1760399.4200686764
2026-01-06,N,9561,1582167.4505483876
2026-01-07,N,9258,1506146.5642087199
2026-01-08,N,9086,1512347.3868731724
2026-01-09,N,9139,1551728.0903477343
2026-01-10,N,7879,1265879.7496262155
2026-01-11,N,7377,1189741.283017557
2026-01-12,N,10285,1680626.3570539318
2026-01-13,N,10049,1643600.1166743722
2026-01-14,N,9364,1606814.993688699
2026-01-15,N,9734,1638287.1039071605
2026-01-16,N,9364,1574240.693867277
2026-01-17,N,8066,1323853.166843199
2026-01-18,N,7218,1184150.1864383821
2026-01-19,N,9903,1586553.4122486883
2026-01-20,N,9670,1620496.112417234
2026-01-21,N,10239,1706027.0967255025
2026-01-22,N,9447,1598846.0964435819
2026-01-23,N,8881,1459186.1503417566
2026-01-24,N,8341,1372362.4864670902
2026-01-25,N,7850,1299655.0294173632
2026-01-26,N,11114,1866521.4138588132
2026-01-27,N,10342,1656253.599119684
2026-01-28,N,9842,1647836.0727452352
2026-01-29,N,9789,1614522.9175082375
2026-01-30,N,9761,1576464.9173707631
2026-01-31,N,8112,1282675.9378437516
2026-02-01,N,7811,1285297.2126605099
2026-02-02,N,11712,1988433.5277183496
2026-02-03,N,10153,1731355.142290704
2026-02-04,N,10281,1708421.9553122676
2026-02-05,N,9736,1669476.8875724548
2026-02-06,N,8538,1407560.1178112605
2026-02-07,N,7492,1259749.0956893954
2026-02-08,N,7439,1216357.8682775027
2026-02-09,N,11605,1895117.6655513546
2026-02-10,N,10761,1751505.7704977167
2026-02-11,N,10206,1614591.7971666425
2026-02-12,N,10639,1800623.136026798
2026-02-13,N,9056,1475064.9428828482
2026-02-14,N,8186,1329040.093091449
2026-02-15,N,7891,1271288.1834193014
2026-02-16,N,11234,1846033.9460968396
2026-02-17,N,10858,1854758.3983765903
2026-02-18,N,9687,1665287.0379021347
2026-02-19,N,10574,1686755.379062387
2026-02-20,N,9360,1533451.8103002845
2026-02-21,N,8879,1434727.5932858156
2026-02-22,N,7889,1327415.0882533784
2026-02-23,N,12084,2005288.5482041491
2026-02-24,N,10951,1783910.4666763495
2026-02-25,N,10367,1713037.8049174075
2026-02-26,N,9983,1631466.9686782064
2026-02-27,N,9737,1658474.1169290636
2026-02-28,N,8476,1413838.8952026106
2026-03-01,N,7767,1298723.3110838514
2026-03-02,N,11742,1834090.6814106945
2026-03-03,N,10855,1788682.5293413338
2026-03-04,N,11337,1948542.2967214126
2026-03-05,N,10270,1739493.8403126134
2026-03-06,N,10332,1641802.3723142957
2026-03-07,N,8415,1379771.321339293
2026-03-08,N,8145,1311629.9590353037
2026-03-09,N,15915,2715841.1983994776
2026-03-10,N,15448,2561372.9159851745
2026-03-11,N,14953,2429358.2048846083
2026-03-12,N,15383,2539928.9904301106
2026-03-13,N,13973,2185317.028825676
2026-03-14,N,12566,2028399.0416605233
2026-03-15,N,11674,1927613.9653824777
2026-03-16,N,12727,2135472.604367208
2026-03-17,N,11301,1792266.9901063272
2026-03-18,N,11607,1900555.570133543
2026-03-19,N,10337,1740047.5008809278
2026-03-20,N,9735,1559646.3362278466
2026-03-21,N,8281,1372627.9480809974
2026-03-22,N,8909,1471924.6305989656
2026-03-23,N,12509,2134754.1053102245
2026-03-24,N,11302,1856246.7024599926
2026-03-25,N,11289,1856292.2427883146
2026-03-26,N,10874,1824889.5467745122
2026-03-27,N,10796,1734086.4412731396
2026-03-28,N,8258,1356550.6233849998
2026-03-29,N,8239,1347044.4293977607
2026-03-30,N,12078,1987333.3363162878
2026-03-31,N,10748,1803511.6192943933
2026-04-01,N,11324,1889168.5713683327
2026-04-02,N,10617,1725574.0917701584
2026-04-03,N,10460,1730618.5831004488
2026-04-04,N,9540,1621022.0828951127
2026-04-05,N,8290,1345106.328578002
2026-04-06,N,12209,2020333.7260321614
2026-04-07,N,11701,1923206.4288331657
2026-04-08,N,11400,1878629.7513042204
2026-04-09,N,10602,1692278.8340334091
2026-04-10,N,10062,1707073.816272295
2026-04-11,N,9222,1498064.4583410304
2026-04-12,N,8582,1445088.97383793
2026-04-13,N,11608,1891517.2991014887
2026-04-14,N,11253,1833516.947302316
2026-04-15,N,11702,1977676.6953139247
2026-04-16,N,11067,1862352.7589920775
2026-04-17,N,10104,1674117.5888023358
2026-04-18,N,8918,1493870.2039904702
2026-04-19,N,8548,1402280.3877534154
2026-04-20,N,12937,2134247.768400662
2026-04-21,N,11296,1839176.759847005
2026-04-22,N,10884,1828331.4815970075
2026-04-23,N,11113,1808215.5222474327
2026-04-24,N,10434,1772747.2003001692
2026-04-25,N,9229,1513166.049319902
2026-04-26,N,8246,1361148.0749422996
2026-04-27,N,12879,2157281.4719874235
2026-04-28,N,12417,2049782.8709091062
2026-04-29,N,11502,1886522.413277998
2026-04-30,N,11155,1839469.7918509985
2026-05-01,N,14206,2385892.025651109
2026-05-02,N,11958,1946912.9233213747
2026-05-03,N,11701,1925790.5725670552
2026-05-04,N,18079,2983648.7133536628
2026-05-05,N,16212,2721234.9621266513
2026-05-06,N,14914,2455895.9901104686
2026-05-07,N,14849,2538694.729738653
2026-05-08,N,14471,2380239.60979822
2026-05-09,N,12256,2012626.9327814262
2026-05-10,N,12027,1977666.8890219016
2026-05-11,N,13167,2115345.481619238
2026-05-12,N,12535,2025390.2756204037
2026-05-13,N,12067,1969923.2607170106
2026-05-14,N,11675,1970135.6845015734
2026-05-15,N,10379,1711400.4092786096
2026-05-16,N,8979,1467174.653410754
2026-05-17,N,8806,1488632.8544003787
2026-05-18,N,12827,2182114.9319759095
2026-05-19,N,11765,1989964.5963535134
2026-05-20,N,11406,1849879.863122068
2026-05-21,N,11182,1826755.028765682
2026-05-22,N,10560,1805605.0745783274
2026-05-23,N,9241,1532118.6272494483
2026-05-24,N,9266,1520706.5531350207
2026-05-25,N,13226,2213642.8714506533
2026-05-26,N,13416,2258235.950149332
2026-05-27,N,11745,1915776.471805177
2026-05-28,N,11342,1879643.3304352018
2026-05-29,N,10899,1831660.3080415095
2026-05-30,N,9501,1531286.169026577
2026-05-31,N,9103,1502365.8563065357
2026-06-01,N,14196,2290134.4108014638
2026-06-02,N,12074,1953020.0219643489
2026-06-03,N,12117,1976788.8239918647
2026-06-04,N,11629,1937094.796249801
2026-06-05,N,10376,1701013.6875773272
2026-06-06,N,9743,1586747.1252878283
2026-06-07,N,9435,1558380.1771064044
2026-06-08,N,12933,2084993.89241659
2026-06-09,N,12531,2085346.9993048331
2026-06-10,N,11135,1878848.372261539
2026-06-11,N,11118,1831564.0512585745
2026-06-12,N,11466,1884222.2079213054
2026-06-13,N,9401,1562750.3521099126
2026-06-14,N,8747,1384703.0273784855
2026-06-15,N,13539,2257919.3060980993
2026-06-16,N,12396,2172228.22219663
2026-06-17,N,11741,1932511.8730100438
2026-06-18,N,12019,1978410.1795252191
2026-06-19,N,10688,1789747.316336316
2026-06-20,N,9322,1588744.7107387066
2026-06-21,N,9216,1550291.5020592066
2026-06-22,N,13987,2208358.4377445313
2026-06-23,N,13269,2214054.939283925
2026-06-24,N,11744,2037435.66716487
2026-06-25,N,12187,2035887.7738216303
2026-06-26,N,10913,1759064.4367575357
2026-06-27,N,10315,1711568.3395003974
2026-06-28,N,8865,1425259.1348056428
2026-06-29,N,14258,2410575.139505265
2026-06-30,N,12514,2025335.6814682812
2026-07-01,N,12962,2141905.7417764976
2026-07-02,N,12129,1966951.754974275
2026-07-03,N,10898,1778517.8699271786
2026-07-04,N,9585,1628532.6880038904
2026-07-05,N,9551,1579175.7939602688
2026-07-06,N,14226,2321037.792508967
2026-07-07,N,12866,2074266.1398576857
2026-07-08,N,12212,1939551.1787786973
2026-07-09,N,12284,1976136.586702764
2026-07-10,N,11431,1890338.3600935375
2026-07-11,N,9386,1579051.564705662
2026-07-12,N,9095,1483856.8904821863
2026-07-13,N,13929,2370476.1359875696
2026-07-14,N,13539,2201878.0138853914
2026-07-15,N,12972,2130191.2893716474
2026-07-16,N,12377,1998110.6604768734
2026-07-17,N,11572,1947214.8128149835
2026-07-18,N,10158,1746381.4922976338
2026-07-19,N,9205,1465307.1670861216
2026-07-20,N,13835,2266970.7976754485
2026-07-21,N,12698,2148168.5758428765
2026-07-22,N,11821,1894020.6680710523
2026-07-23,N,12272,2047829.3381909523
2026-07-24,N,11610,1962448.2644065528
2026-07-25,N,10206,1686624.7308217755
2026-07-26,N,9670,1613109.4448567708
2026-07-27,N,14122,2412192.6295397505
2026-07-28,N,13420,2300588.018374923
2026-07-29,N,12426,2047748.9848557508
2026-07-30,N,12388,2022256.1805695076
2026-07-31,N,11317,1832947.3307738306
2026-08-01,N,10163,1709660.3259806633
2026-08-02,N,9776,1568785.4230852171
2026-08-03,N,13767,2260080.283622618
2026-08-04,N,13275,2194873.582141088
2026-08-05,N,12254,2001569.4837901765
2026-08-06,N,12067,2002197.7507553531
2026-08-07,N,11229,1947814.836168661
2026-08-08,N,10547,1736022.7489031295
2026-08-09,N,9974,1631378.9720977296
2026-08-10,N,14457,2433844.5522107915
2026-08-11,N,14260,2364174.3271262003
2026-08-12,N,12526,2126286.0955716395
2026-08-13,N,13687,2265793.462193159
2026-08-14,N,11673,1916475.5144480686
2026-08-15,N,10256,1631870.1879074173
2026-08-16,N,9544,1523746.1318714605
2026-08-17,N,14469,2299734.6096390937
2026-08-18,N,13819,2297433.8901983104
2026-08-19,N,12641,2028938.354272485
2026-08-20,N,13229,2237598.108813367
2026-08-21,N,11942,1971621.9747757823
2026-08-22,N,10329,1695961.7179315763
2026-08-23,N,9432,1530014.5044712198
2026-08-24,N,14586,2436641.6781374887
2026-08-25,N,13450,2183542.36427961
2026-08-26,N,12502,2022176.6538372906
2026-08-27,N,12194,2059829.4384751434
2026-08-28,N,13034,2165863.0362914875
2026-08-29,N,10203,1675584.9496438236
2026-08-30,N,9304,1554854.045216876
2026-08-31,N,14115,2329391.04218356
2026-09-01,N,13575,2257033.031607359
2026-09-02,N,13102,2126512.2739841533
2026-09-03,N,12861,2209935.4084803583
2026-09-04,N,12280,2002711.4804298887
2026-09-05,N,10130,1723466.0697936106
2026-09-06,N,9985,1641301.676980993
2026-09-07,N,14114,2366401.516678169
2026-09-08,N,13390,2241793.133751468
2026-09-09,N,12522,2113520.8963373634
2026-09-10,N,12168,1973965.259413048
2026-09-11,N,12522,2110578.051432886
2026-09-12,N,10681,1827447.0193570307
2026-09-13,N,10269,1685618.4899273457
2026-09-14,N,14673,2422725.499006482
2026-09-15,N,14148,2309981.1137772296
2026-09-16,N,12217,2001838.0414132802
2026-09-17,N,13162,2246064.964702513
2026-09-18,N,12223,1976288.2965774648
2026-09-19,N,10726,1736442.9506055345
2026-09-20,N,10125,1724449.2275379451
2026-09-21,N,14236,2378280.5355901243
2026-09-22,N,13133,2258839.514186229
2026-09-23,N,12775,2088885.6331258568
2026-09-24,N,13110,2168613.300840309
2026-09-25,N,12520,2038503.4713911242
2026-09-26,N,10055,1663829.9477274835
2026-09-27,N,9709,1545143.47404802
2026-09-28,N,14462,2418919.1822345373
2026-09-29,N,13772,2287081.1207569265
2026-09-30,N,12555,2069190.4240020432
