data,unidade_id,pacotes_em_rota,entregues_primeira_tentativa,entregues_total,pedidos_promessa_vencida,entregues_no_prazo,entregues_ate_48h,paradas,horas_em_rota,tentativas_malsucedidas,tentativas_falsas,ocorrencias,contatos_sac,custo_operacao
2025-01-01,LM-SPC,23368,21903,23188,23368,22169,17198,21031,1611.6,1465,9,20,755,272739.06
2025-01-02,LM-SPC,21862,20054,21256,21862,20436,16245,19676,1507.7,1808,5,11,828,259518.11
2025-01-03,LM-SPC,22138,20501,21718,22138,21318,16758,19924,1526.8,1637,5,13,555,257349.16
2025-01-04,LM-SPC,19248,17945,19004,19248,17895,14403,17323,1327.4,1303,8,8,702,220703.87
2025-01-05,LM-SPC,16528,15352,16261,16528,15750,12316,14875,1139.9,1176,4,14,469,184779.68
2025-01-06,LM-SPC,24984,23357,24731,24984,23482,18027,22486,1723.0,1627,2,15,844,282367.21
2025-01-07,LM-SPC,24713,22682,24041,24713,23657,18617,22242,1704.3,2031,4,21,658,291655.36
2025-01-08,LM-SPC,22998,21244,22509,22998,21997,17006,20698,1586.1,1754,6,19,633,256124.84
2025-01-09,LM-SPC,22805,21062,22316,22805,21408,16715,20524,1572.8,1743,10,11,703,253697.52
2025-01-10,LM-SPC,21048,19637,20795,21048,20069,15431,18943,1451.6,1411,3,12,633,244565.4
2025-01-11,LM-SPC,19319,17839,18901,19319,17987,14329,17387,1332.3,1480,4,14,712,223281.49
2025-01-12,LM-SPC,18328,16983,17991,18328,17289,13742,16495,1264.0,1345,10,16,585,218301.34
2025-01-13,LM-SPC,26388,24361,25813,26388,24660,19291,23749,1819.9,2027,7,22,906,309812.43
2025-01-14,LM-SPC,25722,23858,25273,25722,23840,19087,23150,1773.9,1864,11,18,977,288499.9
2025-01-15,LM-SPC,23773,21865,23173,23773,22360,17853,21396,1639.5,1908,7,19,767,284782.21
2025-01-16,LM-SPC,22260,20416,21640,22260,21199,16637,20034,1535.2,1844,7,22,646,257486.34
2025-01-17,LM-SPC,22102,20367,21583,22102,20588,16303,19892,1524.3,1735,11,14,802,258166.69
2025-01-18,LM-SPC,18218,16735,17737,18218,17132,13463,16396,1256.4,1483,10,9,570,206487.35
2025-01-19,LM-SPC,18497,17083,18101,18497,17319,13557,16647,1275.7,1414,3,9,650,214631.14
2025-01-20,LM-SPC,26433,24595,26049,26433,24909,19802,23790,1823.0,1838,8,17,853,296383.41
2025-01-21,LM-SPC,24727,22641,24001,24727,23316,18627,22254,1705.3,2086,8,12,801,265612.75
2025-01-22,LM-SPC,22964,21175,22438,22964,21775,17109,20668,1583.7,1789,4,21,716,276953.75
2025-01-23,LM-SPC,24070,22630,23954,24070,22859,17810,21663,1660.0,1440,2,17,692,265822.07
2025-01-24,LM-SPC,21828,19917,21117,21828,20679,16344,19645,1505.4,1911,8,18,646,246624.57
2025-01-25,LM-SPC,18674,17127,18155,18674,17276,13600,16807,1287.9,1547,3,23,692,210098.16
2025-01-26,LM-SPC,17826,16527,17507,17826,16680,13428,16043,1229.4,1299,9,11,575,214503.26
2025-01-27,LM-SPC,27129,24790,26282,27129,25564,20465,24416,1871.0,2339,7,23,869,316107.34
2025-01-28,LM-SPC,25352,23427,24822,25352,24157,19047,22817,1748.4,1925,7,20,703,295249.55
2025-01-29,LM-SPC,24002,22483,23803,24002,21903,17521,21602,1655.3,1519,7,14,1022,280552.42
2025-01-30,LM-SPC,23566,21695,22991,23566,21898,17383,21209,1625.2,1871,7,12,855,275905.2
2025-01-31,LM-SPC,23728,21800,23105,23728,21995,17124,21355,1636.4,1928,7,8,889,273697.83
2025-02-01,LM-SPC,18797,17173,18207,18797,17835,13877,16917,1296.3,1624,7,17,554,217142.26
2025-02-02,LM-SPC,17828,16381,17361,17828,16463,13295,16045,1229.5,1447,4,20,701,213451.19
2025-02-03,LM-SPC,26024,24028,25460,26024,24045,19024,23422,1794.8,1996,8,17,1050,286743.41
2025-02-04,LM-SPC,25719,24174,25589,25719,24030,19700,23147,1773.7,1545,11,18,943,283978.44
2025-02-05,LM-SPC,24738,22850,24211,24738,23386,18324,22264,1706.1,1888,10,14,715,288291.32
2025-02-06,LM-SPC,23256,21489,22768,23256,21822,17081,20930,1603.9,1767,6,19,825,268437.1
2025-02-07,LM-SPC,21548,19925,21110,21548,20529,16198,19393,1486.1,1623,10,8,660,243648.98
2025-02-08,LM-SPC,18625,17114,18139,18625,17708,14001,16762,1284.5,1511,9,9,532,228603.46
2025-02-09,LM-SPC,18673,16964,17991,18673,17462,14136,16806,1287.8,1709,5,19,676,207368.97
2025-02-10,LM-SPC,27642,25848,27368,27642,26013,20533,24878,1906.3,1794,11,17,919,314679.91
2025-02-11,LM-SPC,25802,23976,25395,25802,23834,18872,23222,1779.4,1826,7,18,963,296612.35
2025-02-12,LM-SPC,23377,21805,23091,23377,22036,17309,21039,1612.2,1572,10,16,814,262780.54
2025-02-13,LM-SPC,23676,21939,23241,23676,22089,17888,21308,1632.8,1737,7,13,840,264811.14
2025-02-14,LM-SPC,22419,20919,22152,22419,21279,17152,20177,1546.1,1500,3,18,619,252715.49
2025-02-15,LM-SPC,19437,17769,18838,19437,18042,14315,17493,1340.5,1668,4,19,745,233789.44
2025-02-16,LM-SPC,18923,17510,18551,18923,18072,14180,17031,1305.0,1413,5,14,524,213607.54
2025-02-17,LM-SPC,27309,25359,26861,27309,26067,20884,24578,1883.4,1950,3,16,758,315001.11
2025-02-18,LM-SPC,26073,24358,25792,26073,24690,19715,23466,1798.1,1715,9,23,796,291050.65
2025-02-19,LM-SPC,24130,22391,23718,24130,22386,17789,21717,1664.1,1739,6,15,891,281055.65
2025-02-20,LM-SPC,23859,22139,23451,23859,22171,17463,21473,1645.4,1720,2,20,894,280875.71
2025-02-21,LM-SPC,22954,21269,22531,22954,21213,16886,20659,1583.0,1685,8,20,884,260433.67
2025-02-22,LM-SPC,18411,16840,17852,18411,16945,13803,16570,1269.7,1571,7,17,748,215645.49
2025-02-23,LM-SPC,18263,16817,17822,18263,16966,13316,16437,1259.5,1446,3,15,638,208155.51
2025-02-24,LM-SPC,26804,24699,26173,26804,25387,20152,24124,1848.6,2105,6,27,879,306860.02
2025-02-25,LM-SPC,25042,23310,24687,25042,24070,18798,22538,1727.0,1732,9,23,662,288872.96
2025-02-26,LM-SPC,23979,22267,23586,23979,22230,17666,21581,1653.7,1712,4,23,928,275788.35
2025-02-27,LM-SPC,24999,23388,24763,24999,23620,18620,22499,1724.1,1611,1,17,769,285886.76
2025-02-28,LM-SPC,21903,20335,21540,21903,20373,16518,19713,1510.6,1568,16,13,787,238532.98
2025-03-01,LM-SPC,20174,18631,19740,20174,18577,15091,18157,1391.3,1543,5,26,798,221864.86
2025-03-02,LM-SPC,17482,16328,17289,17482,16503,13294,15734,1205.7,1154,7,8,575,188346.1
2025-03-03,LM-SPC,27089,24821,26311,27089,26039,20247,24380,1868.2,2268,8,20,681,297401.43
2025-03-04,LM-SPC,25910,23914,25339,25910,24703,19084,23319,1786.9,1996,13,20,712,300073.58
2025-03-05,LM-SPC,24851,22822,24189,24851,23152,18606,22366,1713.9,2029,7,16,906,281504.88
2025-03-06,LM-SPC,24489,22460,23807,24489,22883,18312,22040,1688.9,2029,10,15,846,275220.08
2025-03-07,LM-SPC,23349,21420,22704,23349,22065,17429,21014,1610.3,1929,13,12,745,281910.29
2025-03-08,LM-SPC,19386,17842,18909,19386,18673,14295,17447,1337.0,1544,5,8,456,229735.13
2025-03-09,LM-SPC,18380,17026,18037,18380,17205,13926,16542,1267.6,1354,2,20,603,199628.18
2025-03-10,LM-SPC,38334,35365,37473,38334,35093,27347,34501,2643.7,2969,11,26,1658,426598.57
2025-03-11,LM-SPC,34746,32203,34114,34746,33104,26465,31271,2396.3,2543,12,21,978,384917.23
2025-03-12,LM-SPC,31588,29268,31005,31588,29555,23886,28429,2178.5,2320,10,18,1034,360903.09
2025-03-13,LM-SPC,31156,28310,30023,31156,29627,23692,28040,2148.7,2846,15,18,880,344485.53
2025-03-14,LM-SPC,29853,27646,29288,29853,28234,22460,26868,2058.8,2207,7,21,870,333561.77
2025-03-15,LM-SPC,27110,24934,26425,27110,25078,19630,24399,1869.7,2176,5,16,1042,314061.62
2025-03-16,LM-SPC,25494,23289,24691,25494,24443,18900,22945,1758.2,2205,6,15,650,291389.25
2025-03-17,LM-SPC,28397,26312,27874,28397,25972,20890,25557,1958.4,2085,6,30,1199,311105.63
2025-03-18,LM-SPC,25671,23757,25169,25671,23981,19734,23104,1770.4,1914,6,19,882,293800.04
2025-03-19,LM-SPC,24770,22938,24300,24770,23648,18982,22293,1708.3,1832,6,12,673,283644.55
2025-03-20,LM-SPC,24700,22967,24326,24700,22940,18454,22230,1703.4,1733,5,20,880,283040.63
2025-03-21,LM-SPC,22732,20919,22169,22732,21302,16949,20459,1567.7,1813,4,10,766,249044.86
2025-03-22,LM-SPC,20170,18517,19626,20170,19097,15254,18153,1391.0,1653,7,12,600,237757.48
2025-03-23,LM-SPC,18462,17072,18087,18462,17773,14188,16616,1273.2,1390,7,11,430,207582.64
2025-03-24,LM-SPC,27533,25379,26893,27533,25867,20817,24780,1898.8,2154,13,21,944,303840.57
2025-03-25,LM-SPC,25861,24410,25809,25861,23863,18987,23275,1783.5,1451,4,12,986,293066.89
2025-03-26,LM-SPC,23739,21932,23238,23739,21964,18123,21365,1637.2,1807,8,17,849,276454.92
2025-03-27,LM-SPC,24725,22865,24225,24725,23500,18838,22252,1705.2,1860,7,17,722,287252.49
2025-03-28,LM-SPC,22734,20883,22134,22734,21707,17132,20461,1567.9,1851,11,14,632,270302.24
2025-03-29,LM-SPC,19976,18326,19425,19976,19110,15240,17978,1377.7,1650,8,14,487,224450.17
2025-03-30,LM-SPC,19328,17646,18709,19328,18134,14806,17395,1333.0,1682,4,13,633,211080.22
2025-03-31,LM-SPC,28486,26272,27839,28486,26861,21633,25637,1964.6,2214,7,29,901,322324.31
2025-04-01,LM-SPC,26977,24902,26386,26977,25171,20425,24279,1860.5,2075,9,21,977,282022.2
2025-04-02,LM-SPC,24833,23149,24515,24833,23476,19172,22350,1712.6,1684,8,15,747,275361.87
2025-04-03,LM-SPC,24088,22227,23552,24088,22313,17940,21679,1661.2,1861,4,20,862,272440.86
2025-04-04,LM-SPC,23182,21365,22640,23182,22011,17360,20864,1598.8,1817,8,16,719,261073.55
2025-04-05,LM-SPC,18896,17499,18539,18896,18387,14390,17006,1303.2,1397,3,9,422,218832.93
2025-04-06,LM-SPC,18150,16764,17762,18150,17298,13951,16335,1251.7,1386,9,9,556,207139.76
2025-04-07,LM-SPC,26905,25050,26530,26905,24686,20420,24214,1855.5,1855,13,19,1052,310266.4
2025-04-08,LM-SPC,25589,23910,25318,25589,24866,19653,23030,1764.8,1679,10,14,539,293163.55
2025-04-09,LM-SPC,25413,23483,24881,25413,24003,19052,22872,1752.6,1930,11,22,818,277235.85
2025-04-10,LM-SPC,23812,21848,23157,23812,22393,18452,21431,1642.2,1964,13,13,812,277657.25
2025-04-11,LM-SPC,23072,21302,22571,23072,21342,17094,20765,1591.2,1770,5,15,875,259260.62
2025-04-12,LM-SPC,21116,19549,20710,21116,19707,15852,19004,1456.3,1567,6,15,731,242451.31
2025-04-13,LM-SPC,18989,17372,18416,18989,17868,14257,17090,1309.6,1617,4,24,615,220789.05
2025-04-14,LM-SPC,29105,26842,28443,29105,27231,22324,26194,2007.2,2263,9,13,962,324665.04
2025-04-15,LM-SPC,25796,23572,24991,25796,24681,19642,23216,1779.0,2224,5,19,677,289850.0
2025-04-16,LM-SPC,25026,23204,24581,25026,23332,19326,22523,1725.9,1822,9,17,878,285593.53
2025-04-17,LM-SPC,23911,21915,23230,23911,23264,18570,21520,1649.0,1996,4,16,548,270039.35
2025-04-18,LM-SPC,23237,21425,22703,23237,21762,17386,20913,1602.6,1812,10,13,729,279275.64
2025-04-19,LM-SPC,20912,19306,20456,20912,19456,15739,18821,1442.2,1606,9,6,731,238936.3
2025-04-20,LM-SPC,18171,16632,17631,18171,17461,13813,16354,1253.2,1539,11,16,468,201082.58
2025-04-21,LM-SPC,28971,26787,28380,28971,27226,22393,26074,1998.0,2184,4,23,980,351376.9
2025-04-22,LM-SPC,27045,24793,26281,27045,25837,20896,24340,1865.2,2252,12,14,734,313143.63
2025-04-23,LM-SPC,24826,23205,24571,24826,23985,18666,22343,1712.1,1621,5,18,563,281684.87
2025-04-24,LM-SPC,23617,22050,23349,23617,22113,18041,21255,1628.8,1567,4,15,837,280626.02
2025-04-25,LM-SPC,23712,22113,23418,23712,22417,18046,21341,1635.3,1599,8,12,723,272116.65
2025-04-26,LM-SPC,20053,18557,19660,20053,18958,15022,18048,1383.0,1496,3,13,626,228250.86
2025-04-27,LM-SPC,19610,18173,19252,19610,18610,14804,17649,1352.4,1437,9,5,625,212883.33
2025-04-28,LM-SPC,28724,26516,28096,28724,26917,21760,25852,1981.0,2208,12,20,1009,305557.0
2025-04-29,LM-SPC,28489,26441,28008,28489,27028,21121,25640,1964.8,2048,8,15,870,336527.37
2025-04-30,LM-SPC,25285,23663,25053,25285,23325,19160,22756,1743.8,1622,6,16,970,289636.17
2025-05-01,LM-SPC,31360,28773,30498,31360,28897,23717,28224,2162.8,2587,14,20,1209,357020.46
2025-05-02,LM-SPC,31118,28861,30572,31118,28431,23359,28006,2146.1,2257,11,15,1279,353212.89
2025-05-03,LM-SPC,26920,24561,26042,26920,25222,20486,24228,1856.6,2359,4,20,900,311935.12
2025-05-04,LM-SPC,26642,24550,26016,26642,25848,20487,23978,1837.4,2092,8,19,575,310366.97
2025-05-05,LM-SPC,38624,35686,37810,38624,35965,28891,34762,2663.7,2938,11,29,1333,430732.1
2025-05-06,LM-SPC,35713,33092,35056,35713,33808,27067,32142,2463.0,2621,14,30,1128,409617.97
2025-05-07,LM-SPC,35048,32563,34491,35048,32355,26265,31543,2417.1,2485,14,22,1417,405496.36
2025-05-08,LM-SPC,31352,29268,30993,31352,29281,24048,28217,2162.2,2084,8,22,1120,350972.92
2025-05-09,LM-SPC,30407,27809,29482,30407,28625,22885,27366,2097.0,2598,7,25,1039,325479.39
2025-05-10,LM-SPC,25998,24190,25620,25998,24591,19741,23398,1793.0,1808,8,16,835,289086.12
2025-05-11,LM-SPC,25230,23641,25028,25230,23244,19115,22707,1740.0,1589,6,18,1008,275077.79
2025-05-12,LM-SPC,27635,25473,26993,27635,26517,20845,24872,1905.9,2162,8,20,701,327108.56
2025-05-13,LM-SPC,27896,25689,27223,27896,25730,21021,25106,1923.9,2207,16,17,1124,309785.67
2025-05-14,LM-SPC,25593,23695,25103,25593,24675,19748,23034,1765.0,1898,16,18,674,283230.29
2025-05-15,LM-SPC,24006,22180,23500,24006,22719,18427,21605,1655.6,1826,7,14,727,268777.14
2025-05-16,LM-SPC,23208,21432,22708,23208,22315,17971,20887,1600.6,1776,11,12,600,271696.74
2025-05-17,LM-SPC,21016,19651,20807,21016,19738,15898,18914,1449.4,1365,4,18,676,244978.76
2025-05-18,LM-SPC,20370,19181,20302,20370,19187,15363,18333,1404.8,1189,3,18,625,225038.56
2025-05-19,LM-SPC,31242,28828,30546,31242,28632,23515,28118,2154.6,2414,11,26,1362,352114.55
2025-05-20,LM-SPC,30245,28466,30130,30245,28641,23260,27220,2085.9,1779,7,22,925,340669.0
2025-05-21,LM-SPC,26319,24280,25727,26319,24652,20034,23687,1815.1,2039,10,12,883,313274.67
2025-05-22,LM-SPC,24574,22861,24213,24574,23254,18581,22117,1694.8,1713,4,17,784,262514.18
2025-05-23,LM-SPC,22396,20552,21784,22396,21172,17679,20156,1544.6,1844,7,23,697,245570.21
2025-05-24,LM-SPC,21104,19391,20551,21104,19647,15934,18994,1455.4,1713,8,20,744,259184.95
2025-05-25,LM-SPC,19338,17844,18907,19338,18128,14540,17404,1333.7,1494,6,17,663,228743.58
2025-05-26,LM-SPC,28944,26942,28534,28944,28175,22279,26050,1996.1,2002,6,22,600,314669.23
2025-05-27,LM-SPC,27014,25027,26513,27014,26159,21179,24313,1863.0,1987,8,19,651,337062.61
2025-05-28,LM-SPC,25964,23718,25146,25964,24349,20036,23368,1790.6,2246,9,17,891,303662.28
2025-05-29,LM-SPC,26558,24318,25779,26558,24782,20783,23902,1831.6,2240,9,19,932,305489.9
2025-05-30,LM-SPC,24476,22344,23690,24476,23196,18586,22028,1688.0,2132,9,17,733,293415.05
2025-05-31,LM-SPC,20912,19390,20540,20912,19944,16072,18821,1442.2,1522,6,14,591,232151.03
2025-06-01,LM-SPC,19293,17866,18927,19293,17938,14940,17364,1330.6,1427,5,14,747,216866.48
2025-06-02,LM-SPC,27808,25747,27277,27808,26260,21093,25027,1917.8,2061,4,26,885,317951.25
2025-06-03,LM-SPC,27292,25267,26769,27292,25721,21294,24563,1882.2,2025,4,16,860,316062.06
2025-06-04,LM-SPC,26194,24090,25531,26194,24429,20067,23575,1806.5,2104,8,14,954,302739.22
2025-06-05,LM-SPC,27344,25325,26829,27344,25826,20828,24610,1885.8,2019,11,15,878,313805.4
2025-06-06,LM-SPC,24594,22996,24349,24594,22983,18435,22135,1696.1,1598,8,19,795,276003.43
2025-06-07,LM-SPC,21877,20323,21526,21877,20509,16913,19689,1508.8,1554,6,20,757,251830.42
2025-06-08,LM-SPC,19783,18137,19225,19783,18519,15478,17805,1364.3,1646,7,16,695,228494.05
2025-06-09,LM-SPC,28478,26275,27842,28478,27417,22203,25630,1964.0,2203,15,19,695,325273.25
2025-06-10,LM-SPC,26981,24839,26323,26981,25212,20816,24283,1860.8,2142,14,19,930,306120.73
2025-06-11,LM-SPC,25724,23953,25368,25724,23936,19785,23152,1774.1,1771,15,11,907,288142.37
2025-06-12,LM-SPC,27828,25535,27065,27828,26025,21634,25045,1919.2,2293,3,19,972,304723.01
2025-06-13,LM-SPC,23916,22153,23468,23916,22321,18655,21524,1649.4,1763,8,19,805,284426.6
2025-06-14,LM-SPC,21896,20201,21405,21896,20973,16354,19706,1510.1,1695,8,18,544,255806.87
2025-06-15,LM-SPC,19611,18033,19112,19611,18236,14981,17650,1352.5,1578,3,15,694,231176.68
2025-06-16,LM-SPC,30856,28586,30284,30856,28642,23469,27770,2128.0,2270,8,26,1048,339666.61
2025-06-17,LM-SPC,28464,26285,27850,28464,27019,22074,25618,1963.0,2179,6,18,832,320213.96
2025-06-18,LM-SPC,26402,24559,26011,26402,24729,20221,23762,1820.8,1843,6,13,934,299924.31
2025-06-19,LM-SPC,26011,23971,25402,26011,24472,20180,23410,1793.9,2040,8,18,872,300527.46
2025-06-20,LM-SPC,24198,22183,23514,24198,23189,18885,21778,1668.8,2015,5,28,663,270862.18
2025-06-21,LM-SPC,21728,20067,21262,21728,20790,16463,19555,1498.5,1661,6,20,561,261052.93
2025-06-22,LM-SPC,20044,18576,19678,20044,18424,14900,18040,1382.3,1468,4,18,801,234593.23
2025-06-23,LM-SPC,28765,26731,28313,28765,26287,22184,25888,1983.8,2034,12,21,1274,329385.17
2025-06-24,LM-SPC,26984,24925,26409,26984,25255,20576,24286,1861.0,2059,5,26,937,310950.92
2025-06-25,LM-SPC,26862,25006,26483,26862,25660,21337,24176,1852.6,1856,7,19,701,303664.69
2025-06-26,LM-SPC,27646,25313,26834,27646,26435,21734,24881,1906.6,2333,8,18,755,310458.22
2025-06-27,LM-SPC,25048,23341,24719,25048,24141,19096,22543,1727.4,1707,6,19,588,264308.05
2025-06-28,LM-SPC,21429,19907,21086,21429,20193,16408,19286,1477.9,1522,5,15,731,250505.71
2025-06-29,LM-SPC,20690,19074,20212,20690,19691,16122,18621,1426.9,1616,12,16,637,236893.16
2025-06-30,LM-SPC,31609,29470,31209,31609,28968,24067,28448,2179.9,2139,10,21,1302,372225.06
2025-07-01,LM-SPC,28629,26544,28119,28629,27076,22148,25766,1974.4,2085,4,29,873,332081.12
2025-07-02,LM-SPC,26468,24720,26175,26468,24844,20174,23821,1825.4,1748,10,26,855,300508.43
2025-07-03,LM-SPC,27370,25168,26674,27370,26160,21414,24633,1887.6,2202,9,23,707,314026.95
2025-07-04,LM-SPC,25428,23399,24798,25428,23314,19503,22885,1753.7,2029,5,11,1062,284446.32
2025-07-05,LM-SPC,22805,21182,22437,22805,21445,17834,20524,1572.8,1623,6,13,689,250467.09
2025-07-06,LM-SPC,20736,19191,20331,20736,19356,16008,18662,1430.1,1545,3,20,727,229570.2
2025-07-07,LM-SPC,29099,26623,28224,29099,27060,22268,26189,2006.8,2476,10,24,1080,324092.03
2025-07-08,LM-SPC,27206,25522,27018,27206,25516,21102,24485,1876.3,1684,6,16,923,306733.11
2025-07-09,LM-SPC,28570,26778,28349,28570,27347,22406,25713,1970.3,1792,3,21,778,331741.91
2025-07-10,LM-SPC,28100,26030,27576,28100,25819,21599,25290,1937.9,2070,9,12,1154,327066.93
2025-07-11,LM-SPC,25040,23042,24419,25040,23293,19649,22536,1726.9,1998,6,21,900,273383.87
2025-07-12,LM-SPC,21476,19765,20947,21476,20211,16434,19328,1481.1,1711,9,15,701,251983.9
2025-07-13,LM-SPC,21783,20208,21406,21783,20800,17203,19605,1502.3,1575,10,15,594,249329.3
2025-07-14,LM-SPC,29393,27484,29101,29393,27331,22360,26454,2027.1,1909,6,16,982,340836.96
2025-07-15,LM-SPC,27840,26268,27784,27840,25999,21741,25056,1920.0,1572,5,12,976,319749.41
2025-07-16,LM-SPC,27777,25635,27163,27777,25884,20928,24999,1915.7,2142,4,27,1004,301388.52
2025-07-17,LM-SPC,26286,24249,25695,26286,24946,20415,23657,1812.8,2037,8,21,725,302134.95
2025-07-18,LM-SPC,25338,23408,24802,25338,23609,19862,22804,1747.4,1930,10,15,888,302103.17
2025-07-19,LM-SPC,21768,20198,21395,21768,20103,16713,19591,1501.2,1570,3,8,850,239251.75
2025-07-20,LM-SPC,21088,19380,20540,21088,19909,16399,18979,1454.3,1708,4,16,654,234667.71
2025-07-21,LM-SPC,32269,29541,31316,32269,29923,25046,29042,2225.4,2728,13,28,1170,347885.05
2025-07-22,LM-SPC,28998,26776,28371,28998,27622,21992,26098,1999.9,2222,10,20,813,326724.01
2025-07-23,LM-SPC,27939,25904,27441,27939,25249,21491,25145,1926.8,2035,6,21,1328,304457.0
2025-07-24,LM-SPC,24885,23317,24686,24885,23470,19148,22396,1716.2,1568,4,25,784,275067.93
2025-07-25,LM-SPC,25446,23345,24745,25446,23975,20059,22901,1754.9,2101,4,17,846,293614.64
2025-07-26,LM-SPC,21369,19935,21111,21369,20230,16656,19232,1473.7,1434,1,18,669,248889.78
2025-07-27,LM-SPC,20068,18549,19652,20068,18944,15703,18061,1384.0,1519,5,12,620,215770.19
2025-07-28,LM-SPC,29981,27681,29330,29981,28288,23022,26983,2067.7,2300,6,11,930,337715.41
2025-07-29,LM-SPC,28732,26265,27845,28732,27360,22719,25859,1981.5,2467,8,25,832,327317.09
2025-07-30,LM-SPC,28361,26312,27872,28361,26590,22062,25525,1955.9,2049,12,27,985,321982.37
2025-07-31,LM-SPC,25712,23833,25247,25712,24006,19594,23141,1773.2,1879,3,12,862,300196.9
2025-08-01,LM-SPC,25664,24147,25558,25664,24363,19946,23098,1769.9,1517,8,19,742,297642.66
2025-08-02,LM-SPC,21771,20099,21296,21771,20888,17252,19594,1501.4,1672,6,17,575,255285.98
2025-08-03,LM-SPC,20842,19506,20652,20842,20498,16568,18758,1437.4,1336,5,19,370,238336.3
2025-08-04,LM-SPC,32202,29718,31489,32202,29738,25172,28982,2220.8,2484,16,25,1262,365111.12
2025-08-05,LM-SPC,29791,27485,29124,29791,28070,23152,26812,2054.6,2306,10,25,971,335179.94
2025-08-06,LM-SPC,28932,26422,28013,28932,27231,22936,26039,1995.3,2510,5,23,966,338070.76
2025-08-07,LM-SPC,26973,25167,26651,26973,25119,21356,24276,1860.2,1806,9,17,966,298887.57
2025-08-08,LM-SPC,25156,23294,24677,25156,23200,19054,22640,1734.9,1862,8,13,1040,279765.6
2025-08-09,LM-SPC,22099,20441,21656,22099,20638,17343,19889,1524.1,1658,9,20,771,255984.0
2025-08-10,LM-SPC,21385,19738,20914,21385,19681,16892,19246,1474.8,1647,4,22,893,249774.51
2025-08-11,LM-SPC,31483,29174,30905,31483,29279,24646,28335,2171.2,2309,7,13,1120,359031.45
2025-08-12,LM-SPC,28293,26030,27586,28293,26932,22206,25464,1951.2,2263,13,22,804,329832.48
2025-08-13,LM-SPC,27886,25882,27416,27886,26780,21610,25097,1923.2,2004,7,14,761,315214.61
2025-08-14,LM-SPC,27493,25247,26759,27493,25095,21170,24744,1896.1,2246,9,22,1219,313368.52
2025-08-15,LM-SPC,28218,26075,27627,28218,26410,21888,25396,1946.1,2143,9,16,960,325727.55
2025-08-16,LM-SPC,23874,22167,23480,23874,21759,18667,21487,1646.5,1707,7,25,1042,265604.18
2025-08-17,LM-SPC,20690,19342,20480,20690,19661,16464,18621,1426.9,1348,7,17,615,240066.82
2025-08-18,LM-SPC,31153,28862,30576,31153,28086,23947,28038,2148.5,2291,7,24,1415,352705.65
2025-08-19,LM-SPC,28064,26214,27757,28064,27417,22037,25258,1935.4,1850,11,16,579,317181.8
2025-08-20,LM-SPC,27380,25324,26830,27380,25629,20823,24642,1888.3,2056,4,16,948,313314.04
2025-08-21,LM-SPC,27736,25474,27000,27736,26147,21912,24962,1912.8,2262,9,20,893,325453.53
2025-08-22,LM-SPC,27183,25540,27035,27183,25793,21512,24465,1874.7,1643,15,15,859,287662.41
2025-08-23,LM-SPC,21957,20292,21500,21957,20575,16728,19761,1514.3,1665,8,13,755,241149.94
2025-08-24,LM-SPC,20959,19526,20679,20959,19385,16437,18863,1445.4,1433,5,20,851,245773.69
2025-08-25,LM-SPC,29273,26950,28560,29273,26852,22994,26346,2018.8,2323,15,20,1172,339684.98
2025-08-26,LM-SPC,29580,27469,29096,29580,28208,22515,26622,2040.0,2111,5,19,850,332534.51
2025-08-27,LM-SPC,27075,25110,26599,27075,25240,20899,24368,1867.2,1965,7,24,990,309264.38
2025-08-28,LM-SPC,27080,25049,26538,27080,25774,22026,24372,1867.6,2031,12,21,762,314585.92
2025-08-29,LM-SPC,25428,23882,25281,25428,23904,19978,22885,1753.7,1546,7,17,847,301638.83
2025-08-30,LM-SPC,22587,20961,22203,22587,21385,18302,20328,1557.7,1626,6,19,674,254162.12
2025-08-31,LM-SPC,20247,18676,19789,20247,18819,15882,18222,1396.3,1571,12,11,753,240499.99
2025-09-01,LM-SPC,30200,28268,29929,30200,28937,24240,27180,2082.8,1932,10,16,811,348667.61
2025-09-02,LM-SPC,32151,29332,31100,32151,29716,25009,28936,2217.3,2819,18,20,1261,358935.08
2025-09-03,LM-SPC,27008,24707,26192,27008,25485,21085,24307,1862.6,2301,10,17,860,304098.55
2025-09-04,LM-SPC,26685,24848,26316,26685,25683,20753,24016,1840.3,1837,2,24,710,314655.4
2025-09-05,LM-SPC,28082,26020,27565,28082,26337,22223,25274,1936.7,2062,14,28,952,333830.27
2025-09-06,LM-SPC,25110,23131,24512,25110,23550,19528,22599,1731.7,1979,10,11,910,286673.74
2025-09-07,LM-SPC,20809,19305,20450,20809,19290,16091,18728,1435.1,1504,6,19,795,244997.15
2025-09-08,LM-SPC,31606,29471,31210,31606,29829,24429,28445,2179.7,2135,6,27,934,363225.92
2025-09-09,LM-SPC,30454,27945,29620,30454,27790,23723,27409,2100.3,2509,14,17,1283,348095.99
2025-09-10,LM-SPC,30166,27885,29544,30166,28249,23958,27149,2080.4,2281,10,21,989,346330.14
2025-09-11,LM-SPC,26946,24932,26414,26946,25330,21168,24251,1858.3,2014,2,19,930,294618.9
2025-09-12,LM-SPC,26310,24393,25840,26310,24759,20660,23679,1814.5,1917,7,15,852,297513.56
2025-09-13,LM-SPC,23548,21888,23183,23548,22135,18925,21193,1624.0,1660,13,15,805,263928.38
2025-09-14,LM-SPC,22156,20189,21408,22156,20515,17014,19940,1528.0,1967,8,12,881,262185.54
2025-09-15,LM-SPC,31779,29515,31263,31779,29271,25448,28601,2191.7,2264,11,23,1334,364728.54
2025-09-16,LM-SPC,30125,27463,29120,30125,29044,23597,27112,2077.6,2662,12,19,753,343556.23
2025-09-17,LM-SPC,27232,25183,26680,27232,25805,21527,24509,1878.1,2049,8,18,835,321204.84
2025-09-18,LM-SPC,27838,25545,27076,27838,26309,22125,25054,1919.9,2293,11,19,857,304373.93
2025-09-19,LM-SPC,26442,24495,25950,26442,25097,21217,23798,1823.6,1947,5,19,725,292942.95
2025-09-20,LM-SPC,23244,21609,22887,23244,21759,17958,20920,1603.0,1635,5,13,772,274713.26
2025-09-21,LM-SPC,21524,19918,21102,21524,20433,17106,19372,1484.4,1606,10,7,609,250323.59
2025-09-22,LM-SPC,32924,30184,31995,32924,29566,25368,29632,2270.6,2740,9,24,1562,359308.37
2025-09-23,LM-SPC,31521,28867,30600,31521,29072,25049,28369,2173.9,2654,10,20,1227,363694.79
2025-09-24,LM-SPC,28931,26754,28345,28931,27493,22790,26038,1995.2,2177,5,14,868,317665.56
2025-09-25,LM-SPC,28582,26357,27929,28582,26671,21987,25724,1971.2,2225,13,18,1043,322464.5
2025-09-26,LM-SPC,26894,24940,26419,26894,25991,21604,24205,1854.8,1954,6,29,647,310789.73
2025-09-27,LM-SPC,23190,21381,22656,23190,21008,18086,20871,1599.3,1809,8,17,1035,264770.39
2025-09-28,LM-SPC,21519,20116,21300,21519,20501,17503,19367,1484.1,1403,5,17,610,243918.46
2025-09-29,LM-SPC,32936,30354,32165,32936,29944,26062,29642,2271.4,2582,9,28,1399,367197.84
2025-09-30,LM-SPC,30514,28422,30100,30514,28339,23784,27463,2104.4,2092,6,23,1097,359177.17
2025-10-01,LM-SPC,31061,28623,30331,31061,28448,24662,27955,2142.1,2438,19,21,1242,360371.09
2025-10-02,LM-SPC,29961,27868,29516,29961,28218,23785,26965,2066.3,2093,7,26,952,332843.91
2025-10-03,LM-SPC,27363,25430,26935,27363,26665,22187,24627,1887.1,1933,7,17,582,312766.58
2025-10-04,LM-SPC,22701,20890,22139,22701,21696,17939,20431,1565.6,1811,5,13,683,257256.37
2025-10-05,LM-SPC,21340,19516,20690,21340,19708,16725,19206,1471.7,1824,8,12,834,240749.65
2025-10-06,LM-SPC,34130,31463,33340,34130,29750,26533,30717,2353.8,2667,6,22,1959,391786.84
2025-10-07,LM-SPC,31078,28656,30365,31078,28608,24685,27970,2143.3,2422,11,25,1254,372996.54
2025-10-08,LM-SPC,29597,27243,28871,29597,27231,22670,26637,2041.2,2354,9,15,1176,329706.41
2025-10-09,LM-SPC,26816,24748,26223,26816,25216,21442,24134,1849.4,2068,9,19,861,311516.09
2025-10-10,LM-SPC,28036,25748,27289,28036,26622,22109,25232,1933.5,2288,2,21,855,329218.11
2025-10-11,LM-SPC,23831,22149,23459,23831,22586,19041,21448,1643.5,1682,8,23,711,275366.8
2025-10-12,LM-SPC,21464,19853,21033,21464,19621,16513,19318,1480.3,1611,3,14,960,251673.14
2025-10-13,LM-SPC,32410,29989,31771,32410,29446,25705,29169,2235.2,2421,14,22,1401,369065.49
2025-10-14,LM-SPC,31258,29163,30882,31258,28981,24922,28132,2155.7,2095,11,24,1185,360601.37
2025-10-15,LM-SPC,29330,27151,28764,29330,26662,22777,26397,2022.8,2179,5,16,1311,335848.84
2025-10-16,LM-SPC,28432,26613,28177,28432,26518,22654,25589,1960.8,1819,7,19,1033,310330.48
2025-10-17,LM-SPC,27213,25168,26665,27213,25707,21675,24492,1876.8,2045,13,11,857,300889.89
2025-10-18,LM-SPC,23385,21385,22671,23385,21727,18662,21046,1612.8,2000,6,6,849,276725.32
2025-10-19,LM-SPC,22581,20747,21989,22581,20980,17576,20323,1557.3,1834,4,15,796,254916.13
2025-10-20,LM-SPC,34850,31466,33383,34850,30993,26740,31365,2403.4,3384,13,29,1789,398047.69
2025-10-21,LM-SPC,28353,26249,27808,28353,26648,22364,25518,1955.4,2104,5,18,951,330882.05
2025-10-22,LM-SPC,29201,27322,28928,29201,27367,23212,26281,2013.9,1879,10,21,1026,330321.53
2025-10-23,LM-SPC,29070,26928,28527,29070,27481,23680,26163,2004.8,2142,13,20,884,338618.76
2025-10-24,LM-SPC,27754,25628,27155,27754,26295,22228,24979,1914.1,2126,8,18,861,315971.57
2025-10-25,LM-SPC,23421,21615,22903,23421,22549,19061,21079,1615.2,1806,16,17,595,259298.18
2025-10-26,LM-SPC,21202,19693,20859,21202,19951,16722,19082,1462.2,1509,4,21,648,248889.82
2025-10-27,LM-SPC,33717,30978,32832,33717,30377,26261,30345,2325.3,2739,16,24,1537,376417.54
2025-10-28,LM-SPC,33225,30728,32556,33225,30166,25926,29902,2291.4,2497,8,28,1543,393557.93
2025-10-29,LM-SPC,28025,25785,27326,28025,26766,22440,25222,1932.8,2240,13,18,791,326104.7
2025-10-30,LM-SPC,29937,28163,29810,29937,27836,23988,26943,2064.6,1774,11,18,1138,333752.7
2025-10-31,LM-SPC,27310,25196,26698,27310,25743,21730,24579,1883.4,2114,7,13,886,317602.41
2025-11-01,LM-SPC,23816,21924,23234,23816,21813,18754,21434,1642.5,1892,3,17,1015,268588.61
2025-11-02,LM-SPC,21884,20426,21629,21884,20505,17581,19696,1509.2,1458,4,18,780,243040.16
2025-11-03,LM-SPC,33134,30689,32512,33134,30637,26132,29821,2285.1,2445,9,25,1234,380319.48
2025-11-04,LM-SPC,32946,30202,32014,32946,30656,25965,29651,2272.1,2744,19,28,1131,386311.27
2025-11-05,LM-SPC,30394,28259,29930,30394,28495,24163,27355,2096.1,2135,10,18,1068,348956.14
2025-11-06,LM-SPC,30998,28581,30286,30998,28629,25178,27898,2137.8,2417,11,24,1227,346444.01
2025-11-07,LM-SPC,28932,26847,28438,28932,27152,23373,26039,1995.3,2085,9,20,1020,316389.64
2025-11-08,LM-SPC,24374,22586,23927,24374,23018,19991,21937,1681.0,1788,6,15,805,276479.6
2025-11-09,LM-SPC,24247,22861,24194,24247,23269,19237,21822,1672.2,1386,7,17,580,265331.26
2025-11-10,LM-SPC,34238,31566,33449,34238,31053,27159,30814,2361.2,2672,9,27,1554,390152.73
2025-11-11,LM-SPC,32612,30362,32155,32612,30753,26013,29351,2249.1,2250,11,29,1016,370728.16
2025-11-12,LM-SPC,29646,27581,29212,29646,27568,23543,26681,2044.6,2065,9,22,1090,344669.98
2025-11-13,LM-SPC,29462,26994,28614,29462,27673,23132,26516,2031.9,2468,12,22,983,344199.9
2025-11-14,LM-SPC,27266,25256,26756,27266,25552,22168,24539,1880.4,2010,5,26,931,320145.06
2025-11-15,LM-SPC,24979,23029,24403,24979,23357,19567,22481,1722.7,1950,8,20,876,285343.33
2025-11-16,LM-SPC,22036,20375,21587,22036,20544,17800,19832,1519.7,1661,4,12,803,248497.67
2025-11-17,LM-SPC,34844,31660,33577,34844,30876,27177,31360,2403.0,3184,11,28,1782,406075.18
2025-11-18,LM-SPC,31664,28909,30651,31664,29587,25041,28498,2183.7,2755,14,17,1053,368072.53
2025-11-19,LM-SPC,31366,28951,30676,31366,28333,24478,28229,2163.2,2415,9,17,1417,362381.31
2025-11-20,LM-SPC,30341,28092,29761,30341,28136,24228,27307,2092.5,2249,4,29,1165,365950.38
2025-11-21,LM-SPC,29900,27851,29496,29900,28332,23957,26910,2062.1,2049,12,15,896,346951.17
2025-11-22,LM-SPC,24904,22900,24269,24904,23138,19900,22414,1717.5,2004,5,21,873,295085.45
2025-11-23,LM-SPC,21845,20086,21287,21845,20922,17231,19660,1506.6,1759,7,17,588,241841.12
2025-11-24,LM-SPC,88480,76510,81376,88480,69211,64629,79632,6102.1,11970,39,67,7756,1008761.85
2025-11-25,LM-SPC,79939,71581,75977,79939,70207,61127,71945,5513.0,8358,31,61,4359,903810.22
2025-11-26,LM-SPC,77362,69464,73719,77362,70182,61938,69626,5335.3,7898,33,48,3404,894828.25
2025-11-27,LM-SPC,81399,73450,77927,81399,70818,64716,73259,5613.7,7949,27,64,4696,935080.92
2025-11-28,LM-SPC,75145,69000,73133,75145,67585,59199,67630,5182.4,6145,18,35,3635,867193.7
2025-11-29,LM-SPC,61946,58477,61822,61946,57525,50034,55751,4272.1,3469,12,48,2331,735212.36
2025-11-30,LM-SPC,58306,53716,56923,58306,55411,47292,52475,4021.1,4590,19,36,1745,664817.51
2025-12-01,LM-SPC,89302,78062,82974,89302,74132,69645,80372,6158.8,11240,39,57,6339,1059304.4
2025-12-02,LM-SPC,30873,28295,29993,30873,28272,24966,27786,2129.2,2578,10,21,1260,354594.02
2025-12-03,LM-SPC,29764,27838,29475,29764,28037,23606,26788,2052.7,1926,11,24,1007,348971.97
2025-12-04,LM-SPC,30233,27920,29583,30233,28536,24435,27210,2085.0,2313,6,20,941,351884.87
2025-12-05,LM-SPC,29584,27348,28975,29584,26860,23762,26626,2040.3,2236,5,9,1317,337215.34
2025-12-06,LM-SPC,25088,23430,24810,25088,23804,20496,22579,1730.2,1658,4,19,723,293306.09
2025-12-07,LM-SPC,21509,20079,21262,21509,20702,17653,19358,1483.4,1430,5,14,556,248942.32
2025-12-08,LM-SPC,54054,47426,50399,54054,45382,41748,48649,3727.9,6628,20,41,3766,647398.26
2025-12-09,LM-SPC,50396,45431,48203,50396,44577,40038,45356,3475.6,4965,21,38,2647,582437.97
2025-12-10,LM-SPC,48205,44492,47143,48205,43855,37698,43384,3324.5,3713,18,28,2100,561658.53
2025-12-11,LM-SPC,49260,44592,47302,49260,44158,38340,44334,3397.2,4668,19,42,2313,563664.8
2025-12-12,LM-SPC,41127,38131,40393,41127,38708,33811,37014,2836.3,2996,11,28,1285,454570.64
2025-12-13,LM-SPC,37501,34830,36892,37501,35453,30732,33751,2586.3,2671,10,19,1158,421328.99
2025-12-14,LM-SPC,37209,34785,36832,37209,34492,30458,33488,2566.1,2424,7,33,1361,430392.93
2025-12-15,LM-SPC,50815,45980,48775,50815,45330,40136,45734,3504.5,4835,24,33,2511,594942.11
2025-12-16,LM-SPC,53171,47157,50081,53171,45180,40824,47854,3667.0,6014,22,38,3287,605237.04
2025-12-17,LM-SPC,48406,43482,46144,48406,42835,38122,43565,3338.3,4924,24,27,2534,582649.6
2025-12-18,LM-SPC,48281,44300,46956,48281,44007,39484,43453,3329.7,3981,24,20,2058,536503.98
2025-12-19,LM-SPC,43692,40468,42871,43692,42232,35324,39323,3013.2,3224,10,32,1045,500809.5
2025-12-20,LM-SPC,39611,37133,39311,39611,36958,31856,35650,2731.8,2478,13,27,1366,443776.96
2025-12-21,LM-SPC,24540,22798,24148,24540,23453,20266,22086,1692.4,1742,10,10,689,281154.38
2025-12-22,LM-SPC,35189,31729,33664,35189,30393,27594,31670,2426.8,3460,15,26,2060,390864.61
2025-12-23,LM-SPC,33077,30152,31971,33077,30450,26413,29769,2281.2,2925,15,13,1353,360935.76
2025-12-24,LM-SPC,31304,28918,30640,31304,28396,25222,28174,2158.9,2386,9,18,1298,350934.91
2025-12-25,LM-SPC,29508,27370,28993,29508,27369,23617,26557,2035.0,2138,9,18,1080,343201.04
2025-12-26,LM-SPC,28780,26643,28225,28780,27117,23455,25902,1984.8,2137,8,25,912,330182.42
2025-12-27,LM-SPC,24858,22774,24141,24858,23810,19674,22372,1714.3,2084,18,14,721,273321.18
2025-12-28,LM-SPC,24111,21832,23158,24111,22523,19058,21700,1662.8,2279,9,16,890,285818.44
2025-12-29,LM-SPC,36335,32374,34372,36335,31021,28309,32702,2505.9,3961,13,27,2363,424268.23
2025-12-30,LM-SPC,31774,28848,30596,31774,30073,26238,28597,2191.3,2926,13,17,973,373870.31
2025-12-31,LM-SPC,31053,28511,30219,31053,28633,24932,27948,2141.6,2542,12,15,1254,351958.67
2026-01-01,LM-SPC,32190,29830,31601,32190,29490,25823,28971,2220.0,2360,13,12,1366,347328.97
2026-01-02,LM-SPC,28340,26501,28060,28340,26487,23000,25506,1954.5,1839,2,28,951,336215.17
2026-01-03,LM-SPC,24412,22163,23506,24412,22646,19599,21971,1683.6,2249,11,10,909,279459.15
2026-01-04,LM-SPC,24099,22119,23444,24099,22730,19189,21689,1662.0,1980,8,18,787,284165.01
2026-01-05,LM-SPC,36353,32870,34869,36353,31145,28744,32718,2507.1,3483,16,13,2290,414209.77
2026-01-06,LM-SPC,33200,30567,32393,33200,30017,26640,29880,2289.7,2633,11,28,1526,380740.24
2026-01-07,LM-SPC,32828,30403,32209,32828,29512,26317,29545,2264.0,2425,8,25,1515,356168.34
2026-01-08,LM-SPC,31703,29409,31153,31703,29116,25165,28533,2186.4,2294,4,32,1287,352377.47
2026-01-09,LM-SPC,30127,27781,29438,30127,28262,24913,27114,2077.7,2346,8,28,1014,359611.33
2026-01-10,LM-SPC,25771,24055,25473,25771,24751,21003,23194,1777.3,1716,8,26,669,300587.25
2026-01-11,LM-SPC,26028,24518,25950,26028,24046,21385,23425,1795.0,1510,1,12,953,305078.12
2026-01-12,LM-SPC,35258,32005,33944,35258,31960,27523,31732,2431.6,3253,18,26,1532,411652.61
2026-01-13,LM-SPC,31038,28912,30619,31038,29273,25137,27934,2140.6,2126,8,25,1020,355774.5
2026-01-14,LM-SPC,33322,31315,33147,33322,31025,27509,29990,2298.1,2007,4,18,1205,388398.07
2026-01-15,LM-SPC,30461,28485,30160,30461,28944,24840,27415,2100.8,1976,11,18,879,355433.17
2026-01-16,LM-SPC,29545,27187,28812,29545,27735,23303,26590,2037.6,2358,7,19,993,341029.16
2026-01-17,LM-SPC,26592,24537,25999,26592,24779,21316,23933,1833.9,2055,4,23,934,304690.54
2026-01-18,LM-SPC,22848,20857,22114,22848,21340,18619,20563,1575.7,1991,4,20,874,269814.43
2026-01-19,LM-SPC,34153,31455,33334,34153,31264,28021,30738,2355.4,2698,11,28,1416,378381.48
2026-01-20,LM-SPC,31690,29194,30936,31690,29572,25649,28521,2185.5,2496,8,19,1137,359053.8
2026-01-21,LM-SPC,30851,28636,30333,30851,29638,25686,27766,2127.7,2215,12,25,835,336834.1
2026-01-22,LM-SPC,31615,28992,30731,31615,29729,25892,28454,2180.3,2623,11,16,1038,351849.86
2026-01-23,LM-SPC,30146,27900,29558,30146,28861,24623,27131,2079.0,2246,7,29,825,346125.76
2026-01-24,LM-SPC,25821,23922,25342,25821,24213,21236,23239,1780.8,1899,8,18,887,301316.95
2026-01-25,LM-SPC,23142,21331,22604,23142,21523,19018,20828,1596.0,1811,12,18,826,279008.07
2026-01-26,LM-SPC,33019,30736,32552,33019,30691,26724,29717,2277.2,2283,12,33,1244,374497.76
2026-01-27,LM-SPC,33829,31185,33045,33829,31210,27162,30446,2333.0,2644,7,22,1330,381982.57
2026-01-28,LM-SPC,31389,29106,30833,31389,29880,25235,28250,2164.8,2283,13,19,950,357042.44
2026-01-29,LM-SPC,31819,29143,30893,31819,29638,26017,28637,2194.4,2676,9,20,1131,367373.52
2026-01-30,LM-SPC,30506,28052,29730,30506,28256,24593,27455,2103.9,2454,9,15,1095,367937.96
2026-01-31,LM-SPC,25846,24081,25503,25846,24330,21256,23261,1782.5,1765,7,20,832,294086.34
2026-02-01,LM-SPC,25138,22959,24341,25138,23521,20573,22624,1733.7,2179,11,30,890,279034.2
2026-02-02,LM-SPC,36422,33882,35885,36422,33086,29505,32780,2511.9,2540,9,31,1634,419414.99
2026-02-03,LM-SPC,34590,31916,33819,34590,31897,28008,31131,2385.5,2674,12,34,1349,396198.42
2026-02-04,LM-SPC,31308,28515,30237,31308,29691,25284,28177,2159.2,2793,8,18,899,359345.26
2026-02-05,LM-SPC,31298,28853,30575,31298,29718,25842,28168,2158.5,2445,8,15,912,354854.79
2026-02-06,LM-SPC,30152,28046,29704,30152,28746,25051,27137,2079.4,2106,13,18,837,364583.07
2026-02-07,LM-SPC,26612,25046,26509,26612,25399,22520,23951,1835.3,1566,6,20,706,296783.99
2026-02-08,LM-SPC,24288,22784,24119,24288,23174,19847,21859,1675.0,1504,7,19,687,262757.16
2026-02-09,LM-SPC,37003,33987,36022,37003,34063,29660,33303,2551.9,3016,7,30,1428,416001.02
2026-02-10,LM-SPC,33838,31489,33351,33838,31854,27325,30454,2333.7,2349,4,16,1078,379472.25
2026-02-11,LM-SPC,32152,29640,31408,32152,30748,26491,28937,2217.4,2512,5,24,853,353533.22
2026-02-12,LM-SPC,32598,30014,31807,32598,29801,26682,29338,2248.1,2584,12,20,1367,370680.27
2026-02-13,LM-SPC,28018,26114,27655,28018,25783,23020,25216,1932.3,1904,4,17,1130,334093.2
2026-02-14,LM-SPC,24838,23015,24381,24838,23455,20782,22354,1713.0,1823,8,21,744,272449.23
2026-02-15,LM-SPC,23485,21762,23053,23485,22286,19413,21136,1619.7,1723,5,22,704,256680.92
2026-02-16,LM-SPC,33565,30654,32500,33565,32308,27374,30208,2314.8,2911,8,25,813,393845.49
2026-02-17,LM-SPC,33538,30796,32640,33538,31350,27528,30184,2313.0,2742,13,14,1148,381687.08
2026-02-18,LM-SPC,33323,30614,32446,33323,31555,26715,29991,2298.1,2709,11,21,963,377086.78
2026-02-19,LM-SPC,31543,29290,31025,31543,29014,25560,28389,2175.4,2253,13,30,1253,371005.29
2026-02-20,LM-SPC,30502,28371,30048,30502,28771,24939,27452,2103.6,2131,10,23,935,341469.1
2026-02-21,LM-SPC,27166,25459,26953,27166,26020,22591,24449,1873.5,1707,6,23,747,293740.66
2026-02-22,LM-SPC,26070,23943,25377,26070,24281,21447,23463,1797.9,2127,5,18,970,305637.6
2026-02-23,LM-SPC,36672,34373,36390,36672,33631,29567,33005,2529.1,2299,10,25,1535,415277.89
2026-02-24,LM-SPC,36189,33409,35399,36189,34469,29627,32570,2495.8,2780,10,26,985,411953.21
2026-02-25,LM-SPC,32764,30325,32127,32764,30884,26975,29488,2259.6,2439,7,28,1071,351958.33
2026-02-26,LM-SPC,31105,28747,30457,31105,29659,25858,27994,2145.2,2358,10,30,878,344466.37
2026-02-27,LM-SPC,29833,27648,29289,29833,28863,25024,26850,2057.4,2185,10,21,689,338146.77
2026-02-28,LM-SPC,24957,23207,24580,24957,23577,20443,22461,1721.2,1750,5,25,772,275076.83
2026-03-01,LM-SPC,24278,22633,23969,24278,22531,19861,21850,1674.3,1645,8,20,909,284017.65
2026-03-02,LM-SPC,36510,33709,35717,36510,34721,29795,32859,2517.9,2801,6,29,1030,416209.35
2026-03-03,LM-SPC,35728,33071,35036,35728,34185,29239,32155,2464.0,2657,13,33,932,404687.28
2026-03-04,LM-SPC,34826,31992,33907,34826,32778,28009,31343,2401.8,2834,7,19,1113,410329.07
2026-03-05,LM-SPC,30670,28515,30202,30670,28935,25095,27603,2115.2,2155,10,14,986,343110.36
2026-03-06,LM-SPC,31065,28793,30502,31065,28691,25810,27958,2142.4,2272,8,16,1221,358309.3
2026-03-07,LM-SPC,25508,23456,24859,25508,23538,21227,22957,1759.2,2052,5,18,985,291880.09
2026-03-08,LM-SPC,25620,23476,24885,25620,24297,21329,23058,1766.9,2144,3,23,801,301009.35
2026-03-09,LM-SPC,51822,47994,50844,51822,47237,42735,46640,3573.9,3828,19,33,2287,598863.8
2026-03-10,LM-SPC,45797,42781,45300,45797,42470,37931,41217,3158.4,3016,16,36,1687,530138.36
2026-03-11,LM-SPC,47754,44703,47329,47754,44863,39453,42979,3293.4,3051,11,32,1583,533793.84
2026-03-12,LM-SPC,44422,40688,43131,44422,42226,35716,39980,3063.6,3734,16,28,1312,500628.5
2026-03-13,LM-SPC,42342,39443,41772,42342,40537,36141,38108,2920.1,2899,15,32,1133,480405.09
2026-03-14,LM-SPC,35879,33388,35362,35879,33287,29385,32291,2474.4,2491,6,26,1337,415972.27
2026-03-15,LM-SPC,34673,32409,34316,34673,32635,28560,31206,2391.2,2264,9,27,1080,398363.25
2026-03-16,LM-SPC,37961,35240,37328,37961,36287,32100,34165,2618.0,2721,10,20,1033,442649.37
2026-03-17,LM-SPC,34921,32220,34141,34921,33257,29040,31429,2408.3,2701,8,25,1069,388931.0
2026-03-18,LM-SPC,33610,31274,33123,33610,31870,28702,30249,2317.9,2336,7,19,1019,367298.48
2026-03-19,LM-SPC,33016,29944,31760,33016,30484,26818,29714,2277.0,3072,17,25,1251,374623.4
2026-03-20,LM-SPC,32431,29774,31557,32431,30896,27277,29188,2236.6,2657,12,27,937,364121.53
2026-03-21,LM-SPC,26457,24312,25767,26457,24541,21694,23811,1824.6,2145,9,20,966,294273.01
2026-03-22,LM-SPC,24176,22249,23579,24176,22912,20077,21758,1667.3,1927,9,16,730,274805.88
2026-03-23,LM-SPC,39022,35680,37826,39022,36709,31938,35120,2691.2,3342,12,26,1240,430486.85
2026-03-24,LM-SPC,34946,32187,34109,34946,32841,28686,31451,2410.1,2759,14,25,1132,392918.84
2026-03-25,LM-SPC,34723,31984,33894,34723,32461,29119,31251,2394.7,2739,13,30,1200,385513.33
2026-03-26,LM-SPC,33231,30677,32505,33231,32413,28074,29908,2291.8,2554,10,25,683,366294.59
2026-03-27,LM-SPC,31034,28768,30475,31034,29576,25960,27931,2140.3,2266,6,16,900,340783.52
2026-03-28,LM-SPC,27261,24978,26477,27261,25374,22043,24535,1880.1,2283,5,22,970,303246.83
2026-03-29,LM-SPC,27392,25251,26757,27392,25915,22304,24653,1889.1,2141,11,12,852,317931.41
2026-03-30,LM-SPC,40584,37514,39746,40584,38524,33374,36526,2798.9,3070,14,27,1198,459381.13
2026-03-31,LM-SPC,35647,32511,34471,35647,33755,29481,32082,2458.4,3136,12,23,1063,410730.54
2026-04-01,LM-SPC,33801,31248,33108,33801,32529,28238,30421,2331.1,2553,7,25,838,383477.9
2026-04-02,LM-SPC,34223,31725,33607,34223,32609,28630,30801,2360.2,2498,12,29,978,397370.75
2026-04-03,LM-SPC,30429,28329,30002,30429,29076,25705,27386,2098.6,2100,7,18,821,351011.12
2026-04-04,LM-SPC,27404,25123,26630,27404,25989,23211,24664,1889.9,2281,11,21,816,318349.77
2026-04-05,LM-SPC,25765,23840,25257,25765,23919,21324,23188,1776.9,1925,9,19,922,291585.12
2026-04-06,LM-SPC,38471,35984,38100,38471,36280,31640,34624,2653.2,2487,15,28,1192,434931.99
2026-04-07,LM-SPC,34722,31765,33675,34722,32578,29054,31250,2394.6,2957,7,15,1149,382574.1
2026-04-08,LM-SPC,31925,29604,31359,31925,30798,26833,28732,2201.7,2321,10,22,714,354611.06
2026-04-09,LM-SPC,30764,28211,29903,30764,28834,25663,27688,2121.7,2553,13,29,1025,358296.99
2026-04-10,LM-SPC,30305,28032,29699,30305,29031,25724,27274,2090.0,2273,7,18,774,338079.68
2026-04-11,LM-SPC,26808,24736,26210,26808,26117,22483,24127,1848.8,2072,10,22,520,301912.26
2026-04-12,LM-SPC,25671,23907,25319,25671,24671,21892,23104,1770.4,1764,6,20,577,295131.14
2026-04-13,LM-SPC,40866,37880,40128,40866,38103,33283,36779,2818.3,2986,13,41,1438,465478.5
2026-04-14,LM-SPC,37364,34390,36445,37364,35495,31466,33628,2576.8,2974,13,24,1063,423709.84
2026-04-15,LM-SPC,32857,30896,32704,32857,30903,27119,29571,2266.0,1961,11,28,1051,365994.47
2026-04-16,LM-SPC,33769,31447,33305,33769,31976,28247,30392,2328.9,2322,15,21,1008,389588.16
2026-04-17,LM-SPC,31269,29307,31026,31269,30552,26516,28142,2156.5,1962,16,21,604,343950.42
2026-04-18,LM-SPC,27130,25041,26533,27130,25336,22428,24417,1871.0,2089,10,19,900,309288.83
2026-04-19,LM-SPC,26256,24372,25816,26256,24773,21721,23630,1810.8,1884,8,21,802,293056.86
2026-04-20,LM-SPC,39327,36902,39065,39327,36676,32313,35394,2712.2,2425,11,24,1356,447315.29
2026-04-21,LM-SPC,35750,33119,35086,35750,33794,29943,32175,2465.5,2631,13,23,1073,409748.71
2026-04-22,LM-SPC,35471,33058,35009,35471,33742,29912,31924,2446.3,2413,12,35,938,399053.97
2026-04-23,LM-SPC,32214,30019,31791,32214,30270,27426,28993,2221.7,2195,7,24,1090,372354.47
2026-04-24,LM-SPC,31910,29234,30989,31910,30017,26523,28719,2200.7,2676,12,23,997,367534.82
2026-04-25,LM-SPC,30066,28037,29691,30066,28082,24543,27059,2073.5,2029,6,14,1036,333433.72
2026-04-26,LM-SPC,26442,24602,26056,26442,25100,22258,23798,1823.6,1840,4,32,728,297825.31
2026-04-27,LM-SPC,40657,37913,40149,40657,38654,33354,36591,2803.9,2744,14,32,1110,457733.68
2026-04-28,LM-SPC,36505,33912,35920,36505,34469,31094,32854,2517.6,2593,11,36,1114,419891.8
2026-04-29,LM-SPC,35095,32474,34404,35095,33102,29591,31586,2420.3,2621,10,22,1073,375727.16
2026-04-30,LM-SPC,33682,31290,33142,33682,32389,28024,30314,2322.9,2392,9,18,779,388277.55
2026-05-01,LM-SPC,43060,40102,42471,43060,41825,35730,38754,2969.7,2958,9,36,875,457665.97
2026-05-02,LM-SPC,36400,34204,36206,36400,33997,30009,32760,2510.3,2196,9,27,1211,409017.65
2026-05-03,LM-SPC,36162,33701,35690,36162,34152,30453,32546,2493.9,2461,6,25,1035,407269.51
2026-05-04,LM-SPC,51000,47791,50596,51000,48786,42509,45900,3517.2,3209,15,29,1303,561465.32
2026-05-05,LM-SPC,50559,47431,50212,50559,48263,42881,45503,3486.8,3128,12,36,1330,568759.1
2026-05-06,LM-SPC,48475,45246,47912,48475,45662,41009,43628,3343.1,3229,14,30,1473,517424.68
2026-05-07,LM-SPC,46411,43831,46318,46411,45095,39043,41770,3200.8,2580,5,37,873,498113.23
2026-05-08,LM-SPC,43132,40346,42718,43132,41656,36834,38819,2974.6,2786,10,20,932,460615.92
2026-05-09,LM-SPC,38234,35731,37834,38234,36470,32627,34411,2636.8,2503,9,24,1001,412982.22
2026-05-10,LM-SPC,35444,33552,35373,35444,33741,30003,31900,2444.4,1892,8,30,902,399825.31
2026-05-11,LM-SPC,40446,38031,40256,40446,37183,33784,36401,2789.4,2415,14,28,1509,459652.87
2026-05-12,LM-SPC,34450,31798,33693,34450,32586,28715,31005,2375.9,2652,12,23,938,379229.57
2026-05-13,LM-SPC,34385,31689,33580,34385,32176,29440,30946,2371.4,2696,14,14,1142,381435.44
2026-05-14,LM-SPC,31760,30229,31696,31760,30361,26462,28584,2190.3,1531,8,27,828,364604.62
2026-05-15,LM-SPC,30760,28965,30657,30760,29736,25915,27684,2121.4,1795,5,19,623,331050.29
2026-05-16,LM-SPC,29379,27625,29240,29379,27118,24722,26441,2026.1,1754,7,18,1067,313519.64
2026-05-17,LM-SPC,27531,25505,27019,27531,26433,23161,24778,1898.7,2026,10,24,622,309739.79
2026-05-18,LM-SPC,38398,36146,38258,38398,36724,32292,34558,2648.1,2252,9,20,952,410369.78
2026-05-19,LM-SPC,35075,32810,34739,35075,33128,28988,31568,2419.0,2265,14,33,1029,370397.56
2026-05-20,LM-SPC,31364,29514,31239,31364,29484,26160,28228,2163.0,1850,7,20,903,348593.0
2026-05-21,LM-SPC,33683,31614,33466,33683,31966,29176,30315,2323.0,2069,8,21,898,379683.21
2026-05-22,LM-SPC,35412,33361,35308,35412,33975,29825,31871,2442.2,2051,5,27,777,376768.26
2026-05-23,LM-SPC,28631,27082,28574,28631,27973,24762,25768,1974.6,1549,3,18,447,307917.93
2026-05-24,LM-SPC,26323,24943,26270,26323,24940,22036,23691,1815.4,1380,2,16,722,290309.6
2026-05-25,LM-SPC,40261,38044,40180,40261,38405,33573,36235,2776.6,2217,6,23,979,422681.83
2026-05-26,LM-SPC,35201,33321,35131,35201,33272,29356,31681,2427.7,1880,9,22,950,387984.68
2026-05-27,LM-SPC,34830,32523,34439,34830,33593,29809,31347,2402.1,2307,6,34,721,391554.36
2026-05-28,LM-SPC,34654,32787,34585,34654,33186,28576,31189,2389.9,1867,4,19,773,356927.86
2026-05-29,LM-SPC,32736,31053,32671,32736,30441,27961,29462,2257.7,1683,7,30,1031,335215.51
2026-05-30,LM-SPC,29150,27605,29092,29150,27635,24728,26235,2010.3,1545,9,21,783,295802.51
2026-05-31,LM-SPC,27329,26192,27274,27329,26550,23177,24596,1884.8,1137,1,21,498,284936.16
2026-06-01,LM-SPC,40778,38586,40696,40778,39263,34299,36700,2812.3,2192,9,33,848,417796.29
2026-06-02,LM-SPC,36548,34316,36326,36548,34572,30635,32893,2520.6,2232,6,17,958,403005.94
2026-06-03,LM-SPC,36512,34624,36439,36512,35219,31457,32861,2518.1,1888,11,36,771,376708.8
2026-06-04,LM-SPC,36714,34672,36641,36714,35299,30597,33043,2532.0,2042,7,29,792,385819.74
2026-06-05,LM-SPC,31902,29874,31628,31902,30323,26959,28712,2200.1,2028,9,26,796,344169.92
2026-06-06,LM-SPC,27642,26162,27587,27642,25805,23530,24878,1906.3,1480,5,18,872,286153.46
2026-06-07,LM-SPC,28430,27265,28373,28430,27348,23588,25587,1960.7,1165,7,21,593,299823.52
2026-06-08,LM-SPC,39807,37666,39727,39807,38196,33559,35826,2745.3,2141,8,29,886,430266.81
2026-06-09,LM-SPC,39518,37798,39439,39518,37302,32760,35566,2725.4,1720,11,21,1103,455402.21
2026-06-10,LM-SPC,35052,33440,34982,35052,33404,29254,31547,2417.4,1612,5,20,863,374015.21
2026-06-11,LM-SPC,36714,35454,36641,36714,35498,31377,33043,2532.0,1260,6,29,702,366659.12
2026-06-12,LM-SPC,33368,31779,33301,33368,30686,28124,30031,2301.2,1589,3,23,1205,359199.82
2026-06-13,LM-SPC,28952,27500,28894,28952,27603,24439,26057,1996.7,1452,3,16,772,308348.9
2026-06-14,LM-SPC,28813,27373,28755,28813,27280,23948,25932,1987.1,1440,6,25,751,308416.25
2026-06-15,LM-SPC,39796,37864,39716,39796,37898,33413,35816,2744.6,1932,6,23,1042,417903.67
2026-06-16,LM-SPC,36636,34723,36563,36636,35188,31333,32972,2526.6,1913,4,33,769,396504.07
2026-06-17,LM-SPC,35247,33349,35177,35247,33633,29923,31722,2430.8,1898,6,28,803,368945.83
2026-06-18,LM-SPC,35692,34015,35621,35692,33682,29770,32123,2461.5,1677,5,29,970,378393.42
2026-06-19,LM-SPC,31576,29854,31513,31576,29686,26523,28418,2177.7,1722,8,22,877,334768.66
2026-06-20,LM-SPC,29502,27641,29264,29502,27954,25236,26552,2034.6,1861,5,21,816,312973.84
2026-06-21,LM-SPC,26956,25364,26846,26956,25069,22744,24260,1859.0,1592,10,14,876,281549.93
2026-06-22,LM-SPC,42168,40554,42084,42168,40456,35492,37951,2908.1,1614,5,38,967,454787.89
2026-06-23,LM-SPC,34910,33097,34840,34910,33406,29814,31419,2407.6,1813,12,23,819,381668.38
2026-06-24,LM-SPC,35024,33475,34954,35024,32948,29435,31522,2415.4,1549,6,25,1043,387352.96
2026-06-25,LM-SPC,33253,31445,33186,33253,31569,28025,29928,2293.3,1808,9,16,810,350492.81
2026-06-26,LM-SPC,32628,31219,32563,32628,30936,27745,29365,2250.2,1409,7,19,888,342824.04
2026-06-27,LM-SPC,29277,27916,29218,29277,27083,24307,26349,2019.1,1361,4,26,1065,308489.94
2026-06-28,LM-SPC,27458,26490,27403,27458,26241,23275,24712,1893.7,968,3,18,641,278341.72
2026-06-29,LM-SPC,40412,38800,40331,40412,38551,34841,36371,2787.0,1612,5,27,966,431461.94
2026-06-30,LM-SPC,38110,36439,38034,38110,37278,33726,34299,2628.3,1671,10,23,554,393729.01
2026-07-01,LM-SPC,36482,34548,36409,36482,34897,30493,32834,2516.0,1934,11,35,816,388196.46
2026-07-02,LM-SPC,34288,32333,34218,34288,32799,28953,30859,2364.7,1955,7,26,775,346557.1
2026-07-03,LM-SPC,34630,32910,34561,34630,31619,29420,31167,2388.3,1720,6,24,1274,367180.17
2026-07-04,LM-SPC,29870,28422,29810,29870,28829,25210,26883,2060.0,1448,4,29,610,323036.24
2026-07-05,LM-SPC,28166,26719,28110,28166,26341,23803,25349,1942.5,1447,4,20,818,287848.31
2026-07-06,LM-SPC,41807,39990,41723,41807,40264,36549,37626,2883.2,1817,4,37,883,428197.03
2026-07-07,LM-SPC,38944,37084,38866,38944,37079,32922,35050,2685.8,1860,8,22,929,399131.67
2026-07-08,LM-SPC,39028,37146,38950,39028,36888,33093,35125,2691.6,1882,9,26,1032,399850.16
2026-07-09,LM-SPC,35639,34305,35568,35639,34402,30106,32075,2457.9,1334,4,25,711,383032.13
2026-07-10,LM-SPC,33623,32034,33556,33623,31282,28665,30261,2318.8,1589,6,19,1057,350172.41
2026-07-11,LM-SPC,28587,26946,28519,28587,27261,23901,25728,1971.5,1641,2,21,708,289408.64
2026-07-12,LM-SPC,26942,25847,26888,26942,26080,22962,24248,1858.1,1095,5,22,528,271603.71
2026-07-13,LM-SPC,39449,37625,39370,39449,37045,32993,35504,2720.6,1824,6,24,1165,383494.59
2026-07-14,LM-SPC,37561,35701,37486,37561,35664,31925,33805,2590.4,1860,5,25,1010,380446.15
2026-07-15,LM-SPC,36552,34571,36479,36552,34851,31921,32897,2520.8,1981,2,33,864,365308.67
2026-07-16,LM-SPC,36374,34971,36301,36374,34939,31328,32737,2508.6,1403,5,26,766,361051.32
2026-07-17,LM-SPC,34246,33031,34178,34246,32417,29285,30821,2361.8,1215,6,26,939,347513.19
2026-07-18,LM-SPC,28739,27247,28682,28739,27984,24870,25865,1982.0,1492,4,24,494,287904.45
2026-07-19,LM-SPC,29000,27695,28942,29000,27261,24668,26100,2000.0,1305,3,17,822,297615.98
2026-07-20,LM-SPC,42557,40688,42472,42557,39981,36757,38301,2935.0,1869,8,33,1263,443063.35
2026-07-21,LM-SPC,38773,36481,38614,38773,36511,33328,34896,2674.0,2292,10,33,1040,405632.4
2026-07-22,LM-SPC,36013,34317,35941,36013,33757,30162,32412,2483.7,1696,5,34,1054,373383.68
2026-07-23,LM-SPC,36856,34686,36713,36856,34089,31554,33170,2541.8,2170,12,19,1229,352607.91
2026-07-24,LM-SPC,34608,32991,34539,34608,33081,29755,31147,2386.8,1617,7,20,778,350627.73
2026-07-25,LM-SPC,28196,27332,28140,28196,27333,24443,25376,1944.6,864,5,10,532,298347.77
2026-07-26,LM-SPC,28208,26613,28152,28208,26902,23609,25387,1945.4,1595,10,18,639,309574.1
2026-07-27,LM-SPC,42106,40710,42022,42106,38862,35644,37895,2903.9,1396,7,27,1480,439484.04
2026-07-28,LM-SPC,37980,36698,37904,37980,35867,32390,34182,2619.3,1282,4,28,1045,387586.44
2026-07-29,LM-SPC,37314,35592,37239,37314,36170,31948,33583,2573.4,1722,8,22,728,372649.58
2026-07-30,LM-SPC,34518,33055,34449,34518,32365,29788,31066,2380.6,1463,5,27,1051,365922.62
2026-07-31,LM-SPC,36198,34465,36126,36198,34107,30323,32578,2496.4,1733,5,34,1021,368910.4
2026-08-01,LM-SPC,31178,29652,31116,31178,29563,27643,28060,2150.2,1526,4,16,835,316816.03
2026-08-02,LM-SPC,28188,26940,28132,28188,26800,23855,25369,1944.0,1248,3,16,735,297666.72
2026-08-03,LM-SPC,42497,40329,42412,42497,39547,36347,38247,2930.8,2168,8,25,1413,394754.29
2026-08-04,LM-SPC,36115,34591,36043,36115,34437,31094,32504,2490.7,1524,7,36,924,367061.01
2026-08-05,LM-SPC,35773,34159,35701,35773,34270,31204,32196,2467.1,1614,12,26,827,348519.66
2026-08-06,LM-SPC,36204,34293,36132,36204,34227,31610,32584,2496.8,1911,9,23,1014,376339.81
2026-08-07,LM-SPC,33475,32128,33408,33475,31272,28397,30128,2308.6,1347,4,22,1060,356494.08
2026-08-08,LM-SPC,30796,29566,30734,30796,29403,26541,27716,2123.9,1230,7,26,715,317175.25
2026-08-09,LM-SPC,30603,29466,30542,30603,29120,26162,27543,2110.6,1137,10,24,820,328287.77
2026-08-10,LM-SPC,40468,38515,40387,40468,37857,34157,36421,2790.9,1953,7,27,1212,414447.96
2026-08-11,LM-SPC,38507,37059,38430,38507,36593,33095,34656,2655.7,1448,9,24,1001,406500.95
2026-08-12,LM-SPC,37805,36688,37729,37805,35834,32444,34024,2607.2,1117,6,36,969,362610.02
2026-08-13,LM-SPC,38866,37141,38788,38866,35977,33075,34979,2680.4,1725,6,32,1310,396568.74
2026-08-14,LM-SPC,33484,32022,33417,33484,31653,28602,30136,2309.2,1462,1,12,890,325707.72
2026-08-15,LM-SPC,30482,29273,30421,30482,29055,26347,27434,2102.2,1209,6,21,807,311513.98
2026-08-16,LM-SPC,30602,28782,30466,30602,29502,26709,27542,2110.5,1820,13,14,648,309001.24
2026-08-17,LM-SPC,39996,37846,39916,39996,37387,33709,35996,2758.3,2150,5,28,1253,403977.32
2026-08-18,LM-SPC,38110,36282,38034,38110,36763,33222,34299,2628.3,1828,11,35,731,383415.91
2026-08-19,LM-SPC,37154,35431,37080,37154,35782,32727,33439,2562.3,1723,5,16,726,387512.98
2026-08-20,LM-SPC,36330,34764,36257,36330,34338,30749,32697,2505.5,1566,6,23,1023,368661.78
2026-08-21,LM-SPC,36183,34666,36111,36183,34927,31405,32565,2495.4,1517,6,25,740,366672.54
2026-08-22,LM-SPC,30651,29017,30590,30651,29325,26610,27586,2113.9,1634,5,18,745,310552.58
2026-08-23,LM-SPC,27137,26173,27083,27137,25353,23439,24423,1871.5,964,1,14,802,278128.26
2026-08-24,LM-SPC,43465,41676,43378,43465,41291,37841,39118,2997.6,1789,5,33,1124,434136.44
2026-08-25,LM-SPC,39318,37628,39239,39318,36941,34215,35386,2711.6,1690,6,25,1120,382313.87
2026-08-26,LM-SPC,39623,38043,39544,39623,37886,34297,35661,2732.6,1580,4,42,871,409092.96
2026-08-27,LM-SPC,36400,34671,36327,36400,35273,31267,32760,2510.3,1729,8,35,684,361587.25
2026-08-28,LM-SPC,34598,33049,34529,34598,32232,29491,31138,2386.1,1549,6,26,1051,350518.59
2026-08-29,LM-SPC,31148,29573,31086,31148,29094,27145,28033,2148.1,1575,5,15,985,320814.65
2026-08-30,LM-SPC,29878,28132,29776,29878,27892,25345,26890,2060.6,1746,5,15,967,292306.27
2026-08-31,LM-SPC,43615,41667,43528,43615,40589,37571,39254,3007.9,1948,9,27,1451,427164.77
2026-09-01,LM-SPC,37979,36804,37903,37979,35203,32798,34181,2619.2,1175,7,29,1235,362492.94
2026-09-02,LM-SPC,38868,37042,38790,38868,36640,33699,34981,2680.6,1826,8,23,1123,386595.7
2026-09-03,LM-SPC,36078,34134,36006,36078,34602,31611,32470,2488.1,1944,7,32,784,375411.42
2026-09-04,LM-SPC,35883,34482,35811,35883,34851,31256,32295,2474.7,1401,2,28,679,359012.99
2026-09-05,LM-SPC,29213,27859,29155,29213,27696,25193,26292,2014.7,1354,7,27,765,305989.63
2026-09-06,LM-SPC,29727,28540,29668,29727,28112,26187,26754,2050.1,1187,5,26,788,300684.97
2026-09-07,LM-SPC,41970,40359,41886,41970,39957,37140,37773,2894.5,1611,3,16,1065,412908.19
2026-09-08,LM-SPC,38771,36966,38693,38771,37531,34332,34894,2673.9,1805,9,27,755,381657.74
2026-09-09,LM-SPC,39328,37751,39249,39328,38108,34494,35395,2712.3,1577,4,21,725,412676.97
2026-09-10,LM-SPC,37967,36325,37891,37967,36552,32797,34170,2618.4,1642,5,24,780,389856.36
2026-09-11,LM-SPC,35026,33037,34956,35026,33239,30343,31523,2415.6,1989,9,22,895,351833.98
2026-09-12,LM-SPC,32493,30976,32428,32493,30653,28004,29244,2240.9,1517,4,23,880,327880.29
2026-09-13,LM-SPC,28985,27570,28927,28985,27909,25543,26086,1999.0,1415,4,25,612,287712.9
2026-09-14,LM-SPC,43487,41158,43400,43487,41073,37740,39138,2999.1,2329,11,30,1239,405295.93
2026-09-15,LM-SPC,41212,39195,41130,41212,38277,35625,37091,2842.2,2017,7,35,1382,415719.1
2026-09-16,LM-SPC,37754,36308,37678,37754,36830,33035,33979,2603.7,1446,3,26,625,363765.19
2026-09-17,LM-SPC,38490,36839,38413,38490,37087,32576,34641,2654.5,1651,3,24,841,381924.09
2026-09-18,LM-SPC,35330,33352,35259,35330,33644,31113,31797,2436.6,1978,8,25,820,343196.87
2026-09-19,LM-SPC,30653,29097,30592,30653,28876,26467,27588,2114.0,1556,15,12,890,306956.38
2026-09-20,LM-SPC,31020,29689,30958,31020,29591,27241,27918,2139.3,1331,5,21,738,301877.03
2026-09-21,LM-SPC,42098,40287,42014,42098,40548,36567,37888,2903.3,1811,13,30,928,423194.92
2026-09-22,LM-SPC,37596,35895,37521,37596,35428,33123,33836,2592.8,1701,10,22,1084,385442.09
2026-09-23,LM-SPC,41002,39455,40920,41002,39016,35382,36902,2827.7,1547,9,25,965,414119.37
2026-09-24,LM-SPC,41483,39806,41400,41483,39474,35998,37335,2860.9,1677,6,22,1028,397261.14
2026-09-25,LM-SPC,35696,34018,35625,35696,33721,30927,32126,2461.8,1678,7,31,1004,340880.13
2026-09-26,LM-SPC,29160,27768,29102,29160,28143,25037,26244,2011.0,1392,6,13,599,281928.96
2026-09-27,LM-SPC,29456,28148,29397,29456,27598,25568,26510,2031.4,1308,1,26,939,304803.3
2026-09-28,LM-SPC,43501,40996,43389,43501,41164,38093,39151,3000.1,2505,5,40,1153,468374.52
2026-09-29,LM-SPC,41026,39346,40944,41026,39012,35835,36923,2829.4,1680,12,19,1017,402865.93
2026-09-30,LM-SPC,37517,35574,37442,37517,35867,33557,33765,2587.4,1943,7,23,891,366381.39
2025-01-01,LM-SPI,19474,17813,18884,19474,18406,14587,17527,1343.0,1661,19,21,617,244798.94
2025-01-02,LM-SPI,18218,16434,17436,18218,17250,13417,16396,1256.4,1784,24,17,554,225730.0
2025-01-03,LM-SPI,18448,16685,17700,18448,17325,13587,16603,1272.3,1763,19,14,590,230815.6
2025-01-04,LM-SPI,16040,14534,15417,16040,15066,11719,14436,1106.2,1506,18,28,509,191600.81
2025-01-05,LM-SPI,13774,12399,13157,13774,12996,10239,12397,949.9,1375,20,12,445,172600.33
2025-01-06,LM-SPI,20820,18729,19874,20820,19199,15351,18738,1435.9,2091,18,22,801,266746.18
2025-01-07,LM-SPI,20594,18626,19759,20594,19475,15383,18535,1420.3,1968,19,23,662,266543.16
2025-01-08,LM-SPI,19165,17289,18343,19165,18024,14235,17248,1321.7,1876,23,25,606,235730.41
2025-01-09,LM-SPI,19004,16962,18007,19004,17564,13918,17104,1310.6,2042,21,18,729,248326.74
2025-01-10,LM-SPI,17540,15763,16728,17540,16444,13041,15786,1209.7,1777,29,22,592,215833.55
2025-01-11,LM-SPI,16099,14554,15439,16099,14599,11972,14489,1110.3,1545,12,13,726,202718.09
2025-01-12,LM-SPI,15273,13763,14603,15273,14200,11261,13746,1053.3,1510,16,20,555,189007.67
2025-01-13,LM-SPI,21990,19977,21187,21990,20349,15869,19791,1516.6,2013,13,31,788,280976.78
2025-01-14,LM-SPI,21435,19282,20461,21435,19504,15446,19292,1478.3,2153,14,30,897,266582.54
2025-01-15,LM-SPI,19811,18180,19270,19811,18329,14615,17830,1366.3,1631,13,14,750,238400.47
2025-01-16,LM-SPI,18550,16795,17815,18550,17637,13627,16695,1279.3,1755,20,20,512,235794.67
2025-01-17,LM-SPI,18418,16678,17691,18418,17028,13454,16576,1270.2,1740,19,26,670,223644.89
2025-01-18,LM-SPI,15181,13684,14519,15181,14217,11143,13663,1047.0,1497,17,20,488,189252.16
2025-01-19,LM-SPI,15414,13921,14769,15414,14497,11479,13873,1063.0,1493,16,22,486,180551.4
2025-01-20,LM-SPI,22028,19644,20855,22028,20415,16580,19825,1519.2,2384,21,27,826,280083.39
2025-01-21,LM-SPI,20606,18648,19782,20606,19113,14884,18545,1421.1,1958,25,28,778,239752.12
2025-01-22,LM-SPI,19137,17583,18635,19137,17918,14359,17223,1319.8,1554,17,14,637,230874.41
2025-01-23,LM-SPI,20058,18278,19382,20058,18804,15053,18052,1383.3,1780,22,18,671,236453.77
2025-01-24,LM-SPI,18190,16254,17255,18190,16591,13384,16371,1254.5,1936,27,23,770,217911.99
2025-01-25,LM-SPI,15562,14115,14971,15562,14126,11359,14006,1073.2,1447,23,21,726,191475.16
2025-01-26,LM-SPI,14855,13490,14307,14855,13713,11060,13370,1024.5,1365,21,13,566,179191.51
2025-01-27,LM-SPI,22607,20700,21943,22607,20983,16711,20346,1559.1,1907,21,29,814,283446.28
2025-01-28,LM-SPI,21126,19002,20164,21126,20184,15750,19013,1457.0,2124,21,20,609,259220.62
2025-01-29,LM-SPI,20002,18422,19522,20002,18103,14279,18002,1379.4,1580,19,24,931,245955.9
2025-01-30,LM-SPI,19638,17788,18868,19638,17919,14513,17674,1354.3,1850,28,22,830,236096.5
2025-01-31,LM-SPI,19774,17781,18868,19774,18175,14843,17797,1363.7,1993,28,25,756,249956.68
2025-02-01,LM-SPI,15664,13997,14859,15664,14416,11329,14098,1080.3,1667,19,16,614,195238.79
2025-02-02,LM-SPI,14856,13432,14249,14856,13423,10748,13370,1024.6,1424,20,13,644,186125.94
2025-02-03,LM-SPI,21686,19657,20850,21686,20197,15967,19517,1495.6,2029,20,28,810,273276.45
2025-02-04,LM-SPI,21433,19225,20404,21433,19617,15721,19290,1478.1,2208,17,31,939,272137.17
2025-02-05,LM-SPI,20615,18747,19880,20615,19136,15117,18554,1421.7,1868,29,24,772,256794.76
2025-02-06,LM-SPI,19380,17610,18676,19380,18271,14685,17442,1336.6,1770,29,26,593,239762.47
2025-02-07,LM-SPI,17957,16252,17240,17957,16874,13724,16161,1238.4,1705,23,11,577,228721.97
2025-02-08,LM-SPI,15521,13953,14807,15521,14581,11589,13969,1070.4,1568,17,17,484,192847.29
2025-02-09,LM-SPI,15561,14085,14941,15561,14348,11402,14005,1073.2,1476,12,16,656,189460.93
2025-02-10,LM-SPI,23035,21144,22411,23035,21123,17037,20732,1588.6,1891,15,28,948,290016.59
2025-02-11,LM-SPI,21502,19320,20503,21502,19938,15699,19352,1482.9,2182,17,21,771,274264.74
2025-02-12,LM-SPI,19481,17391,18462,19481,18481,14532,17533,1343.5,2090,22,12,583,241221.22
2025-02-13,LM-SPI,19730,17804,18889,19730,18226,14721,17757,1360.7,1926,20,21,740,248085.76
2025-02-14,LM-SPI,18683,16802,17830,18683,17640,14080,16815,1288.5,1881,19,21,554,234124.11
2025-02-15,LM-SPI,16197,14448,15339,16197,14516,11957,14577,1117.0,1749,27,20,826,201472.2
2025-02-16,LM-SPI,15769,14316,15183,15769,14741,11668,14192,1087.5,1453,14,21,525,185593.94
2025-02-17,LM-SPI,22757,20385,21637,22757,21803,17142,20481,1569.4,2372,22,45,599,272495.97
2025-02-18,LM-SPI,21728,19447,20642,21728,20081,16041,19555,1498.5,2281,26,27,813,266174.74
2025-02-19,LM-SPI,20108,18313,19419,20108,18658,15119,18097,1386.8,1795,25,20,739,247539.97
2025-02-20,LM-SPI,19883,18189,19283,19883,18395,14846,17895,1371.2,1694,20,29,779,235378.98
2025-02-21,LM-SPI,19128,17657,18709,19128,17560,14482,17215,1319.2,1471,19,23,830,219109.85
2025-02-22,LM-SPI,15343,13718,14562,15343,14442,11524,13809,1058.1,1625,21,22,525,189564.75
2025-02-23,LM-SPI,15219,13815,14652,15219,14143,11198,13697,1049.6,1404,13,16,558,187438.21
2025-02-24,LM-SPI,22337,19996,21224,22337,20685,16339,20103,1540.5,2341,31,19,896,283864.68
2025-02-25,LM-SPI,20868,18896,20044,20868,19581,15633,18781,1439.2,1972,18,25,702,272137.2
2025-02-26,LM-SPI,19982,18062,19161,19982,18390,14366,17984,1378.1,1920,26,17,790,236444.87
2025-02-27,LM-SPI,20833,18541,19687,20833,19153,15376,18750,1436.8,2292,35,28,828,261341.3
2025-02-28,LM-SPI,18253,16586,17590,18253,17079,13534,16428,1258.8,1667,15,22,631,240675.39
2025-03-01,LM-SPI,16811,15214,16138,16811,15459,12349,15130,1159.4,1597,14,18,688,199072.16
2025-03-02,LM-SPI,14568,13246,14047,14568,13617,10909,13111,1004.7,1322,25,12,479,173995.28
2025-03-03,LM-SPI,22574,20230,21472,22574,21202,16675,20317,1556.8,2344,39,22,786,287636.89
2025-03-04,LM-SPI,21592,19860,21048,21592,20501,15904,19433,1489.1,1732,20,21,631,265826.27
2025-03-05,LM-SPI,20709,18780,19919,20709,19282,15569,18638,1428.2,1929,18,15,725,257206.4
2025-03-06,LM-SPI,20408,18517,19639,20408,18606,15051,18367,1407.4,1891,24,17,886,256007.61
2025-03-07,LM-SPI,19457,17797,18867,19457,18069,14591,17511,1341.9,1660,20,23,723,244080.22
2025-03-08,LM-SPI,16155,14619,15507,16155,15146,12136,14540,1114.1,1536,17,11,536,201716.22
2025-03-09,LM-SPI,15317,13766,14608,15317,14469,11598,13785,1056.3,1551,21,16,491,192509.48
2025-03-10,LM-SPI,31945,29154,30911,31945,29321,23830,28750,2203.1,2791,32,42,1316,378312.2
2025-03-11,LM-SPI,28955,26174,27766,28955,27582,22022,26060,1996.9,2781,35,31,845,367691.54
2025-03-12,LM-SPI,26323,24000,25448,26323,24417,20115,23691,1815.4,2323,27,26,1045,338668.11
2025-03-13,LM-SPI,25963,23475,24903,25963,23977,19459,23367,1790.6,2488,30,26,976,330881.41
2025-03-14,LM-SPI,24877,22892,24260,24877,22923,18691,22389,1715.7,1985,23,23,939,309045.33
2025-03-15,LM-SPI,22592,20437,21679,22592,21017,16939,20333,1558.1,2155,25,23,812,294362.41
2025-03-16,LM-SPI,21245,19132,20300,21245,19813,15523,19120,1465.2,2113,29,18,772,263961.19
2025-03-17,LM-SPI,23664,21470,22771,23664,21184,17438,21298,1632.0,2194,27,32,1153,300120.73
2025-03-18,LM-SPI,21393,19288,20464,21393,19790,16283,19254,1475.4,2105,21,21,813,277604.14
2025-03-19,LM-SPI,20642,18553,19689,20642,19441,15645,18578,1423.6,2089,26,26,584,252462.18
2025-03-20,LM-SPI,20583,18819,19952,20583,19021,15292,18525,1419.5,1764,19,29,808,262574.58
2025-03-21,LM-SPI,18943,16972,18014,18943,17278,14169,17049,1306.4,1971,19,28,793,226593.36
2025-03-22,LM-SPI,16808,15331,16255,16808,15129,12264,15127,1159.2,1477,29,19,802,201170.32
2025-03-23,LM-SPI,15385,14094,14940,15385,14580,11732,13846,1061.0,1291,17,15,431,183111.32
2025-03-24,LM-SPI,22944,20707,21969,22944,21572,17179,20650,1582.3,2237,24,32,777,264954.79
2025-03-25,LM-SPI,21551,19542,20727,21551,19990,16197,19396,1486.3,2009,21,33,805,259773.27
2025-03-26,LM-SPI,19782,17785,18873,19782,18209,14593,17804,1364.3,1997,23,25,830,245188.59
2025-03-27,LM-SPI,20604,18809,19942,20604,19198,15530,18544,1421.0,1795,25,23,797,250749.15
2025-03-28,LM-SPI,18945,16972,18014,18945,17817,13838,17050,1306.6,1973,27,16,644,225618.02
2025-03-29,LM-SPI,16647,15179,16095,16647,15962,12586,14982,1148.1,1468,18,20,445,189439.19
2025-03-30,LM-SPI,16107,14575,15461,16107,15088,12017,14496,1110.8,1532,22,15,554,194122.46
2025-03-31,LM-SPI,23738,21338,22644,23738,22059,17669,21364,1637.1,2400,29,21,832,286042.9
2025-04-01,LM-SPI,22481,20232,21468,22481,20523,16014,20233,1550.4,2249,31,23,967,293628.82
2025-04-02,LM-SPI,20694,18796,19934,20694,19530,15512,18625,1427.2,1898,27,21,582,254593.47
2025-04-03,LM-SPI,20073,17995,19099,20073,18524,15111,18066,1384.3,2078,26,22,803,261558.2
2025-04-04,LM-SPI,19318,17554,18616,19318,18045,14391,17386,1332.3,1764,17,20,718,232640.56
2025-04-05,LM-SPI,15747,14267,15133,15747,15056,12055,14172,1086.0,1480,20,10,446,200173.56
2025-04-06,LM-SPI,15125,13644,14476,15125,14368,11619,13612,1043.1,1481,22,16,449,188106.4
2025-04-07,LM-SPI,22421,20364,21597,22421,20824,16945,20179,1546.3,2057,25,22,816,269291.7
2025-04-08,LM-SPI,21324,19175,20348,21324,20598,16385,19192,1470.6,2149,28,24,493,265661.54
2025-04-09,LM-SPI,21178,19121,20286,21178,20040,16123,19060,1460.6,2057,24,22,655,259752.94
2025-04-10,LM-SPI,19843,17901,18992,19843,18431,15059,17859,1368.5,1942,12,21,743,242741.74
2025-04-11,LM-SPI,19226,17225,18283,19226,17857,14360,17303,1325.9,2001,28,26,698,226203.81
2025-04-12,LM-SPI,17597,15881,16849,17597,16085,13034,15837,1213.6,1716,20,22,736,230053.33
2025-04-13,LM-SPI,15824,14144,15015,15824,14642,11783,14242,1091.3,1680,29,21,599,199329.13
2025-04-14,LM-SPI,24254,21851,23185,24254,22882,18566,21829,1672.7,2403,19,28,719,289605.22
2025-04-15,LM-SPI,21497,19191,20373,21497,19954,16032,19347,1482.6,2306,34,29,829,269713.67
2025-04-16,LM-SPI,20855,18721,19868,20855,19376,15677,18770,1438.3,2134,20,24,777,255332.02
2025-04-17,LM-SPI,19926,17901,18997,19926,19324,15209,17933,1374.2,2025,18,14,417,256807.61
2025-04-18,LM-SPI,19364,17577,18642,19364,17880,14621,17428,1335.4,1787,20,21,746,236345.15
2025-04-19,LM-SPI,17427,15651,16610,17427,16140,13255,15684,1201.9,1776,17,20,664,215270.04
2025-04-20,LM-SPI,15142,13568,14401,15142,14527,11677,13628,1044.3,1574,20,22,395,183966.13
2025-04-21,LM-SPI,24142,21779,23107,24142,22426,17810,21728,1665.0,2363,30,27,873,302361.07
2025-04-22,LM-SPI,22538,20692,21932,22538,21402,17258,20284,1554.3,1846,27,21,668,275998.42
2025-04-23,LM-SPI,20688,18478,19616,20688,19272,15648,18619,1426.8,2210,32,22,771,266118.15
2025-04-24,LM-SPI,19681,17904,18987,19681,18712,15051,17713,1357.3,1777,19,21,570,244341.24
2025-04-25,LM-SPI,19760,17928,19015,19760,18520,14931,17784,1362.8,1832,25,22,679,261197.18
2025-04-26,LM-SPI,16711,15365,16284,16711,15591,12531,15040,1152.5,1346,23,16,592,203749.91
2025-04-27,LM-SPI,16341,14820,15718,16341,15137,12512,14707,1127.0,1521,16,16,631,196500.43
2025-04-28,LM-SPI,23936,21666,22982,23936,22422,18130,21542,1650.8,2270,25,36,818,288669.05
2025-04-29,LM-SPI,23741,21488,22794,23741,22334,18354,21367,1637.3,2253,22,26,747,286363.45
2025-04-30,LM-SPI,21071,19061,20220,21071,19233,15847,18964,1453.2,2010,38,28,913,253496.09
2025-05-01,LM-SPI,26133,23775,25212,26133,24211,19777,23520,1802.3,2358,37,39,957,336118.71
2025-05-02,LM-SPI,25932,23368,24794,25932,23912,19417,23339,1788.4,2564,35,33,994,317850.62
2025-05-03,LM-SPI,22434,20776,22010,22434,20958,17039,20191,1547.2,1658,20,23,782,276294.53
2025-05-04,LM-SPI,22202,20223,21444,22202,21056,17174,19982,1531.2,1979,29,20,692,262535.04
2025-05-05,LM-SPI,32187,29082,30852,32187,29918,24376,28968,2219.8,3105,35,25,1205,397174.65
2025-05-06,LM-SPI,29761,26878,28515,29761,28327,22853,26785,2052.5,2883,28,33,878,341510.77
2025-05-07,LM-SPI,29207,26425,28031,29207,26509,22445,26286,2014.3,2782,37,25,1286,364029.7
2025-05-08,LM-SPI,26127,23633,25070,26127,23866,19393,23514,1801.9,2494,34,32,1103,317116.07
2025-05-09,LM-SPI,25339,23043,24436,25339,23610,19026,22805,1747.5,2296,21,26,899,326795.07
2025-05-10,LM-SPI,21665,19649,20841,21665,20308,16578,19498,1494.1,2016,27,23,745,273536.3
2025-05-11,LM-SPI,21025,19241,20397,21025,19203,15511,18922,1450.0,1784,21,20,885,264247.32
2025-05-12,LM-SPI,23029,20684,21951,23029,21654,17700,20726,1588.2,2345,27,29,757,277432.9
2025-05-13,LM-SPI,23246,21030,22308,23246,21424,17431,20921,1603.2,2216,28,30,882,289829.0
2025-05-14,LM-SPI,21328,19155,20328,21328,20475,16328,19195,1470.9,2173,16,19,573,279381.21
2025-05-15,LM-SPI,20005,18036,19137,20005,18548,15373,18004,1379.7,1969,24,24,759,241468.75
2025-05-16,LM-SPI,19340,17432,18495,19340,18617,14674,17406,1333.8,1908,24,18,467,232903.16
2025-05-17,LM-SPI,17513,15944,16907,17513,16479,13044,15762,1207.8,1569,14,16,581,215758.69
2025-05-18,LM-SPI,16975,15286,16219,16975,15527,12485,15278,1170.7,1689,15,15,696,211358.38
2025-05-19,LM-SPI,26035,23815,25247,26035,23349,19634,23432,1795.5,2220,25,24,1264,326053.42
2025-05-20,LM-SPI,25204,23065,24451,25204,23597,19464,22684,1738.2,2139,33,26,845,314348.22
2025-05-21,LM-SPI,21933,19959,21165,21933,20107,16388,19740,1512.6,1974,25,21,893,271727.53
2025-05-22,LM-SPI,20478,18368,19495,20478,19057,15832,18430,1412.3,2110,26,19,731,248139.47
2025-05-23,LM-SPI,18664,17078,18105,18664,17287,14196,16798,1287.2,1586,28,22,675,242748.99
2025-05-24,LM-SPI,17586,15862,16829,17586,16114,13343,15827,1212.8,1724,21,23,717,227090.85
2025-05-25,LM-SPI,16115,14546,15432,16115,14860,12402,14504,1111.4,1569,11,17,614,201829.56
2025-05-26,LM-SPI,24120,21915,23242,24120,22458,17983,21708,1663.4,2205,31,15,906,308222.44
2025-05-27,LM-SPI,22511,20237,21475,22511,21362,17460,20260,1552.5,2274,36,26,695,278234.03
2025-05-28,LM-SPI,21637,19770,20960,21637,20100,16111,19473,1492.2,1867,32,28,773,256242.36
2025-05-29,LM-SPI,22131,20152,21369,22131,20323,16457,19918,1526.3,1979,20,26,893,279746.43
2025-05-30,LM-SPI,20397,18883,20005,20397,19235,15362,18357,1406.7,1514,18,27,688,239815.43
2025-05-31,LM-SPI,17427,15808,16766,17427,16523,13514,15684,1201.9,1619,18,10,518,228235.45
2025-06-01,LM-SPI,16077,14535,15419,16077,14672,12300,14469,1108.8,1542,18,14,717,191854.01
2025-06-02,LM-SPI,23173,21297,22571,23173,21600,17925,20856,1598.1,1876,20,27,757,296203.34
2025-06-03,LM-SPI,22743,20285,21536,22743,21404,17451,20469,1568.5,2458,20,23,726,298436.26
2025-06-04,LM-SPI,21828,19789,20990,21828,20277,16595,19645,1505.4,2039,20,20,809,258421.69
2025-06-05,LM-SPI,22786,20600,21853,22786,21084,17501,20507,1571.4,2186,19,32,885,269272.19
2025-06-06,LM-SPI,20495,18725,19852,20495,18940,15604,18446,1413.4,1770,21,21,780,255914.4
2025-06-07,LM-SPI,18231,16896,17898,18231,17142,14041,16408,1257.3,1335,12,25,589,233135.24
2025-06-08,LM-SPI,16486,14842,15749,16486,15125,12535,14837,1137.0,1644,20,26,656,208414.72
2025-06-09,LM-SPI,23731,21669,22974,23731,22006,18127,21358,1636.6,2062,21,17,937,284780.29
2025-06-10,LM-SPI,22484,20567,21804,22484,20859,17651,20236,1550.6,1917,25,33,902,289288.93
2025-06-11,LM-SPI,21437,19598,20777,21437,19701,16533,19293,1478.4,1839,29,26,789,281387.09
2025-06-12,LM-SPI,23190,21027,22302,23190,21826,17953,20871,1599.3,2163,27,29,796,278151.21
2025-06-13,LM-SPI,19930,18136,19233,19930,18427,15157,17937,1374.5,1794,16,18,805,248484.61
2025-06-14,LM-SPI,18247,16392,17396,18247,17306,14099,16422,1258.4,1855,18,16,534,230448.81
2025-06-15,LM-SPI,16343,14993,15892,16343,14940,12605,14709,1127.1,1350,20,18,685,199070.52
2025-06-16,LM-SPI,25713,23076,24490,25713,24071,19810,23142,1773.3,2637,35,23,906,310317.74
2025-06-17,LM-SPI,23720,21305,22610,23720,21864,18033,21348,1635.9,2415,26,29,914,284694.06
2025-06-18,LM-SPI,22001,19867,21077,22001,20393,16488,19801,1517.3,2134,28,31,804,257648.95
2025-06-19,LM-SPI,21676,19530,20722,21676,20053,16518,19508,1494.9,2146,15,32,791,275297.44
2025-06-20,LM-SPI,20165,18311,19420,20165,19148,15739,18148,1390.7,1854,22,20,609,244990.07
2025-06-21,LM-SPI,18107,16347,17343,18107,17242,13799,16296,1248.8,1760,16,20,527,235115.25
2025-06-22,LM-SPI,16703,15015,15933,16703,15385,13023,15033,1151.9,1688,20,15,675,210361.53
2025-06-23,LM-SPI,23971,21506,22824,23971,21636,18263,21574,1653.2,2465,29,24,1111,296551.19
2025-06-24,LM-SPI,22487,20538,21775,22487,20708,17527,20238,1550.8,1949,24,22,877,288773.22
2025-06-25,LM-SPI,22385,20341,21572,22385,21714,17468,20146,1543.8,2044,23,25,500,275464.47
2025-06-26,LM-SPI,23039,20640,21908,23039,21784,17315,20735,1588.9,2399,25,22,707,281060.11
2025-06-27,LM-SPI,20874,18984,20132,20874,19568,16015,18787,1439.6,1890,22,14,685,262991.37
2025-06-28,LM-SPI,17857,16121,17103,17857,16852,13691,16071,1231.5,1736,20,17,584,217164.16
2025-06-29,LM-SPI,17242,15414,16362,17242,16208,13169,15518,1189.1,1828,21,14,532,215154.73
2025-06-30,LM-SPI,26341,23610,25059,26341,24333,20340,23707,1816.6,2731,37,20,1009,330142.84
2025-07-01,LM-SPI,23857,21760,23072,23857,22232,18157,21471,1645.3,2097,28,26,859,294089.2
2025-07-02,LM-SPI,22057,20170,21383,22057,20724,16727,19851,1521.2,1887,23,26,713,274187.11
2025-07-03,LM-SPI,22808,20754,22008,22808,21464,17496,20527,1573.0,2054,19,32,737,284149.96
2025-07-04,LM-SPI,21190,19068,20234,21190,19292,16363,19071,1461.4,2122,21,19,929,263656.85
2025-07-05,LM-SPI,19004,17267,18312,19004,17485,14528,17104,1310.6,1737,20,15,709,230465.81
2025-07-06,LM-SPI,17280,15698,16648,17280,15961,13122,15552,1191.7,1582,11,22,662,206321.44
2025-07-07,LM-SPI,24249,21521,22855,24249,22203,18477,21824,1672.3,2728,34,27,1021,295083.42
2025-07-08,LM-SPI,22672,20611,21858,22672,21233,17770,20405,1563.6,2061,30,32,752,273601.3
2025-07-09,LM-SPI,23809,21579,22889,23809,22097,18457,21428,1642.0,2230,25,26,909,299425.55
2025-07-10,LM-SPI,23417,21577,22865,23417,21342,18044,21075,1615.0,1840,27,31,1020,301535.09
2025-07-11,LM-SPI,20866,19174,20322,20866,19142,16110,18779,1439.0,1692,19,16,831,255730.12
2025-07-12,LM-SPI,17896,16186,17170,17896,16554,13484,16106,1234.2,1710,23,32,718,229040.67
2025-07-13,LM-SPI,18152,16484,17483,18152,17262,14107,16337,1251.9,1668,20,19,556,218948.21
2025-07-14,LM-SPI,24494,22188,23536,24494,22318,19007,22045,1689.2,2306,24,33,1097,300805.39
2025-07-15,LM-SPI,23200,20920,22196,23200,21412,17353,20880,1600.0,2280,34,17,922,285257.01
2025-07-16,LM-SPI,23147,20727,22000,23147,21389,17383,20832,1596.3,2420,35,21,881,292014.17
2025-07-17,LM-SPI,21905,19722,20926,21905,20796,16820,19714,1510.7,2183,30,25,651,265885.28
2025-07-18,LM-SPI,21115,19042,20203,21115,19737,16189,19004,1456.2,2073,27,13,765,266738.32
2025-07-19,LM-SPI,18140,16568,17566,18140,16701,13973,16326,1251.0,1572,18,20,723,225273.62
2025-07-20,LM-SPI,17574,15931,16897,17574,16327,13353,15817,1212.0,1643,15,17,640,217752.87
2025-07-21,LM-SPI,26891,24230,25709,26891,24881,20889,24202,1854.6,2661,34,30,1020,326742.05
2025-07-22,LM-SPI,24165,21745,23074,24165,22644,19285,21748,1666.6,2420,22,30,830,284010.56
2025-07-23,LM-SPI,23282,21142,22423,23282,21137,17715,20954,1605.7,2140,22,27,1045,282963.32
2025-07-24,LM-SPI,20738,18722,19863,20738,19120,15703,18664,1430.2,2016,25,26,852,261878.15
2025-07-25,LM-SPI,21205,19034,20200,21205,19540,16266,19084,1462.4,2171,36,21,849,248623.51
2025-07-26,LM-SPI,17808,16000,16980,17808,16465,13854,16027,1228.1,1808,33,22,657,209959.79
2025-07-27,LM-SPI,16723,15341,16260,16723,15690,13021,15051,1153.3,1382,19,19,561,203297.02
2025-07-28,LM-SPI,24984,22588,23962,24984,23482,19618,22486,1723.0,2396,25,27,802,300507.75
2025-07-29,LM-SPI,23944,21854,23171,23944,22239,18478,21550,1651.3,2090,38,28,901,322583.09
2025-07-30,LM-SPI,23634,21097,22397,23634,21570,18265,21271,1629.9,2537,39,26,1008,295320.48
2025-07-31,LM-SPI,21426,19568,20746,21426,20082,17211,19283,1477.7,1858,13,23,721,260019.09
2025-08-01,LM-SPI,21386,19471,20647,21386,19875,16495,19247,1474.9,1915,20,21,788,272029.7
2025-08-02,LM-SPI,18143,16533,17530,18143,17074,14136,16329,1251.2,1610,19,21,594,222642.69
2025-08-03,LM-SPI,17368,15524,16479,17368,16888,13789,15631,1197.8,1844,20,17,400,214773.49
2025-08-04,LM-SPI,26835,24292,25768,26835,24647,21398,24152,1850.7,2543,30,13,1086,349005.73
2025-08-05,LM-SPI,24826,22325,23691,24826,22870,19415,22343,1712.1,2501,31,20,973,287813.84
2025-08-06,LM-SPI,24110,21622,22948,24110,22255,18694,21699,1662.8,2488,32,33,929,289841.56
2025-08-07,LM-SPI,22477,20046,21282,22477,20616,17263,20229,1550.1,2431,32,30,948,283364.2
2025-08-08,LM-SPI,20963,18813,19966,20963,19275,16498,18867,1445.7,2150,31,32,841,252004.54
2025-08-09,LM-SPI,18416,16518,17531,18416,17263,14339,16574,1270.1,1898,11,19,683,221355.3
2025-08-10,LM-SPI,17821,16226,17206,17821,16467,14090,16039,1229.0,1595,21,17,665,224615.39
2025-08-11,LM-SPI,26236,23632,25075,26236,23840,20151,23612,1809.4,2604,32,46,1134,317610.35
2025-08-12,LM-SPI,23577,21312,22608,23577,22136,18263,21219,1626.0,2265,17,27,796,294108.16
2025-08-13,LM-SPI,23239,21227,22505,23239,21912,17836,20915,1602.7,2012,24,32,766,283252.68
2025-08-14,LM-SPI,22911,20746,22006,22911,20889,17811,20620,1580.1,2165,28,23,967,285425.18
2025-08-15,LM-SPI,23515,21163,22457,23515,21438,17738,21164,1621.7,2352,29,30,1042,289815.73
2025-08-16,LM-SPI,19895,18033,19128,19895,18144,15623,17906,1372.1,1862,26,25,887,251320.93
2025-08-17,LM-SPI,17242,15509,16458,17242,16152,13216,15518,1189.1,1733,17,21,598,219257.44
2025-08-18,LM-SPI,25961,23176,24603,25961,23481,19536,23365,1790.4,2785,36,25,1197,315262.83
2025-08-19,LM-SPI,23386,21226,22512,23386,22472,18442,21047,1612.8,2160,24,31,578,274067.13
2025-08-20,LM-SPI,22817,20753,22008,22817,21154,17979,20535,1573.6,2064,28,25,863,279580.85
2025-08-21,LM-SPI,23113,20886,22157,23113,21910,18123,20802,1594.0,2227,16,29,658,280191.61
2025-08-22,LM-SPI,22652,20479,21725,22652,21048,17830,20387,1562.2,2173,30,25,838,273439.25
2025-08-23,LM-SPI,18297,16505,17511,18297,17582,14511,16467,1261.9,1792,26,15,431,214170.23
2025-08-24,LM-SPI,17466,15996,16957,17466,15914,13639,15719,1204.6,1470,20,18,725,211613.46
2025-08-25,LM-SPI,24394,22128,23469,24394,22601,19392,21955,1682.3,2266,28,25,900,300836.65
2025-08-26,LM-SPI,24650,22286,23642,24650,23464,19240,22185,1700.0,2364,25,35,705,298652.96
2025-08-27,LM-SPI,22562,20572,21813,22562,20672,17550,20306,1556.0,1990,19,30,930,276858.74
2025-08-28,LM-SPI,22567,20590,21832,22567,21144,17233,20310,1556.3,1977,30,22,772,282660.6
2025-08-29,LM-SPI,21190,19243,20408,21190,19364,16732,19071,1461.4,1947,41,25,884,271966.04
2025-08-30,LM-SPI,18822,17161,18197,18822,17606,14675,16940,1298.1,1661,16,20,656,241965.27
2025-08-31,LM-SPI,16873,15336,16264,16873,15577,13159,15186,1163.7,1537,17,20,641,203598.84
2025-09-01,LM-SPI,25166,22784,24168,25166,23841,19733,22649,1735.6,2382,25,27,760,303249.13
2025-09-02,LM-SPI,26793,24434,25908,26793,24446,20617,24114,1847.8,2359,24,28,1111,315584.45
2025-09-03,LM-SPI,22506,20221,21459,22506,20939,17776,20255,1552.1,2285,30,28,768,285158.08
2025-09-04,LM-SPI,22238,19977,21200,22238,20735,17542,20014,1533.7,2261,35,33,756,276564.73
2025-09-05,LM-SPI,23401,21259,22546,23401,22041,18273,21061,1613.9,2142,24,17,738,300301.01
2025-09-06,LM-SPI,20925,18838,19989,20925,19336,16702,18832,1443.1,2087,30,14,790,259975.42
2025-09-07,LM-SPI,17341,15793,16747,17341,15943,13666,15607,1195.9,1548,24,19,703,209648.0
2025-09-08,LM-SPI,26338,23882,25331,26338,24237,20968,23704,1816.4,2456,32,32,1045,323977.62
2025-09-09,LM-SPI,25378,23335,24731,25378,22659,19102,22840,1750.2,2043,28,35,1294,308700.81
2025-09-10,LM-SPI,25139,22577,23960,25139,23321,19521,22625,1733.7,2562,26,25,898,304253.63
2025-09-11,LM-SPI,22455,20468,21703,22455,20809,17794,20210,1548.6,1987,19,24,834,276694.1
2025-09-12,LM-SPI,21925,19766,20972,21925,20266,16880,19732,1512.1,2159,29,29,829,263658.0
2025-09-13,LM-SPI,19624,17800,18879,19624,18339,15336,17662,1353.4,1824,30,20,673,251787.57
2025-09-14,LM-SPI,18463,16803,17819,18463,17126,14278,16617,1273.3,1660,17,14,695,215350.57
2025-09-15,LM-SPI,26482,24040,25496,26482,23744,20598,23834,1826.3,2442,29,35,1226,337833.16
2025-09-16,LM-SPI,25104,22808,24189,25104,23505,19668,22594,1731.3,2296,27,24,825,304326.25
2025-09-17,LM-SPI,22694,20605,21853,22694,21011,17556,20425,1565.1,2089,21,37,848,255054.09
2025-09-18,LM-SPI,23198,20955,22231,23198,21819,18698,20878,1599.9,2243,17,22,727,270788.09
2025-09-19,LM-SPI,22035,20074,21286,22035,20451,17438,19832,1519.7,1961,27,26,864,270357.39
2025-09-20,LM-SPI,19370,17653,18719,19370,17855,15289,17433,1335.9,1717,26,28,831,235073.58
2025-09-21,LM-SPI,17936,16190,17177,17936,16475,14065,16142,1237.0,1746,18,17,718,224088.78
2025-09-22,LM-SPI,27436,24580,26089,27436,24383,21435,24692,1892.1,2856,39,25,1360,335397.33
2025-09-23,LM-SPI,26268,23823,25268,26268,23509,20503,23641,1811.6,2445,35,29,1315,329169.54
2025-09-24,LM-SPI,24109,21854,23180,24109,22381,18511,21698,1662.7,2255,26,25,918,297125.06
2025-09-25,LM-SPI,23818,21288,22598,23818,22234,19231,21436,1642.6,2530,25,26,880,300992.3
2025-09-26,LM-SPI,22412,20319,21552,22412,21042,18103,20171,1545.7,2093,23,26,757,283285.11
2025-09-27,LM-SPI,19325,17381,18444,19325,17524,14986,17392,1332.8,1944,38,19,839,242532.05
2025-09-28,LM-SPI,17933,15989,16975,17933,16711,13840,16140,1236.8,1944,25,21,698,220525.15
2025-09-29,LM-SPI,27447,24813,26323,27447,24992,21156,24702,1892.9,2634,36,32,1162,352996.79
2025-09-30,LM-SPI,25428,22797,24196,25428,23530,19735,22885,1753.7,2631,35,21,1002,314132.24
2025-10-01,LM-SPI,25884,23659,25082,25884,23381,20260,23296,1785.1,2225,22,34,1231,310820.97
2025-10-02,LM-SPI,24967,22732,24106,24967,23105,19551,22470,1721.9,2235,25,26,979,303092.08
2025-10-03,LM-SPI,22803,20676,21930,22803,21922,18082,20523,1572.6,2127,24,22,577,284159.49
2025-10-04,LM-SPI,18917,17304,18345,18917,17921,15152,17025,1304.6,1613,18,23,594,239088.3
2025-10-05,LM-SPI,17783,16214,17192,17783,16465,13993,16005,1226.4,1569,14,18,676,222910.23
2025-10-06,LM-SPI,28441,25220,26784,28441,24787,22187,25597,1961.4,3221,40,29,1586,360810.54
2025-10-07,LM-SPI,25899,23622,25047,25899,23825,20355,23309,1786.1,2277,20,25,1075,314704.16
2025-10-08,LM-SPI,24664,22203,23559,24664,22705,19826,22198,1701.0,2461,21,37,1022,314712.41
2025-10-09,LM-SPI,22347,20368,21597,22347,20854,18183,20112,1541.2,1979,28,14,830,274726.23
2025-10-10,LM-SPI,23364,21076,22361,23364,21856,18565,21028,1611.3,2288,23,23,801,283752.39
2025-10-11,LM-SPI,19859,17797,18889,19859,18435,15628,17873,1369.6,2062,22,24,734,231783.51
2025-10-12,LM-SPI,17887,16241,17225,17887,16741,14169,16098,1233.6,1646,14,19,623,224214.88
2025-10-13,LM-SPI,27008,24349,25835,27008,24607,21485,24307,1862.6,2659,29,29,1146,327669.05
2025-10-14,LM-SPI,26049,23771,25204,26049,23777,20692,23444,1796.5,2278,35,30,1075,309566.21
2025-10-15,LM-SPI,24441,22343,23687,24441,22424,18779,21997,1685.6,2098,24,30,1014,288498.84
2025-10-16,LM-SPI,23693,21156,22459,23693,22009,18880,21324,1634.0,2537,29,20,937,301687.21
2025-10-17,LM-SPI,22677,20523,21770,22677,20889,17803,20409,1563.9,2154,22,17,904,281020.01
2025-10-18,LM-SPI,19488,17725,18797,19488,17814,15388,17539,1344.0,1763,23,19,740,243435.28
2025-10-19,LM-SPI,18817,17046,18081,18817,17744,14987,16935,1297.7,1771,23,20,540,230382.85
2025-10-20,LM-SPI,29041,25818,27415,29041,25390,22370,26137,2002.8,3223,47,34,1646,361208.42
2025-10-21,LM-SPI,23628,21428,22728,23628,21511,18184,21265,1629.5,2200,24,25,1023,290671.79
2025-10-22,LM-SPI,24334,21749,23088,24334,22529,18874,21901,1678.2,2585,31,27,927,291103.72
2025-10-23,LM-SPI,24225,22195,23527,24225,22742,19214,21802,1670.7,2030,35,23,831,304341.54
2025-10-24,LM-SPI,23129,21039,22311,23129,22033,18487,20816,1595.1,2090,24,21,698,277199.95
2025-10-25,LM-SPI,19517,17574,18647,19517,18368,15544,17565,1346.0,1943,21,25,656,237229.42
2025-10-26,LM-SPI,17669,15898,16870,17669,16078,13954,15902,1218.6,1771,22,24,753,220807.51
2025-10-27,LM-SPI,28098,25342,26887,28098,24619,21581,25288,1937.8,2756,40,31,1501,357707.29
2025-10-28,LM-SPI,27688,24950,26473,27688,25168,21409,24919,1909.5,2738,36,30,1218,335647.35
2025-10-29,LM-SPI,23354,21195,22479,23354,22281,18964,21019,1610.6,2159,34,27,732,294152.61
2025-10-30,LM-SPI,24947,22674,24046,24947,23484,20052,22452,1720.5,2273,28,26,825,310029.55
2025-10-31,LM-SPI,22759,20633,21885,22759,20754,17792,20483,1569.6,2126,24,25,1002,278523.62
2025-11-01,LM-SPI,19846,17699,18791,19846,18051,15816,17861,1368.7,2147,24,25,855,245593.49
2025-11-02,LM-SPI,18237,16452,17455,18237,16715,14237,16413,1257.7,1785,13,21,773,224508.04
2025-11-03,LM-SPI,27612,24956,26475,27612,25193,21863,24851,1904.3,2656,30,36,1183,342957.0
2025-11-04,LM-SPI,27455,24867,26377,27455,25403,21863,24710,1893.4,2588,35,42,1073,350067.74
2025-11-05,LM-SPI,25328,22838,24231,25328,23457,19961,22795,1746.8,2490,26,31,928,315504.18
2025-11-06,LM-SPI,25831,23371,24791,25831,23173,20409,23248,1781.4,2460,53,27,1240,315906.26
2025-11-07,LM-SPI,24110,22016,23342,24110,22673,18964,21699,1662.8,2094,14,22,814,292091.33
2025-11-08,LM-SPI,20311,18581,19698,20311,18891,16170,18280,1400.8,1730,27,23,744,250296.55
2025-11-09,LM-SPI,20206,18333,19445,20206,19107,16194,18185,1393.5,1873,27,16,591,245301.74
2025-11-10,LM-SPI,28532,25635,27204,28532,26031,22252,25679,1967.7,2897,38,30,1197,334048.5
2025-11-11,LM-SPI,27176,24622,26117,27176,25264,21828,24458,1874.2,2554,27,29,989,346405.89
2025-11-12,LM-SPI,24705,22480,23839,24705,23008,19982,22234,1703.8,2225,33,24,909,302712.24
2025-11-13,LM-SPI,24552,22218,23568,24552,22705,19520,22097,1693.2,2334,23,40,910,301081.6
2025-11-14,LM-SPI,22721,20467,21716,22721,21217,18169,20449,1567.0,2254,23,16,796,292056.99
2025-11-15,LM-SPI,20816,19108,20253,20816,19030,16440,18734,1435.6,1708,16,28,870,251131.2
2025-11-16,LM-SPI,18364,16851,17861,18364,16982,14605,16528,1266.5,1513,19,19,729,227926.13
2025-11-17,LM-SPI,29036,25791,27388,29036,25439,22513,26132,2002.5,3245,37,28,1595,360804.86
2025-11-18,LM-SPI,26387,23953,25405,26387,23960,20878,23748,1819.8,2434,28,29,1184,328255.28
2025-11-19,LM-SPI,26138,23686,25124,26138,24051,20720,23524,1802.6,2452,43,34,1037,316302.49
2025-11-20,LM-SPI,25284,22891,24282,25284,22755,20359,22756,1743.7,2393,31,21,1222,320122.72
2025-11-21,LM-SPI,24917,22567,23937,24917,23159,19846,22425,1718.4,2350,22,29,839,323467.21
2025-11-22,LM-SPI,20753,18952,20093,20753,19148,16335,18678,1431.2,1801,19,20,775,247696.85
2025-11-23,LM-SPI,18204,16339,17340,18204,17153,14308,16384,1255.4,1865,24,23,607,230370.51
2025-11-24,LM-SPI,73733,62410,66466,73733,57168,55933,66360,5085.0,11323,129,70,6776,937851.25
2025-11-25,LM-SPI,66616,58902,62566,66616,58254,53010,59954,4594.2,7714,97,60,3723,838622.0
2025-11-26,LM-SPI,64469,57191,60737,64469,57520,50006,58022,4446.1,7278,95,71,3216,812787.97
2025-11-27,LM-SPI,67833,59837,63568,67833,58083,53034,61050,4678.1,7996,104,61,4295,813666.2
2025-11-28,LM-SPI,62621,55957,59401,62621,56236,49781,56359,4318.7,6664,82,59,2919,757848.19
2025-11-29,LM-SPI,51621,46860,49699,51621,47992,41320,46459,3560.1,4761,56,60,1819,630951.64
2025-11-30,LM-SPI,48589,43917,46589,48589,45595,38492,43730,3351.0,4672,49,53,1583,621384.18
2025-12-01,LM-SPI,74418,63841,67934,74418,60027,56943,66976,5132.3,10577,127,94,5897,929599.95
2025-12-02,LM-SPI,25728,23448,24863,25728,23239,20720,23155,1774.3,2280,30,38,1223,320677.92
2025-12-03,LM-SPI,24803,22258,23622,24803,22779,20126,22323,1710.6,2545,29,21,989,307424.04
2025-12-04,LM-SPI,25194,22918,24303,25194,23182,20240,22675,1737.5,2276,30,31,983,310561.35
2025-12-05,LM-SPI,24653,22497,23853,24653,22885,19963,22188,1700.2,2156,29,30,900,304236.08
2025-12-06,LM-SPI,20906,18921,20071,20906,19727,16477,18815,1441.8,1985,26,24,643,251447.55
2025-12-07,LM-SPI,17924,16314,17300,17924,16810,14531,16132,1236.1,1610,16,15,590,219421.88
2025-12-08,LM-SPI,45045,39354,41831,45045,37827,35074,40540,3106.6,5691,62,45,3097,556750.86
2025-12-09,LM-SPI,41997,37035,39345,41997,36476,32712,37797,2896.3,4962,65,42,2393,522610.78
2025-12-10,LM-SPI,40171,35982,38191,40171,36918,32135,36154,2770.4,4189,47,40,1604,487340.97
2025-12-11,LM-SPI,41050,36320,38578,41050,37000,32353,36945,2831.0,4730,54,41,1924,538836.41
2025-12-12,LM-SPI,34272,31156,33041,34272,31991,27031,30845,2363.6,3116,27,40,1209,400130.27
2025-12-13,LM-SPI,31251,28086,29805,31251,28676,25168,28126,2155.2,3165,47,30,1307,367036.64
2025-12-14,LM-SPI,31008,28217,29923,31008,28570,25413,27907,2138.5,2791,33,29,1249,386272.71
2025-12-15,LM-SPI,42346,37742,40071,42346,37590,33073,38111,2920.4,4604,66,54,2090,538496.73
2025-12-16,LM-SPI,44309,38228,40665,44309,37304,34364,39878,3055.8,6081,64,44,3028,584164.16
2025-12-17,LM-SPI,40339,36375,38594,40339,35472,31227,36305,2782.0,3964,46,44,2119,494208.17
2025-12-18,LM-SPI,40234,35924,38137,40234,36027,31994,36211,2774.8,4310,44,36,1970,498978.42
2025-12-19,LM-SPI,36410,32806,34808,36410,34913,29411,32769,2511.0,3604,36,30,953,456519.91
2025-12-20,LM-SPI,33009,29842,31657,33009,30644,26500,29708,2276.5,3167,37,38,1222,424267.22
2025-12-21,LM-SPI,20450,18523,19647,20450,19307,16760,18405,1410.3,1927,20,23,643,242131.09
2025-12-22,LM-SPI,29324,25905,27518,29324,25379,23071,26392,2022.3,3419,36,32,1770,367383.64
2025-12-23,LM-SPI,27564,25051,26567,27564,24790,21888,24808,1901.0,2513,30,31,1308,345735.07
2025-12-24,LM-SPI,26086,23572,25007,26086,23814,20625,23477,1799.0,2514,33,35,1107,318604.11
2025-12-25,LM-SPI,24590,22322,23674,24590,22541,19878,22131,1695.9,2268,33,31,1081,306709.43
2025-12-26,LM-SPI,23984,22074,23393,23984,22330,19073,21586,1654.1,1910,22,31,881,288137.71
2025-12-27,LM-SPI,20715,18733,19873,20715,19363,17010,18644,1428.6,1982,35,27,780,264835.02
2025-12-28,LM-SPI,20093,18127,19232,20093,18170,16056,18084,1385.7,1966,14,23,905,234941.6
2025-12-29,LM-SPI,30279,26511,28176,30279,25192,23128,27251,2088.2,3768,63,31,2115,375604.35
2025-12-30,LM-SPI,26479,24184,25641,26479,24195,20823,23831,1826.1,2295,23,34,1072,330707.91
2025-12-31,LM-SPI,25878,23416,24839,25878,23718,20686,23290,1784.7,2462,29,27,1026,316313.26
2026-01-01,LM-SPI,26825,24340,25815,26825,24669,21468,24142,1850.0,2485,32,30,1045,338823.61
2026-01-02,LM-SPI,23616,21269,22567,23616,21986,19186,21254,1628.7,2347,30,43,881,292387.45
2026-01-03,LM-SPI,20344,18379,19498,20344,18341,16032,18310,1403.0,1965,22,20,950,253281.89
2026-01-04,LM-SPI,20082,18319,19424,20082,18564,16346,18074,1385.0,1763,22,21,754,250920.99
2026-01-05,LM-SPI,30294,26406,28072,30294,25798,22925,27265,2089.2,3888,37,32,1980,378843.23
2026-01-06,LM-SPI,27667,24675,26197,27667,24927,22120,24900,1908.1,2992,30,43,1265,326204.16
2026-01-07,LM-SPI,27357,24674,26179,27357,24731,21685,24621,1886.7,2683,28,26,1276,355537.97
2026-01-08,LM-SPI,26419,23846,25299,26419,24061,21222,23777,1822.0,2573,27,31,1170,339466.68
2026-01-09,LM-SPI,25106,22684,24065,25106,23294,20594,22595,1731.4,2422,35,27,991,316476.51
2026-01-10,LM-SPI,21476,19408,20589,21476,20546,17763,19328,1481.1,2068,19,23,562,262059.38
2026-01-11,LM-SPI,21690,19640,20833,21690,20080,17597,19521,1495.9,2050,28,30,809,270942.05
2026-01-12,LM-SPI,29382,26229,27845,29382,25617,23608,26444,2026.3,3153,34,39,1747,345506.9
2026-01-13,LM-SPI,25865,23664,25087,25865,23736,21193,23278,1783.8,2201,25,24,1084,302502.78
2026-01-14,LM-SPI,27768,25301,26828,27768,25180,22703,24991,1915.0,2467,23,30,1250,366028.07
2026-01-15,LM-SPI,25384,22961,24357,25384,23368,20331,22846,1750.6,2423,18,39,1013,301387.03
2026-01-16,LM-SPI,24621,22448,23802,24621,22796,20102,22159,1698.0,2173,17,21,912,299821.7
2026-01-17,LM-SPI,22160,19662,20881,22160,21054,18281,19944,1528.3,2498,40,39,617,276718.18
2026-01-18,LM-SPI,19040,17283,18331,19040,17421,15343,17136,1313.1,1757,32,22,773,236864.59
2026-01-19,LM-SPI,28461,25939,27504,28461,25580,23079,25615,1962.8,2522,29,37,1363,349819.82
2026-01-20,LM-SPI,26408,23805,25257,26408,25096,21610,23767,1821.2,2603,33,24,749,322527.18
2026-01-21,LM-SPI,25709,23372,24786,25709,24431,20651,23138,1773.0,2337,28,33,738,315384.0
2026-01-22,LM-SPI,26346,23736,25185,26346,24280,21642,23711,1817.0,2610,28,30,1077,336547.75
2026-01-23,LM-SPI,25122,22804,24186,25122,23721,20359,22610,1732.6,2318,34,27,745,315253.06
2026-01-24,LM-SPI,21517,19284,20468,21517,19980,17084,19365,1483.9,2233,39,27,829,271846.34
2026-01-25,LM-SPI,19285,17582,18643,19285,18042,16314,17356,1330.0,1703,21,21,701,223222.06
2026-01-26,LM-SPI,27516,24913,26426,27516,25702,22093,24764,1897.7,2603,42,33,1015,344535.39
2026-01-27,LM-SPI,28191,25569,27120,28191,25863,22969,25372,1944.2,2622,26,35,1152,348560.74
2026-01-28,LM-SPI,26157,23669,25107,26157,24142,20921,23541,1803.9,2488,36,40,1017,316363.32
2026-01-29,LM-SPI,26516,24208,25667,26516,24630,21435,23864,1828.7,2308,37,30,1015,343666.54
2026-01-30,LM-SPI,25422,23061,24459,25422,22920,20253,22880,1753.2,2361,29,26,1150,299315.57
2026-01-31,LM-SPI,21538,19642,20827,21538,19775,17219,19384,1485.4,1896,26,21,858,264388.07
2026-02-01,LM-SPI,20948,18886,20038,20948,19482,17225,18853,1444.7,2062,21,17,778,267866.11
2026-02-02,LM-SPI,30351,27599,29268,30351,27304,25080,27316,2093.2,2752,38,32,1504,375172.88
2026-02-03,LM-SPI,28825,26415,28000,28825,26570,23386,25942,1987.9,2410,24,27,1127,332651.63
2026-02-04,LM-SPI,26090,23916,25351,26090,23743,20605,23481,1799.3,2174,26,41,1126,333698.91
2026-02-05,LM-SPI,26082,23147,24581,26082,24351,21000,23474,1798.8,2935,33,25,920,307701.98
2026-02-06,LM-SPI,25127,22778,24160,25127,23131,20179,22614,1732.9,2349,24,33,1040,298455.18
2026-02-07,LM-SPI,22177,19849,21069,22177,20601,18084,19959,1529.4,2328,28,30,745,282690.96
2026-02-08,LM-SPI,20240,18270,19383,20240,19074,16495,18216,1395.9,1970,23,18,675,242598.48
2026-02-09,LM-SPI,30836,27799,29495,30836,27883,25523,27752,2126.6,3037,40,32,1411,377885.74
2026-02-10,LM-SPI,28199,25649,27200,28199,26526,23067,25379,1944.8,2550,26,24,919,336764.35
2026-02-11,LM-SPI,26794,24232,25706,26794,25528,22274,24115,1847.9,2562,22,34,757,331155.2
2026-02-12,LM-SPI,27165,24453,25947,27165,25001,22027,24448,1873.4,2712,30,26,1040,347745.19
2026-02-13,LM-SPI,23348,21225,22509,23348,21468,18960,21013,1610.2,2123,17,21,889,273696.43
2026-02-14,LM-SPI,20698,18589,19727,20698,19521,16911,18628,1427.4,2109,26,19,658,257895.9
2026-02-15,LM-SPI,19571,17613,18689,19571,18497,16076,17614,1349.7,1958,31,23,586,229383.54
2026-02-16,LM-SPI,27971,25249,26787,27971,25956,22683,25174,1929.0,2722,36,27,1024,366988.62
2026-02-17,LM-SPI,27948,25263,26800,27948,26107,22877,25153,1927.4,2685,30,38,1012,335215.25
2026-02-18,LM-SPI,27769,25175,26702,27769,25767,22514,24992,1915.1,2594,35,29,1005,347877.9
2026-02-19,LM-SPI,26286,23833,25278,26286,23705,21828,23657,1812.8,2453,35,38,1227,326669.63
2026-02-20,LM-SPI,25419,22902,24300,25419,23588,20860,22877,1753.0,2517,42,32,955,315267.1
2026-02-21,LM-SPI,22639,20534,21779,22639,20875,18581,20375,1561.3,2105,27,30,847,275176.48
2026-02-22,LM-SPI,21725,19680,20875,21725,20060,17681,19552,1498.3,2045,29,31,846,256738.22
2026-02-23,LM-SPI,30560,27668,29348,30560,27662,24292,27504,2107.6,2892,37,34,1339,393366.96
2026-02-24,LM-SPI,30157,26977,28635,30157,27980,24246,27141,2079.8,3180,45,28,1148,363088.97
2026-02-25,LM-SPI,27303,24803,26304,27303,25268,22256,24573,1883.0,2500,35,30,1037,334878.98
2026-02-26,LM-SPI,25921,23570,24996,25921,24293,21229,23329,1787.7,2351,32,21,905,315607.75
2026-02-27,LM-SPI,24861,22635,24002,24861,23591,20612,22375,1714.6,2226,17,29,787,314732.28
2026-02-28,LM-SPI,20797,18846,19990,20797,19470,17115,18717,1434.3,1951,26,34,731,273745.63
2026-03-01,LM-SPI,20231,18463,19576,20231,18906,16509,18208,1395.2,1768,23,23,690,243442.26
2026-03-02,LM-SPI,30425,27641,29315,30425,28303,25740,27382,2098.3,2784,34,35,1050,376048.67
2026-03-03,LM-SPI,29773,26862,28499,29773,28395,24744,26796,2053.3,2911,25,22,844,379417.13
2026-03-04,LM-SPI,29021,26254,27851,29021,26654,23551,26119,2001.4,2767,32,37,1147,372148.78
2026-03-05,LM-SPI,25559,23031,24437,25559,23439,20751,23003,1762.7,2528,25,30,1087,314236.7
2026-03-06,LM-SPI,25888,23252,24676,25888,23714,21299,23299,1785.4,2636,42,29,1083,319088.59
2026-03-07,LM-SPI,21256,19343,20512,21256,19029,17142,19130,1465.9,1913,32,20,1045,271508.8
2026-03-08,LM-SPI,21350,19285,20460,21350,19704,17673,19215,1472.4,2065,19,32,802,248852.02
2026-03-09,LM-SPI,43185,39295,41670,43185,39516,35192,38866,2978.3,3890,50,46,1745,545707.09
2026-03-10,LM-SPI,38164,35040,37139,38164,35630,31233,34348,2632.0,3124,35,53,1364,456367.02
2026-03-11,LM-SPI,39795,36309,38497,39795,36367,31892,35816,2744.5,3486,40,43,1674,491089.37
2026-03-12,LM-SPI,37018,33255,35291,37018,34403,30784,33316,2553.0,3763,49,39,1310,458707.12
2026-03-13,LM-SPI,35285,31796,33737,35285,33494,28838,31756,2433.4,3489,40,50,1043,427897.74
2026-03-14,LM-SPI,29899,27180,28825,29899,27513,24697,26909,2062.0,2719,25,30,1188,371340.41
2026-03-15,LM-SPI,28894,26236,27825,28894,27220,23697,26005,1992.7,2658,31,37,952,351905.01
2026-03-16,LM-SPI,31634,28925,30665,31634,29570,26334,28471,2181.7,2709,30,33,1145,400062.5
2026-03-17,LM-SPI,29101,26264,27865,29101,27987,24620,26191,2007.0,2837,34,36,701,350953.51
2026-03-18,LM-SPI,28008,25102,26642,28008,26156,22866,25207,1931.6,2906,34,26,1044,335874.08
2026-03-19,LM-SPI,27513,24723,26236,27513,25658,22432,24762,1897.4,2790,37,25,962,341381.67
2026-03-20,LM-SPI,27026,24685,26172,27026,24750,22713,24323,1863.9,2341,27,33,1088,331146.4
2026-03-21,LM-SPI,22048,19980,21192,22048,20176,18141,19843,1520.6,2068,27,27,883,283991.13
2026-03-22,LM-SPI,20147,18352,19460,20147,19050,16842,18132,1389.4,1795,24,25,662,247501.75
2026-03-23,LM-SPI,32518,29355,31143,32518,30829,26543,29266,2242.6,3163,34,38,1005,401337.78
2026-03-24,LM-SPI,29122,26209,27810,29122,26980,23660,26210,2008.4,2913,33,35,1112,346856.3
2026-03-25,LM-SPI,28936,26323,27914,28936,26549,23783,26042,1995.6,2613,34,32,1164,358011.51
2026-03-26,LM-SPI,27693,24807,26330,27693,26472,22964,24924,1909.9,2886,36,41,717,331180.92
2026-03-27,LM-SPI,25862,23496,24918,25862,24603,21249,23276,1783.6,2366,35,27,718,316528.01
2026-03-28,LM-SPI,22718,20820,22069,22718,20786,18682,20446,1566.8,1898,22,12,960,270899.15
2026-03-29,LM-SPI,22826,20298,21554,22826,21727,18607,20543,1574.2,2528,23,28,689,287907.9
2026-03-30,LM-SPI,33820,30388,32248,33820,31555,28041,30438,2332.4,3432,45,46,1127,416895.32
2026-03-31,LM-SPI,29706,26882,28515,29706,27332,24147,26735,2048.7,2824,31,34,1137,378899.58
2026-04-01,LM-SPI,28167,25401,26950,28167,26545,23569,25350,1942.6,2766,37,37,878,337327.65
2026-04-02,LM-SPI,28519,25796,27365,28519,26938,23717,25667,1966.8,2723,36,24,892,351856.87
2026-04-03,LM-SPI,25358,23360,24755,25358,24506,21390,22822,1748.8,1998,22,28,598,310956.77
2026-04-04,LM-SPI,22837,20588,21844,22837,21065,19112,20553,1575.0,2249,23,25,911,280169.73
2026-04-05,LM-SPI,21471,19429,20610,21471,19748,17523,19324,1480.8,2042,21,34,840,272548.89
2026-04-06,LM-SPI,32059,28847,30610,32059,29880,26204,28853,2211.0,3212,36,29,1151,393960.19
2026-04-07,LM-SPI,28935,25961,27552,28935,26770,24220,26042,1995.5,2974,34,29,1069,345345.49
2026-04-08,LM-SPI,26604,24222,25685,26604,25587,22736,23944,1834.8,2382,33,26,650,329425.24
2026-04-09,LM-SPI,25637,22980,24390,25637,24103,21620,23073,1768.1,2657,37,16,838,332528.48
2026-04-10,LM-SPI,25254,22701,24090,25254,23527,20317,22729,1741.7,2553,34,28,845,303920.49
2026-04-11,LM-SPI,22340,20299,21528,22340,21164,18752,20106,1540.7,2041,22,32,679,272437.24
2026-04-12,LM-SPI,21392,19526,20703,21392,20085,17570,19253,1475.3,1866,22,27,695,262329.98
2026-04-13,LM-SPI,34055,30749,32622,34055,31627,28483,30650,2348.6,3306,43,40,1174,428513.23
2026-04-14,LM-SPI,31137,28153,29865,31137,28748,25633,28023,2147.4,2984,31,40,1176,389137.2
2026-04-15,LM-SPI,27381,24594,26100,27381,25258,22517,24643,1888.3,2787,36,28,979,336631.66
2026-04-16,LM-SPI,28141,25709,27256,28141,26422,23289,25327,1940.8,2432,28,30,903,337657.98
2026-04-17,LM-SPI,26057,23727,25160,26057,25116,21738,23451,1797.0,2330,32,22,609,312408.06
2026-04-18,LM-SPI,22608,20590,21833,22608,20869,18396,20347,1559.2,2018,27,21,835,278691.71
2026-04-19,LM-SPI,21880,19732,20935,21880,20319,18046,19692,1509.0,2148,26,22,795,261140.14
2026-04-20,LM-SPI,32772,30052,31855,32772,31299,27500,29495,2260.1,2720,38,33,846,380101.42
2026-04-21,LM-SPI,29792,27056,28695,29792,27900,25223,26813,2054.6,2736,30,38,977,359305.86
2026-04-22,LM-SPI,29559,27142,28768,29559,27137,24555,26603,2038.6,2417,21,34,1135,351438.6
2026-04-23,LM-SPI,26845,24368,25845,26845,25106,22248,24160,1851.4,2477,24,26,878,321896.13
2026-04-24,LM-SPI,26592,24330,25793,26592,24660,21952,23933,1833.9,2262,31,30,961,326381.56
2026-04-25,LM-SPI,25055,22743,24121,25055,23222,20027,22550,1727.9,2312,35,28,883,304369.77
2026-04-26,LM-SPI,22035,20274,21486,22035,20575,18241,19832,1519.7,1761,22,26,728,263325.75
2026-04-27,LM-SPI,33881,30669,32533,33881,32126,28401,30493,2336.6,3212,33,37,953,395765.64
2026-04-28,LM-SPI,30421,27869,29542,30421,27887,24952,27379,2098.0,2552,29,37,1208,361882.77
2026-04-29,LM-SPI,29246,26491,28099,29246,26978,24076,26321,2017.0,2755,39,32,1084,336491.88
2026-04-30,LM-SPI,28068,25589,27133,28068,26379,22730,25261,1935.7,2479,29,54,883,330373.73
2026-05-01,LM-SPI,35883,32994,34967,35883,34101,29587,32295,2474.7,2889,34,29,956,420111.62
2026-05-02,LM-SPI,30333,27526,29194,30333,28610,25031,27300,2091.9,2807,37,35,959,365689.21
2026-05-03,LM-SPI,30135,27699,29356,30135,27930,24818,27122,2078.3,2436,26,34,1046,361318.75
2026-05-04,LM-SPI,42500,39167,41505,42500,40126,34277,38250,2931.0,3333,43,44,1266,503628.45
2026-05-05,LM-SPI,42133,38034,40352,42133,40832,35551,37920,2905.7,4099,55,52,831,489668.68
2026-05-06,LM-SPI,40396,37184,39406,40396,37422,33543,36356,2785.9,3212,41,40,1410,456497.88
2026-05-07,LM-SPI,38676,35794,37921,38676,37026,32726,34808,2667.3,2882,40,33,894,477782.72
2026-05-08,LM-SPI,35943,32809,34785,35943,34111,30017,32349,2478.8,3134,41,40,1017,417936.75
2026-05-09,LM-SPI,31862,29072,30825,31862,29971,26923,28676,2197.4,2790,36,23,991,376426.43
2026-05-10,LM-SPI,29536,26804,28429,29536,28061,25343,26582,2037.0,2732,32,30,819,347285.19
2026-05-11,LM-SPI,33705,30759,32613,33705,30951,27483,30334,2324.5,2946,37,42,1295,410996.63
2026-05-12,LM-SPI,28709,26610,28189,28709,26826,23620,25838,1979.9,2099,26,35,959,341452.55
2026-05-13,LM-SPI,28654,26284,27860,28654,27186,24175,25789,1976.1,2370,37,35,806,331691.12
2026-05-14,LM-SPI,26467,24459,25915,26467,24843,22310,23820,1825.3,2008,28,32,803,316501.53
2026-05-15,LM-SPI,25634,23499,24908,25634,24759,21390,23071,1767.9,2135,28,19,503,290287.47
2026-05-16,LM-SPI,24482,22541,23887,24482,22346,20698,22034,1688.4,1941,24,36,1028,287172.78
2026-05-17,LM-SPI,22942,21351,22613,22942,21928,19137,20648,1582.2,1591,33,26,516,244119.19
2026-05-18,LM-SPI,31998,29816,31575,31998,29934,26697,28798,2206.8,2182,26,35,937,377027.24
2026-05-19,LM-SPI,29229,27004,28611,29229,27808,24819,26306,2015.8,2225,14,34,746,337704.39
2026-05-20,LM-SPI,26136,24092,25529,26136,24382,22233,23522,1802.5,2044,28,22,813,303703.84
2026-05-21,LM-SPI,28069,25771,27315,28069,26826,23421,25262,1935.8,2298,28,43,677,340461.41
2026-05-22,LM-SPI,29510,27436,29059,29510,28022,25079,26559,2035.2,2074,30,29,834,335340.51
2026-05-23,LM-SPI,23859,22038,23351,23859,22995,20195,21473,1645.4,1821,21,24,535,271924.62
2026-05-24,LM-SPI,21936,20489,21695,21936,20359,18005,19742,1512.8,1447,13,20,775,242490.58
2026-05-25,LM-SPI,33551,30653,32498,33551,31737,28038,30196,2313.9,2898,34,45,987,392117.18
2026-05-26,LM-SPI,29334,27070,28683,29334,27212,24161,26401,2023.0,2264,23,31,977,339699.85
2026-05-27,LM-SPI,29025,26855,28451,29025,27529,24668,26122,2001.7,2170,21,26,756,343328.51
2026-05-28,LM-SPI,28878,26865,28453,28878,26846,23754,25990,1991.6,2013,25,32,1005,332687.99
2026-05-29,LM-SPI,27280,25045,26546,27280,25489,22996,24552,1881.4,2235,20,38,831,319234.79
2026-05-30,LM-SPI,24292,22509,23845,24292,22744,20389,21863,1675.3,1783,32,27,727,284307.33
2026-05-31,LM-SPI,22774,21290,22542,22774,21769,19352,20497,1570.6,1484,14,26,496,263896.74
2026-06-01,LM-SPI,33981,31613,33482,33981,31680,28491,30583,2343.5,2368,20,35,1045,388615.91
2026-06-02,LM-SPI,30457,28342,30017,30457,28494,25310,27411,2100.5,2115,23,36,913,355076.22
2026-06-03,LM-SPI,30426,28071,29745,30426,28744,25770,27383,2098.3,2355,28,36,828,356995.51
2026-06-04,LM-SPI,30595,28358,30041,30595,28446,25684,27536,2110.0,2237,32,32,978,361796.05
2026-06-05,LM-SPI,26585,24493,25956,26585,25093,22281,23926,1833.4,2092,26,31,718,326748.09
2026-06-06,LM-SPI,23035,21554,22821,23035,21671,19994,20732,1588.6,1481,27,34,638,255122.88
2026-06-07,LM-SPI,23691,22072,23375,23691,22507,19757,21322,1633.9,1619,18,28,550,275067.23
2026-06-08,LM-SPI,33173,30841,32665,33173,30770,27974,29856,2287.8,2332,21,44,1140,379222.63
2026-06-09,LM-SPI,32931,30631,32442,32931,30468,27779,29638,2271.1,2300,35,35,1131,378595.36
2026-06-10,LM-SPI,29210,27384,28991,29210,27520,24560,26289,2014.5,1826,23,42,834,339971.65
2026-06-11,LM-SPI,30595,28858,30534,30595,29339,26072,27536,2110.0,1737,21,21,706,349322.16
2026-06-12,LM-SPI,27807,25854,27384,27807,25384,23314,25026,1917.7,1953,23,22,1101,307119.62
2026-06-13,LM-SPI,24127,22435,23762,24127,22590,20304,21714,1663.9,1692,16,27,736,270792.36
2026-06-14,LM-SPI,24011,22383,23703,24011,22607,20138,21610,1655.9,1628,18,29,680,278002.88
2026-06-15,LM-SPI,33164,31163,32987,33164,31360,28027,29848,2287.2,2001,22,36,913,367150.96
2026-06-16,LM-SPI,30530,28547,30226,30530,28837,25635,27477,2105.5,1983,22,40,825,335152.62
2026-06-17,LM-SPI,29372,27389,29005,29372,27534,25177,26435,2025.7,1983,21,43,852,330635.15
2026-06-18,LM-SPI,29743,27816,29452,29743,27627,25265,26769,2051.2,1927,23,33,976,322620.32
2026-06-19,LM-SPI,26313,24545,25993,26313,24398,22132,23682,1814.7,1768,24,33,854,291692.7
2026-06-20,LM-SPI,24585,22624,23976,24585,22579,20407,22126,1695.5,1961,32,28,868,296757.29
2026-06-21,LM-SPI,22463,21061,22297,22463,20675,18761,20217,1549.2,1402,12,25,759,249781.37
2026-06-22,LM-SPI,35140,32492,34424,35140,33554,29680,31626,2423.4,2648,44,35,783,404106.57
2026-06-23,LM-SPI,29092,27047,28647,29092,27042,24465,26183,2006.3,2045,25,37,960,321588.04
2026-06-24,LM-SPI,29187,26997,28603,29187,27119,24107,26268,2012.9,2190,20,37,959,337636.57
2026-06-25,LM-SPI,27711,25734,27258,27711,26692,23511,24940,1911.1,1977,18,33,592,311404.38
2026-06-26,LM-SPI,27190,25349,26844,27190,25203,22586,24471,1875.2,1841,26,29,883,314535.91
2026-06-27,LM-SPI,24398,22939,24281,24398,22327,20268,21958,1682.6,1459,17,33,898,271820.39
2026-06-28,LM-SPI,22882,21231,22490,22882,21990,19956,20594,1578.1,1651,17,22,493,255178.33
2026-06-29,LM-SPI,33677,31695,33547,33677,31630,28399,30309,2322.6,1982,31,40,958,376515.2
2026-06-30,LM-SPI,31758,29211,30957,31758,30432,27161,28582,2190.2,2547,32,35,689,360215.98
2026-07-01,LM-SPI,30401,28044,29716,30401,28311,25595,27361,2096.6,2357,31,38,1017,346482.96
2026-07-02,LM-SPI,28573,26438,28009,28573,26818,24378,25716,1970.6,2135,23,25,837,316074.86
2026-07-03,LM-SPI,28858,27030,28617,28858,26468,24118,25972,1990.2,1828,21,27,1060,315302.83
2026-07-04,LM-SPI,24892,23022,24391,24892,23780,21099,22403,1716.7,1870,30,24,595,269014.99
2026-07-05,LM-SPI,23472,21659,22950,23472,21975,19712,21125,1618.8,1813,29,26,751,260341.22
2026-07-06,LM-SPI,34839,32894,34769,34839,33801,29658,31355,2402.7,1945,23,38,645,369312.39
2026-07-07,LM-SPI,32453,30206,31991,32453,30524,28028,29208,2238.1,2247,34,37,943,350560.26
2026-07-08,LM-SPI,32523,30644,32432,32523,30808,27806,29271,2243.0,1879,21,46,834,360459.16
2026-07-09,LM-SPI,29699,27891,29524,29699,28337,25172,26729,2048.2,1808,21,32,716,337687.18
2026-07-10,LM-SPI,28019,26272,27813,28019,25673,23793,25217,1932.3,1747,17,27,1051,309953.63
2026-07-11,LM-SPI,23823,22415,23726,23823,22537,20555,21441,1643.0,1408,14,38,644,281530.66
2026-07-12,LM-SPI,22452,20887,22122,22452,21431,19025,20207,1548.4,1565,21,20,540,253792.53
2026-07-13,LM-SPI,32874,30383,32191,32874,30456,27679,29587,2267.2,2491,34,30,1136,371361.16
2026-07-14,LM-SPI,31301,29299,31020,31301,29428,26605,28171,2158.7,2002,25,39,960,337375.69
2026-07-15,LM-SPI,30460,28329,30004,30460,28867,25740,27414,2100.7,2131,27,28,808,346572.12
2026-07-16,LM-SPI,30312,28397,30064,30312,28606,25662,27281,2090.5,1915,21,37,809,343497.61
2026-07-17,LM-SPI,28538,26798,28367,28538,26638,24064,25684,1968.1,1740,27,39,813,308339.98
2026-07-18,LM-SPI,23949,22205,23522,23949,22674,20394,21554,1651.7,1744,23,30,643,268015.66
2026-07-19,LM-SPI,24166,22444,23774,24166,22674,21287,21749,1666.6,1722,26,22,737,282132.06
2026-07-20,LM-SPI,35464,33066,35016,35464,32387,29531,31918,2445.8,2398,33,44,1424,398025.82
2026-07-21,LM-SPI,32311,30437,32214,32311,30098,26934,29080,2228.3,1874,22,39,1032,367054.04
2026-07-22,LM-SPI,30011,27841,29492,30011,28293,25876,27010,2069.7,2170,28,33,819,331157.51
2026-07-23,LM-SPI,30714,29060,30653,30714,28633,26131,27643,2118.2,1654,15,49,957,321277.52
2026-07-24,LM-SPI,28840,26587,28173,28840,27499,24615,25956,1989.0,2253,25,34,679,326653.59
2026-07-25,LM-SPI,23497,22201,23450,23497,22462,20355,21147,1620.5,1296,16,25,572,258066.25
2026-07-26,LM-SPI,23507,21986,23278,23507,22240,19797,21156,1621.2,1521,14,26,628,262334.97
2026-07-27,LM-SPI,35088,32893,34823,35088,32569,29878,31579,2419.9,2195,31,34,1141,388671.2
2026-07-28,LM-SPI,31650,29682,31423,31650,29614,26880,28485,2182.8,1968,22,43,959,341563.61
2026-07-29,LM-SPI,31095,28536,30246,31095,29857,26750,27986,2144.5,2559,38,41,661,347478.48
2026-07-30,LM-SPI,28765,26809,28392,28765,26822,24477,25888,1983.8,1956,20,36,938,312361.19
2026-07-31,LM-SPI,30165,28146,29805,30165,28359,26460,27148,2080.3,2019,13,27,877,323245.45
2026-08-01,LM-SPI,25981,24492,25921,25981,24438,22049,23383,1791.8,1489,12,26,709,292480.53
2026-08-02,LM-SPI,23490,21933,23225,23490,22450,19984,21141,1620.0,1557,13,25,546,252762.04
2026-08-03,LM-SPI,35414,33444,35343,35414,33346,30449,31873,2442.3,1970,21,44,1008,386999.94
2026-08-04,LM-SPI,30096,28508,30036,30096,28140,25959,27086,2075.6,1588,11,36,914,320899.69
2026-08-05,LM-SPI,29811,27984,29624,29811,28114,25096,26830,2055.9,1827,21,31,816,341938.49
2026-08-06,LM-SPI,30170,28241,29900,30170,28120,25814,27153,2080.7,1929,24,37,971,336765.24
2026-08-07,LM-SPI,27896,25878,27412,27896,26140,23488,25106,1923.9,2018,28,28,835,298746.4
2026-08-08,LM-SPI,25664,24109,25521,25664,23820,21486,23098,1769.9,1555,24,26,851,281561.35
2026-08-09,LM-SPI,25502,23790,25193,25502,24019,21767,22952,1758.8,1712,12,27,747,280653.9
2026-08-10,LM-SPI,33724,31868,33657,33724,30679,28262,30352,2325.8,1856,33,43,1345,369653.9
2026-08-11,LM-SPI,32089,29685,31450,32089,30647,27208,28880,2213.0,2404,30,45,720,347213.41
2026-08-12,LM-SPI,31504,29322,31054,31504,29457,26635,28354,2172.7,2182,28,33,1041,339177.45
2026-08-13,LM-SPI,32389,30512,32294,32389,30029,27408,29150,2233.7,1877,19,35,1085,369424.32
2026-08-14,LM-SPI,27903,26444,27847,27903,26648,24208,25113,1924.3,1459,17,26,667,295543.36
2026-08-15,LM-SPI,25401,23898,25295,25401,23836,21487,22861,1751.8,1503,16,33,676,268553.84
2026-08-16,LM-SPI,25502,24095,25451,25502,24116,21912,22952,1758.8,1407,16,19,648,262412.83
2026-08-17,LM-SPI,33330,31240,33073,33330,31018,27830,29997,2298.6,2090,23,31,1053,361173.14
2026-08-18,LM-SPI,31758,30109,31694,31758,30802,27478,28582,2190.2,1649,15,27,632,331411.29
2026-08-19,LM-SPI,30961,29041,30744,30961,29303,26835,27865,2135.2,1920,21,32,830,359795.15
2026-08-20,LM-SPI,30275,28459,30124,30275,28415,25795,27248,2087.9,1816,25,29,905,316070.06
2026-08-21,LM-SPI,30153,28284,29942,30153,28471,26063,27138,2079.5,1869,19,41,844,320742.82
2026-08-22,LM-SPI,25542,23877,25282,25542,24526,21600,22988,1761.5,1665,23,22,548,296510.39
2026-08-23,LM-SPI,22614,21252,22496,22614,21066,19082,20353,1559.6,1362,16,35,725,253667.78
2026-08-24,LM-SPI,36221,33999,35991,36221,33487,31088,32599,2498.0,2222,37,43,1232,371944.52
2026-08-25,LM-SPI,32765,30805,32607,32765,30432,28201,29488,2259.7,1960,22,36,1077,355604.55
2026-08-26,LM-SPI,33019,30424,32240,33019,31288,29053,29717,2277.2,2595,31,32,852,363850.3
2026-08-27,LM-SPI,30333,28244,29912,30333,28603,26294,27300,2091.9,2089,31,26,871,320361.83
2026-08-28,LM-SPI,28831,26918,28504,28831,26148,24762,25948,1988.3,1913,26,24,1140,318970.06
2026-08-29,LM-SPI,25957,24061,25489,25957,23870,21865,23361,1790.1,1896,20,27,963,270634.83
2026-08-30,LM-SPI,24899,23177,24547,24899,23187,21319,22409,1717.2,1722,11,34,819,256785.01
2026-08-31,LM-SPI,36346,34250,36249,36346,33471,30495,32711,2506.6,2096,30,39,1330,404093.01
2026-09-01,LM-SPI,31649,29737,31478,31649,28896,27253,28484,2182.7,1912,28,38,1203,348431.18
2026-09-02,LM-SPI,32390,30583,32325,32390,30394,27741,29151,2233.8,1807,19,30,952,369107.9
2026-09-03,LM-SPI,30065,28373,30005,30065,28759,26182,27058,2073.4,1692,12,29,660,323699.74
2026-09-04,LM-SPI,29903,28237,29843,29903,28598,25213,26913,2062.3,1666,29,37,706,338006.38
2026-09-05,LM-SPI,24344,22826,24165,24344,22820,20314,21910,1678.9,1518,17,28,715,259279.97
2026-09-06,LM-SPI,24773,23455,24723,24773,23104,21696,22296,1708.5,1318,13,26,831,276378.7
2026-09-07,LM-SPI,34975,32645,34568,34975,32962,31351,31478,2412.1,2330,38,41,946,400920.57
2026-09-08,LM-SPI,32309,30579,32244,32309,31064,28182,29078,2228.2,1730,24,30,719,338933.04
2026-09-09,LM-SPI,32774,30924,32708,32774,31145,28857,29497,2260.3,1850,18,38,841,335002.66
2026-09-10,LM-SPI,31639,29801,31541,31639,29814,27052,28475,2182.0,1838,21,31,844,344301.84
2026-09-11,LM-SPI,29188,27355,28961,29188,27092,24572,26269,2013.0,1833,21,29,977,318120.59
2026-09-12,LM-SPI,27077,25251,26741,27077,25312,23737,24369,1867.4,1826,20,27,871,292642.95
2026-09-13,LM-SPI,24154,22640,23969,24154,23113,20937,21739,1665.8,1514,20,28,578,269294.57
2026-09-14,LM-SPI,36239,33582,35575,36239,33812,31085,32615,2499.2,2657,30,40,1125,381350.26
2026-09-15,LM-SPI,34343,32440,34274,34343,31643,29969,30909,2368.5,1903,23,30,1250,369426.45
2026-09-16,LM-SPI,31462,29384,31114,31462,30234,27269,28316,2169.8,2078,26,32,701,333513.28
2026-09-17,LM-SPI,32075,29970,31735,32075,30457,27410,28868,2212.1,2105,20,37,872,365037.47
2026-09-18,LM-SPI,29441,27219,28838,29441,27866,25072,26497,2030.4,2222,32,48,769,328421.33
2026-09-19,LM-SPI,25544,23754,25159,25544,24095,22083,22990,1761.7,1790,22,30,693,271843.79
2026-09-20,LM-SPI,25850,24703,25798,25850,24633,22667,23265,1782.8,1147,20,23,592,277969.24
2026-09-21,LM-SPI,35081,32722,34652,35081,33367,30340,31573,2419.4,2359,26,47,911,378958.57
2026-09-22,LM-SPI,31330,29588,31267,31330,29317,26986,28197,2160.7,1742,27,34,966,324906.57
2026-09-23,LM-SPI,34169,31715,33595,34169,32334,29339,30752,2356.5,2454,23,38,963,389587.12
2026-09-24,LM-SPI,34569,32071,33972,34569,32107,29565,31112,2384.1,2498,41,39,1127,371453.77
2026-09-25,LM-SPI,29747,27871,29507,29747,27875,26155,26772,2051.5,1876,26,34,856,352241.49
2026-09-26,LM-SPI,24300,22782,24118,24300,23625,21258,21870,1675.9,1518,17,33,395,263559.37
2026-09-27,LM-SPI,24546,22898,24248,24546,23074,21042,22091,1692.8,1648,14,29,715,276537.17
2026-09-28,LM-SPI,36251,33968,35962,36251,34050,31951,32626,2500.1,2283,32,41,1060,393218.37
2026-09-29,LM-SPI,34188,31851,33731,34188,32169,29501,30769,2357.8,2337,27,38,1027,374922.09
2026-09-30,LM-SPI,31264,29562,31201,31264,29661,27103,28138,2156.1,1702,22,37,791,333221.88
2025-01-01,LM-RJC,15579,14214,15071,15579,14514,11487,14021,1074.4,1365,8,13,534,189226.7
2025-01-02,LM-RJC,14574,13651,14453,14574,13709,10954,13117,1005.1,923,3,8,472,154333.49
2025-01-03,LM-RJC,14758,13588,14399,14758,14115,10901,13282,1017.8,1170,5,9,385,154362.13
2025-01-04,LM-RJC,12832,12001,12707,12832,11914,9433,11549,885.0,831,3,11,478,146797.71
2025-01-05,LM-RJC,11019,10354,10960,11019,10564,8100,9917,759.9,665,3,7,287,123676.93
2025-01-06,LM-RJC,16656,15330,16246,16656,15572,12146,14990,1148.7,1326,4,7,600,192502.78
2025-01-07,LM-RJC,16475,15142,16048,16475,15865,12438,14828,1136.2,1333,6,14,402,199052.5
2025-01-08,LM-RJC,15332,14119,14963,15332,14694,11431,13799,1057.4,1213,4,10,405,180419.03
2025-01-09,LM-RJC,15203,13859,14696,15203,14152,11288,13683,1048.5,1344,7,10,567,177513.13
2025-01-10,LM-RJC,14032,13013,13785,14032,13400,10468,12629,967.7,1019,4,10,391,155760.14
2025-01-11,LM-RJC,12879,12030,12738,12879,11884,9430,11591,888.2,849,5,10,504,144139.76
2025-01-12,LM-RJC,12219,11221,11894,12219,11628,9224,10997,842.7,998,6,14,355,142324.48
2025-01-13,LM-RJC,17592,16330,17298,17592,16223,12598,15833,1213.2,1262,4,7,639,197848.12
2025-01-14,LM-RJC,17148,15835,16778,17148,15725,12425,15433,1182.6,1313,3,13,697,200553.75
2025-01-15,LM-RJC,15849,14636,15507,15849,14790,11632,14264,1093.0,1213,2,8,537,182223.9
2025-01-16,LM-RJC,14840,13725,14541,14840,14121,11041,13356,1023.4,1115,3,3,442,168373.44
2025-01-17,LM-RJC,14735,13664,14474,14735,13944,10891,13262,1016.2,1071,5,13,498,173631.09
2025-01-18,LM-RJC,12145,11180,11848,12145,11513,9047,10930,837.6,965,5,14,388,137887.36
2025-01-19,LM-RJC,12331,11407,12085,12331,11691,9332,11098,850.4,924,4,7,398,134950.44
2025-01-20,LM-RJC,17622,16226,17195,17622,16574,12855,15860,1215.3,1396,3,12,535,209024.02
2025-01-21,LM-RJC,16485,15263,16170,16485,15401,12438,14836,1136.9,1222,5,12,597,188093.19
2025-01-22,LM-RJC,15309,14062,14904,15309,14573,11370,13778,1055.8,1247,7,11,452,174074.46
2025-01-23,LM-RJC,16047,14945,15828,16047,15475,12047,14442,1106.7,1102,6,14,401,181893.38
2025-01-24,LM-RJC,14552,13425,14225,14552,13323,10687,13097,1003.6,1127,5,9,597,163424.37
2025-01-25,LM-RJC,12450,11407,12092,12450,11420,9184,11205,858.6,1043,2,9,520,153885.02
2025-01-26,LM-RJC,11884,10975,11628,11884,10996,8908,10696,819.6,909,3,5,451,130443.57
2025-01-27,LM-RJC,18086,16720,17715,18086,17397,13337,16277,1247.3,1366,0,16,471,208689.95
2025-01-28,LM-RJC,16901,15575,16505,16901,16183,12516,15211,1165.6,1326,6,13,416,194398.55
2025-01-29,LM-RJC,16002,14621,15501,16002,14625,11857,14402,1103.6,1381,5,12,665,188044.55
2025-01-30,LM-RJC,15710,14517,15381,15710,14665,11513,14139,1083.4,1193,3,6,562,177456.26
2025-01-31,LM-RJC,15819,14650,15520,15819,14862,11456,14237,1091.0,1169,3,6,559,187145.75
2025-02-01,LM-RJC,12531,11628,12317,12531,11824,9408,11278,864.2,903,0,5,373,141379.12
2025-02-02,LM-RJC,11885,11078,11732,11885,11046,8706,10696,819.7,807,5,6,429,133175.2
2025-02-03,LM-RJC,17349,16109,17063,17349,16223,13028,15614,1196.5,1240,0,11,600,198167.15
2025-02-04,LM-RJC,17146,15899,16843,17146,16147,12686,15431,1182.5,1247,4,11,562,197504.07
2025-02-05,LM-RJC,16492,15321,16228,16492,15757,12537,14843,1137.4,1171,5,8,496,194022.24
2025-02-06,LM-RJC,15504,14280,15132,15504,14431,11535,13954,1069.2,1224,7,10,552,170395.91
2025-02-07,LM-RJC,14365,13381,14172,14365,13840,10697,12928,990.7,984,8,10,367,167939.29
2025-02-08,LM-RJC,12417,11479,12162,12417,11929,9173,11175,856.3,938,3,5,330,145943.82
2025-02-09,LM-RJC,12449,11499,12183,12449,11378,9145,11204,858.6,950,0,5,533,145301.19
2025-02-10,LM-RJC,18428,16885,17899,18428,17057,13659,16585,1270.9,1543,8,15,703,210794.14
2025-02-11,LM-RJC,17202,15965,16911,17202,15819,12603,15482,1186.3,1237,5,23,660,193175.53
2025-02-12,LM-RJC,15585,14453,15310,15585,14562,11390,14026,1074.8,1132,4,8,540,180327.16
2025-02-13,LM-RJC,15784,14682,15550,15784,14833,11732,14206,1088.6,1102,5,11,485,180947.66
2025-02-14,LM-RJC,14946,13680,14502,14946,14417,11490,13451,1030.8,1266,11,8,360,163758.97
2025-02-15,LM-RJC,12958,12051,12764,12958,12011,9648,11662,893.7,907,2,5,486,151565.52
2025-02-16,LM-RJC,12615,11653,12347,12615,12121,9413,11354,870.0,962,4,6,318,141138.84
2025-02-17,LM-RJC,18206,16726,17728,18206,17319,13680,16385,1255.6,1480,6,11,537,204403.68
2025-02-18,LM-RJC,17382,16022,16978,17382,16115,13019,15644,1198.8,1360,6,12,640,205085.41
2025-02-19,LM-RJC,16086,14788,15672,16086,14972,11820,14477,1109.4,1298,5,11,559,185047.84
2025-02-20,LM-RJC,15906,14750,15625,15906,14746,11779,14315,1097.0,1156,9,11,595,180468.14
2025-02-21,LM-RJC,15302,14108,14949,15302,14330,11396,13772,1055.3,1194,3,9,522,172979.6
2025-02-22,LM-RJC,12274,11346,12021,12274,11739,9187,11047,846.5,928,6,8,337,139129.03
2025-02-23,LM-RJC,12175,11222,11892,12175,11368,8930,10958,839.7,953,4,2,441,139065.47
2025-02-24,LM-RJC,17869,16513,17496,17869,16603,13423,16082,1232.3,1356,9,10,646,214135.46
2025-02-25,LM-RJC,16695,15310,16228,16695,16017,12237,15026,1151.4,1385,7,8,413,180223.68
2025-02-26,LM-RJC,15986,14562,15441,15986,14939,11830,14387,1102.5,1424,7,12,547,197553.29
2025-02-27,LM-RJC,16666,15726,16633,16666,15726,12372,14999,1149.4,940,1,11,500,201757.55
2025-02-28,LM-RJC,14602,13511,14314,14602,13770,10864,13142,1007.0,1091,5,8,502,164828.45
2025-03-01,LM-RJC,13449,12718,13422,13449,12424,10201,12104,927.5,731,2,6,517,152824.87
2025-03-02,LM-RJC,11654,10774,11415,11654,11141,8751,10489,803.7,880,3,9,315,133783.65
2025-03-03,LM-RJC,18059,16701,17694,18059,17326,13832,16253,1245.4,1358,5,17,468,212745.93
2025-03-04,LM-RJC,17273,15942,16892,17273,16411,13023,15546,1191.2,1331,8,10,481,198159.5
2025-03-05,LM-RJC,16567,15389,16300,16567,15468,12462,14910,1142.6,1178,8,12,570,190901.73
2025-03-06,LM-RJC,16326,15112,16010,16326,15433,12221,14693,1125.9,1214,6,8,489,192890.77
2025-03-07,LM-RJC,15566,14252,15108,15566,14636,11790,14009,1073.5,1314,3,9,485,168105.69
2025-03-08,LM-RJC,12924,11859,12569,12924,12258,9651,11632,891.3,1065,4,6,395,147341.13
2025-03-09,LM-RJC,12254,11230,11904,12254,11271,9066,11029,845.1,1024,0,9,495,141412.12
2025-03-10,LM-RJC,25556,23657,25063,25556,23778,18977,23000,1762.5,1899,11,11,908,288757.87
2025-03-11,LM-RJC,23164,21450,22724,23164,21860,17178,20848,1597.5,1714,4,16,706,250781.22
2025-03-12,LM-RJC,21058,19493,20651,21058,20125,15914,18952,1452.3,1565,7,20,551,240584.12
2025-03-13,LM-RJC,20771,19107,20250,20771,19519,15784,18694,1432.5,1664,7,10,707,233771.36
2025-03-14,LM-RJC,19902,18239,19333,19902,18693,14885,17912,1372.6,1663,5,15,686,225168.54
2025-03-15,LM-RJC,18074,16861,17855,18074,17052,13461,16267,1246.5,1213,5,7,598,205452.44
2025-03-16,LM-RJC,16996,15744,16679,16996,16156,13167,15296,1172.1,1252,4,12,489,184036.73
2025-03-17,LM-RJC,18931,17586,18627,18931,17105,13952,17038,1305.6,1345,4,16,862,213790.03
2025-03-18,LM-RJC,17114,15943,16884,17114,15723,12888,15403,1180.3,1171,2,9,726,190743.33
2025-03-19,LM-RJC,16513,15036,15944,16513,15642,12464,14862,1138.8,1477,6,10,531,182478.86
2025-03-20,LM-RJC,16467,15237,16143,16467,15122,12462,14820,1135.7,1230,8,11,658,190752.85
2025-03-21,LM-RJC,15155,14135,14969,15155,14116,11363,13640,1045.2,1020,3,14,532,165697.41
2025-03-22,LM-RJC,13446,12320,13059,13446,12586,10104,12101,927.3,1126,5,4,449,156657.79
2025-03-23,LM-RJC,12308,11286,11963,12308,11605,9276,11077,848.8,1022,3,7,395,144743.25
2025-03-24,LM-RJC,18355,16828,17838,18355,17643,13905,16520,1265.9,1527,5,8,438,209617.63
2025-03-25,LM-RJC,17241,15761,16709,17241,16003,12943,15517,1189.0,1480,6,13,642,204311.79
2025-03-26,LM-RJC,15826,14701,15571,15826,14779,11780,14243,1091.4,1125,3,11,562,192827.37
2025-03-27,LM-RJC,16483,15266,16173,16483,15704,12577,14835,1136.8,1217,6,12,484,191251.19
2025-03-28,LM-RJC,15156,13884,14718,15156,14386,11887,13640,1045.2,1272,8,8,443,172126.21
2025-03-29,LM-RJC,13317,12145,12877,13317,12628,9958,11985,918.4,1172,4,8,409,158367.19
2025-03-30,LM-RJC,12885,11839,12547,12885,12186,9788,11596,888.6,1046,5,12,400,138923.42
2025-03-31,LM-RJC,18991,17705,18750,18991,17958,14373,17092,1309.7,1286,4,14,614,231158.95
2025-04-01,LM-RJC,17985,16484,17473,17985,17007,13409,16186,1240.3,1501,6,16,535,206721.28
2025-04-02,LM-RJC,16555,15106,16016,16555,15596,12645,14900,1141.7,1449,6,13,495,191704.7
2025-04-03,LM-RJC,16058,14831,15714,16058,15077,12056,14452,1107.4,1227,7,12,550,174808.48
2025-04-04,LM-RJC,15454,14156,15006,15454,14742,11640,13909,1065.8,1298,6,15,438,182004.02
2025-04-05,LM-RJC,12597,11794,12487,12597,12258,9824,11337,868.8,803,2,9,252,143516.77
2025-04-06,LM-RJC,12100,11197,11863,12100,11293,9083,10890,834.5,903,5,10,431,137515.61
2025-04-07,LM-RJC,17937,16531,17518,17937,16866,13778,16143,1237.0,1406,8,8,570,201212.79
2025-04-08,LM-RJC,17059,15724,16662,17059,16558,13160,15353,1176.5,1335,5,9,409,189814.86
2025-04-09,LM-RJC,16942,15589,16520,16942,16295,12952,15248,1168.4,1353,6,11,466,189523.38
2025-04-10,LM-RJC,15874,14617,15490,15874,14820,12085,14287,1094.8,1257,6,10,569,172690.54
2025-04-11,LM-RJC,15381,14476,15322,15381,14215,11692,13843,1060.8,905,3,8,569,175227.59
2025-04-12,LM-RJC,14077,13105,13880,14077,12948,10549,12669,970.8,972,4,8,523,167816.32
2025-04-13,LM-RJC,12659,11681,12377,12659,12014,9579,11393,873.0,978,5,10,414,146345.87
2025-04-14,LM-RJC,19403,17962,19030,19403,18431,14929,17463,1338.1,1441,4,15,601,215910.2
2025-04-15,LM-RJC,17198,15805,16751,17198,16294,13553,15478,1186.1,1393,2,8,548,198775.26
2025-04-16,LM-RJC,16684,15537,16455,16684,15668,12374,15016,1150.6,1147,3,20,543,174726.29
2025-04-17,LM-RJC,15941,14356,15233,15941,15126,11956,14347,1099.4,1585,6,13,475,193481.92
2025-04-18,LM-RJC,15491,14251,15103,15491,14151,11475,13942,1068.3,1240,8,8,646,174246.38
2025-04-19,LM-RJC,13941,12776,13543,13941,13036,10512,12547,961.4,1165,8,6,523,162219.72
2025-04-20,LM-RJC,12114,11267,11934,12114,11729,9183,10903,835.4,847,4,12,276,137677.84
2025-04-21,LM-RJC,19314,17840,18903,19314,18064,14753,17383,1332.0,1474,3,12,718,224404.78
2025-04-22,LM-RJC,18030,16433,17425,18030,16803,13386,16227,1243.4,1597,4,10,660,221594.82
2025-04-23,LM-RJC,16550,15273,16183,16550,15964,12627,14895,1141.4,1277,0,10,400,176940.92
2025-04-24,LM-RJC,15745,14540,15406,15745,14891,11913,14170,1085.9,1205,4,9,520,181218.78
2025-04-25,LM-RJC,15808,14762,15632,15808,14905,12185,14227,1090.2,1046,5,14,482,181178.55
2025-04-26,LM-RJC,13369,12372,13107,13369,12759,10216,12032,922.0,997,7,10,374,150812.26
2025-04-27,LM-RJC,13073,12068,12787,13073,12361,9788,11766,901.6,1005,2,8,414,146009.66
2025-04-28,LM-RJC,19149,17690,18743,19149,18349,14730,17234,1320.6,1459,3,12,562,224932.71
2025-04-29,LM-RJC,18993,17233,18278,18993,18251,14398,17094,1309.9,1760,5,20,479,218370.09
2025-04-30,LM-RJC,16857,15468,16396,16857,15753,12598,15171,1162.6,1389,6,13,579,193061.07
2025-05-01,LM-RJC,20907,19016,20166,20907,19509,16102,18816,1441.9,1891,3,17,736,238204.6
2025-05-02,LM-RJC,20746,19449,20590,20746,19492,15704,18671,1430.8,1297,7,12,679,234216.26
2025-05-03,LM-RJC,17947,16511,17498,17947,16512,13645,16152,1237.7,1436,6,22,694,209076.51
2025-05-04,LM-RJC,17761,16480,17457,17761,16843,13492,15985,1224.9,1281,7,15,509,205865.64
2025-05-05,LM-RJC,25750,23592,25008,25750,23677,19520,23175,1775.9,2158,14,15,1024,288239.76
2025-05-06,LM-RJC,23809,21918,23228,23809,22636,18560,21428,1642.0,1891,9,23,707,269821.62
2025-05-07,LM-RJC,23365,21519,22804,23365,21523,17721,21028,1611.4,1846,10,15,931,275331.86
2025-05-08,LM-RJC,20901,19375,20524,20901,19584,15844,18811,1441.4,1526,7,9,707,250330.92
2025-05-09,LM-RJC,20271,18695,19809,20271,19146,15224,18244,1398.0,1576,5,13,617,243349.51
2025-05-10,LM-RJC,17332,15923,16876,17332,16387,13409,15599,1195.3,1409,4,15,526,207959.39
2025-05-11,LM-RJC,16820,15287,16212,16820,15646,12867,15138,1160.0,1533,12,11,632,194605.22
2025-05-12,LM-RJC,18423,17297,18310,18423,17575,14205,16581,1270.6,1126,4,13,544,215334.61
2025-05-13,LM-RJC,18597,17101,18124,18597,17127,14076,16737,1282.6,1496,6,13,725,215134.7
2025-05-14,LM-RJC,17062,15705,16644,17062,16548,13384,15356,1176.7,1357,3,18,391,190820.26
2025-05-15,LM-RJC,16004,14710,15590,16004,14963,12132,14404,1103.7,1294,3,6,512,182487.51
2025-05-16,LM-RJC,15472,14436,15287,15472,15042,12066,13925,1067.0,1036,4,9,343,174806.13
2025-05-17,LM-RJC,14010,12869,13640,14010,13247,10989,12609,966.2,1141,5,12,426,164837.35
2025-05-18,LM-RJC,13580,12491,13238,13580,12884,10432,12222,936.6,1089,7,5,407,159079.83
2025-05-19,LM-RJC,20828,19259,20405,20828,19079,15704,18745,1436.4,1569,5,13,802,237003.02
2025-05-20,LM-RJC,20163,18787,19896,20163,19202,15392,18147,1390.6,1376,5,18,587,227802.39
2025-05-21,LM-RJC,17546,16197,17162,17546,16784,13418,15791,1210.1,1349,8,8,496,196329.51
2025-05-22,LM-RJC,16382,15130,16031,16382,15611,12612,14744,1129.8,1252,6,8,471,185247.86
2025-05-23,LM-RJC,14931,13773,14594,14931,14388,11790,13438,1029.7,1158,3,9,359,170071.25
2025-05-24,LM-RJC,14069,12943,13716,14069,13039,10777,12662,970.3,1126,8,12,548,162541.54
2025-05-25,LM-RJC,12892,12069,12778,12892,12013,9869,11603,889.1,823,1,8,463,146834.85
2025-05-26,LM-RJC,19296,17705,18766,19296,18407,14898,17366,1330.8,1591,7,17,541,215676.51
2025-05-27,LM-RJC,18009,16677,17667,18009,17017,13552,16208,1242.0,1332,10,4,521,202427.45
2025-05-28,LM-RJC,17310,15913,16865,17310,16455,13312,15579,1193.8,1397,2,7,496,197444.85
2025-05-29,LM-RJC,17705,16420,17394,17705,16645,13414,15934,1221.0,1285,5,16,588,204890.5
2025-05-30,LM-RJC,16317,15058,15955,16317,15491,12810,14685,1125.3,1259,4,10,489,183629.74
2025-05-31,LM-RJC,13941,12895,13662,13941,13362,10656,12547,961.4,1046,4,10,363,152113.32
2025-06-01,LM-RJC,12862,11883,12590,12862,12141,9715,11576,887.0,979,2,13,423,141960.72
2025-06-02,LM-RJC,18539,16973,17993,18539,17633,13977,16685,1278.6,1566,10,9,538,214579.18
2025-06-03,LM-RJC,18195,16790,17791,18195,17286,13888,16376,1254.8,1405,3,14,536,210767.02
2025-06-04,LM-RJC,17463,15900,16861,17463,16575,12956,15717,1204.3,1563,3,14,502,197154.92
2025-06-05,LM-RJC,18229,16858,17861,18229,17313,14095,16406,1257.2,1371,3,12,526,201879.93
2025-06-06,LM-RJC,16396,15079,15981,16396,15266,12592,14756,1130.8,1317,2,9,629,179695.61
2025-06-07,LM-RJC,14585,13442,14245,14585,13905,11114,13126,1005.9,1143,5,4,446,159937.15
2025-06-08,LM-RJC,13189,12179,12904,13189,12319,10230,11870,909.6,1010,3,10,459,148888.19
2025-06-09,LM-RJC,18985,17547,18591,18985,18070,14640,17086,1309.3,1438,9,10,585,206516.95
2025-06-10,LM-RJC,17987,16315,17304,17987,16819,13782,16188,1240.5,1672,9,10,610,208055.56
2025-06-11,LM-RJC,17149,15787,16730,17149,15981,13301,15434,1182.7,1362,6,10,622,199139.98
2025-06-12,LM-RJC,18552,17162,18182,18552,17634,14551,16697,1279.4,1390,4,14,515,203051.97
2025-06-13,LM-RJC,15944,14896,15773,15944,14879,12079,14350,1099.6,1048,8,15,551,175526.12
2025-06-14,LM-RJC,14597,13741,14544,14597,13884,11083,13137,1006.7,856,2,12,413,164813.89
2025-06-15,LM-RJC,13074,12253,12972,13074,12065,9950,11767,901.7,821,6,9,518,144722.91
2025-06-16,LM-RJC,20571,18887,20018,20571,19488,16216,18514,1418.7,1684,5,10,609,236895.33
2025-06-17,LM-RJC,18976,17593,18637,18976,17899,14497,17078,1308.7,1383,7,10,665,222726.28
2025-06-18,LM-RJC,17601,16390,17358,17601,16371,13684,15841,1213.9,1211,6,10,652,199039.06
2025-06-19,LM-RJC,17341,16094,17047,17341,16295,13201,15607,1195.9,1247,5,13,573,187515.54
2025-06-20,LM-RJC,16132,14893,15780,16132,15502,12525,14519,1112.6,1239,4,13,381,185193.45
2025-06-21,LM-RJC,14486,13407,14204,14486,13536,11067,13037,999.0,1079,3,8,506,163594.49
2025-06-22,LM-RJC,13363,12379,13114,13363,12401,10317,12027,921.6,984,3,10,511,154834.33
2025-06-23,LM-RJC,19177,17632,18686,19177,17859,14778,17259,1322.6,1545,10,16,666,234751.77
2025-06-24,LM-RJC,17989,16651,17640,17989,16879,13719,16190,1240.6,1338,4,13,626,199331.75
2025-06-25,LM-RJC,17908,16388,17373,17908,17218,13866,16117,1235.0,1520,7,20,486,200831.65
2025-06-26,LM-RJC,18431,17335,18348,18431,17183,13997,16588,1271.1,1096,2,10,674,210568.92
2025-06-27,LM-RJC,16699,15387,16305,16699,15751,12959,15029,1151.7,1312,3,13,521,195858.15
2025-06-28,LM-RJC,14286,13257,14043,14286,13622,10958,12857,985.2,1029,0,5,420,172768.98
2025-06-29,LM-RJC,13794,12770,13529,13794,13136,10731,12415,951.3,1024,7,5,384,155373.14
2025-06-30,LM-RJC,21073,19495,20654,21073,19190,16184,18966,1453.3,1578,7,5,911,234200.55
2025-07-01,LM-RJC,19086,17722,18772,19086,18008,14911,17177,1316.3,1364,7,11,640,212276.01
2025-07-02,LM-RJC,17646,16448,17419,17646,16877,13864,15881,1217.0,1198,6,6,451,198052.96
2025-07-03,LM-RJC,18246,16878,17881,18246,17293,14227,16421,1258.3,1368,1,17,571,206686.62
2025-07-04,LM-RJC,16952,15766,16698,16952,15562,12821,15257,1169.1,1186,4,12,724,193978.8
2025-07-05,LM-RJC,15203,14104,14940,15203,14065,11569,13683,1048.5,1099,7,12,569,173441.04
2025-07-06,LM-RJC,13824,12654,13414,13824,13193,10650,12442,953.4,1170,6,11,361,152417.62
2025-07-07,LM-RJC,19399,17937,19003,19399,18042,14955,17459,1337.9,1462,7,18,710,211256.46
2025-07-08,LM-RJC,18138,16739,17737,18138,17277,14326,16324,1250.9,1399,6,8,498,206536.4
2025-07-09,LM-RJC,19047,17690,18737,19047,17703,14567,17142,1313.6,1357,4,7,652,212017.83
2025-07-10,LM-RJC,18734,17410,18441,18734,17367,14390,16861,1292.0,1324,4,15,668,209540.54
2025-07-11,LM-RJC,16693,15447,16365,16693,15499,13085,15024,1151.2,1246,0,15,598,195511.66
2025-07-12,LM-RJC,14317,13275,14062,14317,13508,10926,12885,987.4,1042,5,4,461,166432.24
2025-07-13,LM-RJC,14522,13442,14240,14522,14085,11627,13070,1001.5,1080,3,10,321,163867.79
2025-07-14,LM-RJC,19595,18037,19115,19595,18380,15318,17636,1351.4,1558,5,13,640,230946.99
2025-07-15,LM-RJC,18560,17321,18342,18560,17244,14215,16704,1280.0,1239,2,18,697,217834.13
2025-07-16,LM-RJC,18518,17198,18216,18518,17262,14271,16666,1277.1,1320,8,15,624,219609.6
2025-07-17,LM-RJC,17524,16437,17401,17524,16684,13977,15772,1208.6,1087,2,20,518,208027.09
2025-07-18,LM-RJC,16892,15598,16527,16892,15837,13027,15203,1165.0,1294,5,10,629,191743.7
2025-07-19,LM-RJC,14512,13360,14158,14512,13549,11353,13061,1000.8,1152,4,7,530,171489.14
2025-07-20,LM-RJC,14059,12792,13566,14059,13389,11271,12653,969.6,1267,3,12,400,160133.13
2025-07-21,LM-RJC,21513,20241,21425,21513,20056,16666,19362,1483.7,1272,7,18,720,252508.73
2025-07-22,LM-RJC,19332,17949,19012,19332,18237,15055,17399,1333.2,1383,4,13,610,218692.33
2025-07-23,LM-RJC,18626,17328,18352,18626,16924,14716,16763,1284.6,1298,4,10,840,212146.87
2025-07-24,LM-RJC,16590,15542,16454,16590,15690,12760,14931,1144.1,1048,6,7,508,182588.84
2025-07-25,LM-RJC,16964,15707,16640,16964,15630,13100,15268,1169.9,1257,4,13,688,187636.57
2025-07-26,LM-RJC,14246,13105,13889,14246,13510,11190,12821,982.5,1141,5,7,434,164972.31
2025-07-27,LM-RJC,13379,12459,13195,13379,12587,10216,12041,922.7,920,5,5,436,156657.65
2025-07-28,LM-RJC,19987,18454,19553,19987,18761,15329,17988,1378.4,1533,5,15,700,221204.5
2025-07-29,LM-RJC,19155,17472,18526,19155,18356,14928,17240,1321.0,1683,6,14,520,228707.38
2025-07-30,LM-RJC,18907,17688,18728,18907,17715,14794,17016,1303.9,1219,4,13,613,222498.41
2025-07-31,LM-RJC,17141,15722,16665,17141,16374,13363,15427,1182.1,1419,3,14,474,198697.96
2025-08-01,LM-RJC,17109,15736,16677,17109,16264,13384,15398,1179.9,1373,6,11,500,201330.91
2025-08-02,LM-RJC,14514,13503,14301,14514,13713,11456,13063,1001.0,1011,3,10,471,162609.27
2025-08-03,LM-RJC,13894,12655,13419,13894,13426,11040,12505,958.2,1239,2,15,300,152851.28
2025-08-04,LM-RJC,21468,19869,21050,21468,19911,16227,19321,1480.6,1599,11,13,808,241097.34
2025-08-05,LM-RJC,19861,18404,19496,19861,18887,15609,17875,1369.7,1457,5,10,589,234564.04
2025-08-06,LM-RJC,19288,17983,19044,19288,18167,15177,17359,1330.2,1305,1,12,626,227656.18
2025-08-07,LM-RJC,17982,16707,17696,17982,16527,13909,16184,1240.1,1275,4,12,714,197543.66
2025-08-08,LM-RJC,16771,15596,16519,16771,15403,13074,15094,1156.6,1175,6,15,711,184078.4
2025-08-09,LM-RJC,14733,13719,14529,14733,13661,11565,13260,1016.1,1014,3,10,598,163159.69
2025-08-10,LM-RJC,14257,13332,14117,14257,13454,11206,12831,983.2,925,1,11,447,152497.71
2025-08-11,LM-RJC,20989,19345,20499,20989,19263,16240,18890,1447.5,1644,13,15,881,235528.93
2025-08-12,LM-RJC,18862,17314,18351,18862,17856,14838,16976,1300.8,1548,7,13,600,219119.41
2025-08-13,LM-RJC,18591,17072,18094,18591,17724,14189,16732,1282.1,1519,6,16,552,193665.14
2025-08-14,LM-RJC,18329,17032,18040,18329,16947,14509,16496,1264.1,1297,7,9,678,208277.72
2025-08-15,LM-RJC,18812,17361,18395,18812,17874,15033,16931,1297.4,1451,4,16,563,224048.94
2025-08-16,LM-RJC,15916,14653,15528,15916,14507,12513,14324,1097.7,1263,6,12,721,186998.26
2025-08-17,LM-RJC,13794,12861,13620,13794,13181,10888,12415,951.3,933,1,15,377,158736.16
2025-08-18,LM-RJC,20769,19292,20434,20769,18822,16160,18692,1432.3,1477,4,12,943,237350.83
2025-08-19,LM-RJC,18709,17509,18538,18709,18051,14832,16838,1290.3,1200,1,10,468,219620.21
2025-08-20,LM-RJC,18253,16917,17921,18253,17277,14400,16428,1258.8,1336,3,11,560,211279.77
2025-08-21,LM-RJC,18490,17172,18189,18490,17377,14745,16641,1275.2,1318,8,10,614,208905.37
2025-08-22,LM-RJC,18122,16710,17706,18122,17081,13902,16310,1249.8,1412,5,17,595,212923.73
2025-08-23,LM-RJC,14638,13322,14127,14638,13798,11556,13174,1009.5,1316,2,11,478,161370.52
2025-08-24,LM-RJC,13973,12871,13640,13973,13210,10868,12576,963.7,1102,9,10,431,163564.21
2025-08-25,LM-RJC,19515,17949,19023,19515,18324,15081,17564,1345.9,1566,6,16,669,226945.61
2025-08-26,LM-RJC,19720,18053,19138,19720,18928,15578,17748,1360.0,1667,4,8,523,227447.55
2025-08-27,LM-RJC,18050,16717,17710,18050,16838,13902,16245,1244.8,1333,4,11,664,206461.17
2025-08-28,LM-RJC,18053,16814,17807,18053,17361,14075,16248,1245.0,1239,1,11,456,215762.3
2025-08-29,LM-RJC,16952,15624,16557,16952,15546,12908,15257,1169.1,1328,5,17,703,200069.76
2025-08-30,LM-RJC,15058,13969,14798,15058,14287,11800,13552,1038.5,1089,3,9,456,178692.61
2025-08-31,LM-RJC,13498,12431,13173,13498,12573,10642,12148,930.9,1067,7,8,485,156606.05
2025-09-01,LM-RJC,20133,18601,19708,20133,19168,16070,18120,1388.5,1532,7,20,597,237812.96
2025-09-02,LM-RJC,21434,19735,20914,21434,19513,17072,19291,1478.2,1699,7,19,955,248423.33
2025-09-03,LM-RJC,18005,16692,17682,18005,16724,14023,16204,1241.7,1313,9,15,669,204398.13
2025-09-04,LM-RJC,17790,16528,17506,17790,16814,14166,16011,1226.9,1262,3,7,513,207431.32
2025-09-05,LM-RJC,18721,17541,18571,18721,17452,14717,16849,1291.1,1180,5,11,684,210735.0
2025-09-06,LM-RJC,16740,15417,16338,16740,15610,13160,15066,1154.5,1323,6,9,638,198192.6
2025-09-07,LM-RJC,13873,12812,13575,13873,12983,10955,12486,956.8,1061,4,13,458,152695.49
2025-09-08,LM-RJC,21070,19656,20814,21070,19535,16673,18963,1453.1,1414,4,21,786,237784.28
2025-09-09,LM-RJC,20302,18731,19847,20302,18797,15996,18272,1400.1,1571,5,16,793,227257.4
2025-09-10,LM-RJC,20111,18673,19779,20111,18967,15785,18100,1387.0,1438,1,18,601,245214.36
2025-09-11,LM-RJC,17964,16553,17541,17964,16812,14238,16168,1238.9,1411,4,12,616,201372.67
2025-09-12,LM-RJC,17540,16273,17238,17540,16475,13712,15786,1209.7,1267,5,8,620,199606.05
2025-09-13,LM-RJC,15699,14587,15451,15699,14661,12439,14129,1082.7,1112,7,13,568,167766.87
2025-09-14,LM-RJC,14771,13798,14610,14771,13927,11680,13294,1018.7,973,5,14,514,176485.95
2025-09-15,LM-RJC,21186,19484,20649,21186,19224,16094,19067,1461.1,1702,11,19,920,236552.11
2025-09-16,LM-RJC,20083,18645,19750,20083,19170,15914,18075,1385.0,1438,13,11,531,239171.09
2025-09-17,LM-RJC,18155,16775,17774,18155,17167,14531,16340,1252.1,1380,4,19,585,200838.9
2025-09-18,LM-RJC,18559,16954,17975,18559,17845,14758,16703,1279.9,1605,7,12,443,206791.55
2025-09-19,LM-RJC,17628,16229,17198,17628,16735,14014,15865,1215.7,1399,7,12,490,206663.61
2025-09-20,LM-RJC,15496,14253,15105,15496,14350,12096,13946,1068.7,1243,2,11,619,169098.14
2025-09-21,LM-RJC,14349,13316,14105,14349,13410,11272,12914,989.6,1033,4,8,505,165656.92
2025-09-22,LM-RJC,21949,20089,21296,21949,19815,17290,19754,1513.7,1860,9,15,993,245960.94
2025-09-23,LM-RJC,21014,19451,20607,21014,19269,16364,18913,1449.2,1563,6,15,799,255311.3
2025-09-24,LM-RJC,19287,17842,18903,19287,18062,15006,17358,1330.1,1445,5,19,643,232060.0
2025-09-25,LM-RJC,19054,17711,18759,19054,18357,14799,17149,1314.1,1343,5,20,506,225270.48
2025-09-26,LM-RJC,17930,16525,17511,17930,17314,14197,16137,1236.6,1405,3,10,435,219329.46
2025-09-27,LM-RJC,15460,14140,14991,15460,14143,11937,13914,1066.2,1320,2,7,635,174057.8
2025-09-28,LM-RJC,14346,13363,14152,14346,13487,11142,12911,989.4,983,0,7,479,167072.25
2025-09-29,LM-RJC,21958,20143,21351,21958,19766,16865,19762,1514.3,1815,7,13,959,244450.12
2025-09-30,LM-RJC,20342,18973,20092,20342,18788,15799,18308,1402.9,1369,5,14,712,237418.71
2025-10-01,LM-RJC,20707,19151,20290,20707,18704,15936,18636,1428.1,1556,10,14,964,238810.44
2025-10-02,LM-RJC,19974,18486,19584,19974,18341,15961,17977,1377.5,1488,9,6,777,219521.2
2025-10-03,LM-RJC,18242,16952,17955,18242,17659,14322,16418,1258.1,1290,4,7,437,207448.03
2025-10-04,LM-RJC,15134,14067,14900,15134,14405,12143,13621,1043.7,1067,8,12,443,172882.4
2025-10-05,LM-RJC,14226,13152,13934,14226,13377,11357,12803,981.1,1074,2,13,459,162752.36
2025-10-06,LM-RJC,22753,20704,21955,22753,19881,17696,20478,1569.2,2049,6,19,1279,275671.28
2025-10-07,LM-RJC,20719,19159,20298,20719,18984,16267,18647,1428.9,1560,6,6,790,228961.55
2025-10-08,LM-RJC,19731,18002,19087,19731,18269,15816,17758,1360.8,1729,6,13,798,221983.36
2025-10-09,LM-RJC,17878,16660,17643,17878,16609,14126,16090,1233.0,1218,5,18,671,185271.17
2025-10-10,LM-RJC,18691,17177,18205,18691,17594,14808,16822,1289.0,1514,1,23,646,218270.2
2025-10-11,LM-RJC,15887,14638,15512,15887,15040,12836,14298,1095.7,1249,6,18,454,186095.12
2025-10-12,LM-RJC,14309,13196,13983,14309,13231,11270,12878,986.8,1113,3,14,520,167850.07
2025-10-13,LM-RJC,21606,20041,21229,21606,19624,16600,19445,1490.1,1565,5,16,977,246001.68
2025-10-14,LM-RJC,20839,19257,20403,20839,19025,16482,18755,1437.2,1582,10,19,855,232665.99
2025-10-15,LM-RJC,19553,18178,19253,19553,18076,15656,17598,1348.5,1375,8,19,741,214672.6
2025-10-16,LM-RJC,18955,17602,18644,18955,17797,15120,17060,1307.2,1353,5,14,652,219605.45
2025-10-17,LM-RJC,18142,16678,17676,18142,17102,14379,16328,1251.2,1464,5,9,573,202481.74
2025-10-18,LM-RJC,15590,14332,15190,15590,14463,12381,14031,1075.2,1258,7,8,591,169450.76
2025-10-19,LM-RJC,15054,13896,14724,15054,13889,11996,13549,1038.2,1158,6,12,592,177315.33
2025-10-20,LM-RJC,23233,21212,22490,23233,20630,17858,20910,1602.3,2021,5,18,1210,263757.49
2025-10-21,LM-RJC,18902,17555,18595,18902,17780,14667,17012,1303.6,1347,5,12,667,216425.44
2025-10-22,LM-RJC,19467,18093,19164,19467,18226,15452,17520,1342.6,1374,5,9,644,199143.83
2025-10-23,LM-RJC,19380,17891,18957,19380,18424,15705,17442,1336.6,1489,6,11,601,221085.42
2025-10-24,LM-RJC,18503,17245,18263,18503,17406,14536,16653,1276.1,1258,2,24,644,208962.87
2025-10-25,LM-RJC,15614,14481,15340,15614,14948,12332,14053,1076.8,1133,5,4,448,187914.78
2025-10-26,LM-RJC,14135,13016,13794,14135,13066,11224,12722,974.8,1119,5,13,492,160437.68
2025-10-27,LM-RJC,22478,20545,21781,22478,20562,17685,20230,1550.2,1933,10,17,960,234444.5
2025-10-28,LM-RJC,22150,20488,21706,22150,20331,17352,19935,1527.6,1662,7,9,907,250970.21
2025-10-29,LM-RJC,18683,17478,18506,18683,18072,15288,16815,1288.5,1205,1,12,415,212184.44
2025-10-30,LM-RJC,19958,18220,19317,19958,18753,15789,17962,1376.4,1738,5,17,668,238140.09
2025-10-31,LM-RJC,18207,16875,17877,18207,17118,14598,16386,1255.7,1332,5,14,561,207297.45
2025-11-01,LM-RJC,15877,14508,15381,15877,14552,12687,14289,1095.0,1369,5,16,634,179752.22
2025-11-02,LM-RJC,14589,13418,14221,14589,13775,11640,13130,1006.1,1171,5,16,478,166160.25
2025-11-03,LM-RJC,22090,20393,21608,22090,20530,17754,19881,1523.4,1697,3,19,835,274629.92
2025-11-04,LM-RJC,21964,20251,21459,21964,20497,17647,19768,1514.8,1713,5,18,788,254972.06
2025-11-05,LM-RJC,20262,18627,19741,20262,19005,16216,18236,1397.4,1635,4,10,632,229770.94
2025-11-06,LM-RJC,20665,19052,20188,20665,19044,16317,18598,1425.2,1613,7,17,830,243652.24
2025-11-07,LM-RJC,19288,17967,19028,19288,18131,15698,17359,1330.2,1321,3,15,634,211573.29
2025-11-08,LM-RJC,16249,15039,15933,16249,15474,13209,14624,1120.6,1210,4,10,497,180997.81
2025-11-09,LM-RJC,16165,14952,15842,16165,15206,13055,14548,1114.8,1213,7,14,561,181294.63
2025-11-10,LM-RJC,22825,20985,22240,22825,20779,18055,20542,1574.1,1840,9,15,937,246585.81
2025-11-11,LM-RJC,21741,20197,21392,21741,20302,17240,19567,1499.4,1544,6,17,820,255352.35
2025-11-12,LM-RJC,19764,18229,19316,19764,18546,15430,17788,1363.0,1535,6,16,645,220184.63
2025-11-13,LM-RJC,19642,18253,19333,19642,18534,15855,17678,1354.6,1389,1,16,616,224580.29
2025-11-14,LM-RJC,18177,16781,17781,18177,17250,14553,16359,1253.6,1396,8,11,545,203853.73
2025-11-15,LM-RJC,16653,15415,16331,16653,15662,13382,14988,1148.5,1238,4,9,580,191955.01
2025-11-16,LM-RJC,14691,13413,14221,14691,13597,12066,13222,1013.2,1278,3,12,550,178858.32
2025-11-17,LM-RJC,23229,21000,22278,23229,20434,18450,20906,1602.0,2229,7,15,1257,264721.96
2025-11-18,LM-RJC,21109,19549,20710,21109,19797,17005,18998,1455.8,1560,4,23,690,237069.48
2025-11-19,LM-RJC,20911,19179,20329,20911,19147,16582,18820,1442.1,1732,9,26,841,229885.38
2025-11-20,LM-RJC,20227,18663,19776,20227,18749,16297,18204,1395.0,1564,3,20,792,228944.16
2025-11-21,LM-RJC,19934,18214,19311,19934,19004,16263,17941,1374.8,1720,7,14,602,214795.39
2025-11-22,LM-RJC,16602,15438,16352,16602,15459,13212,14942,1145.0,1164,5,17,553,197794.08
2025-11-23,LM-RJC,14563,13613,14414,14563,13678,11650,13107,1004.3,950,1,5,499,161934.33
2025-11-24,LM-RJC,58987,50944,54189,58987,47089,44754,53088,4068.1,8043,31,34,4877,671950.39
2025-11-25,LM-RJC,53293,47249,50180,53293,47810,41650,47964,3675.4,6044,26,41,2677,615697.22
2025-11-26,LM-RJC,51575,46912,49748,51575,46002,40266,46418,3556.9,4663,26,44,2571,605150.18
2025-11-27,LM-RJC,54266,48557,51541,54266,46948,41659,48839,3742.5,5709,31,37,3164,623139.7
2025-11-28,LM-RJC,50097,45885,48641,50097,45735,40694,45087,3455.0,4212,29,30,2131,594663.8
2025-11-29,LM-RJC,41297,38402,40674,41297,39208,32775,37167,2848.1,2895,15,28,1302,463251.79
2025-11-30,LM-RJC,38871,35993,38131,38871,36126,30615,34984,2680.8,2878,8,31,1422,432100.7
2025-12-01,LM-RJC,59534,52252,55526,59534,48300,44005,53581,4105.8,7282,34,44,4647,693454.93
2025-12-02,LM-RJC,20582,19251,20383,20582,19065,16595,18524,1419.4,1331,3,17,719,232464.31
2025-12-03,LM-RJC,19842,18620,19711,19842,18577,15757,17858,1368.4,1222,5,11,710,231617.42
2025-12-04,LM-RJC,20155,18934,20043,20155,18764,16318,18140,1390.0,1221,5,12,707,234364.39
2025-12-05,LM-RJC,19723,18145,19230,19723,18261,15780,17751,1360.2,1578,7,15,700,222162.96
2025-12-06,LM-RJC,16725,15596,16516,16725,15729,13686,15052,1153.4,1129,2,11,575,180542.97
2025-12-07,LM-RJC,14339,13283,14071,14339,13550,11453,12905,988.9,1056,6,7,453,166618.63
2025-12-08,LM-RJC,36036,31383,33365,36036,30217,27852,32432,2485.2,4653,12,25,2494,405279.98
2025-12-09,LM-RJC,33598,30435,32283,33598,29565,26788,30238,2317.1,3163,19,23,1853,385608.98
2025-12-10,LM-RJC,32137,29180,30948,32137,29920,26205,28923,2216.3,2957,12,24,1199,375670.68
2025-12-11,LM-RJC,32840,29812,31619,32840,29757,26472,29556,2264.8,3028,10,22,1502,400050.57
2025-12-12,LM-RJC,27418,25143,26651,27418,25887,22306,24676,1890.9,2275,7,23,844,336235.81
2025-12-13,LM-RJC,25001,23354,24729,25001,23657,20217,22501,1724.2,1647,10,14,760,287832.86
2025-12-14,LM-RJC,24806,22790,24154,24806,22738,19973,22325,1710.8,2016,10,17,1036,265770.34
2025-12-15,LM-RJC,33877,30320,32183,33877,30292,26390,30489,2336.3,3557,15,28,1697,378006.64
2025-12-16,LM-RJC,35447,31781,33730,35447,30517,27560,31902,2444.6,3666,17,22,2161,407901.09
2025-12-17,LM-RJC,32271,29494,31269,32271,29344,26191,29044,2225.6,2777,15,19,1418,365984.6
2025-12-18,LM-RJC,32187,29779,31549,32187,29307,25985,28968,2219.8,2408,9,23,1401,368620.05
2025-12-19,LM-RJC,29128,27124,28727,29128,28634,23597,26215,2008.8,2004,13,21,556,332798.68
2025-12-20,LM-RJC,26407,24630,26082,26407,24184,21225,23766,1821.2,1777,5,26,1055,288714.3
2025-12-21,LM-RJC,16360,15014,15913,16360,15550,13136,14724,1128.3,1346,7,14,452,190974.69
2025-12-22,LM-RJC,23459,21303,22593,23459,19953,18208,21113,1617.9,2156,9,14,1542,261936.76
2025-12-23,LM-RJC,22051,20576,21789,22051,19913,17893,19846,1520.8,1475,16,11,956,251951.84
2025-12-24,LM-RJC,20869,19145,20293,20869,19131,16344,18782,1439.2,1724,10,12,844,252970.86
2025-12-25,LM-RJC,19672,18198,19280,19672,18218,15578,17705,1356.7,1474,12,13,755,217321.6
2025-12-26,LM-RJC,19187,17735,18790,19187,18236,15627,17268,1323.2,1452,7,9,532,220086.53
2025-12-27,LM-RJC,16572,15361,16272,16572,16161,13689,14915,1142.9,1211,5,9,340,186525.89
2025-12-28,LM-RJC,16074,14954,15838,16074,14963,12921,14467,1108.6,1120,4,14,580,177056.44
2025-12-29,LM-RJC,24223,21767,23100,24223,20718,19222,21801,1670.6,2456,9,18,1498,281036.87
2025-12-30,LM-RJC,21183,19895,21060,21183,20117,17184,19065,1460.9,1288,6,8,656,234170.21
2025-12-31,LM-RJC,20702,18808,19947,20702,19258,16768,18632,1427.7,1894,5,6,748,244138.73
2026-01-01,LM-RJC,21460,19447,20627,21460,19983,17347,19314,1480.0,2013,6,14,773,252176.26
2026-01-02,LM-RJC,18893,17443,18482,18893,17723,15260,17004,1303.0,1450,5,7,630,227394.0
2026-01-03,LM-RJC,16275,15200,16095,16275,15341,13336,14648,1122.4,1075,6,10,548,189512.24
2026-01-04,LM-RJC,16066,14843,15727,16066,14881,12831,14459,1108.0,1223,1,9,615,187282.5
2026-01-05,LM-RJC,24235,21774,23107,24235,20810,19324,21812,1671.4,2461,7,17,1463,262504.28
2026-01-06,LM-RJC,22133,20153,21370,22133,19887,17873,19920,1526.4,1980,11,16,1068,261673.22
2026-01-07,LM-RJC,21886,20198,21401,21886,20352,17910,19697,1509.4,1688,7,17,802,256143.53
2026-01-08,LM-RJC,21135,19472,20634,21135,19282,17451,19022,1457.6,1663,6,14,931,236025.94
2026-01-09,LM-RJC,20085,18555,19659,20085,18843,16387,18076,1385.2,1530,2,15,664,242260.7
2026-01-10,LM-RJC,17181,15875,16820,17181,16532,14108,15463,1184.9,1306,6,13,440,201917.81
2026-01-11,LM-RJC,17352,16135,17089,17352,16159,14133,15617,1196.7,1217,6,10,617,198931.01
2026-01-12,LM-RJC,23505,21440,22733,23505,21019,18652,21154,1621.0,2065,5,14,1114,276293.24
2026-01-13,LM-RJC,20692,19017,20155,20692,19193,16721,18623,1427.0,1675,8,16,825,240343.21
2026-01-14,LM-RJC,22214,20551,21773,22214,20425,17730,19993,1532.0,1663,11,13,896,255058.09
2026-01-15,LM-RJC,20307,18781,19898,20307,19365,16888,18276,1400.5,1526,6,9,569,230397.78
2026-01-16,LM-RJC,19697,18051,19134,19697,18253,15742,17727,1358.4,1646,5,8,772,234445.31
2026-01-17,LM-RJC,17728,16445,17420,17728,16672,14286,15955,1222.6,1283,7,11,565,193118.74
2026-01-18,LM-RJC,15232,13955,14793,15232,13962,12249,13709,1050.5,1277,3,18,623,175688.76
2026-01-19,LM-RJC,22769,21165,22418,22769,20962,18143,20492,1570.3,1604,4,16,926,271212.09
2026-01-20,LM-RJC,21126,19464,20626,21126,19755,17036,19013,1457.0,1662,8,13,709,242452.11
2026-01-21,LM-RJC,20567,18861,19992,20567,19378,16698,18510,1418.4,1706,10,16,672,241412.62
2026-01-22,LM-RJC,21077,19905,21035,21077,19558,17259,18969,1453.6,1172,3,11,757,238329.74
2026-01-23,LM-RJC,20098,18606,19711,20098,18904,16095,18088,1386.1,1492,6,18,687,222191.64
2026-01-24,LM-RJC,17214,16050,16997,17214,16273,13976,15493,1187.2,1164,5,22,540,201286.06
2026-01-25,LM-RJC,15428,14263,15112,15428,14779,12721,13885,1064.0,1165,6,12,430,184123.27
2026-01-26,LM-RJC,22013,20564,21775,22013,20531,18013,19812,1518.1,1449,3,11,829,245831.62
2026-01-27,LM-RJC,22553,20978,22218,22553,20923,18894,20298,1555.4,1575,3,22,792,261136.23
2026-01-28,LM-RJC,20926,19316,20467,20926,19705,17396,18833,1443.2,1610,8,10,702,241192.17
2026-01-29,LM-RJC,21213,19766,20933,21213,19952,17671,19092,1463.0,1447,10,11,673,238550.55
2026-01-30,LM-RJC,20337,18981,20099,20337,19146,16304,18303,1402.6,1356,10,16,682,239400.24
2026-01-31,LM-RJC,17230,15888,16835,17230,16070,14088,15507,1188.3,1342,7,14,599,195456.31
2026-02-01,LM-RJC,16758,15499,16421,16758,15886,13840,15082,1155.7,1259,8,9,531,185189.97
2026-02-02,LM-RJC,24281,22815,24151,24281,22522,19443,21853,1674.6,1466,4,19,935,272048.07
2026-02-03,LM-RJC,23060,21362,22631,23060,21482,18728,20754,1590.3,1698,2,22,802,261685.94
2026-02-04,LM-RJC,20872,19469,20617,20872,19714,17265,18785,1439.4,1403,3,18,644,232403.56
2026-02-05,LM-RJC,20865,19421,20569,20865,19844,17321,18778,1439.0,1444,6,12,572,233440.35
2026-02-06,LM-RJC,20101,18747,19853,20101,18904,16701,18091,1386.3,1354,5,12,660,220433.03
2026-02-07,LM-RJC,17742,16535,17511,17742,17004,14648,15968,1223.6,1207,9,20,455,199856.07
2026-02-08,LM-RJC,16192,14669,15559,16192,15393,13221,14573,1116.7,1523,3,11,489,187453.36
2026-02-09,LM-RJC,24669,22728,24084,24669,22625,20154,22202,1701.3,1941,6,22,1004,274153.29
2026-02-10,LM-RJC,22559,20819,22060,22559,21179,18507,20303,1555.8,1740,2,9,807,249104.04
2026-02-11,LM-RJC,21435,19871,21050,21435,20267,17695,19292,1478.3,1564,4,8,661,236735.08
2026-02-12,LM-RJC,21732,19968,21164,21732,19918,17227,19559,1498.8,1764,6,11,913,247551.03
2026-02-13,LM-RJC,18679,17264,18291,18679,17333,15230,16811,1288.2,1415,5,11,727,209803.0
2026-02-14,LM-RJC,16558,15171,16081,16558,15930,13764,14902,1141.9,1387,2,16,435,180182.91
2026-02-15,LM-RJC,15657,14261,15123,15657,14898,12897,14091,1079.8,1396,6,7,469,172873.12
2026-02-16,LM-RJC,22377,21119,22332,22377,21247,18391,20139,1543.2,1258,4,19,639,252152.4
2026-02-17,LM-RJC,22358,20614,21844,22358,20896,18267,20122,1541.9,1744,3,17,799,252357.33
2026-02-18,LM-RJC,22215,20747,21969,22215,21083,18098,19994,1532.1,1468,5,15,610,251515.84
2026-02-19,LM-RJC,21029,19584,20741,21029,19319,17287,18926,1450.3,1445,9,15,888,250352.23
2026-02-20,LM-RJC,20335,18751,19869,20335,19332,16704,18302,1402.4,1584,10,15,638,233998.08
2026-02-21,LM-RJC,18111,16946,17942,18111,17244,14488,16300,1249.0,1165,3,11,518,193920.64
2026-02-22,LM-RJC,17380,15968,16924,17380,16184,14114,15642,1198.6,1412,3,15,617,194955.62
2026-02-23,LM-RJC,24448,22602,23946,24448,22294,19663,22003,1686.1,1846,8,13,1045,281727.64
2026-02-24,LM-RJC,24126,22420,23747,24126,22862,19805,21713,1663.9,1706,10,13,713,268919.64
2026-02-25,LM-RJC,21843,20210,21411,21843,20797,17898,19659,1506.4,1633,7,16,622,241576.51
2026-02-26,LM-RJC,20737,19159,20299,20737,19517,17031,18663,1430.1,1578,7,13,673,242993.68
2026-02-27,LM-RJC,19889,18125,19219,19889,19289,16592,17900,1371.7,1764,8,6,449,225375.65
2026-02-28,LM-RJC,16638,15480,16395,16638,15764,13593,14974,1147.4,1158,5,13,491,184243.85
2026-03-01,LM-RJC,16185,15075,15965,16185,15147,13300,14566,1116.2,1110,7,14,535,179204.4
2026-03-02,LM-RJC,24340,22433,23771,24340,22913,20200,21906,1678.6,1907,9,19,788,291992.7
2026-03-03,LM-RJC,23819,22188,23498,23819,22955,19709,21437,1642.7,1631,4,16,607,261413.28
2026-03-04,LM-RJC,23217,21516,22793,23217,22106,19360,20895,1601.2,1701,11,18,649,262853.94
2026-03-05,LM-RJC,20447,19072,20196,20447,19486,17196,18402,1410.1,1375,5,14,594,231240.75
2026-03-06,LM-RJC,20710,19270,20409,20710,19045,16719,18639,1428.3,1440,1,16,851,240350.05
2026-03-07,LM-RJC,17005,15694,16630,17005,15834,14008,15304,1172.8,1311,6,11,566,189333.1
2026-03-08,LM-RJC,17080,16050,16989,17080,16077,14429,15372,1177.9,1030,6,14,532,188457.89
2026-03-09,LM-RJC,34548,31742,33642,34548,31556,28247,31093,2382.6,2806,12,33,1484,404640.95
2026-03-10,LM-RJC,30531,27595,29274,30531,28599,24884,27478,2105.6,2936,5,24,1054,377819.91
2026-03-11,LM-RJC,31836,28864,30615,31836,29115,26134,28652,2195.6,2972,12,23,1408,359933.0
2026-03-12,LM-RJC,29614,27485,29114,29614,27781,24357,26653,2042.3,2129,11,16,947,330699.34
2026-03-13,LM-RJC,28228,25663,27216,28228,26819,23027,25405,1946.8,2565,10,14,824,348489.75
2026-03-14,LM-RJC,23919,22019,23335,23919,22039,19547,21527,1649.6,1900,5,9,934,270333.56
2026-03-15,LM-RJC,23115,21563,22834,23115,21656,18790,20804,1594.1,1552,11,16,801,260014.67
2026-03-16,LM-RJC,25307,22964,24356,25307,23693,20446,22776,1745.3,2343,5,15,851,292837.69
2026-03-17,LM-RJC,23281,21496,22776,23281,22284,19563,20953,1605.6,1785,3,12,625,269155.63
2026-03-18,LM-RJC,22407,20715,21947,22407,21162,18018,20166,1545.3,1692,8,13,702,257678.42
2026-03-19,LM-RJC,22011,20123,21333,22011,20696,18495,19810,1518.0,1888,6,23,698,259792.84
2026-03-20,LM-RJC,21621,20038,21227,21621,20295,17981,19459,1491.1,1583,10,12,706,236212.58
2026-03-21,LM-RJC,17638,16291,17261,17638,16565,14839,15874,1216.4,1347,7,12,566,200046.21
2026-03-22,LM-RJC,16117,14978,15864,16117,15358,13665,14505,1111.5,1139,4,19,478,189540.04
2026-03-23,LM-RJC,26015,24055,25485,26015,24428,21799,23414,1794.1,1960,7,14,849,276481.17
2026-03-24,LM-RJC,23298,21471,22752,23298,21569,19061,20968,1606.8,1827,10,13,836,255808.14
2026-03-25,LM-RJC,23149,21471,22745,23149,21663,18978,20834,1596.5,1678,8,17,784,269465.02
2026-03-26,LM-RJC,22154,20689,21908,22154,21479,18583,19939,1527.9,1465,7,18,515,252374.56
2026-03-27,LM-RJC,20690,19338,20476,20690,19717,17425,18621,1426.9,1352,6,18,614,230463.81
2026-03-28,LM-RJC,18174,16887,17887,18174,17011,15368,16357,1253.4,1287,8,14,630,208943.7
2026-03-29,LM-RJC,18261,16996,18001,18261,17366,15009,16435,1259.4,1265,2,6,524,210564.25
2026-03-30,LM-RJC,27056,24902,26390,27056,25355,22608,24350,1865.9,2154,6,15,908,301207.64
2026-03-31,LM-RJC,23765,21939,23246,23765,22296,19688,21388,1639.0,1826,6,17,834,270834.24
2026-04-01,LM-RJC,22534,20918,22157,22534,21547,18811,20281,1554.1,1616,5,11,584,247704.96
2026-04-02,LM-RJC,22815,21151,22406,22815,21674,19141,20534,1573.4,1664,4,12,676,268937.72
2026-04-03,LM-RJC,20286,18865,19981,20286,19844,16563,18257,1399.0,1421,6,17,378,219856.36
2026-04-04,LM-RJC,18269,17101,18106,18269,17074,15125,16442,1259.9,1168,4,15,679,206163.18
2026-04-05,LM-RJC,17177,15898,16842,17177,16366,14113,15459,1184.6,1279,3,9,513,200110.56
2026-04-06,LM-RJC,25647,23501,24911,25647,23738,21346,23082,1768.8,2146,12,18,958,310531.13
2026-04-07,LM-RJC,23148,21314,22587,23148,21528,19208,20833,1596.4,1834,7,25,802,262135.06
2026-04-08,LM-RJC,21283,19767,20938,21283,20505,18201,19155,1467.8,1516,5,16,558,261228.5
2026-04-09,LM-RJC,20509,18972,20100,20509,19667,17471,18458,1414.4,1537,8,16,536,224867.32
2026-04-10,LM-RJC,20203,18575,19686,20203,19254,16750,18183,1393.3,1628,6,15,580,233855.64
2026-04-11,LM-RJC,17872,16586,17569,17872,17200,15035,16085,1232.6,1286,5,12,377,198067.41
2026-04-12,LM-RJC,17114,15805,16746,17114,16343,14586,15403,1180.3,1309,6,15,493,203564.8
2026-04-13,LM-RJC,27244,25421,26920,27244,25640,22788,24520,1878.9,1823,12,13,880,306413.74
2026-04-14,LM-RJC,24910,23415,24785,24910,23968,21081,22419,1717.9,1495,7,18,611,271132.34
2026-04-15,LM-RJC,21905,20543,21748,21905,20542,18564,19714,1510.7,1362,9,14,717,255279.84
2026-04-16,LM-RJC,22513,20791,22029,22513,21547,19196,20262,1552.6,1722,14,20,609,251195.19
2026-04-17,LM-RJC,20846,19303,20450,20846,19968,17519,18761,1437.7,1543,9,16,559,226086.82
2026-04-18,LM-RJC,18086,16637,17632,18086,16910,15222,16277,1247.3,1449,7,10,639,202598.0
2026-04-19,LM-RJC,17504,16433,17396,17504,16284,14678,15754,1207.2,1071,4,15,595,201985.77
2026-04-20,LM-RJC,26218,24443,25885,26218,24995,22405,23596,1808.1,1775,6,17,721,293066.35
2026-04-21,LM-RJC,23833,22471,23782,23833,22747,20003,21450,1643.7,1362,6,20,646,262923.29
2026-04-22,LM-RJC,23647,22140,23440,23647,22285,20030,21282,1630.8,1507,6,12,763,264623.91
2026-04-23,LM-RJC,21476,19956,21137,21476,20300,17859,19328,1481.1,1520,6,14,649,223616.19
2026-04-24,LM-RJC,21274,19577,20747,21274,19929,17820,19147,1467.2,1697,9,15,665,260172.95
2026-04-25,LM-RJC,20044,18744,19846,20044,18946,16939,18040,1382.3,1300,7,10,596,223614.17
2026-04-26,LM-RJC,17628,16713,17593,17628,16966,14969,15865,1215.7,915,2,12,430,201281.22
2026-04-27,LM-RJC,27105,25469,26960,27105,25551,22737,24394,1869.3,1636,7,24,864,315362.81
2026-04-28,LM-RJC,24337,22709,24048,24337,22880,20316,21903,1678.4,1628,12,11,768,262898.54
2026-04-29,LM-RJC,23397,21999,23286,23397,21797,19642,21057,1613.6,1398,9,16,767,250099.27
2026-04-30,LM-RJC,22454,21102,22337,22454,21316,18947,20209,1548.6,1352,2,19,635,261419.11
2026-05-01,LM-RJC,28706,27095,28649,28706,27782,24292,25835,1979.7,1611,9,15,671,310287.11
2026-05-02,LM-RJC,24267,22555,23890,24267,23158,20566,21840,1673.6,1712,10,11,635,267276.79
2026-05-03,LM-RJC,24108,22635,23961,24108,22791,19838,21697,1662.6,1473,4,17,669,261013.41
2026-05-04,LM-RJC,34000,31480,33350,34000,32275,28683,30600,2344.8,2520,16,32,953,344536.38
2026-05-05,LM-RJC,33706,31132,32986,33706,32279,27820,30335,2324.6,2574,10,25,794,372706.21
2026-05-06,LM-RJC,32317,30445,32223,32317,30301,26724,29085,2228.8,1872,9,28,982,355350.75
2026-05-07,LM-RJC,30941,29281,30879,30941,29308,26069,27847,2133.9,1660,3,29,911,350755.5
2026-05-08,LM-RJC,28754,26973,28555,28754,27335,24155,25879,1983.0,1781,5,20,708,312377.6
2026-05-09,LM-RJC,25490,23906,25308,25490,24418,21064,22941,1757.9,1584,6,12,638,275239.13
2026-05-10,LM-RJC,23629,22243,23543,23629,22286,19364,21266,1629.6,1386,3,12,676,263343.33
2026-05-11,LM-RJC,26964,25546,26910,26964,25274,22464,24268,1859.6,1418,6,21,868,302402.26
2026-05-12,LM-RJC,22967,21728,22921,22967,21548,18805,20670,1583.9,1239,3,18,663,241887.94
2026-05-13,LM-RJC,22923,21605,22866,22923,21988,19040,20631,1580.9,1318,4,13,581,235386.48
2026-05-14,LM-RJC,21174,20019,21132,21174,19791,17577,19057,1460.3,1155,5,17,661,246016.09
2026-05-15,LM-RJC,20507,19416,20466,20507,19391,17403,18456,1414.3,1091,4,12,601,233330.41
2026-05-16,LM-RJC,19586,18293,19370,19586,18055,16064,17627,1350.8,1293,3,14,683,209601.89
2026-05-17,LM-RJC,18354,17357,18317,18354,17681,15137,16519,1265.8,997,2,12,374,197081.97
2026-05-18,LM-RJC,25599,23893,25301,25599,24315,21893,23039,1765.4,1706,6,20,703,278581.25
2026-05-19,LM-RJC,23383,22222,23336,23383,22056,19834,21045,1612.6,1161,3,18,634,245829.12
2026-05-20,LM-RJC,20909,19846,20867,20909,20040,17746,18818,1442.0,1063,7,18,466,221492.66
2026-05-21,LM-RJC,22455,21200,22410,22455,21494,18964,20210,1548.6,1255,6,13,549,241546.92
2026-05-22,LM-RJC,23608,22258,23556,23608,22477,20403,21247,1628.1,1350,4,15,623,243836.59
2026-05-23,LM-RJC,19087,18182,19049,19087,18422,16247,17178,1316.3,905,7,11,423,219074.33
2026-05-24,LM-RJC,17549,16617,17514,17549,16469,14739,15794,1210.3,932,6,12,528,178919.28
2026-05-25,LM-RJC,26841,25424,26787,26841,25811,22692,24157,1851.1,1417,8,12,627,269681.41
2026-05-26,LM-RJC,23467,22251,23420,23467,22166,19850,21120,1618.4,1216,6,22,613,258057.44
2026-05-27,LM-RJC,23220,22039,23174,23220,22350,19519,20898,1601.4,1181,6,14,491,245190.12
2026-05-28,LM-RJC,23103,22061,23057,23103,22449,19924,20793,1593.3,1042,4,14,425,249031.29
2026-05-29,LM-RJC,21824,20424,21625,21824,20298,18554,19642,1505.1,1400,4,14,713,234138.93
2026-05-30,LM-RJC,19434,18399,19395,19434,18270,16588,17491,1340.3,1035,4,12,583,204759.73
2026-05-31,LM-RJC,18219,17014,18016,18219,17743,15526,16397,1256.5,1205,6,14,287,194582.47
2026-06-01,LM-RJC,27185,25850,27131,27185,25451,22934,24466,1874.8,1335,4,26,835,292122.53
2026-06-02,LM-RJC,24366,22995,24317,24366,23146,20261,21929,1680.4,1371,4,17,580,268309.91
2026-06-03,LM-RJC,24341,23107,24292,24341,23328,20334,21907,1678.7,1234,3,21,567,252459.61
2026-06-04,LM-RJC,24476,23081,24427,24476,23104,20825,22028,1688.0,1395,7,15,653,264080.33
2026-06-05,LM-RJC,21268,20051,21221,21268,20448,18259,19141,1466.8,1217,6,14,442,223005.66
2026-06-06,LM-RJC,18428,17425,18391,18428,17575,15286,16585,1270.9,1003,4,18,459,193429.75
2026-06-07,LM-RJC,18953,17992,18915,18953,18065,15808,17058,1307.1,961,3,8,481,195374.41
2026-06-08,LM-RJC,26538,25307,26485,26538,25050,22149,23884,1830.2,1231,5,18,733,277754.57
2026-06-09,LM-RJC,26345,24863,26292,26345,25230,22455,23710,1816.9,1482,2,23,601,269054.36
2026-06-10,LM-RJC,23368,22199,23321,23368,21729,19516,21031,1611.6,1169,2,17,798,238450.18
2026-06-11,LM-RJC,24476,23300,24427,24476,23772,20617,22028,1688.0,1176,3,12,477,251121.98
2026-06-12,LM-RJC,22245,21039,22201,22245,20446,18531,20020,1534.1,1206,2,10,784,219254.22
2026-06-13,LM-RJC,19301,18374,19262,19301,18484,16336,17371,1331.1,927,1,18,445,197557.06
2026-06-14,LM-RJC,19209,18063,19119,19209,18254,16451,17288,1324.8,1146,3,12,499,200337.95
2026-06-15,LM-RJC,26531,25023,26478,26531,25165,22399,23878,1829.7,1508,9,18,677,283390.96
2026-06-16,LM-RJC,24424,23374,24375,24424,23702,21233,21982,1684.4,1050,0,13,473,245484.9
2026-06-17,LM-RJC,23498,21949,23241,23498,22249,19417,21148,1620.6,1549,8,16,651,248806.43
2026-06-18,LM-RJC,23795,22544,23747,23795,22841,20370,21416,1641.0,1251,5,16,548,253266.21
2026-06-19,LM-RJC,21050,20006,21008,21050,19855,18249,18945,1451.7,1044,1,18,570,219294.85
2026-06-20,LM-RJC,19668,18718,19629,19668,18408,16565,17701,1356.4,950,3,9,595,207464.59
2026-06-21,LM-RJC,17971,17110,17935,17971,17005,15178,16174,1239.4,861,4,14,489,189553.44
2026-06-22,LM-RJC,28112,26668,28056,28112,26989,23775,25301,1938.8,1444,3,29,595,291698.04
2026-06-23,LM-RJC,23273,22054,23226,23273,22275,19479,20946,1605.0,1219,2,14,535,239224.15
2026-06-24,LM-RJC,23349,22052,23302,23349,21905,19981,21014,1610.3,1297,2,19,673,246376.98
2026-06-25,LM-RJC,22169,21312,22125,22169,21305,18742,19952,1528.9,857,5,10,468,223163.59
2026-06-26,LM-RJC,21752,20795,21708,21752,20653,18675,19577,1500.1,957,1,15,529,211472.15
2026-06-27,LM-RJC,19518,18596,19479,19518,18138,16524,17566,1346.1,922,4,12,670,199234.54
2026-06-28,LM-RJC,18306,17396,18269,18306,17661,15776,16475,1262.5,910,3,15,384,187880.34
2026-06-29,LM-RJC,26941,25505,26887,26941,25620,22662,24247,1858.0,1436,6,27,662,282874.31
2026-06-30,LM-RJC,25407,24153,25356,25407,24286,21747,22866,1752.2,1254,1,21,582,265737.89
2026-07-01,LM-RJC,24321,22967,24272,24321,22945,20635,21889,1677.3,1354,5,13,673,249279.51
2026-07-02,LM-RJC,22858,21962,22812,22858,21757,19508,20572,1576.4,896,5,20,568,237453.46
2026-07-03,LM-RJC,23086,21819,23040,23086,21708,18991,20777,1592.1,1267,7,9,619,247434.4
2026-07-04,LM-RJC,19913,18771,19866,19913,19193,17153,17922,1373.3,1142,5,16,423,206770.68
2026-07-05,LM-RJC,18778,18258,18740,18778,17983,16459,16900,1295.0,520,1,7,428,187726.09
2026-07-06,LM-RJC,27871,26494,27815,27871,26989,23560,25084,1922.1,1377,7,24,500,285998.05
2026-07-07,LM-RJC,25962,24551,25910,25962,24779,22403,23366,1790.5,1411,6,24,590,275971.55
2026-07-08,LM-RJC,26019,24904,25967,26019,24717,22110,23417,1794.4,1115,3,20,689,257435.15
2026-07-09,LM-RJC,23759,22394,23701,23759,22810,20087,21383,1638.6,1365,9,14,513,252218.28
2026-07-10,LM-RJC,22415,21230,22370,22415,21284,18948,20174,1545.9,1185,5,12,564,228781.02
2026-07-11,LM-RJC,19058,18252,19020,19058,18284,16592,17152,1314.3,806,6,10,424,203088.38
2026-07-12,LM-RJC,17962,17373,17926,17962,17261,15441,16166,1238.8,589,2,11,434,185874.57
2026-07-13,LM-RJC,26299,25233,26246,26299,24704,22306,23669,1813.7,1066,4,18,770,275656.65
2026-07-14,LM-RJC,25041,23976,24991,25041,23890,21009,22537,1727.0,1065,3,11,593,264969.97
2026-07-15,LM-RJC,24368,23448,24319,24368,23901,21195,21931,1680.6,920,3,20,358,258415.42
2026-07-16,LM-RJC,24250,23052,24202,24250,23143,21002,21825,1672.4,1198,4,17,567,256625.92
2026-07-17,LM-RJC,22830,21516,22772,22830,21398,19463,20547,1574.5,1314,7,16,654,229738.06
2026-07-18,LM-RJC,19159,18161,19121,19159,18491,16247,17243,1321.3,998,3,15,376,202186.64
2026-07-19,LM-RJC,19333,18608,19294,19333,18445,16646,17400,1333.3,725,2,10,479,189991.23
2026-07-20,LM-RJC,28371,26802,28314,28371,26064,24462,25534,1956.6,1569,9,21,1003,282491.69
2026-07-21,LM-RJC,25849,24611,25797,25849,24747,22120,23264,1782.7,1238,10,17,588,265077.28
2026-07-22,LM-RJC,24009,22893,23961,24009,22916,20813,21608,1655.8,1116,4,16,572,255764.03
2026-07-23,LM-RJC,24571,23497,24522,24571,22735,20746,22114,1694.6,1074,2,18,831,250981.33
2026-07-24,LM-RJC,23072,22095,23026,23072,22174,19783,20765,1591.2,977,2,13,567,230492.34
2026-07-25,LM-RJC,18798,18010,18760,18798,17994,16169,16918,1296.4,788,4,8,429,195828.02
2026-07-26,LM-RJC,18806,18323,18768,18806,17953,16056,16925,1297.0,483,3,12,439,188019.59
2026-07-27,LM-RJC,28070,26922,28014,28070,26292,23768,25263,1935.9,1148,6,15,800,290527.32
2026-07-28,LM-RJC,25320,24407,25269,25320,24245,21750,22788,1746.2,913,6,12,592,258764.97
2026-07-29,LM-RJC,24876,23740,24826,24876,24286,21772,22388,1715.6,1136,4,20,403,246946.02
2026-07-30,LM-RJC,23012,22276,22966,23012,21496,19603,20711,1587.0,736,6,17,726,241486.58
2026-07-31,LM-RJC,24132,22894,24084,24132,22359,20469,21719,1664.3,1238,6,13,799,234831.73
2026-08-01,LM-RJC,20785,19982,20743,20785,19277,17689,18706,1433.4,803,4,14,655,205659.19
2026-08-02,LM-RJC,18792,17920,18754,18792,18017,16464,16913,1296.0,872,4,18,434,195397.35
2026-08-03,LM-RJC,28331,27236,28274,28331,26093,23725,25498,1953.9,1095,2,26,1069,312558.1
2026-08-04,LM-RJC,24077,23075,24029,24077,22850,20802,21669,1660.5,1002,6,16,627,231748.05
2026-08-05,LM-RJC,23849,22982,23801,23849,22678,20666,21464,1644.8,867,2,22,617,240747.37
2026-08-06,LM-RJC,24136,23129,24088,24136,22836,20636,21722,1664.6,1007,2,21,618,227711.06
2026-08-07,LM-RJC,22317,21302,22272,22317,20815,19291,20085,1539.1,1015,7,11,750,225875.91
2026-08-08,LM-RJC,20531,19751,20490,20531,19412,17784,18478,1415.9,780,2,12,573,203748.87
2026-08-09,LM-RJC,20402,19368,20361,20402,19325,17668,18362,1407.0,1034,9,12,535,207918.63
2026-08-10,LM-RJC,26979,25435,26919,26979,25150,22658,24281,1860.6,1544,9,12,811,287029.87
2026-08-11,LM-RJC,25671,24128,25540,25671,24542,21968,23104,1770.4,1543,7,18,626,269009.82
2026-08-12,LM-RJC,25203,24399,25153,25203,23767,21425,22683,1738.1,804,5,19,685,251057.26
2026-08-13,LM-RJC,25911,24804,25859,25911,24372,22371,23320,1787.0,1107,6,12,737,267678.63
2026-08-14,LM-RJC,22323,21406,22278,22323,21172,19378,20091,1539.5,917,4,16,574,226030.49
2026-08-15,LM-RJC,20321,19370,20280,20321,19157,17369,18289,1401.4,951,4,11,573,199335.71
2026-08-16,LM-RJC,20401,19544,20360,20401,19793,17639,18361,1407.0,857,4,12,443,205618.55
2026-08-17,LM-RJC,26664,25355,26611,26664,25086,23443,23998,1838.9,1309,3,11,773,273802.16
2026-08-18,LM-RJC,25407,24284,25356,25407,24327,21979,22866,1752.2,1123,5,9,644,285092.66
2026-08-19,LM-RJC,24769,23368,24719,24769,23736,21503,22292,1708.2,1401,2,19,502,261371.24
2026-08-20,LM-RJC,24220,22839,24171,24220,22530,20624,21798,1670.3,1381,8,14,783,251079.07
2026-08-21,LM-RJC,24122,22846,24074,24122,23179,21184,21710,1663.6,1276,6,24,543,231052.52
2026-08-22,LM-RJC,20434,19421,20393,20434,19836,17832,18391,1409.2,1013,2,19,382,207568.57
2026-08-23,LM-RJC,18091,17477,18055,18091,17121,15594,16282,1247.7,614,6,7,510,189018.17
2026-08-24,LM-RJC,28977,28232,28919,28977,27177,24910,26079,1998.4,745,6,25,824,293718.81
2026-08-25,LM-RJC,26212,25286,26160,26212,24484,22336,23591,1807.7,926,4,20,808,271556.27
2026-08-26,LM-RJC,26415,24684,26137,26415,25235,22571,23774,1821.7,1731,1,17,607,272412.49
2026-08-27,LM-RJC,24267,23520,24218,24267,23713,21158,21840,1673.6,747,5,14,386,249668.52
2026-08-28,LM-RJC,23065,22010,23019,23065,21389,20067,20758,1590.7,1055,7,17,793,219821.07
2026-08-29,LM-RJC,20765,19646,20723,20765,19547,17790,18688,1432.1,1119,2,20,612,219715.18
2026-08-30,LM-RJC,19919,19329,19879,19919,19100,17460,17927,1373.7,590,2,10,480,203304.1
2026-08-31,LM-RJC,29077,27746,29019,29077,27485,24933,26169,2005.3,1331,9,27,823,302382.82
2026-09-01,LM-RJC,25319,24061,25268,25319,23457,21172,22787,1746.1,1258,7,20,829,255823.51
2026-09-02,LM-RJC,25912,24701,25860,25912,24713,22273,23321,1787.0,1211,9,12,624,264586.01
2026-09-03,LM-RJC,24052,22964,24004,24052,23382,20570,21647,1658.8,1088,5,17,397,246846.16
2026-09-04,LM-RJC,23922,22996,23874,23922,23546,21134,21530,1649.8,926,2,11,318,238209.97
2026-09-05,LM-RJC,19475,18667,19436,19475,18318,16406,17528,1343.1,808,4,15,562,190560.67
2026-09-06,LM-RJC,19818,18877,19778,19818,18919,17177,17836,1366.8,941,3,9,488,192589.39
2026-09-07,LM-RJC,27980,26397,27924,27980,26759,24041,25182,1929.7,1583,8,18,659,281453.31
2026-09-08,LM-RJC,25847,24595,25795,25847,24997,22345,23262,1782.6,1252,5,13,517,253210.81
2026-09-09,LM-RJC,26219,25138,26167,26219,25102,22973,23597,1808.2,1081,6,26,608,257076.8
2026-09-10,LM-RJC,25311,24094,25260,25311,24345,21972,22780,1745.6,1217,5,15,508,265772.37
2026-09-11,LM-RJC,23351,22371,23304,23351,21841,20078,21016,1610.4,980,3,16,737,245529.08
2026-09-12,LM-RJC,21662,20732,21619,21662,20602,18736,19496,1493.9,930,2,12,507,214997.13
2026-09-13,LM-RJC,19323,18647,19284,19323,18778,16801,17391,1332.6,676,4,14,374,200619.53
2026-09-14,LM-RJC,28991,27803,28933,28991,27192,24749,26092,1999.4,1188,7,15,856,288902.57
2026-09-15,LM-RJC,27475,26462,27420,27475,25774,23223,24728,1894.8,1013,7,21,803,271687.85
2026-09-16,LM-RJC,25169,24048,25119,25169,24121,21975,22652,1735.8,1121,7,14,582,255478.88
2026-09-17,LM-RJC,25660,24852,25609,25660,24200,22249,23094,1769.7,808,0,25,701,250235.0
2026-09-18,LM-RJC,23553,22466,23506,23553,22160,20607,21198,1624.3,1087,5,17,665,234255.77
2026-09-19,LM-RJC,20435,19436,20394,20435,19237,17736,18392,1409.3,999,5,19,579,213864.74
2026-09-20,LM-RJC,20680,19985,20639,20680,19941,17944,18612,1426.2,695,1,9,457,208560.03
2026-09-21,LM-RJC,28065,26735,28009,28065,27027,24426,25258,1935.5,1330,4,17,620,285364.15
2026-09-22,LM-RJC,25064,23796,25014,25064,23694,21846,22558,1728.6,1268,6,18,643,250651.1
2026-09-23,LM-RJC,27335,25946,27280,27335,26116,24073,24602,1885.2,1389,9,20,634,272642.75
2026-09-24,LM-RJC,27655,26370,27600,27655,25906,23762,24890,1907.2,1285,3,23,851,278856.29
2026-09-25,LM-RJC,23797,22730,23749,23797,22408,20852,21417,1641.2,1067,6,9,641,244507.5
2026-09-26,LM-RJC,19440,18661,19401,19440,18886,17014,17496,1340.7,779,3,16,340,196742.77
2026-09-27,LM-RJC,19637,18899,19598,19637,18593,16904,17673,1354.3,738,2,14,495,200057.59
2026-09-28,LM-RJC,29001,27760,28943,29001,27409,24959,26101,2000.1,1241,4,28,779,275171.56
2026-09-29,LM-RJC,27351,26357,27296,27351,25660,23574,24616,1886.3,994,6,23,814,265247.66
2026-09-30,LM-RJC,25011,24079,24961,25011,23623,21687,22510,1724.9,932,1,15,692,245598.82
2025-01-01,LM-CWB,10990,10199,10804,10990,9977,6997,9891,757.9,791,5,11,509,132954.83
2025-01-02,LM-CWB,10763,9983,10575,10763,9853,6711,9687,742.3,780,2,4,465,131305.78
2025-01-03,LM-CWB,9523,8852,9376,9523,8679,6007,8571,656.8,671,2,7,418,113514.69
2025-01-04,LM-CWB,8893,8205,8694,8893,8108,5568,8004,613.3,688,1,9,375,105055.9
2025-01-05,LM-CWB,8858,8200,8687,8858,8560,5678,7972,610.9,658,4,2,172,113770.41
2025-01-06,LM-CWB,12268,11500,12175,12268,11444,7776,11041,846.1,768,2,4,445,155989.88
2025-01-07,LM-CWB,11326,10479,11102,11326,10914,7285,10193,781.1,847,5,7,290,137311.73
2025-01-08,LM-CWB,10780,9831,10424,10780,9972,6786,9702,743.4,949,2,4,405,137670.84
2025-01-09,LM-CWB,10859,10081,10679,10859,9960,6900,9773,748.9,778,1,4,473,132391.68
2025-01-10,LM-CWB,9494,8861,9383,9494,8859,6192,8545,654.8,633,1,5,369,114151.3
2025-01-11,LM-CWB,8781,8193,8676,8781,7961,5576,7903,605.6,588,2,6,369,108095.9
2025-01-12,LM-CWB,8198,7564,8015,8198,7870,5268,7378,565.4,634,4,5,207,101391.02
2025-01-13,LM-CWB,13058,12055,12773,13058,12140,8475,11752,900.6,1003,1,15,497,167551.56
2025-01-14,LM-CWB,11457,10658,11289,11457,10714,7446,10311,790.1,799,1,7,397,132161.85
2025-01-15,LM-CWB,11532,10679,11313,11532,10632,7426,10379,795.3,853,3,8,489,142280.41
2025-01-16,LM-CWB,10278,9547,10112,10278,9893,6682,9250,708.8,731,1,6,241,136383.47
2025-01-17,LM-CWB,10374,9554,10125,10374,9543,6631,9337,715.4,820,2,4,433,120724.21
2025-01-18,LM-CWB,8879,8236,8724,8879,7996,5653,7991,612.3,643,2,6,417,108534.49
2025-01-19,LM-CWB,8105,7467,7912,8105,7802,5335,7294,559.0,638,2,5,205,100141.14
2025-01-20,LM-CWB,12411,11462,12144,12411,11407,7799,11170,855.9,949,5,14,509,155321.81
2025-01-21,LM-CWB,12086,11088,11753,12086,11346,7725,10877,833.5,998,3,12,390,154353.97
2025-01-22,LM-CWB,10835,9961,10557,10835,10472,7120,9752,747.2,874,3,2,254,135846.17
2025-01-23,LM-CWB,10116,9256,9812,10116,9750,6561,9104,697.7,860,3,5,235,132560.62
2025-01-24,LM-CWB,10217,9338,9900,10217,9556,6550,9195,704.6,879,3,8,354,126438.23
2025-01-25,LM-CWB,8553,7855,8326,8553,8373,5650,7698,589.9,698,4,7,157,110202.47
2025-01-26,LM-CWB,8307,7709,8165,8307,8140,5340,7476,572.9,598,0,5,150,102810.94
2025-01-27,LM-CWB,12371,11464,12144,12371,11394,7997,11134,853.2,907,2,10,491,157503.63
2025-01-28,LM-CWB,10964,10206,10809,10964,10154,6900,9868,756.1,758,1,9,404,133502.05
2025-01-29,LM-CWB,10399,9586,10158,10399,10255,6768,9359,717.2,813,3,9,162,126193.69
2025-01-30,LM-CWB,10997,10056,10661,10997,10551,6949,9897,758.4,941,1,6,278,132187.28
2025-01-31,LM-CWB,10094,9362,9917,10094,9268,6382,9085,696.1,732,1,2,419,124560.11
2025-02-01,LM-CWB,8086,7478,7923,8086,7328,5172,7277,557.7,608,4,4,377,98542.46
2025-02-02,LM-CWB,8689,8029,8507,8689,7942,5544,7820,599.2,660,6,5,364,109321.44
2025-02-03,LM-CWB,12597,11556,12249,12597,11408,7957,11337,868.8,1041,1,8,603,160611.44
2025-02-04,LM-CWB,11435,10548,11177,11435,10624,7374,10292,788.6,887,2,4,440,146952.06
2025-02-05,LM-CWB,10575,9832,10413,10575,9702,6790,9518,729.3,743,3,9,410,134601.35
2025-02-06,LM-CWB,11195,10261,10877,11195,10333,7036,10076,772.1,934,6,5,476,144539.2
2025-02-07,LM-CWB,10468,9548,10124,10468,10212,6953,9421,721.9,920,4,6,231,133826.36
2025-02-08,LM-CWB,9679,8963,9495,9679,8703,6185,8711,667.5,716,2,5,474,116374.13
2025-02-09,LM-CWB,8630,7934,8408,8630,8397,5510,7767,595.2,696,4,6,154,108641.11
2025-02-10,LM-CWB,12721,11833,12532,12721,11791,8359,11449,877.3,888,5,11,466,154546.74
2025-02-11,LM-CWB,11727,10820,11465,11727,10751,7454,10554,808.8,907,5,7,474,145544.43
2025-02-12,LM-CWB,11469,10525,11155,11469,10428,7180,10322,791.0,944,2,11,528,143090.25
2025-02-13,LM-CWB,11179,10352,10966,11179,10795,7142,10061,771.0,827,4,7,250,128725.19
2025-02-14,LM-CWB,10857,10040,10637,10857,9974,6772,9771,748.8,817,2,10,486,130965.14
2025-02-15,LM-CWB,8822,8158,8643,8822,8541,5715,7940,608.4,664,2,4,217,108199.02
2025-02-16,LM-CWB,8424,7728,8192,8424,8055,5410,7582,581.0,696,4,5,219,96438.12
2025-02-17,LM-CWB,12411,11585,12267,12411,11333,7785,11170,855.9,826,5,9,522,159931.95
2025-02-18,LM-CWB,12192,11226,11897,12192,11181,7761,10973,840.8,966,4,8,452,152653.84
2025-02-19,LM-CWB,11802,11035,11684,11802,10859,7741,10622,813.9,767,4,7,457,146734.45
2025-02-20,LM-CWB,10826,9884,10479,10826,9790,6817,9743,746.6,942,1,5,526,139723.16
2025-02-21,LM-CWB,10306,9595,10162,10306,9494,6576,9275,710.8,711,4,7,428,130674.09
2025-02-22,LM-CWB,9137,8484,8986,9137,8434,5918,8223,630.1,653,4,3,350,116003.41
2025-02-23,LM-CWB,8530,7872,8341,8530,8054,5679,7677,588.3,658,4,5,289,109577.47
2025-02-24,LM-CWB,13119,11982,12704,13119,12099,8448,11807,904.8,1137,2,5,536,165735.43
2025-02-25,LM-CWB,10992,10172,10776,10992,10554,7221,9893,758.1,820,2,7,292,138160.23
2025-02-26,LM-CWB,10952,9988,10591,10952,10572,7254,9857,755.3,964,2,13,262,139051.62
2025-02-27,LM-CWB,10764,9922,10514,10764,9989,6986,9688,742.3,842,4,7,416,128907.32
2025-02-28,LM-CWB,9667,8995,9527,9667,9320,6161,8700,666.7,672,2,7,208,112434.83
2025-03-01,LM-CWB,8783,8112,8595,8783,8008,5556,7905,605.7,671,1,6,357,102653.25
2025-03-02,LM-CWB,8376,7736,8196,8376,7625,5420,7538,577.7,640,3,4,358,106549.26
2025-03-03,LM-CWB,12679,11850,12547,12679,11816,8121,11411,874.4,829,3,5,475,154626.16
2025-03-04,LM-CWB,12469,11545,12231,12469,11676,7908,11222,859.9,924,3,7,451,153903.12
2025-03-05,LM-CWB,11246,10537,11155,11246,10415,7220,10121,775.6,709,4,8,447,139871.1
2025-03-06,LM-CWB,10729,9899,10489,10729,10019,7000,9656,739.9,830,2,9,390,139426.2
2025-03-07,LM-CWB,10562,9845,10425,10562,9740,6856,9506,728.4,717,5,8,406,133646.86
2025-03-08,LM-CWB,9478,8757,9278,9478,8568,6064,8530,653.7,721,4,7,463,118778.28
2025-03-09,LM-CWB,8406,7795,8258,8406,8209,5383,7565,579.7,611,4,5,165,105835.46
2025-03-10,LM-CWB,16784,15427,16350,16784,15249,10791,15106,1157.5,1357,5,9,732,223626.84
2025-03-11,LM-CWB,16614,15396,16310,16614,15227,10471,14953,1145.8,1218,5,14,669,200527.7
2025-03-12,LM-CWB,15283,14170,15010,15283,14396,10021,13755,1054.0,1113,6,15,512,198008.37
2025-03-13,LM-CWB,15455,14309,15159,15455,14545,10104,13910,1065.9,1146,1,12,516,192468.78
2025-03-14,LM-CWB,14362,13110,13900,14362,13298,9202,12926,990.5,1252,4,6,526,179434.27
2025-03-15,LM-CWB,12718,11855,12554,12718,11726,8036,11446,877.1,863,1,11,517,160758.98
2025-03-16,LM-CWB,11389,10559,11185,11389,10511,7484,10250,785.4,830,5,8,418,133825.41
2025-03-17,LM-CWB,12911,11982,12692,12911,11862,8363,11620,890.4,929,8,10,522,155364.95
2025-03-18,LM-CWB,12050,11273,11936,12050,11047,7653,10845,831.0,777,5,10,492,151016.91
2025-03-19,LM-CWB,10986,10156,10760,10986,10053,7239,9887,757.7,830,6,7,456,138694.11
2025-03-20,LM-CWB,10644,9896,10481,10644,9733,6861,9580,734.1,748,2,7,480,134483.31
2025-03-21,LM-CWB,10962,10199,10801,10962,10133,7022,9866,756.0,763,3,6,429,139037.33
2025-03-22,LM-CWB,9134,8431,8933,9134,8390,5994,8221,629.9,703,2,7,379,120683.24
2025-03-23,LM-CWB,8489,7852,8319,8489,8166,5648,7640,585.4,637,2,6,233,103645.44
2025-03-24,LM-CWB,12947,11904,12616,12947,11869,8433,11652,892.9,1043,0,8,518,163513.64
2025-03-25,LM-CWB,12692,11522,12220,12692,11725,8250,11423,875.3,1170,5,7,484,162900.08
2025-03-26,LM-CWB,10620,9767,10351,10620,9805,6759,9558,732.4,853,5,8,418,134042.47
2025-03-27,LM-CWB,10731,9822,10412,10731,9878,6829,9658,740.1,909,3,7,447,133788.09
2025-03-28,LM-CWB,10419,9528,10101,10419,10086,6834,9377,718.6,891,6,5,260,127334.79
2025-03-29,LM-CWB,9777,8995,9533,9777,8849,6095,8799,674.3,782,3,9,420,121255.64
2025-03-30,LM-CWB,8942,8419,8911,8942,8216,5812,8048,616.7,523,2,6,353,114740.11
2025-03-31,LM-CWB,13416,12300,13038,13416,12098,8612,12074,925.2,1116,1,10,663,178723.3
2025-04-01,LM-CWB,11791,10948,11597,11791,10795,7629,10612,813.2,843,4,9,508,138890.71
2025-04-02,LM-CWB,11154,10170,10784,11154,10262,7402,10039,769.2,984,3,9,451,139829.35
2025-04-03,LM-CWB,11568,10724,11360,11568,10549,7340,10411,797.8,844,5,4,494,136191.82
2025-04-04,LM-CWB,10851,10088,10685,10851,10056,7069,9766,748.3,763,0,6,378,131847.06
2025-04-05,LM-CWB,9535,8745,9270,9535,8935,6118,8582,657.6,790,1,9,324,120006.39
2025-04-06,LM-CWB,8848,8144,8630,8848,8616,5979,7963,610.2,704,4,8,173,106467.29
2025-04-07,LM-CWB,13270,12188,12917,13270,11847,8376,11943,915.2,1082,4,5,631,163503.96
2025-04-08,LM-CWB,12420,11531,12214,12420,11525,8322,11178,856.6,889,2,10,512,151584.97
2025-04-09,LM-CWB,11993,11117,11777,11993,11145,7699,10794,827.1,876,0,6,447,150036.81
2025-04-10,LM-CWB,11779,10961,11609,11779,10740,7659,10601,812.3,818,2,11,503,144403.6
2025-04-11,LM-CWB,10274,9492,10057,10274,9396,6710,9247,708.6,782,5,6,399,132477.54
2025-04-12,LM-CWB,8669,7925,8402,8669,7904,5688,7802,597.9,744,3,5,325,108277.1
2025-04-13,LM-CWB,9271,8503,9013,9271,8955,6039,8344,639.4,768,1,5,234,112808.03
2025-04-14,LM-CWB,13766,12541,13298,13766,12723,8800,12389,949.4,1225,4,11,540,164395.95
2025-04-15,LM-CWB,11979,11008,11667,11979,11571,7880,10781,826.1,971,3,10,305,145699.99
2025-04-16,LM-CWB,10978,10109,10713,10978,10536,7333,9880,757.1,869,1,8,259,136090.12
2025-04-17,LM-CWB,11561,10655,11291,11561,10630,7520,10405,797.3,906,3,13,478,146301.04
2025-04-18,LM-CWB,11311,10450,11072,11311,10456,7496,10180,780.1,861,1,6,439,143879.34
2025-04-19,LM-CWB,10059,9172,9725,10059,9200,6449,9053,693.7,887,4,8,407,129448.22
2025-04-20,LM-CWB,9171,8535,9039,9171,8364,5928,8254,632.5,636,1,6,379,115748.56
2025-04-21,LM-CWB,13121,12162,12883,13121,12277,8590,11809,904.9,959,3,10,455,167900.84
2025-04-22,LM-CWB,12104,11163,11829,12104,11223,7892,10894,834.8,941,2,5,493,149302.83
2025-04-23,LM-CWB,11815,10882,11532,11815,10895,7774,10634,814.8,933,5,12,447,146520.5
2025-04-24,LM-CWB,11466,10563,11194,11466,10622,7634,10319,790.8,903,7,11,472,140370.29
2025-04-25,LM-CWB,10626,9801,10385,10626,9919,6903,9563,732.8,825,2,12,377,129245.1
2025-04-26,LM-CWB,10201,9467,10028,10201,9299,6581,9181,703.5,734,3,9,442,131993.58
2025-04-27,LM-CWB,9627,8894,9423,9627,8846,6305,8664,663.9,733,5,8,379,119227.12
2025-04-28,LM-CWB,13902,12792,13557,13902,12809,9122,12512,958.8,1110,8,5,576,167517.9
2025-04-29,LM-CWB,12162,11256,11925,12162,11156,8059,10946,838.8,906,2,8,484,147442.59
2025-04-30,LM-CWB,12234,11264,11937,12234,11343,8021,11011,843.7,970,4,4,490,162198.89
2025-05-01,LM-CWB,15491,14153,15005,15491,14525,10157,13942,1068.3,1338,5,16,556,195332.62
2025-05-02,LM-CWB,14629,13671,14476,14629,13502,9822,13166,1008.9,958,3,11,551,183778.22
2025-05-03,LM-CWB,12989,12070,12784,12989,12131,8577,11690,895.8,919,5,5,471,158755.95
2025-05-04,LM-CWB,12111,11311,11977,12111,11165,8007,10900,835.2,800,0,9,496,140068.16
2025-05-05,LM-CWB,17935,16185,17171,17935,15817,11256,16142,1236.9,1750,10,14,916,217074.63
2025-05-06,LM-CWB,16798,15517,16441,16798,15240,10902,15118,1158.5,1281,3,19,782,205099.17
2025-05-07,LM-CWB,15716,14469,15334,15716,14748,10534,14144,1083.9,1247,3,12,519,192339.35
2025-05-08,LM-CWB,14288,13282,14067,14288,12725,9249,12859,985.4,1006,5,13,727,177382.85
2025-05-09,LM-CWB,14531,13600,14400,14531,13394,9505,13078,1002.1,931,7,13,555,184397.0
2025-05-10,LM-CWB,12273,11483,12158,12273,12010,7996,11046,846.4,790,3,10,219,152066.68
2025-05-11,LM-CWB,11382,10531,11157,11382,10544,7456,10244,785.0,851,7,5,431,143426.71
2025-05-12,LM-CWB,14321,13125,13912,14321,12898,9483,12889,987.7,1196,5,9,684,183848.49
2025-05-13,LM-CWB,13481,12519,13260,13481,12447,8844,12133,929.7,962,4,11,483,174735.12
2025-05-14,LM-CWB,12587,11655,12347,12587,12170,8467,11328,868.1,932,2,13,309,152191.42
2025-05-15,LM-CWB,11895,11039,11693,11895,10914,7750,10706,820.3,856,2,6,420,149626.38
2025-05-16,LM-CWB,11740,10796,11442,11740,10742,7642,10566,809.7,944,4,0,503,148477.32
2025-05-17,LM-CWB,9688,8857,9390,9688,8863,6345,8719,668.1,831,1,9,392,122115.89
2025-05-18,LM-CWB,9284,8616,9126,9284,8643,6164,8356,640.3,668,6,5,334,113942.21
2025-05-19,LM-CWB,13082,12000,12720,13082,12180,8724,11774,902.2,1082,3,9,457,158565.05
2025-05-20,LM-CWB,12963,11914,12627,12963,12195,8673,11667,894.0,1049,4,17,421,160922.91
2025-05-21,LM-CWB,12111,11165,11831,12111,11410,7983,10900,835.2,946,2,10,377,151984.96
2025-05-22,LM-CWB,11317,10587,11210,11317,10498,7478,10185,780.5,730,3,5,431,144551.3
2025-05-23,LM-CWB,11254,10405,11024,11254,10496,7288,10129,776.1,849,2,12,387,139407.46
2025-05-24,LM-CWB,9712,8924,9458,9712,9366,6522,8741,669.8,788,5,5,201,116894.05
2025-05-25,LM-CWB,9856,9032,9574,9856,9172,6308,8870,679.7,824,1,9,353,119399.24
2025-05-26,LM-CWB,14110,12891,13667,14110,13003,9067,12699,973.1,1219,4,3,582,170149.08
2025-05-27,LM-CWB,12865,11881,12588,12865,12092,8554,11578,887.2,984,5,7,448,159692.17
2025-05-28,LM-CWB,12261,11241,11915,12261,11309,8137,11035,845.6,1020,7,5,518,146772.47
2025-05-29,LM-CWB,11945,11060,11717,11945,11094,7742,10750,823.8,885,7,9,463,144995.94
2025-05-30,LM-CWB,11259,10285,10904,11259,10435,7492,10133,776.5,974,1,8,405,147613.87
2025-05-31,LM-CWB,9425,8647,9165,9425,9061,6294,8482,650.0,778,1,8,246,117036.42
2025-06-01,LM-CWB,9276,8669,9179,9276,8837,6294,8348,639.7,607,1,5,269,115114.13
2025-06-02,LM-CWB,13401,12286,13023,13401,12000,8930,12061,924.2,1115,8,15,650,160777.4
2025-06-03,LM-CWB,12368,11429,12109,12368,11464,7893,11131,853.0,939,8,3,474,153671.43
2025-06-04,LM-CWB,12444,11544,12228,12444,11445,8437,11200,858.2,900,4,7,529,146871.79
2025-06-05,LM-CWB,12160,11403,12071,12160,11797,8291,10944,838.6,757,4,4,246,150936.42
2025-06-06,LM-CWB,10692,10004,10592,10692,9896,7129,9623,737.4,688,2,6,432,127334.66
2025-06-07,LM-CWB,9810,9119,9658,9810,9073,6449,8829,676.6,691,5,11,381,126576.65
2025-06-08,LM-CWB,9706,8905,9439,9706,8939,6455,8735,669.4,801,1,5,375,128189.04
2025-06-09,LM-CWB,14353,12976,13765,14353,13204,9522,12918,989.9,1377,7,8,556,176807.56
2025-06-10,LM-CWB,13475,12419,13160,13475,12534,9045,12128,929.3,1056,4,8,460,159976.8
2025-06-11,LM-CWB,12313,11599,12276,12313,11372,8185,11082,849.2,714,2,11,481,149827.99
2025-06-12,LM-CWB,11708,10870,11514,11708,10773,7797,10537,807.4,838,3,9,489,138165.86
2025-06-13,LM-CWB,11036,10204,10811,11036,10083,7353,9932,761.1,832,3,7,483,135851.39
2025-06-14,LM-CWB,10029,9290,9841,10029,9206,6426,9026,691.7,739,5,6,420,121341.91
2025-06-15,LM-CWB,9559,8933,9459,9559,8789,6288,8603,659.2,626,1,8,398,122411.43
2025-06-16,LM-CWB,14547,13140,13940,14547,12802,9458,13092,1003.2,1407,3,17,776,171437.64
2025-06-17,LM-CWB,13587,12555,13302,13587,12711,8990,12228,937.0,1032,5,9,516,162418.56
2025-06-18,LM-CWB,12310,11367,12044,12310,11420,8307,11079,849.0,943,5,6,457,157259.09
2025-06-19,LM-CWB,11606,10676,11315,11606,10794,7898,10445,800.4,930,4,7,418,142104.89
2025-06-20,LM-CWB,11408,10532,11159,11408,10680,7616,10267,786.8,876,4,5,354,148527.24
2025-06-21,LM-CWB,10042,9313,9865,10042,9711,6790,9038,692.6,729,3,8,235,124930.92
2025-06-22,LM-CWB,9421,8733,9252,9421,8760,6274,8479,649.7,688,4,2,338,117898.34
2025-06-23,LM-CWB,13717,12772,13527,13717,12868,8937,12345,946.0,945,5,9,447,171791.13
2025-06-24,LM-CWB,13276,12222,12952,13276,12341,8713,11948,915.6,1054,8,4,534,167539.25
2025-06-25,LM-CWB,12219,11322,11994,12219,11676,8110,10997,842.7,897,4,4,358,150997.19
2025-06-26,LM-CWB,11936,10941,11597,11936,11051,8026,10742,823.2,995,5,7,457,148417.04
2025-06-27,LM-CWB,11730,10844,11489,11730,11303,7870,10557,809.0,886,4,10,347,151363.69
2025-06-28,LM-CWB,9883,9035,9578,9883,9507,6660,8895,681.6,848,3,8,243,120892.15
2025-06-29,LM-CWB,9625,8935,9464,9625,8704,6326,8662,663.8,690,1,10,391,120216.14
2025-06-30,LM-CWB,14216,13160,13942,14216,12905,9347,12794,980.4,1056,4,9,609,174719.89
2025-07-01,LM-CWB,12707,11845,12544,12707,11760,8717,11436,876.3,862,2,6,478,160653.72
2025-07-02,LM-CWB,12299,11343,12019,12299,11789,8307,11069,848.2,956,8,5,307,159179.14
2025-07-03,LM-CWB,12892,12013,12722,12892,11763,8714,11603,889.1,879,6,7,562,157421.03
2025-07-04,LM-CWB,11196,10239,10855,11196,10394,7382,10076,772.1,957,3,8,385,135924.87
2025-07-05,LM-CWB,9335,8663,9177,9335,8593,6099,8402,643.8,672,1,5,366,113414.32
2025-07-06,LM-CWB,8972,8458,8952,8972,8270,6046,8075,618.8,514,1,8,342,113785.2
2025-07-07,LM-CWB,14177,12996,13775,14177,12259,9229,12759,977.7,1181,11,11,829,178515.06
2025-07-08,LM-CWB,13325,12300,13033,13325,12339,8964,11992,919.0,1025,1,9,479,165648.93
2025-07-09,LM-CWB,12530,11560,12249,12530,11676,8599,11277,864.1,970,6,10,420,155261.17
2025-07-10,LM-CWB,12870,11929,12637,12870,12072,8648,11583,887.6,941,1,9,441,156668.23
2025-07-11,LM-CWB,10640,9838,10423,10640,10030,7187,9576,733.8,802,3,3,336,135893.35
2025-07-12,LM-CWB,10280,9474,10039,10280,9461,6808,9252,709.0,806,5,9,415,128859.12
2025-07-13,LM-CWB,10181,9406,9966,10181,9337,6782,9163,702.1,775,3,8,437,133591.67
2025-07-14,LM-CWB,13682,12454,13206,13682,12707,9179,12314,943.6,1228,3,10,502,171386.61
2025-07-15,LM-CWB,13210,12286,13012,13210,11703,8738,11889,911.0,924,10,6,702,165329.68
2025-07-16,LM-CWB,12321,11488,12166,12321,11366,8252,11089,849.7,833,5,9,516,150711.24
2025-07-17,LM-CWB,12028,11183,11845,12028,11271,7885,10825,829.5,845,2,6,423,146499.46
2025-07-18,LM-CWB,11671,10766,11408,11671,10820,7979,10504,804.9,905,4,14,394,145172.72
2025-07-19,LM-CWB,10708,9931,10520,10708,9834,7143,9637,738.5,777,4,7,442,137918.27
2025-07-20,LM-CWB,10333,9586,10155,10333,9832,7144,9300,712.6,747,3,9,294,126660.32
2025-07-21,LM-CWB,14158,12910,13688,14158,12204,9100,12742,976.4,1248,4,10,849,174789.22
2025-07-22,LM-CWB,14364,13194,13984,14364,13179,9501,12928,990.6,1170,7,13,570,171693.45
2025-07-23,LM-CWB,12744,11862,12562,12744,12241,8621,11470,878.9,882,2,8,362,169974.24
2025-07-24,LM-CWB,13255,12352,13081,13255,12302,8823,11930,914.1,903,3,10,522,161526.17
2025-07-25,LM-CWB,11835,10973,11624,11835,10996,7974,10652,816.2,862,3,8,466,140868.09
2025-07-26,LM-CWB,10304,9422,9988,10304,9508,7002,9274,710.6,882,1,12,422,129618.63
2025-07-27,LM-CWB,9890,8993,9537,9890,8926,6695,8901,682.1,897,1,4,473,124971.86
2025-07-28,LM-CWB,16012,14084,14965,16012,13275,10222,14411,1104.3,1928,13,10,1153,208524.5
2025-07-29,LM-CWB,13946,12712,13479,13946,12598,9173,12551,961.8,1234,4,10,589,175741.71
2025-07-30,LM-CWB,12484,11541,12227,12484,11497,8445,11236,861.0,943,4,5,527,147272.47
2025-07-31,LM-CWB,12986,11906,12620,12986,11946,8546,11687,895.6,1080,10,12,478,158602.9
2025-08-01,LM-CWB,11791,10811,11459,11791,11400,8118,10612,813.2,980,8,12,289,152076.03
2025-08-02,LM-CWB,10140,9233,9791,10140,9216,6729,9126,699.3,907,5,5,409,130652.27
2025-08-03,LM-CWB,10134,9274,9832,10134,9333,6740,9121,698.9,860,4,11,389,128382.72
2025-08-04,LM-CWB,14508,13129,13927,14508,12689,9121,13057,1000.6,1379,4,11,812,190420.41
2025-08-05,LM-CWB,13754,12605,13362,13754,12790,9284,12379,948.6,1149,3,10,511,170717.9
2025-08-06,LM-CWB,12881,12007,12715,12881,11700,8736,11593,888.3,874,1,8,580,165361.22
2025-08-07,LM-CWB,12782,11793,12496,12782,11865,8441,11504,881.5,989,3,9,458,157222.97
2025-08-08,LM-CWB,12190,11137,11808,12190,11355,8242,10971,840.7,1053,3,7,429,160527.27
2025-08-09,LM-CWB,9673,8927,9459,9673,8776,6498,8706,667.1,746,5,2,423,118697.34
2025-08-10,LM-CWB,10109,9383,9939,10109,9763,6852,9098,697.2,726,5,9,259,121261.39
2025-08-11,LM-CWB,14075,12649,13424,14075,12434,9357,12668,970.7,1426,6,16,724,171019.77
2025-08-12,LM-CWB,13008,12141,12857,13008,12127,8886,11707,897.1,867,4,5,473,168007.83
2025-08-13,LM-CWB,12923,11990,12701,12923,12001,8725,11631,891.2,933,4,10,511,167897.78
2025-08-14,LM-CWB,12744,11911,12612,12744,11871,8664,11470,878.9,833,1,7,486,153469.12
2025-08-15,LM-CWB,11788,10942,11590,11788,10960,7915,10609,813.0,846,5,7,416,143537.04
2025-08-16,LM-CWB,10739,9900,10491,10739,10363,7432,9665,740.6,839,1,6,255,124266.34
2025-08-17,LM-CWB,9469,8753,9274,9469,8627,6174,8522,653.0,716,3,3,410,113527.08
2025-08-18,LM-CWB,14451,13087,13882,14451,13082,9761,13006,996.6,1364,3,18,663,180073.83
2025-08-19,LM-CWB,13497,12561,13304,13497,12616,9292,12147,930.8,936,5,10,476,166133.89
2025-08-20,LM-CWB,13003,11955,12670,13003,12048,8666,11703,896.8,1048,5,9,479,152079.76
2025-08-21,LM-CWB,12904,11965,12675,12904,12634,8788,11614,889.9,939,2,9,257,153384.33
2025-08-22,LM-CWB,11721,10935,11579,11721,11067,8151,10549,808.3,786,4,4,395,153438.34
2025-08-23,LM-CWB,10762,9971,10563,10762,9833,7262,9686,742.2,791,4,7,442,138486.73
2025-08-24,LM-CWB,10015,9268,9819,10015,9123,6561,9014,690.7,747,3,11,425,125157.58
2025-08-25,LM-CWB,13768,12713,13470,13768,12789,9270,12391,949.5,1055,4,10,497,172385.17
2025-08-26,LM-CWB,12909,11878,12588,12909,12023,8509,11618,890.3,1031,2,8,449,161111.68
2025-08-27,LM-CWB,13094,11912,12632,13094,12158,8819,11785,903.0,1182,4,7,463,163603.18
2025-08-28,LM-CWB,12754,11708,12409,12754,11919,8638,11479,879.6,1046,5,7,437,159384.82
2025-08-29,LM-CWB,12176,11195,11865,12176,11793,8443,10958,839.7,981,1,11,300,144831.33
2025-08-30,LM-CWB,10546,9779,10359,10546,9692,7107,9491,727.3,767,2,8,451,130138.55
2025-08-31,LM-CWB,10129,9305,9862,10129,9742,7107,9116,698.6,824,3,6,266,118818.39
2025-09-01,LM-CWB,15321,13623,14466,15321,12844,9999,13789,1056.6,1698,8,15,1048,192830.05
2025-09-02,LM-CWB,13396,12461,13198,13396,12252,8759,12056,923.9,935,3,4,504,168444.55
2025-09-03,LM-CWB,12635,11721,12416,12635,11670,8614,11372,871.4,914,7,11,456,154434.04
2025-09-04,LM-CWB,12433,11605,12288,12433,11475,8413,11190,857.4,828,5,9,462,155328.36
2025-09-05,LM-CWB,12415,11474,12157,12415,11629,8416,11174,856.2,941,4,12,406,154126.85
2025-09-06,LM-CWB,11080,10130,10739,11080,10714,7742,9972,764.1,950,5,11,268,140504.35
2025-09-07,LM-CWB,9956,9358,9905,9956,9150,6803,8960,686.6,598,2,6,401,124368.6
2025-09-08,LM-CWB,13609,12621,13370,13609,12547,9082,12248,938.6,988,4,4,509,164895.8
2025-09-09,LM-CWB,13183,12139,12865,13183,12488,9043,11865,909.2,1044,4,13,409,157415.3
2025-09-10,LM-CWB,12865,11978,12685,12865,12332,9028,11578,887.2,887,2,12,335,153221.14
2025-09-11,LM-CWB,12748,11809,12510,12748,11831,8656,11473,879.2,939,6,6,473,154242.28
2025-09-12,LM-CWB,12185,11375,12045,12185,11338,8118,10966,840.3,810,3,9,392,154730.89
2025-09-13,LM-CWB,10693,9908,10496,10693,9745,7249,9624,737.4,785,3,6,433,135905.41
2025-09-14,LM-CWB,10055,9271,9824,10055,9246,6770,9050,693.4,784,2,9,398,123577.9
2025-09-15,LM-CWB,15553,13884,14739,15553,13035,10173,13998,1072.6,1669,10,15,1062,194906.18
2025-09-16,LM-CWB,13766,12766,13523,13766,12736,9205,12389,949.4,1000,3,10,534,164326.22
2025-09-17,LM-CWB,12925,11884,12595,12925,12172,8873,11632,891.4,1041,2,14,392,155186.52
2025-09-18,LM-CWB,13296,12304,13035,13296,12322,8952,11966,917.0,992,1,5,520,167555.28
2025-09-19,LM-CWB,11765,10783,11430,11765,11023,8120,10588,811.4,982,6,7,389,145158.37
2025-09-20,LM-CWB,10887,10107,10706,10887,10131,7556,9798,750.8,780,2,6,390,133955.64
2025-09-21,LM-CWB,10262,9496,10060,10262,9279,6928,9236,707.7,766,4,5,488,130289.99
2025-09-22,LM-CWB,15010,13573,14398,15010,12816,9754,13509,1035.2,1437,12,9,939,191234.22
2025-09-23,LM-CWB,14969,13585,14408,14969,13101,9849,13472,1032.3,1384,4,7,862,186621.27
2025-09-24,LM-CWB,13112,12067,12789,13112,12217,8959,11801,904.3,1045,5,9,476,169444.51
2025-09-25,LM-CWB,14101,12921,13696,14101,12345,9435,12691,972.5,1180,5,8,814,173469.69
2025-09-26,LM-CWB,12406,11495,12178,12406,11584,8401,11165,855.6,911,1,9,421,149878.76
2025-09-27,LM-CWB,10320,9499,10067,10320,10116,7158,9288,711.7,821,2,7,201,123876.92
2025-09-28,LM-CWB,10309,9464,10031,10309,9599,7091,9278,711.0,845,1,1,373,133413.41
2025-09-29,LM-CWB,14604,13396,14199,14604,12831,9904,13144,1007.2,1208,3,10,847,179030.95
2025-09-30,LM-CWB,13888,12716,13480,13888,12961,9484,12499,957.8,1172,7,10,514,173761.31
2025-10-01,LM-CWB,13669,12565,13317,13669,12753,9421,12302,942.7,1104,3,13,468,180244.59
2025-10-02,LM-CWB,13486,12451,13192,13486,12434,9172,12137,930.1,1035,1,8,510,164042.9
2025-10-03,LM-CWB,12304,11425,12101,12304,11489,8450,11074,848.6,879,6,10,405,153448.62
2025-10-04,LM-CWB,11240,10360,10978,11240,10853,7714,10116,775.2,880,6,11,251,140618.75
2025-10-05,LM-CWB,10763,9897,10489,10763,10085,7414,9687,742.3,866,3,9,335,134544.13
2025-10-06,LM-CWB,16030,14169,15051,16030,12930,10614,14427,1105.5,1861,6,7,1307,209129.77
2025-10-07,LM-CWB,14611,13317,14120,14611,12735,9797,13150,1007.7,1294,7,9,846,185194.05
2025-10-08,LM-CWB,14207,13019,13801,14207,12889,9679,12786,979.8,1188,2,9,618,178609.28
2025-10-09,LM-CWB,12429,11443,12126,12429,11590,8395,11186,857.2,986,4,7,410,162873.76
2025-10-10,LM-CWB,12509,11475,12163,12509,12243,8768,11258,862.7,1034,2,7,232,149369.02
2025-10-11,LM-CWB,10596,9730,10312,10596,9829,7023,9536,730.8,866,5,9,401,127640.26
2025-10-12,LM-CWB,10446,9687,10261,10446,9662,7200,9401,720.4,759,4,6,361,129654.02
2025-10-13,LM-CWB,15044,13584,14412,15044,12906,10206,13540,1037.5,1460,9,8,898,192256.72
2025-10-14,LM-CWB,14344,13018,13807,14344,13013,9650,12910,989.2,1326,10,13,665,179861.86
2025-10-15,LM-CWB,14536,13139,13939,14536,12931,9752,13082,1002.5,1397,7,9,729,179199.22
2025-10-16,LM-CWB,13302,12192,12923,13302,12282,9212,11972,917.4,1110,3,9,507,172593.26
2025-10-17,LM-CWB,12907,11933,12643,12907,11732,8659,11616,890.1,974,4,5,572,164639.22
2025-10-18,LM-CWB,10901,10136,10735,10901,10309,7569,9811,751.8,765,6,10,362,132963.86
2025-10-19,LM-CWB,10491,9655,10232,10491,10131,7217,9442,723.5,836,2,4,250,137353.1
2025-10-20,LM-CWB,15443,13898,14747,15443,13084,10315,13899,1065.0,1545,4,11,1025,192157.07
2025-10-21,LM-CWB,14739,13221,14032,14739,12742,9799,13265,1016.5,1518,8,12,842,184464.53
2025-10-22,LM-CWB,14276,12941,13726,14276,12612,9211,12848,984.6,1335,6,6,771,171090.02
2025-10-23,LM-CWB,14234,12977,13759,14234,12912,9524,12811,981.7,1257,5,8,572,179760.94
2025-10-24,LM-CWB,12935,11979,12690,12935,12417,8974,11642,892.1,956,1,17,334,170250.08
2025-10-25,LM-CWB,11282,10416,11037,11282,10467,7948,10154,778.1,866,5,7,447,148533.34
2025-10-26,LM-CWB,10100,9361,9917,10100,9197,6855,9090,696.6,739,2,7,441,124286.69
2025-10-27,LM-CWB,15481,13833,14684,15481,13063,10144,13933,1067.7,1648,10,14,1059,192492.42
2025-10-28,LM-CWB,15076,13674,14504,15076,12999,10114,13568,1039.7,1402,6,15,935,189445.28
2025-10-29,LM-CWB,14214,12986,13768,14214,12536,9136,12793,980.3,1228,6,9,796,185551.95
2025-10-30,LM-CWB,13637,12551,13301,13637,12634,9533,12273,940.5,1086,2,13,505,171203.78
2025-10-31,LM-CWB,13270,12312,13042,13270,12270,9184,11943,915.2,958,5,8,511,168940.71
2025-11-01,LM-CWB,11309,10320,10942,11309,10465,7705,10178,779.9,989,8,10,418,144597.36
2025-11-02,LM-CWB,11029,10096,10702,11029,10580,7757,9926,760.6,933,2,10,264,142636.57
2025-11-03,LM-CWB,15776,14093,14961,15776,12768,10362,14198,1088.0,1683,8,12,1221,204559.52
2025-11-04,LM-CWB,14496,13113,13911,14496,12597,9706,13046,999.7,1383,5,11,829,178760.75
2025-11-05,LM-CWB,14038,12781,13553,14038,12932,9705,12634,968.1,1257,2,10,592,176828.24
2025-11-06,LM-CWB,12218,11339,12011,12218,11237,8366,10996,842.6,879,6,5,479,149849.51
2025-11-07,LM-CWB,13118,12122,12844,13118,12030,9008,11806,904.7,996,3,9,560,167977.29
2025-11-08,LM-CWB,9754,9087,9624,9754,8967,6744,8779,672.7,667,2,4,395,122932.75
2025-11-09,LM-CWB,10003,9223,9774,10003,9297,6853,9003,689.9,780,4,3,338,126807.92
2025-11-10,LM-CWB,15956,14248,15126,15956,13469,10588,14360,1100.4,1708,2,11,1006,203925.69
2025-11-11,LM-CWB,15011,13470,14296,15011,12775,9837,13510,1035.2,1541,7,8,962,180744.29
2025-11-12,LM-CWB,13388,12471,13207,13388,12307,9019,12049,923.3,917,1,8,529,168944.76
2025-11-13,LM-CWB,13352,12359,13093,13352,12526,9013,12017,920.8,993,7,10,486,159875.46
2025-11-14,LM-CWB,13644,12510,13260,13644,12728,9474,12280,941.0,1134,7,9,462,165377.66
2025-11-15,LM-CWB,11056,10221,10829,11056,10220,7577,9950,762.5,835,4,8,422,142334.07
2025-11-16,LM-CWB,11548,10691,11326,11548,10736,7834,10393,796.4,857,3,9,426,142054.98
2025-11-17,LM-CWB,15798,13997,14866,15798,13347,10465,14218,1089.5,1801,9,12,1045,192136.64
2025-11-18,LM-CWB,15062,13458,14286,15062,13039,9967,13556,1038.8,1604,8,12,900,186826.53
2025-11-19,LM-CWB,14830,13538,14353,14830,12998,10046,13347,1022.8,1292,5,10,787,189866.83
2025-11-20,LM-CWB,13835,12744,13505,13835,12517,9596,12452,954.1,1091,2,11,639,170123.54
2025-11-21,LM-CWB,12635,11493,12187,12635,12328,9064,11372,871.4,1142,7,7,260,163764.65
2025-11-22,LM-CWB,11268,10439,11059,11268,10431,7758,10141,777.1,829,4,10,420,144017.32
2025-11-23,LM-CWB,10756,9987,10579,10756,9920,7395,9680,741.8,769,2,10,466,137708.01
2025-11-24,LM-CWB,39341,32966,35129,39341,29889,24593,35407,2713.2,6375,24,34,3817,520335.5
2025-11-25,LM-CWB,38484,32845,34962,38484,30963,24687,34636,2654.1,5639,25,35,3091,476743.0
2025-11-26,LM-CWB,35751,31662,33629,35751,29481,24144,32176,2465.6,4089,18,25,2701,450001.19
2025-11-27,LM-CWB,37180,32326,34371,37180,29802,24439,33462,2564.1,4854,26,26,3049,481526.95
2025-11-28,LM-CWB,34283,30560,32446,34283,29300,23385,30855,2364.3,3723,8,22,2229,423307.76
2025-11-29,LM-CWB,29287,26845,28456,29287,27756,19878,26358,2019.8,2442,11,24,934,371710.98
2025-11-30,LM-CWB,28056,25784,27327,28056,25878,19352,25250,1934.9,2272,8,17,1060,361513.69
2025-12-01,LM-CWB,41877,34475,36778,41877,29706,25654,37689,2888.1,7402,26,31,4804,528461.26
2025-12-02,LM-CWB,15346,13520,14364,15346,13091,9966,13811,1058.3,1826,11,11,958,184525.86
2025-12-03,LM-CWB,13701,12382,13136,13701,12304,9250,12331,944.9,1319,5,8,657,172825.54
2025-12-04,LM-CWB,13424,12613,13351,13424,12631,9594,12082,925.8,811,3,7,435,178110.93
2025-12-05,LM-CWB,13758,12597,13353,13758,12390,9315,12382,948.8,1161,3,7,660,171794.99
2025-12-06,LM-CWB,11278,10455,11075,11278,10304,7912,10150,777.8,823,4,10,483,134923.1
2025-12-07,LM-CWB,10353,9658,10228,10353,10027,7271,9318,714.0,695,2,10,246,130553.46
2025-12-08,LM-CWB,25302,21570,22962,25302,19103,16608,22772,1745.0,3732,14,14,2450,329238.38
2025-12-09,LM-CWB,23797,20668,21977,23797,18944,15773,21417,1641.2,3129,14,22,1977,309589.43
2025-12-10,LM-CWB,20949,18966,20118,20949,18765,14619,18854,1444.8,1983,9,11,1030,280572.36
2025-12-11,LM-CWB,21893,19835,21039,21893,19269,14791,19704,1509.9,2058,16,11,1165,265057.19
2025-12-12,LM-CWB,21181,19073,20238,21181,18550,14444,19063,1460.8,2108,7,19,1224,272871.17
2025-12-13,LM-CWB,18072,16532,17526,18072,16623,12528,16265,1246.3,1540,10,18,722,225973.68
2025-12-14,LM-CWB,17358,15923,16877,17358,16204,12524,15622,1197.1,1435,6,9,567,219646.69
2025-12-15,LM-CWB,23827,20544,21854,23827,18716,15796,21444,1643.2,3283,7,13,2044,299454.88
2025-12-16,LM-CWB,23825,20668,21978,23825,19554,15790,21442,1643.1,3157,15,14,1761,292090.62
2025-12-17,LM-CWB,22026,19419,20631,22026,18493,15200,19823,1519.0,2607,9,10,1492,293868.68
2025-12-18,LM-CWB,21475,19165,20346,21475,19582,15285,19328,1481.0,2310,13,14,893,286221.02
2025-12-19,LM-CWB,21401,19181,20358,21401,18488,14352,19261,1475.9,2220,8,17,1255,285932.68
2025-12-20,LM-CWB,18871,17585,18623,18871,18259,13393,16984,1301.4,1286,3,8,423,229014.47
2025-12-21,LM-CWB,11711,10759,11403,11711,10734,8065,10540,807.7,952,5,7,458,145602.52
2025-12-22,LM-CWB,17008,14807,15743,17008,13291,10854,15307,1173.0,2201,7,11,1558,225280.82
2025-12-23,LM-CWB,15224,13670,14507,15224,13112,10334,13702,1049.9,1554,7,16,967,191145.79
2025-12-24,LM-CWB,14624,13323,14127,14624,12814,9519,13162,1008.6,1301,4,12,812,179553.1
2025-12-25,LM-CWB,14555,12963,13764,14555,13425,10125,13100,1003.8,1592,5,9,632,186538.37
2025-12-26,LM-CWB,13534,12341,13085,13534,12616,9437,12181,933.4,1193,5,7,496,163308.77
2025-12-27,LM-CWB,11695,10692,11335,11695,10696,8097,10526,806.6,1003,4,11,485,138388.89
2025-12-28,LM-CWB,11403,10655,11282,11403,10529,7908,10263,786.4,748,8,6,441,151295.96
2025-12-29,LM-CWB,16320,14239,15136,16320,13164,10738,14688,1125.5,2081,8,12,1274,206469.6
2025-12-30,LM-CWB,14979,13362,14186,14979,13085,9955,13481,1033.0,1617,7,12,880,194119.85
2025-12-31,LM-CWB,14319,13037,13824,14319,13065,9723,12887,987.5,1282,8,12,602,178052.37
2026-01-01,LM-CWB,14572,13428,14229,14572,13332,10103,13115,1005.0,1144,0,11,587,183040.33
2026-01-02,LM-CWB,13556,12473,13218,13556,12445,9414,12200,934.9,1083,8,9,573,169460.59
2026-01-03,LM-CWB,11849,10904,11556,11849,10910,8348,10664,817.2,945,3,5,461,141224.32
2026-01-04,LM-CWB,11409,10629,11257,11409,11056,8046,10268,786.8,780,5,6,278,139039.31
2026-01-05,LM-CWB,16232,14369,15262,16232,12388,10392,14609,1119.4,1863,8,12,1536,210429.42
2026-01-06,LM-CWB,15869,14131,15004,15869,13689,10737,14282,1094.4,1738,10,11,909,202852.11
2026-01-07,LM-CWB,14807,13407,14222,14807,13089,9833,13326,1021.2,1400,5,9,806,185996.42
2026-01-08,LM-CWB,13719,12717,13471,13719,12814,9636,12347,946.1,1002,6,10,464,160204.89
2026-01-09,LM-CWB,14321,12883,13670,14321,12974,10002,12889,987.7,1438,9,13,681,183268.65
2026-01-10,LM-CWB,11570,10723,11360,11570,10787,8257,10413,797.9,847,2,4,407,141950.57
2026-01-11,LM-CWB,10562,9676,10257,10562,10384,7584,9506,728.4,886,4,4,187,129625.43
2026-01-12,LM-CWB,15939,14431,15307,15939,13748,10670,14345,1099.2,1508,4,3,956,195326.85
2026-01-13,LM-CWB,14994,13771,14596,14994,13186,10179,13495,1034.1,1223,6,9,804,187730.38
2026-01-14,LM-CWB,14724,13570,14380,14724,13574,10253,13252,1015.4,1154,8,7,557,183010.53
2026-01-15,LM-CWB,14283,13398,14183,14283,13427,9949,12855,985.0,885,4,8,454,174585.51
2026-01-16,LM-CWB,13550,12784,13523,13550,12747,9379,12195,934.5,766,4,5,430,173966.86
2026-01-17,LM-CWB,12101,11192,11857,12101,11263,8412,10891,834.6,909,6,7,446,150834.99
2026-01-18,LM-CWB,11410,10556,11184,11410,11021,8229,10269,786.9,854,4,7,283,135826.98
2026-01-19,LM-CWB,16823,15021,15946,16823,13990,11384,15141,1160.2,1802,5,17,1230,208633.86
2026-01-20,LM-CWB,15864,14405,15277,15864,13713,10964,14278,1094.1,1459,7,12,968,200403.71
2026-01-21,LM-CWB,15101,13586,14417,15101,13647,10363,13591,1041.4,1515,10,14,723,194130.31
2026-01-22,LM-CWB,13434,12399,13137,13434,12653,9659,12091,926.5,1035,5,10,470,162434.6
2026-01-23,LM-CWB,13615,12506,13255,13615,12595,9587,12254,939.0,1109,3,9,518,164978.49
2026-01-24,LM-CWB,11004,10209,10814,11004,10291,7788,9904,758.9,795,6,11,398,138822.6
2026-01-25,LM-CWB,11356,10538,11163,11356,10587,7978,10220,783.2,818,6,10,425,141507.5
2026-01-26,LM-CWB,16732,14988,15909,16732,13969,10881,15059,1153.9,1744,5,6,1199,213590.95
2026-01-27,LM-CWB,16305,14644,15541,16305,14220,11410,14674,1124.5,1661,6,9,894,201424.24
2026-01-28,LM-CWB,15485,14130,14981,15485,14401,10932,13936,1067.9,1355,3,22,575,198789.14
2026-01-29,LM-CWB,14691,13776,14584,14691,13201,10046,13222,1013.2,915,7,13,673,185995.71
2026-01-30,LM-CWB,13627,12372,13122,13627,12869,9923,12264,939.8,1255,5,9,437,174276.93
2026-01-31,LM-CWB,12185,11529,12161,12185,11179,8530,10966,840.3,656,2,9,509,148080.05
2026-02-01,LM-CWB,11196,10501,11117,11196,10592,7888,10076,772.1,695,2,10,357,136527.15
2026-02-02,LM-CWB,16831,15135,16061,16831,14724,11412,15148,1160.8,1696,7,11,929,210970.12
2026-02-03,LM-CWB,16366,14936,15837,16366,14219,11128,14729,1128.7,1430,11,6,933,194104.9
2026-02-04,LM-CWB,14661,13548,14354,14661,13802,10136,13195,1011.1,1113,4,11,452,180353.09
2026-02-05,LM-CWB,15086,13935,14765,15086,14036,10560,13577,1040.4,1151,10,7,535,192802.83
2026-02-06,LM-CWB,14281,13163,13948,14281,13132,10000,12853,984.9,1118,6,8,594,173548.93
2026-02-07,LM-CWB,11649,10719,11360,11649,10956,8309,10484,803.4,930,5,8,393,153200.53
2026-02-08,LM-CWB,11864,11032,11684,11864,11260,8212,10678,818.2,832,1,11,377,141699.57
2026-02-09,LM-CWB,17342,15484,16438,17342,15145,11802,15608,1196.0,1858,5,9,939,212852.94
2026-02-10,LM-CWB,15968,14691,15569,15968,14873,11070,14371,1101.2,1277,6,8,617,195001.5
2026-02-11,LM-CWB,14638,13497,14302,14638,13701,10483,13174,1009.5,1141,2,9,489,185495.51
2026-02-12,LM-CWB,14313,13434,14221,14313,13439,10232,12882,987.1,879,4,7,452,175032.75
2026-02-13,LM-CWB,13766,12837,13594,13766,12783,9446,12389,949.4,929,4,7,506,164341.7
2026-02-14,LM-CWB,12351,11359,12039,12351,11427,8667,11116,851.8,992,5,7,510,156490.47
2026-02-15,LM-CWB,11153,10417,11030,11153,10739,8137,10038,769.2,736,3,10,274,139216.37
2026-02-16,LM-CWB,17287,15701,16652,17287,15251,12096,15558,1192.2,1586,4,13,951,211774.0
2026-02-17,LM-CWB,15308,14278,15120,15308,14195,10749,13777,1055.7,1030,6,9,578,199569.71
2026-02-18,LM-CWB,15019,13991,14817,15019,14084,10710,13517,1035.8,1028,6,16,522,190325.89
2026-02-19,LM-CWB,14899,13630,14450,14899,13917,10666,13409,1027.5,1269,2,8,520,189449.81
2026-02-20,LM-CWB,15319,14230,15072,15319,14390,11142,13787,1056.5,1089,4,11,510,186794.73
2026-02-21,LM-CWB,11603,10727,11365,11603,10785,8153,10443,800.2,876,1,9,420,139925.35
2026-02-22,LM-CWB,12204,11454,12125,12204,11106,8727,10984,841.7,750,1,14,505,157367.02
2026-02-23,LM-CWB,17215,15589,16535,17215,15419,11912,15494,1187.2,1626,3,16,833,210405.21
2026-02-24,LM-CWB,16327,15183,16081,16327,15435,11529,14694,1126.0,1144,6,10,504,205831.38
2026-02-25,LM-CWB,15276,13999,14839,15276,14210,10786,13748,1053.5,1277,5,11,508,196161.4
2026-02-26,LM-CWB,15160,14252,15086,15160,14108,10760,13644,1045.5,908,3,10,567,179343.6
2026-02-27,LM-CWB,14117,13114,13891,14117,13074,10088,12705,973.6,1003,2,8,532,174197.98
2026-02-28,LM-CWB,12885,11871,12579,12885,11996,9118,11596,888.6,1014,1,9,497,155911.2
2026-03-01,LM-CWB,11486,10740,11372,11486,10628,8064,10337,792.1,746,2,4,441,143786.08
2026-03-02,LM-CWB,17906,16480,17465,17906,15649,12244,16115,1234.9,1426,4,7,1003,217768.07
2026-03-03,LM-CWB,15823,14681,15551,15823,14685,11301,14241,1091.2,1142,7,6,586,191367.55
2026-03-04,LM-CWB,15269,14102,14942,15269,14357,10878,13742,1053.0,1167,2,7,513,182567.25
2026-03-05,LM-CWB,14450,13248,14042,14450,13531,10318,13005,996.6,1202,3,8,494,180085.14
2026-03-06,LM-CWB,14502,13311,14109,14502,13852,10451,13052,1000.1,1191,2,11,379,171856.82
2026-03-07,LM-CWB,12955,11866,12578,12955,12097,9387,11660,893.4,1089,6,12,480,169107.12
2026-03-08,LM-CWB,11708,10922,11566,11708,10649,8371,10537,807.4,786,1,10,518,144185.45
2026-03-09,LM-CWB,24085,21997,23321,24085,21927,17140,21676,1661.0,2088,5,15,1091,308724.87
2026-03-10,LM-CWB,21905,20091,21296,21905,20343,15513,19714,1510.7,1814,7,9,810,272844.93
2026-03-11,LM-CWB,21373,19952,21128,21373,19513,14801,19236,1474.0,1421,6,9,935,267217.4
2026-03-12,LM-CWB,19962,18419,19517,19962,18903,14185,17966,1376.7,1543,6,17,601,238883.19
2026-03-13,LM-CWB,19458,17916,18986,19458,18279,13863,17512,1341.9,1542,9,18,636,246432.63
2026-03-14,LM-CWB,17502,16244,17207,17502,16253,12313,15752,1207.0,1258,5,18,657,209564.78
2026-03-15,LM-CWB,17294,15985,16936,17294,16247,12441,15565,1192.7,1309,1,19,599,223954.1
2026-03-16,LM-CWB,19136,17021,18073,19136,16796,13328,17222,1319.7,2115,7,17,1065,238318.37
2026-03-17,LM-CWB,16040,14793,15676,16040,14817,11236,14436,1106.2,1247,7,10,596,203878.97
2026-03-18,LM-CWB,16256,14876,15770,16256,15251,11826,14630,1121.1,1380,3,11,564,195612.9
2026-03-19,LM-CWB,15317,13977,14820,15317,14359,11001,13785,1056.3,1340,8,14,538,195906.5
2026-03-20,LM-CWB,14364,13220,14010,14364,13841,10380,12928,990.6,1144,4,14,340,169958.88
2026-03-21,LM-CWB,12664,11703,12400,12664,11749,9146,11398,873.4,961,3,8,460,149961.94
2026-03-22,LM-CWB,11901,10893,11547,11901,11035,8372,10711,820.8,1008,2,9,469,153323.52
2026-03-23,LM-CWB,17591,16276,17244,17591,16496,12461,15832,1213.2,1315,4,9,583,224895.55
2026-03-24,LM-CWB,16235,15024,15917,16235,15082,11505,14612,1119.7,1211,2,3,579,199090.5
2026-03-25,LM-CWB,14806,13766,14580,14806,13843,10651,13325,1021.1,1040,4,9,534,181667.0
2026-03-26,LM-CWB,14450,13344,14139,14450,13459,10354,13005,996.6,1106,3,15,541,179085.95
2026-03-27,LM-CWB,14855,13814,14631,14855,13989,11108,13370,1024.5,1041,7,12,501,185860.63
2026-03-28,LM-CWB,12425,11562,12245,12425,12091,8899,11182,856.9,863,2,12,292,158678.11
2026-03-29,LM-CWB,11695,10689,11332,11695,10892,8358,10526,806.6,1006,4,7,423,144720.41
2026-03-30,LM-CWB,17630,16522,17492,17630,15820,12364,15867,1215.9,1108,6,7,823,207732.67
2026-03-31,LM-CWB,17026,15894,16831,17026,16093,12303,15323,1174.2,1132,6,11,554,210322.32
2026-04-01,LM-CWB,15756,14540,15406,15756,14824,11435,14180,1086.6,1216,3,10,503,191800.04
2026-04-02,LM-CWB,15011,13787,14612,15011,13835,10717,13510,1035.2,1224,9,12,612,194453.53
2026-04-03,LM-CWB,15235,14192,15030,15235,14585,11060,13712,1050.7,1043,8,17,405,186471.99
2026-04-04,LM-CWB,13316,12265,12997,13316,12321,9447,11984,918.3,1051,4,8,506,171519.33
2026-04-05,LM-CWB,12221,11228,11900,12221,11919,9096,10999,842.8,993,4,10,268,151853.15
2026-04-06,LM-CWB,18331,16916,17925,18331,17414,13124,16498,1264.2,1415,5,17,529,223007.41
2026-04-07,LM-CWB,17385,16261,17218,17385,16210,11897,15646,1199.0,1124,4,10,584,221814.6
2026-04-08,LM-CWB,16371,15349,16249,16371,15237,11613,14734,1129.0,1022,6,14,575,196700.5
2026-04-09,LM-CWB,15784,14848,15716,15784,14552,11629,14206,1088.6,936,4,17,629,193751.47
2026-04-10,LM-CWB,14999,13893,14718,14999,14293,10655,13499,1034.4,1106,7,13,449,183350.04
2026-04-11,LM-CWB,12923,11982,12693,12923,11976,9298,11631,891.2,941,3,8,453,155580.96
2026-04-12,LM-CWB,11619,10777,11416,11619,11107,8313,10457,801.3,842,4,9,340,144584.28
2026-04-13,LM-CWB,18266,16877,17882,18266,17162,13215,16439,1259.7,1389,7,15,587,221388.77
2026-04-14,LM-CWB,15962,14758,15636,15962,14985,11649,14366,1100.8,1204,4,14,567,191879.76
2026-04-15,LM-CWB,15399,14269,15116,15399,14403,10984,13859,1062.0,1130,7,12,539,188531.84
2026-04-16,LM-CWB,16250,15326,16218,16250,15640,12007,14625,1120.7,924,4,19,392,194667.08
2026-04-17,LM-CWB,15211,14060,14896,15211,14684,11225,13690,1049.0,1151,4,14,360,184875.48
2026-04-18,LM-CWB,13429,12518,13257,13429,12849,9776,12086,926.1,911,1,7,329,163800.3
2026-04-19,LM-CWB,12036,11256,11918,12036,11089,8591,10832,830.1,780,5,19,475,149738.84
2026-04-20,LM-CWB,17209,16283,17175,17209,16054,12319,15488,1186.8,926,4,14,602,206182.43
2026-04-21,LM-CWB,16712,15605,16524,16712,15787,11925,15041,1152.6,1107,3,16,499,196174.38
2026-04-22,LM-CWB,15988,14870,15749,15988,15054,11347,14389,1102.6,1118,3,11,513,198483.44
2026-04-23,LM-CWB,15674,14506,15368,15674,14561,11337,14107,1081.0,1168,4,15,576,188463.95
2026-04-24,LM-CWB,15451,14314,15164,15451,14878,11296,13906,1065.6,1137,7,18,360,190959.35
2026-04-25,LM-CWB,12676,11826,12523,12676,12277,9299,11408,874.2,850,5,12,260,159578.03
2026-04-26,LM-CWB,12373,11522,12202,12373,11490,9007,11136,853.3,851,3,11,460,150552.52
2026-04-27,LM-CWB,17411,16249,17207,17411,16274,12529,15670,1200.8,1162,6,9,590,206231.05
2026-04-28,LM-CWB,17218,16152,17099,17218,16317,12693,15496,1187.4,1066,4,8,485,207429.65
2026-04-29,LM-CWB,16024,14898,15780,16024,15044,11298,14422,1105.1,1126,2,14,487,190458.66
2026-04-30,LM-CWB,15309,14349,15191,15309,14338,11311,13778,1055.8,960,2,12,532,180930.96
2026-05-01,LM-CWB,20012,18857,19957,20012,18675,14404,18011,1380.1,1155,4,15,660,238923.68
2026-05-02,LM-CWB,17320,15980,16933,17320,16467,12443,15588,1194.5,1340,4,11,472,203132.67
2026-05-03,LM-CWB,16439,15405,16309,16439,15889,11987,14795,1133.7,1034,7,7,326,192103.63
2026-05-04,LM-CWB,26006,23849,25279,26006,22595,18655,23405,1793.5,2157,6,19,1470,323132.74
2026-05-05,LM-CWB,22937,21554,22815,22937,21456,16396,20643,1581.9,1383,3,16,762,277091.4
2026-05-06,LM-CWB,21569,20119,21306,21569,20430,15661,19412,1487.5,1450,8,17,619,262391.32
2026-05-07,LM-CWB,19779,18630,19718,19779,19090,14246,17801,1364.1,1149,2,9,407,242166.65
2026-05-08,LM-CWB,19661,18371,19452,19661,18233,14226,17695,1355.9,1290,0,13,698,223203.44
2026-05-09,LM-CWB,17371,16410,17336,17371,16425,12814,15634,1198.0,961,5,11,526,205423.22
2026-05-10,LM-CWB,16291,15349,16245,16291,15723,11957,14662,1123.5,942,2,11,361,203253.55
2026-05-11,LM-CWB,19126,18008,19060,19126,17289,13570,17213,1319.0,1118,4,7,856,239729.58
2026-05-12,LM-CWB,17049,16010,16947,17049,16147,12310,15344,1175.8,1039,3,13,486,199111.11
2026-05-13,LM-CWB,16939,15979,16905,16939,16140,12350,15245,1168.2,960,8,9,434,195928.77
2026-05-14,LM-CWB,15938,14954,15831,15938,15476,11779,14344,1099.2,984,2,16,337,177897.5
2026-05-15,LM-CWB,15140,14259,15092,15140,14555,11197,13626,1044.1,881,1,12,365,177307.95
2026-05-16,LM-CWB,13022,12183,12899,13022,12374,9341,11720,898.1,839,5,12,352,157370.13
2026-05-17,LM-CWB,12437,11830,12412,12437,12037,9058,11193,857.7,607,2,8,283,150385.71
2026-05-18,LM-CWB,19453,18069,19139,19453,17874,14264,17508,1341.6,1384,6,12,671,222129.87
2026-05-19,LM-CWB,15846,14943,15814,15846,14770,11534,14261,1092.8,903,0,9,515,185733.82
2026-05-20,LM-CWB,15160,14396,15130,15160,14127,10983,13644,1045.5,764,8,10,505,175082.92
2026-05-21,LM-CWB,15691,14976,15660,15691,15326,11679,14122,1082.1,715,3,16,252,177539.72
2026-05-22,LM-CWB,15215,14607,15185,15215,14322,10692,13694,1049.3,608,3,16,426,173924.06
2026-05-23,LM-CWB,13455,12629,13369,13455,12601,9844,12110,927.9,826,4,14,440,162135.73
2026-05-24,LM-CWB,12714,12076,12689,12714,12388,9683,11443,876.8,638,2,11,244,150560.21
2026-05-25,LM-CWB,18207,17335,18171,18207,17108,13235,16386,1255.7,872,3,9,507,214312.28
2026-05-26,LM-CWB,17965,16981,17929,17965,16713,13049,16168,1239.0,984,3,14,541,218069.64
2026-05-27,LM-CWB,16987,15998,16933,16987,15917,12273,15288,1171.5,989,6,10,484,197632.98
2026-05-28,LM-CWB,16191,15461,16159,16191,15698,11755,14572,1116.6,730,1,11,289,186742.9
2026-05-29,LM-CWB,15811,14874,15744,15811,15247,11530,14230,1090.4,937,3,11,300,186579.98
2026-05-30,LM-CWB,13340,12679,13313,13340,12936,9938,12006,920.0,661,4,7,239,149821.08
2026-05-31,LM-CWB,12332,11631,12307,12332,11950,9146,11099,850.5,701,1,6,264,146702.91
2026-06-01,LM-CWB,19015,17849,18895,19015,17305,13498,17114,1311.4,1166,8,9,761,225103.5
2026-06-02,LM-CWB,17514,16417,17380,17514,17032,12803,15763,1207.9,1097,4,12,270,205894.14
2026-06-03,LM-CWB,16491,15519,16426,16491,15948,12035,14842,1137.3,972,2,12,324,187196.76
2026-06-04,LM-CWB,17014,15921,16856,17014,16249,12491,15313,1173.4,1093,3,16,397,201761.27
2026-06-05,LM-CWB,14065,13603,14037,14065,13241,10220,12658,970.0,462,1,4,406,169170.72
2026-06-06,LM-CWB,12630,11854,12548,12630,11764,9158,11367,871.0,776,2,4,424,148732.44
2026-06-07,LM-CWB,12126,11579,12102,12126,11175,8637,10913,836.3,547,2,10,437,137008.44
2026-06-08,LM-CWB,18431,17343,18357,18431,16535,13494,16588,1271.1,1088,6,16,861,224505.09
2026-06-09,LM-CWB,17390,16212,17168,17390,16898,12892,15651,1199.3,1178,3,6,300,204518.1
2026-06-10,LM-CWB,15710,14938,15679,15710,14731,11361,14139,1083.4,772,1,13,428,190015.1
2026-06-11,LM-CWB,15713,15197,15682,15713,14679,11306,14142,1083.7,516,0,11,489,173909.8
2026-06-12,LM-CWB,15006,14162,14976,15006,14008,10859,13505,1034.9,844,1,9,470,169405.98
2026-06-13,LM-CWB,14516,13967,14487,14516,13657,10764,13064,1001.1,549,1,11,432,169659.41
2026-06-14,LM-CWB,13528,13030,13501,13528,12956,10148,12175,933.0,498,2,8,333,142026.49
2026-06-15,LM-CWB,18506,17368,18386,18506,17482,13417,16655,1276.3,1138,6,12,467,225632.37
2026-06-16,LM-CWB,17424,16335,17293,17424,16609,12714,15682,1201.7,1089,1,12,405,208709.57
2026-06-17,LM-CWB,16010,15117,15978,16010,15260,11487,14409,1104.1,893,2,9,390,180167.68
2026-06-18,LM-CWB,15275,14625,15244,15275,14296,10893,13748,1053.4,650,0,9,443,180732.56
2026-06-19,LM-CWB,15499,14504,15356,15499,14606,11356,13949,1068.9,995,9,15,426,178966.52
2026-06-20,LM-CWB,12974,12370,12948,12974,12504,9533,11677,894.8,604,3,8,271,147142.79
2026-06-21,LM-CWB,12760,12132,12734,12760,12283,9368,11484,880.0,628,1,7,244,141590.37
2026-06-22,LM-CWB,17827,16857,17791,17827,16552,12885,16044,1229.4,970,2,12,613,210469.36
2026-06-23,LM-CWB,17276,16358,17241,17276,16240,12690,15548,1191.4,918,2,8,516,201725.65
2026-06-24,LM-CWB,16865,16007,16831,16865,15678,12306,15178,1163.1,858,4,12,569,194233.28
2026-06-25,LM-CWB,16674,15859,16641,16674,16028,12480,15007,1149.9,815,9,15,361,183587.8
2026-06-26,LM-CWB,15881,15279,15849,15881,14952,12043,14293,1095.2,602,1,11,461,182819.03
2026-06-27,LM-CWB,12896,12223,12870,12896,11922,9242,11606,889.4,673,4,3,417,151497.47
2026-06-28,LM-CWB,13257,12596,13230,13257,12860,9663,11931,914.3,661,4,13,237,158954.92
2026-06-29,LM-CWB,18462,17581,18425,18462,17283,13798,16616,1273.2,881,4,15,576,209053.35
2026-06-30,LM-CWB,18248,17222,18212,18248,17170,13362,16423,1258.5,1026,4,20,543,205032.49
2026-07-01,LM-CWB,16869,16234,16835,16869,15692,12447,15182,1163.4,635,5,15,553,184685.8
2026-07-02,LM-CWB,15760,14899,15728,15760,14752,11355,14184,1086.9,861,4,15,485,180100.99
2026-07-03,LM-CWB,15568,14861,15537,15568,14531,11217,14011,1073.7,707,3,16,501,180927.67
2026-07-04,LM-CWB,13773,13078,13745,13773,13275,10317,12396,949.9,695,3,7,270,165635.9
2026-07-05,LM-CWB,13224,12583,13198,13224,12826,9652,11902,912.0,641,4,16,220,152240.19
2026-07-06,LM-CWB,19009,18171,18971,19009,17503,14108,17108,1311.0,838,1,11,709,223610.33
2026-07-07,LM-CWB,18918,17877,18880,18918,17408,13929,17026,1304.7,1041,6,21,686,215952.94
2026-07-08,LM-CWB,17570,16637,17535,17570,16947,12905,15813,1211.7,933,6,15,366,203660.64
2026-07-09,LM-CWB,16503,15602,16470,16503,15715,12433,14853,1138.1,901,3,14,397,184276.38
2026-07-10,LM-CWB,16249,15613,16217,16249,14958,11925,14624,1120.6,636,0,9,533,184423.7
2026-07-11,LM-CWB,14604,13950,14575,14604,13675,10681,13144,1007.2,654,4,8,423,159794.59
2026-07-12,LM-CWB,13915,13200,13887,13915,12933,10192,12524,959.7,715,5,7,440,162565.97
2026-07-13,LM-CWB,18388,17616,18351,18388,17347,13175,16549,1268.1,772,3,11,496,220153.36
2026-07-14,LM-CWB,17473,16541,17438,17473,16265,12562,15726,1205.0,932,5,17,596,198633.22
2026-07-15,LM-CWB,17957,16994,17921,17957,16789,13314,16161,1238.4,963,5,12,589,200419.68
2026-07-16,LM-CWB,16129,15348,16097,16129,15443,11981,14516,1112.3,781,2,17,364,202972.51
2026-07-17,LM-CWB,15187,14437,15157,15187,14538,11472,13668,1047.4,750,1,11,354,177120.86
2026-07-18,LM-CWB,13523,12718,13462,13523,13144,10133,12171,932.6,805,5,4,242,160038.46
2026-07-19,LM-CWB,13289,12615,13262,13289,12826,9721,11960,916.5,674,2,8,274,151522.99
2026-07-20,LM-CWB,19255,18181,19216,19255,17227,13711,17330,1327.9,1074,4,12,866,210678.89
2026-07-21,LM-CWB,17750,16870,17714,17750,16766,12948,15975,1224.1,880,6,12,477,198391.87
2026-07-22,LM-CWB,16764,15975,16730,16764,16488,12468,15088,1156.1,789,2,13,252,188691.75
2026-07-23,LM-CWB,16426,15541,16393,16426,15228,12060,14783,1132.8,885,3,9,528,184730.81
2026-07-24,LM-CWB,15523,14830,15492,15523,15060,11763,13971,1070.6,693,0,10,259,168152.17
2026-07-25,LM-CWB,14941,14297,14911,14941,14446,11225,13447,1030.4,644,1,21,322,166976.84
2026-07-26,LM-CWB,13309,12822,13282,13309,12976,10119,11978,917.9,487,2,8,223,143144.39
2026-07-27,LM-CWB,20039,18617,19719,20039,18109,14636,18035,1382.0,1422,10,14,840,217776.88
2026-07-28,LM-CWB,17956,17094,17920,17956,17011,13206,16160,1238.3,862,1,13,451,196204.29
2026-07-29,LM-CWB,17155,16440,17121,17155,16090,12405,15440,1183.1,715,5,9,476,189574.1
2026-07-30,LM-CWB,16520,15742,16487,16520,15468,12274,14868,1139.3,778,1,11,504,183295.37
2026-07-31,LM-CWB,14614,14008,14585,14614,13682,10754,13153,1007.9,606,4,8,437,162035.65
2026-08-01,LM-CWB,13245,12706,13219,13245,12821,9994,11920,913.4,539,4,6,244,155273.39
2026-08-02,LM-CWB,12409,11749,12384,12409,11425,9015,11168,855.8,660,0,11,466,138216.3
2026-08-03,LM-CWB,18009,17047,17973,18009,16897,13584,16208,1242.0,962,3,14,498,190096.09
2026-08-04,LM-CWB,17605,16732,17570,17605,16740,13350,15844,1214.1,873,2,10,465,194173.35
2026-08-05,LM-CWB,18172,17128,18127,18172,16859,13200,16355,1253.2,1044,9,9,609,201545.86
2026-08-06,LM-CWB,17014,16464,16980,17014,16406,12755,15313,1173.4,550,1,20,317,174894.67
2026-08-07,LM-CWB,16934,16017,16900,16934,15955,12263,15241,1167.9,917,4,17,477,188563.22
2026-08-08,LM-CWB,14198,13672,14170,14198,13737,10499,12778,979.2,526,2,9,262,154103.86
2026-08-09,LM-CWB,13690,12975,13663,13690,12726,9962,12321,944.1,715,3,11,408,151677.98
2026-08-10,LM-CWB,19041,18138,19003,19041,17736,13921,17137,1313.2,903,4,11,617,212275.13
2026-08-11,LM-CWB,18819,17994,18781,18819,17364,13774,16937,1297.9,825,3,12,667,206978.25
2026-08-12,LM-CWB,17913,16895,17877,17913,16766,13096,16122,1235.4,1018,7,13,563,198249.37
2026-08-13,LM-CWB,16793,16031,16759,16793,15958,12509,15114,1158.1,762,2,10,445,182441.06
2026-08-14,LM-CWB,16615,16074,16582,16615,15594,12040,14954,1145.9,541,4,7,471,185166.72
2026-08-15,LM-CWB,14356,13729,14327,14356,13412,10749,12920,990.1,627,3,12,430,156173.63
2026-08-16,LM-CWB,13144,12645,13118,13144,12079,9513,11830,906.5,499,4,7,474,147005.82
2026-08-17,LM-CWB,18998,18012,18960,18998,17692,13996,17098,1310.2,986,6,11,605,202847.75
2026-08-18,LM-CWB,17816,17141,17780,17816,16603,13084,16034,1228.7,675,4,19,617,192785.8
2026-08-19,LM-CWB,17621,17002,17586,17621,17034,13387,15859,1215.2,619,2,13,391,195531.39
2026-08-20,LM-CWB,17435,16647,17400,17435,15983,12747,15692,1202.4,788,2,10,643,185052.61
2026-08-21,LM-CWB,15935,15238,15903,15935,14918,12032,14342,1099.0,697,5,9,463,171885.69
2026-08-22,LM-CWB,14171,13521,14143,14171,13740,10690,12754,977.3,650,1,7,290,158110.89
2026-08-23,LM-CWB,13748,13029,13721,13748,13197,10156,12373,948.1,719,0,13,288,147820.93
2026-08-24,LM-CWB,20319,19010,20127,20319,18277,14786,18287,1401.3,1309,7,17,846,232922.33
2026-08-25,LM-CWB,19709,18504,19588,19709,17955,14448,17738,1359.2,1205,7,14,802,217669.49
2026-08-26,LM-CWB,18459,17769,18422,18459,17394,13855,16613,1273.0,690,5,9,530,199455.25
2026-08-27,LM-CWB,16730,16235,16697,16730,15593,12413,15057,1153.8,495,3,14,491,184832.73
2026-08-28,LM-CWB,17455,16637,17420,17455,17036,13119,15710,1203.8,818,5,16,272,191404.24
2026-08-29,LM-CWB,13975,13334,13947,13975,13606,10420,12578,963.8,641,1,10,269,152918.71
2026-08-30,LM-CWB,14052,13387,14024,14052,13563,10618,12647,969.1,665,3,7,278,152836.36
2026-08-31,LM-CWB,20051,18940,20011,20051,18426,14706,18046,1382.8,1111,7,16,722,219213.95
2026-09-01,LM-CWB,18530,17485,18493,18530,17596,13699,16677,1277.9,1045,7,11,465,197183.44
2026-09-02,LM-CWB,16647,15971,16614,16647,16115,12352,14982,1148.1,676,5,17,348,185030.68
2026-09-03,LM-CWB,17333,16408,17298,17333,16134,13023,15600,1195.4,925,5,15,600,186726.11
2026-09-04,LM-CWB,15674,15162,15643,15674,14662,11408,14107,1081.0,512,1,10,504,175268.42
2026-09-05,LM-CWB,14807,14246,14777,14807,14309,11210,13326,1021.2,561,1,5,270,156698.29
2026-09-06,LM-CWB,14359,13678,14330,14359,13743,10767,12923,990.3,681,1,15,365,162606.24
2026-09-07,LM-CWB,19558,18642,19519,19558,17835,14289,17602,1348.8,916,1,20,719,208960.77
2026-09-08,LM-CWB,19110,17973,19024,19110,18325,14206,17199,1317.9,1137,2,13,385,214952.37
2026-09-09,LM-CWB,17420,16686,17385,17420,16164,12916,15678,1201.4,734,3,4,611,187737.68
2026-09-10,LM-CWB,17152,16150,17093,17152,16133,12691,15437,1182.9,1002,1,14,447,189665.72
2026-09-11,LM-CWB,17127,16466,17093,17127,16095,12665,15414,1181.2,661,1,10,497,183240.66
2026-09-12,LM-CWB,14386,13732,14357,14386,13924,10990,12947,992.1,654,2,12,269,153515.94
2026-09-13,LM-CWB,14548,13900,14519,14548,13565,10792,13093,1003.3,648,3,5,455,157209.14
2026-09-14,LM-CWB,19894,18494,19589,19894,17447,14456,17905,1372.0,1400,8,15,1028,224314.13
2026-09-15,LM-CWB,19684,18331,19414,19684,18271,14456,17716,1357.5,1353,5,20,657,221768.44
2026-09-16,LM-CWB,18039,17194,18003,18039,17684,13862,16235,1244.1,845,3,13,258,200459.2
2026-09-17,LM-CWB,18131,17515,18095,18131,16945,13724,16318,1250.4,616,2,19,595,198432.96
2026-09-18,LM-CWB,16509,15846,16476,16509,15422,12331,14858,1138.6,663,3,13,451,191112.74
2026-09-19,LM-CWB,14463,13753,14434,14463,13594,11006,13017,997.4,710,2,11,409,154470.86
2026-09-20,LM-CWB,13737,12932,13688,13737,13215,10278,12363,947.4,805,4,13,304,150540.1
2026-09-21,LM-CWB,19756,18804,19716,19756,17682,14668,17780,1362.5,952,3,19,892,200275.42
2026-09-22,LM-CWB,19572,18066,19143,19572,17476,14268,17615,1349.8,1506,4,18,883,219912.15
2026-09-23,LM-CWB,18493,17783,18456,18493,17146,13660,16644,1275.4,710,5,18,611,196089.35
2026-09-24,LM-CWB,18110,17394,18074,18110,17463,13927,16299,1249.0,716,1,8,374,197124.66
2026-09-25,LM-CWB,17776,16987,17740,17776,16758,13242,15998,1225.9,789,5,10,513,189949.22
2026-09-26,LM-CWB,15311,14591,15280,15311,14736,11411,13780,1055.9,720,3,9,317,166659.93
2026-09-27,LM-CWB,13690,13175,13663,13690,13107,10066,12321,944.1,515,3,15,285,149704.58
2026-09-28,LM-CWB,20736,19360,20501,20736,18187,15118,18662,1430.1,1376,1,20,1046,224105.34
2026-09-29,LM-CWB,18820,18018,18782,18820,17188,13739,16938,1297.9,802,2,16,707,207334.6
2026-09-30,LM-CWB,18200,17559,18164,18200,17217,14018,16380,1255.2,641,2,16,490,195398.16
2025-01-01,LM-POA,9524,8571,9094,9524,8852,6060,8572,656.8,953,10,12,364,133858.3
2025-01-02,LM-POA,9328,8478,8991,9328,8380,5941,8395,643.3,850,15,18,479,121512.42
2025-01-03,LM-POA,8254,7478,7932,8254,7614,5233,7429,569.2,776,10,17,348,108469.05
2025-01-04,LM-POA,7708,6878,7302,7708,6875,4890,6937,531.6,830,8,7,372,99476.6
2025-01-05,LM-POA,7677,6926,7348,7677,7247,4932,6909,529.4,751,8,6,253,103360.04
2025-01-06,LM-POA,10632,9543,10128,10632,9727,6697,9569,733.2,1089,13,8,433,144594.24
2025-01-07,LM-POA,9815,8967,9507,9815,9356,6322,8834,676.9,848,14,11,287,135084.04
2025-01-08,LM-POA,9342,8401,8915,9342,8653,5644,8408,644.3,941,11,13,365,127627.94
2025-01-09,LM-POA,9411,8470,8988,9411,8515,5863,8470,649.0,941,12,12,414,127296.87
2025-01-10,LM-POA,8229,7445,7898,8229,7521,5289,7406,567.5,784,7,7,340,111575.54
2025-01-11,LM-POA,7610,6909,7328,7610,6893,4689,6849,524.8,701,6,8,329,104061.91
2025-01-12,LM-POA,7105,6393,6783,7105,6737,4508,6394,490.0,712,5,10,230,92420.79
2025-01-13,LM-POA,11317,10248,10870,11317,10434,6999,10185,780.5,1069,10,11,470,153362.76
2025-01-14,LM-POA,9929,8999,9545,9929,9088,6099,8936,684.8,930,10,9,414,126832.24
2025-01-15,LM-POA,9994,8925,9475,9994,9270,6311,8995,689.2,1069,11,13,351,139837.55
2025-01-16,LM-POA,8908,8085,8575,8908,8491,5758,8017,614.3,823,12,9,245,126155.75
2025-01-17,LM-POA,8991,8100,8595,8991,8314,5683,8092,620.1,891,12,4,359,119061.79
2025-01-18,LM-POA,7696,6899,7323,7696,6940,4744,6926,530.8,797,7,12,364,104933.66
2025-01-19,LM-POA,7025,6441,6827,7025,6655,4421,6322,484.5,584,5,12,224,96248.9
2025-01-20,LM-POA,10757,9665,10256,10757,9685,6661,9681,741.9,1092,11,15,502,151938.51
2025-01-21,LM-POA,10474,9528,10104,10474,9770,6647,9427,722.3,946,10,11,357,140034.86
2025-01-22,LM-POA,9390,8523,9040,9390,8965,5953,8451,647.6,867,10,13,260,123492.22
2025-01-23,LM-POA,8767,7829,8311,8767,8393,5745,7890,604.6,938,13,12,236,120283.65
2025-01-24,LM-POA,8855,7963,8450,8855,8079,5539,7970,610.7,892,11,9,360,124177.41
2025-01-25,LM-POA,7413,6649,7056,7413,7073,4737,6672,511.2,764,8,7,210,100345.02
2025-01-26,LM-POA,7199,6556,6952,7199,6890,4680,6479,496.5,643,8,13,195,100496.36
2025-01-27,LM-POA,10721,9755,10344,10721,9665,6540,9649,739.4,966,15,11,507,148249.95
2025-01-28,LM-POA,9503,8699,9222,9503,8698,6171,8553,655.4,804,10,7,402,130010.86
2025-01-29,LM-POA,9012,8090,8586,9012,8655,5898,8111,621.5,922,7,6,249,121545.56
2025-01-30,LM-POA,9531,8775,9299,9531,9133,6232,8578,657.3,756,9,9,266,126319.66
2025-01-31,LM-POA,8749,7969,8450,8749,7922,5465,7874,603.4,780,15,9,438,123411.58
2025-02-01,LM-POA,7007,6418,6803,7007,6304,4359,6306,483.2,589,7,5,357,91314.53
2025-02-02,LM-POA,7530,6818,7233,7530,6708,4687,6777,519.3,712,5,8,382,102834.36
2025-02-03,LM-POA,10917,9853,10454,10917,9715,6819,9825,752.9,1064,16,9,570,148986.91
2025-02-04,LM-POA,9910,8906,9451,9910,9094,6428,8919,683.4,1004,10,15,368,135098.92
2025-02-05,LM-POA,9165,8370,8874,9165,8182,5592,8248,632.1,795,8,11,485,118804.34
2025-02-06,LM-POA,9703,8768,9302,9703,8839,6284,8733,669.2,935,18,10,429,130901.77
2025-02-07,LM-POA,9073,8200,8699,9073,8703,5855,8166,625.7,873,8,12,231,120167.16
2025-02-08,LM-POA,8389,7654,8115,8389,7748,5445,7550,578.6,735,8,13,350,115589.58
2025-02-09,LM-POA,7480,6809,7220,7480,7093,4853,6732,515.9,671,13,4,236,101127.79
2025-02-10,LM-POA,11024,9957,10563,11024,10244,7127,9922,760.3,1067,17,14,403,155021.69
2025-02-11,LM-POA,10163,9203,9762,10163,9327,6574,9147,700.9,960,5,10,389,142555.96
2025-02-12,LM-POA,9939,9011,9557,9939,9042,6303,8945,685.4,928,14,12,461,131997.83
2025-02-13,LM-POA,9689,8770,9302,9689,9282,6189,8720,668.2,919,7,11,275,135938.5
2025-02-14,LM-POA,9409,8589,9106,9409,8595,5905,8468,648.9,820,10,6,382,123759.55
2025-02-15,LM-POA,7645,6944,7364,7645,7263,5016,6880,527.2,701,10,10,240,106783.27
2025-02-16,LM-POA,7301,6589,6991,7301,7039,4861,6571,503.5,712,8,5,170,94861.6
2025-02-17,LM-POA,10756,9827,10419,10756,9998,6821,9680,741.8,929,21,15,371,150514.5
2025-02-18,LM-POA,10566,9514,10095,10566,9569,6830,9509,728.7,1052,12,9,450,139421.33
2025-02-19,LM-POA,10228,9246,9809,10228,9357,6624,9205,705.4,982,8,10,412,136247.53
2025-02-20,LM-POA,9383,8474,8990,9383,8516,5828,8445,647.1,909,5,13,436,125672.34
2025-02-21,LM-POA,8932,8056,8548,8932,8162,5782,8039,616.0,876,12,8,357,118167.96
2025-02-22,LM-POA,7918,7146,7582,7918,7104,4971,7126,546.1,772,8,9,371,110987.98
2025-02-23,LM-POA,7392,6737,7144,7392,7143,4934,6653,509.8,655,9,3,178,94052.88
2025-02-24,LM-POA,11369,10291,10917,11369,10265,7256,10232,784.1,1078,14,8,525,155260.25
2025-02-25,LM-POA,9526,8733,9256,9526,9079,6423,8573,657.0,793,8,15,280,129720.45
2025-02-26,LM-POA,9492,8554,9076,9492,9043,6162,8543,654.6,938,10,5,267,123886.84
2025-02-27,LM-POA,9328,8401,8914,9328,8447,5886,8395,643.3,927,11,8,427,124028.55
2025-02-28,LM-POA,8378,7504,7965,8378,7893,5466,7540,577.8,874,10,12,248,109804.48
2025-03-01,LM-POA,7612,6818,7237,7612,6960,4930,6851,525.0,794,7,9,308,101849.16
2025-03-02,LM-POA,7259,6529,6928,7259,6475,4645,6533,500.6,730,3,6,357,100561.18
2025-03-03,LM-POA,10988,9880,10484,10988,10128,7016,9889,757.8,1108,17,10,463,146516.85
2025-03-04,LM-POA,10806,9734,10328,10806,9821,6990,9725,745.2,1072,16,10,450,146887.3
2025-03-05,LM-POA,9747,8830,9366,9747,8908,6129,8772,672.2,917,13,9,427,130641.69
2025-03-06,LM-POA,9299,8361,8873,9299,8520,5753,8369,641.3,938,10,9,412,132975.74
2025-03-07,LM-POA,9153,8388,8891,9153,8433,5918,8238,631.2,765,9,10,364,122918.06
2025-03-08,LM-POA,8214,7426,7878,8214,7339,5405,7393,566.5,788,4,8,402,107682.94
2025-03-09,LM-POA,7285,6633,7033,7285,6953,4796,6556,502.4,652,13,10,201,98432.41
2025-03-10,LM-POA,14547,13073,13873,14547,13106,9170,13092,1003.2,1474,16,20,724,200355.39
2025-03-11,LM-POA,14399,12989,13781,14399,12883,9120,12959,993.0,1410,19,16,720,190793.93
2025-03-12,LM-POA,13246,12013,12742,13246,12348,8567,11921,913.5,1233,14,8,439,184880.56
2025-03-13,LM-POA,13395,12159,12896,13395,12534,8557,12056,923.8,1236,10,15,454,171188.29
2025-03-14,LM-POA,12447,11339,12024,12447,11410,7880,11202,858.4,1108,15,12,525,164796.51
2025-03-15,LM-POA,11022,9873,10479,11022,10063,7119,9920,760.1,1149,11,9,482,148993.66
2025-03-16,LM-POA,9871,9113,9656,9871,9058,6395,8884,680.8,758,10,11,390,135474.71
2025-03-17,LM-POA,11189,10249,10865,11189,10183,7076,10070,771.7,940,15,24,488,156042.65
2025-03-18,LM-POA,10444,9467,10041,10444,9600,6586,9400,720.3,977,10,10,421,146224.59
2025-03-19,LM-POA,9522,8639,9163,9522,8671,6094,8570,656.7,883,14,7,437,128550.94
2025-03-20,LM-POA,9224,8360,8868,9224,8421,5890,8302,636.1,864,9,6,386,128196.43
2025-03-21,LM-POA,9500,8532,9055,9500,8749,6189,8550,655.2,968,10,9,370,130752.31
2025-03-22,LM-POA,7917,7088,7524,7917,7160,5014,7125,546.0,829,14,9,346,107393.78
2025-03-23,LM-POA,7357,6598,7003,7357,7228,4893,6621,507.4,759,11,5,156,97849.91
2025-03-24,LM-POA,11221,10053,10671,11221,10260,7270,10099,773.9,1168,15,15,495,152642.57
2025-03-25,LM-POA,11000,10083,10688,11000,10060,7171,9900,758.6,917,7,18,428,152714.71
2025-03-26,LM-POA,9204,8297,8803,9204,8557,5959,8284,634.8,907,6,19,314,124329.45
2025-03-27,LM-POA,9300,8487,8999,9300,8484,5923,8370,641.4,813,11,10,377,123212.84
2025-03-28,LM-POA,9030,8156,8652,9030,8567,5875,8127,622.8,874,10,6,290,125778.49
2025-03-29,LM-POA,8473,7660,8126,8473,7634,5415,7626,584.3,813,5,12,425,112513.26
2025-03-30,LM-POA,7750,7000,7426,7750,7130,5163,6975,534.5,750,5,12,296,106073.64
2025-03-31,LM-POA,11628,10475,11114,11628,10320,7355,10465,801.9,1153,7,11,603,158540.85
2025-04-01,LM-POA,10218,9371,9933,10218,9284,6770,9196,704.7,847,10,12,482,140346.45
2025-04-02,LM-POA,9666,8756,9287,9666,8906,6260,8699,666.6,910,13,9,347,133102.34
2025-04-03,LM-POA,10026,9171,9722,10026,9227,6447,9023,691.4,855,12,13,369,136904.57
2025-04-04,LM-POA,9404,8525,9042,9404,8605,6010,8464,648.6,879,8,13,399,125165.94
2025-04-05,LM-POA,8263,7559,8014,8263,7405,5207,7437,569.9,704,10,8,372,108907.99
2025-04-06,LM-POA,7668,6944,7366,7668,7270,5009,6901,528.8,724,14,3,220,104112.39
2025-04-07,LM-POA,11500,10385,11017,11500,10023,7291,10350,793.1,1115,16,12,655,155929.65
2025-04-08,LM-POA,10764,9630,10222,10764,9838,6957,9688,742.3,1134,13,9,456,156299.4
2025-04-09,LM-POA,10394,9460,10031,10394,9630,6983,9355,716.8,934,13,11,364,140955.97
2025-04-10,LM-POA,10209,9348,9909,10209,9157,6695,9188,704.1,861,7,19,488,136997.95
2025-04-11,LM-POA,8905,8120,8610,8905,7966,5720,8014,614.1,785,12,4,440,117365.98
2025-04-12,LM-POA,7513,6776,7190,7513,6673,4777,6762,518.1,737,6,7,384,98115.38
2025-04-13,LM-POA,8035,7316,7758,8035,7745,5193,7232,554.1,719,8,9,171,102924.57
2025-04-14,LM-POA,11931,10655,11311,11931,11126,7812,10738,822.8,1276,16,13,414,156212.15
2025-04-15,LM-POA,10382,9322,9893,10382,9938,6944,9344,716.0,1060,13,9,260,138915.22
2025-04-16,LM-POA,9515,8564,9088,9515,9149,6407,8564,656.2,951,12,13,246,132011.63
2025-04-17,LM-POA,10020,9020,9571,10020,9170,6437,9018,691.0,1000,15,9,414,136799.27
2025-04-18,LM-POA,9803,8912,9451,9803,8928,6210,8823,676.1,891,8,8,428,127741.17
2025-04-19,LM-POA,8717,7939,8418,8717,7937,5642,7845,601.2,778,13,13,328,114809.57
2025-04-20,LM-POA,7949,7171,7608,7949,7111,5149,7154,548.2,778,4,11,378,106720.3
2025-04-21,LM-POA,11371,10417,11042,11371,10496,7363,10234,784.2,954,8,13,463,150574.64
2025-04-22,LM-POA,10490,9456,10033,10490,9604,6857,9441,723.4,1034,19,9,435,137726.67
2025-04-23,LM-POA,10240,9351,9914,10240,9354,6630,9216,706.2,889,13,17,421,127071.98
2025-04-24,LM-POA,9938,8968,9515,9938,9010,6445,8944,685.4,970,8,9,416,129573.92
2025-04-25,LM-POA,9210,8336,8842,9210,8219,5946,8289,635.2,874,10,10,436,120133.25
2025-04-26,LM-POA,8840,8004,8491,8840,8056,5726,7956,609.7,836,3,14,363,122948.32
2025-04-27,LM-POA,8343,7599,8058,8343,7544,5289,7509,575.4,744,9,11,378,116598.67
2025-04-28,LM-POA,12048,10806,11468,12048,10999,7969,10843,830.9,1242,24,13,486,153527.48
2025-04-29,LM-POA,10540,9415,9994,10540,9803,6832,9486,726.9,1125,15,11,387,145788.82
2025-04-30,LM-POA,10603,9653,10236,10603,9738,6656,9543,731.2,950,12,10,433,147451.53
2025-05-01,LM-POA,13425,12149,12887,13425,12307,8721,12082,925.9,1276,19,18,582,176411.05
2025-05-02,LM-POA,12679,11629,12326,12679,11502,8266,11411,874.4,1050,13,20,551,161274.46
2025-05-03,LM-POA,11257,10086,10705,11257,10271,7421,10131,776.3,1171,15,16,427,159551.41
2025-05-04,LM-POA,10496,9484,10061,10496,9638,6860,9446,723.9,1012,10,11,459,140475.63
2025-05-05,LM-POA,15543,13596,14451,15543,13427,9913,13989,1071.9,1947,24,25,935,220195.06
2025-05-06,LM-POA,14558,13134,13934,14558,13100,9440,13102,1004.0,1424,20,8,670,196571.6
2025-05-07,LM-POA,13621,12337,13086,13621,12572,8803,12259,939.4,1284,15,13,512,191238.81
2025-05-08,LM-POA,12383,11328,12009,12383,10959,7923,11145,854.0,1055,12,17,681,168074.63
2025-05-09,LM-POA,12594,11440,12133,12594,11611,8339,11335,868.6,1154,11,21,510,167291.62
2025-05-10,LM-POA,10637,9589,10174,10637,10034,6960,9573,733.6,1048,10,18,332,141240.61
2025-05-11,LM-POA,9864,8933,9476,9864,8982,6432,8878,680.3,931,16,11,427,130326.55
2025-05-12,LM-POA,12412,11148,11831,12412,10907,7919,11171,856.0,1264,11,20,695,166473.95
2025-05-13,LM-POA,11684,10430,11073,11684,10707,7551,10516,805.8,1254,16,14,467,157756.32
2025-05-14,LM-POA,10909,9914,10514,10909,10365,7201,9818,752.3,995,14,14,346,148079.6
2025-05-15,LM-POA,10309,9278,9845,10309,9428,6709,9278,711.0,1031,9,12,408,137346.15
2025-05-16,LM-POA,10174,9181,9741,10174,9332,6633,9157,701.7,993,9,9,406,144238.65
2025-05-17,LM-POA,8396,7599,8061,8396,7719,5516,7556,579.0,797,7,6,361,118397.24
2025-05-18,LM-POA,8047,7197,7640,8047,7291,5083,7242,555.0,850,10,10,372,109721.33
2025-05-19,LM-POA,11338,10141,10765,11338,10339,7350,10204,781.9,1197,11,16,481,161789.48
2025-05-20,LM-POA,11235,10219,10837,11235,10579,7485,10112,774.8,1016,10,13,362,157403.51
2025-05-21,LM-POA,10496,9468,10045,10496,9697,7032,9446,723.9,1028,11,12,419,140141.58
2025-05-22,LM-POA,9808,8874,9413,9808,8915,6279,8827,676.4,934,6,10,425,133846.78
2025-05-23,LM-POA,9754,8843,9379,9754,8881,6260,8779,672.7,911,5,10,436,130902.03
2025-05-24,LM-POA,8417,7544,8007,8417,8139,5643,7575,580.5,873,3,14,206,118640.79
2025-05-25,LM-POA,8541,7685,8155,8541,7705,5645,7687,589.0,856,14,5,369,112213.51
2025-05-26,LM-POA,12228,10865,11538,12228,11111,7889,11005,843.3,1363,22,14,547,158765.13
2025-05-27,LM-POA,11149,9908,10521,11149,10327,7131,10034,768.9,1241,15,9,412,151085.34
2025-05-28,LM-POA,10626,9602,10186,10626,9738,6987,9563,732.8,1024,7,12,419,139405.58
2025-05-29,LM-POA,10352,9357,9926,10352,9374,6665,9317,713.9,995,12,10,427,135909.91
2025-05-30,LM-POA,9758,8863,9400,9758,8881,6534,8782,673.0,895,15,7,464,130373.84
2025-05-31,LM-POA,8168,7412,7861,8168,7790,5429,7351,563.3,756,12,5,246,108311.6
2025-06-01,LM-POA,8040,7179,7621,8040,7594,5240,7236,554.5,861,11,11,274,107850.72
2025-06-02,LM-POA,11614,10371,11010,11614,10236,7405,10453,801.0,1243,10,7,596,156168.21
2025-06-03,LM-POA,10719,9654,10244,10719,9915,7074,9647,739.2,1065,11,19,412,145719.51
2025-06-04,LM-POA,10785,9776,10369,10785,10052,7088,9706,743.8,1009,21,10,373,142167.01
2025-06-05,LM-POA,10538,9499,10078,10538,10086,7046,9484,726.8,1039,16,19,290,139648.32
2025-06-06,LM-POA,9266,8335,8845,9266,8456,6346,8339,639.0,931,13,9,415,128279.17
2025-06-07,LM-POA,8502,7773,8240,8502,7688,5467,7652,586.3,729,7,12,361,117921.35
2025-06-08,LM-POA,8412,7647,8109,8412,7500,5533,7571,580.1,765,6,6,416,119028.84
2025-06-09,LM-POA,12440,11143,11827,12440,11293,8311,11196,857.9,1297,15,11,585,168311.62
2025-06-10,LM-POA,11679,10598,11240,11679,10783,7838,10511,805.4,1081,10,14,439,162269.49
2025-06-11,LM-POA,10671,9575,10161,10671,9862,6932,9604,735.9,1096,11,17,395,142776.3
2025-06-12,LM-POA,10147,9235,9793,10147,9331,6693,9132,699.8,912,14,16,441,138085.8
2025-06-13,LM-POA,9564,8824,9350,9564,8723,6143,8608,659.6,740,6,13,411,127982.57
2025-06-14,LM-POA,8692,7903,8381,8692,7951,5784,7823,599.4,789,7,12,358,122804.78
2025-06-15,LM-POA,8284,7491,7947,8284,7429,5370,7456,571.3,793,7,19,395,109412.51
2025-06-16,LM-POA,12607,11054,11747,12607,10930,8172,11346,869.4,1553,25,16,711,167665.98
2025-06-17,LM-POA,11775,10577,11225,11775,10722,7897,10598,812.1,1198,10,12,526,159144.43
2025-06-18,LM-POA,10668,9706,10293,10668,9730,7040,9601,735.7,962,11,10,459,134894.42
2025-06-19,LM-POA,10058,9148,9701,10058,9277,6666,9052,693.7,910,16,11,398,135299.74
2025-06-20,LM-POA,9887,8876,9420,9887,9093,6504,8898,681.9,1011,16,16,394,123655.77
2025-06-21,LM-POA,8703,7906,8384,8703,8337,5946,7833,600.2,797,11,4,226,113815.82
2025-06-22,LM-POA,8165,7334,7783,8165,7405,5319,7348,563.1,831,11,13,345,110165.39
2025-06-23,LM-POA,11888,10788,11441,11888,10894,7893,10699,819.9,1100,15,19,484,151822.11
2025-06-24,LM-POA,11505,10461,11094,11505,10579,7668,10354,793.4,1044,9,9,446,155621.96
2025-06-25,LM-POA,10589,9656,10238,10589,10070,7170,9530,730.3,933,6,6,335,132670.68
2025-06-26,LM-POA,10344,9326,9895,10344,9557,6884,9310,713.4,1018,5,12,390,139056.65
2025-06-27,LM-POA,10166,9252,9811,10166,9851,6760,9149,701.1,914,11,6,234,139419.4
2025-06-28,LM-POA,8565,7758,8229,8565,8273,5775,7708,590.7,807,11,11,196,119191.88
2025-06-29,LM-POA,8341,7572,8031,8341,7495,5333,7507,575.2,769,9,8,407,117181.71
2025-06-30,LM-POA,12320,11008,11686,12320,11101,8062,11088,849.7,1312,7,11,579,162212.94
2025-07-01,LM-POA,11012,9899,10505,11012,10072,7347,9911,759.4,1113,15,10,465,146729.21
2025-07-02,LM-POA,10660,9672,10258,10660,10106,7249,9594,735.2,988,11,15,321,140245.2
2025-07-03,LM-POA,11173,10147,10762,11173,10095,7282,10056,770.6,1026,15,18,499,153902.21
2025-07-04,LM-POA,9703,8706,9240,9703,8854,6610,8733,669.2,997,17,6,414,131802.31
2025-07-05,LM-POA,8090,7354,7799,8090,7272,5192,7281,557.9,736,8,6,361,108567.33
2025-07-06,LM-POA,7776,7066,7493,7776,7051,5165,6998,536.3,710,8,10,320,104208.83
2025-07-07,LM-POA,12286,10922,11598,12286,10658,8042,11057,847.3,1364,15,19,729,169346.86
2025-07-08,LM-POA,11549,10473,11108,11549,10602,7724,10394,796.5,1076,12,18,471,151213.63
2025-07-09,LM-POA,10860,9782,10379,10860,9914,7231,9774,749.0,1078,14,16,420,149846.87
2025-07-10,LM-POA,11154,10140,10754,11154,10182,7393,10039,769.2,1014,14,11,469,151207.54
2025-07-11,LM-POA,9221,8288,8795,9221,8587,6309,8299,635.9,933,10,4,320,128293.05
2025-07-12,LM-POA,8910,8146,8636,8910,8023,5779,8019,614.5,764,7,3,462,118024.46
2025-07-13,LM-POA,8823,8063,8549,8823,8212,5861,7941,608.5,760,5,3,338,118347.55
2025-07-14,LM-POA,11857,10763,11415,11857,10718,7843,10671,817.7,1094,15,13,510,164507.82
2025-07-15,LM-POA,11449,10518,11147,11449,10005,7451,10304,789.6,931,10,11,620,147698.26
2025-07-16,LM-POA,10678,9770,10358,10678,9701,6968,9610,736.4,908,13,19,480,148147.52
2025-07-17,LM-POA,10425,9503,10076,10425,9558,6990,9382,719.0,922,10,13,391,138692.24
2025-07-18,LM-POA,10114,9264,9820,10114,8946,6657,9103,697.5,850,11,14,491,138500.97
2025-07-19,LM-POA,9281,8391,8902,9281,8518,6328,8353,640.1,890,10,14,386,127928.3
2025-07-20,LM-POA,8956,8071,8563,8956,8485,6104,8060,617.7,885,16,9,279,120037.36
2025-07-21,LM-POA,12270,11054,11729,12270,10695,8142,11043,846.2,1216,14,9,705,165519.93
2025-07-22,LM-POA,12448,11077,11762,12448,11476,8430,11203,858.5,1371,18,7,493,161794.21
2025-07-23,LM-POA,11044,10066,10674,11044,10455,7329,9940,761.7,978,12,15,333,140126.09
2025-07-24,LM-POA,11488,10335,10967,11488,10606,7630,10339,792.3,1153,17,6,445,155407.44
2025-07-25,LM-POA,10257,9235,9799,10257,9278,6764,9231,707.4,1022,14,12,445,143135.06
2025-07-26,LM-POA,8931,7991,8483,8931,8195,6052,8038,615.9,940,10,10,394,120061.28
2025-07-27,LM-POA,8571,7690,8161,8571,7809,5713,7714,591.1,881,7,9,387,108493.45
2025-07-28,LM-POA,13877,12011,12774,13877,11005,8781,12489,957.0,1866,21,23,1230,187460.67
2025-07-29,LM-POA,12087,10730,11394,12087,11172,8081,10878,833.6,1357,22,9,463,161469.39
2025-07-30,LM-POA,10820,9717,10312,10820,9894,7329,9738,746.2,1103,16,13,474,144459.48
2025-07-31,LM-POA,11255,10123,10742,11255,10315,7400,10130,776.2,1132,13,9,487,147130.9
2025-08-01,LM-POA,10219,9219,9781,10219,9794,6945,9197,704.8,1000,11,7,278,134638.54
2025-08-02,LM-POA,8788,7959,8442,8788,8062,6002,7909,606.1,829,5,10,341,112859.05
2025-08-03,LM-POA,8783,8069,8552,8783,7882,5866,7905,605.7,714,7,9,420,124600.64
2025-08-04,LM-POA,12574,11238,11930,12574,10997,8209,11317,867.2,1336,17,8,681,178563.74
2025-08-05,LM-POA,11920,10688,11344,11920,10901,7993,10728,822.1,1232,20,14,502,156331.89
2025-08-06,LM-POA,11164,10105,10719,11164,10221,7299,10048,769.9,1059,14,20,432,150365.89
2025-08-07,LM-POA,11077,9983,10592,11077,10132,7328,9969,763.9,1094,7,5,460,146581.02
2025-08-08,LM-POA,10564,9626,10207,10564,9694,7037,9508,728.6,938,10,10,431,140995.86
2025-08-09,LM-POA,8383,7620,8081,8383,7503,5467,7545,578.1,763,11,11,430,113882.95
2025-08-10,LM-POA,8761,7895,8377,8761,8294,5996,7885,604.2,866,13,13,296,118724.13
2025-08-11,LM-POA,12198,10955,11626,12198,10463,7824,10978,841.2,1243,10,14,729,169452.06
2025-08-12,LM-POA,11274,10239,10859,11274,10450,7715,10147,777.5,1035,10,11,436,149086.0
2025-08-13,LM-POA,11200,10140,10756,11200,10336,7581,10080,772.4,1060,11,9,421,150670.38
2025-08-14,LM-POA,11044,10025,10633,11044,10133,7330,9940,761.7,1019,17,9,437,137345.43
2025-08-15,LM-POA,10216,9287,9849,10216,9330,6785,9194,704.6,929,12,17,408,137797.5
2025-08-16,LM-POA,9308,8563,9074,9308,8853,6328,8377,641.9,745,6,3,261,116518.95
2025-08-17,LM-POA,8206,7495,7947,8206,7419,5547,7385,565.9,711,9,10,392,105756.3
2025-08-18,LM-POA,12524,11051,11740,12524,11345,8353,11272,863.7,1473,20,14,567,176756.39
2025-08-19,LM-POA,11697,10606,11250,11697,10629,7938,10527,806.7,1091,12,15,507,163245.0
2025-08-20,LM-POA,11270,10367,10987,11270,10402,7581,10143,777.2,903,16,9,422,145959.02
2025-08-21,LM-POA,11184,10150,10765,11184,10749,7717,10066,771.3,1034,16,13,314,157974.99
2025-08-22,LM-POA,10159,9325,9884,10159,9365,6982,9143,700.6,834,11,12,408,138747.71
2025-08-23,LM-POA,9327,8612,9125,9327,8631,6306,8394,643.2,715,8,13,349,126140.01
2025-08-24,LM-POA,8679,7798,8275,8679,7895,5722,7811,598.6,881,4,20,388,113016.0
2025-08-25,LM-POA,11933,10740,11396,11933,11006,8014,10740,823.0,1193,9,15,471,169662.99
2025-08-26,LM-POA,11187,10130,10745,11187,10365,7766,10068,771.5,1057,16,13,434,153721.57
2025-08-27,LM-POA,11348,10166,10791,11348,10359,7559,10213,782.6,1182,19,9,498,149644.92
2025-08-28,LM-POA,11053,10111,10718,11053,10238,7259,9948,762.3,942,8,12,442,137668.0
2025-08-29,LM-POA,10553,9576,10156,10553,9894,7059,9498,727.8,977,7,14,349,136822.93
2025-08-30,LM-POA,9140,8166,8669,9140,8305,6107,8226,630.3,974,13,16,417,124194.63
2025-08-31,LM-POA,8779,7965,8448,8779,8465,6066,7901,605.4,814,10,7,236,117193.23
2025-09-01,LM-POA,13279,11541,12271,13279,11078,8785,11951,915.8,1738,19,9,968,189815.08
2025-09-02,LM-POA,11610,10505,11144,11610,10760,7755,10449,800.7,1105,11,15,453,151159.46
2025-09-03,LM-POA,10950,9719,10321,10950,10179,7559,9855,755.2,1231,12,9,445,149871.17
2025-09-04,LM-POA,10775,9737,10330,10775,9904,7343,9698,743.1,1038,9,13,457,149568.57
2025-09-05,LM-POA,10760,9801,10393,10760,9928,7382,9684,742.1,959,9,9,411,138613.95
2025-09-06,LM-POA,9603,8662,9191,9603,9125,6656,8643,662.3,941,10,16,260,131713.16
2025-09-07,LM-POA,8628,7701,8176,8628,7824,5760,7765,595.0,927,11,12,355,116679.73
2025-09-08,LM-POA,11795,10648,11297,11795,10873,8183,10616,813.4,1147,22,14,504,156187.79
2025-09-09,LM-POA,11425,10323,10952,11425,10611,7894,10282,787.9,1102,7,8,454,143640.39
2025-09-10,LM-POA,11149,10212,10825,11149,10692,7664,10034,768.9,937,14,13,304,151202.23
2025-09-11,LM-POA,11049,10034,10641,11049,10048,7590,9944,762.0,1015,8,7,480,145386.55
2025-09-12,LM-POA,10561,9541,10122,10561,9669,7404,9505,728.3,1020,13,7,430,140530.84
2025-09-13,LM-POA,9268,8310,8819,9268,8454,6339,8341,639.2,958,9,12,408,130415.37
2025-09-14,LM-POA,8715,7884,8364,8715,8004,5724,7844,601.0,831,4,6,341,117123.16
2025-09-15,LM-POA,13479,11920,12661,13479,11365,8613,12131,929.6,1559,14,10,833,184414.0
2025-09-16,LM-POA,11931,10776,11432,11931,11075,8138,10738,822.8,1155,11,12,421,170008.95
2025-09-17,LM-POA,11202,10189,10805,11202,10245,7466,10082,772.6,1013,10,20,523,151098.16
2025-09-18,LM-POA,11523,10229,10863,11523,10487,7688,10371,794.7,1294,12,15,455,152529.21
2025-09-19,LM-POA,10196,9293,9854,10196,9375,6930,9176,703.2,903,9,11,428,141914.23
2025-09-20,LM-POA,9435,8545,9064,9435,8510,6310,8492,650.7,890,9,7,457,127127.26
2025-09-21,LM-POA,8893,8050,8539,8893,7984,6049,8004,613.3,843,14,7,394,117755.98
2025-09-22,LM-POA,13009,11461,12177,13009,11104,8706,11708,897.2,1548,22,18,804,172207.26
2025-09-23,LM-POA,12974,11442,12155,12974,11156,8446,11677,894.8,1532,15,9,773,174907.13
2025-09-24,LM-POA,11364,10264,10889,11364,10504,7755,10228,783.7,1100,14,13,413,157331.54
2025-09-25,LM-POA,12220,10895,11567,12220,10465,8013,10998,842.8,1325,15,18,812,162641.79
2025-09-26,LM-POA,10752,9625,10216,10752,9838,7360,9677,741.5,1127,13,11,452,146021.94
2025-09-27,LM-POA,8944,8071,8563,8944,8515,6133,8050,616.8,873,9,15,253,117408.25
2025-09-28,LM-POA,8935,8156,8647,8935,8210,6147,8042,616.2,779,10,12,365,124843.76
2025-09-29,LM-POA,12656,11172,11868,12656,10787,8346,11390,872.8,1484,10,16,789,164923.6
2025-09-30,LM-POA,12036,10882,11544,12036,11053,8360,10832,830.1,1154,13,12,445,157186.68
2025-10-01,LM-POA,11847,10599,11251,11847,10887,8078,10662,817.0,1248,18,10,505,156956.89
2025-10-02,LM-POA,11687,10466,11109,11687,10773,7770,10518,806.0,1221,25,10,456,151452.96
2025-10-03,LM-POA,10663,9618,10204,10663,9823,7313,9597,735.4,1045,9,8,450,145889.32
2025-10-04,LM-POA,9742,8880,9415,9742,9310,6693,8768,671.9,862,9,13,287,133294.37
2025-10-05,LM-POA,9328,8346,8859,9328,8516,6137,8395,643.3,982,11,11,373,128519.22
2025-10-06,LM-POA,13893,12160,12924,13893,11299,8990,12504,958.1,1733,21,16,1118,193425.84
2025-10-07,LM-POA,12663,11415,12111,12663,11036,8514,11397,873.3,1248,15,12,760,162991.61
2025-10-08,LM-POA,12312,11058,11736,12312,11245,8453,11081,849.1,1254,19,11,514,167416.91
2025-10-09,LM-POA,10772,9708,10301,10772,9952,7418,9695,742.9,1064,14,14,425,151140.73
2025-10-10,LM-POA,10841,9775,10371,10841,10502,7529,9757,747.7,1066,16,9,251,144551.84
2025-10-11,LM-POA,9183,8266,8771,9183,8411,6211,8265,633.3,917,13,6,364,127796.67
2025-10-12,LM-POA,9054,8150,8648,9054,8287,6075,8149,624.4,904,16,10,356,121474.86
2025-10-13,LM-POA,13038,11444,12161,13038,11168,8762,11734,899.2,1594,22,16,841,176978.98
2025-10-14,LM-POA,12432,10917,11601,12432,11164,8485,11189,857.4,1515,13,6,658,163215.08
2025-10-15,LM-POA,12598,11214,11907,12598,11043,8362,11338,868.8,1384,18,11,686,168198.82
2025-10-16,LM-POA,11528,10342,10976,11528,10681,8054,10375,795.0,1186,8,14,416,161629.77
2025-10-17,LM-POA,11186,10056,10671,11186,10213,7711,10067,771.4,1130,10,11,486,147997.83
2025-10-18,LM-POA,9448,8500,9020,9448,8604,6509,8503,651.6,948,17,3,445,134642.58
2025-10-19,LM-POA,9092,8251,8751,9092,8693,6297,8183,627.0,841,16,12,251,121538.24
2025-10-20,LM-POA,13384,11783,12519,13384,11178,9087,12046,923.0,1601,14,12,897,189502.99
2025-10-21,LM-POA,12774,11206,11908,12774,10878,8374,11497,881.0,1568,18,12,837,174140.08
2025-10-22,LM-POA,12372,11141,11821,12372,10729,8003,11135,853.2,1231,24,13,675,155184.59
2025-10-23,LM-POA,12337,10917,11595,12337,11189,8496,11103,850.8,1420,11,19,565,163874.39
2025-10-24,LM-POA,11210,10088,10704,11210,10765,7897,10089,773.1,1122,19,12,319,147866.55
2025-10-25,LM-POA,9778,8910,9448,9778,8984,6764,8800,674.3,868,18,6,429,128405.85
2025-10-26,LM-POA,8753,7820,8301,8753,7941,6063,7878,603.7,933,15,9,360,113922.71
2025-10-27,LM-POA,13416,11647,12385,13416,11374,9058,12074,925.2,1769,25,13,904,178181.51
2025-10-28,LM-POA,13065,11396,12115,13065,11135,8847,11758,901.0,1669,21,10,819,181734.87
2025-10-29,LM-POA,12319,10963,11640,12319,10621,8278,11087,849.6,1356,22,10,786,180036.72
2025-10-30,LM-POA,11818,10612,11262,11818,10834,8126,10636,815.0,1206,10,14,492,160464.77
2025-10-31,LM-POA,11500,10267,10900,11500,10566,7887,10350,793.1,1233,10,21,462,153942.77
2025-11-01,LM-POA,9801,8912,9451,9801,8904,6787,8821,675.9,889,12,15,456,121800.2
2025-11-02,LM-POA,9559,8674,9200,9559,9015,6545,8603,659.2,885,4,14,296,136045.22
2025-11-03,LM-POA,13673,11941,12693,13673,10802,8848,12306,943.0,1732,22,12,1126,192648.75
2025-11-04,LM-POA,12564,11126,11817,12564,10729,8244,11308,866.5,1438,18,14,806,168217.97
2025-11-05,LM-POA,12167,10894,11563,12167,10966,8356,10950,839.1,1273,16,10,544,165928.53
2025-11-06,LM-POA,10589,9649,10232,10589,9692,7421,9530,730.3,940,8,11,457,139984.74
2025-11-07,LM-POA,11369,10307,10932,11369,10586,7742,10232,784.1,1062,18,15,388,147404.86
2025-11-08,LM-POA,8454,7704,8169,8454,7669,5631,7609,583.0,750,11,7,371,112011.11
2025-11-09,LM-POA,8670,7897,8374,8670,7979,5945,7803,597.9,773,7,13,350,119279.9
2025-11-10,LM-POA,13829,11953,12714,13829,11219,9109,12446,953.7,1876,24,18,1092,191682.44
2025-11-11,LM-POA,13009,11454,12170,13009,11090,8662,11708,897.2,1555,17,16,789,175861.45
2025-11-12,LM-POA,11603,10495,11133,11603,10725,7844,10443,800.2,1108,16,17,454,159146.26
2025-11-13,LM-POA,11571,10480,11116,11571,10590,8060,10414,798.0,1091,13,10,531,154074.0
2025-11-14,LM-POA,11824,10627,11278,11824,10789,8139,10642,815.4,1197,12,19,503,165453.46
2025-11-15,LM-POA,9582,8695,9222,9582,8723,6732,8624,660.8,887,14,9,410,124678.36
2025-11-16,LM-POA,10008,9070,9621,10008,9208,6977,9007,690.2,938,10,10,381,133071.4
2025-11-17,LM-POA,13692,11809,12562,13692,11229,8911,12323,944.3,1883,36,19,1041,192370.11
2025-11-18,LM-POA,13053,11509,12227,13053,11070,8774,11748,900.2,1544,17,18,851,181344.97
2025-11-19,LM-POA,12853,11458,12165,12853,10859,8644,11568,886.4,1395,17,16,883,170470.63
2025-11-20,LM-POA,11991,10785,11445,11991,10622,8331,10792,827.0,1206,13,12,634,157461.57
2025-11-21,LM-POA,10950,9915,10517,10950,10401,7567,9855,755.2,1035,13,16,332,149506.95
2025-11-22,LM-POA,9766,8851,9388,9766,8876,6571,8789,673.5,915,19,13,427,136915.08
2025-11-23,LM-POA,9321,8311,8824,9321,8530,6409,8389,642.8,1010,8,10,402,129577.69
2025-11-24,LM-POA,34095,28279,30154,34095,25414,21724,30686,2351.4,5816,89,29,3379,458268.17
2025-11-25,LM-POA,33352,28505,30339,33352,25910,21546,30017,2300.1,4847,64,45,3072,450081.92
2025-11-26,LM-POA,30984,26629,28334,30984,25505,20602,27886,2136.8,4355,54,29,2247,411917.41
2025-11-27,LM-POA,32222,27133,28905,32222,25670,20175,29000,2222.2,5089,48,31,2705,465373.83
2025-11-28,LM-POA,29712,25850,27484,29712,25621,19662,26741,2049.1,3862,52,29,1816,405549.39
2025-11-29,LM-POA,25382,22870,24266,25382,23879,17687,22844,1750.5,2512,35,24,840,338881.59
2025-11-30,LM-POA,24315,22034,23371,24315,22358,16750,21884,1676.9,2281,30,23,978,329536.91
2025-12-01,LM-POA,36293,29544,31540,36293,25525,23527,32664,2503.0,6749,78,35,4193,516559.76
2025-12-02,LM-POA,13299,11621,12352,13299,11234,8895,11969,917.2,1678,16,14,901,179391.74
2025-12-03,LM-POA,11875,10781,11434,11875,10440,7899,10688,819.0,1094,19,9,592,160847.62
2025-12-04,LM-POA,11634,10430,11070,11634,10666,7942,10471,802.3,1204,10,10,464,157584.1
2025-12-05,LM-POA,11924,10767,11423,11924,10589,8246,10732,822.3,1157,8,20,618,168432.69
2025-12-06,LM-POA,9774,8917,9454,9774,8970,6721,8797,674.1,857,7,10,411,131139.05
2025-12-07,LM-POA,8973,8103,8597,8973,8546,6101,8076,618.8,870,8,12,228,122259.79
2025-12-08,LM-POA,21928,18357,19563,21928,16017,14116,19735,1512.3,3571,45,39,2320,298721.78
2025-12-09,LM-POA,20624,17481,18615,20624,16021,13652,18562,1422.3,3143,30,20,1887,279711.16
2025-12-10,LM-POA,18156,15890,16888,18156,15893,12305,16340,1252.1,2266,21,12,971,251097.32
2025-12-11,LM-POA,18974,16287,17330,18974,16271,12682,17077,1308.6,2687,36,22,1128,253744.06
2025-12-12,LM-POA,18357,16084,17094,18357,16072,12624,16521,1266.0,2273,26,12,1083,252799.03
2025-12-13,LM-POA,15662,14139,15001,15662,14071,10431,14096,1080.1,1523,29,16,746,209356.78
2025-12-14,LM-POA,15044,13846,14673,15044,14126,10610,13540,1037.5,1198,12,13,491,204557.01
2025-12-15,LM-POA,20650,17535,18671,20650,16176,13500,18585,1424.1,3115,48,28,1871,268407.99
2025-12-16,LM-POA,20649,17447,18583,20649,16494,13768,18584,1424.1,3202,33,16,1734,298066.72
2025-12-17,LM-POA,19090,16681,17731,19090,15899,12533,17181,1316.6,2409,32,26,1307,247685.63
2025-12-18,LM-POA,18611,16264,17288,18611,16601,12736,16750,1283.5,2347,31,19,989,267692.68
2025-12-19,LM-POA,18548,16410,17430,18548,16023,12738,16693,1279.2,2138,20,20,1070,252464.59
2025-12-20,LM-POA,16354,14977,15876,16354,15627,11595,14719,1127.9,1377,9,10,453,222201.3
2025-12-21,LM-POA,10150,9197,9755,10150,9338,6786,9135,700.0,953,15,13,385,136261.18
2025-12-22,LM-POA,14741,12295,13106,14741,11421,9737,13267,1016.6,2446,33,18,1329,205475.94
2025-12-23,LM-POA,13195,11553,12279,13195,11285,9051,11876,910.0,1642,20,16,845,174821.07
2025-12-24,LM-POA,12675,11219,11916,12675,10859,8620,11408,874.1,1456,20,10,793,175312.94
2025-12-25,LM-POA,12614,11338,12032,12614,11364,8696,11353,869.9,1276,16,13,587,172424.37
2025-12-26,LM-POA,11729,10645,11290,11729,10680,8230,10556,808.9,1084,14,16,530,159568.98
2025-12-27,LM-POA,10136,9145,9703,10136,9200,7016,9122,699.0,991,18,4,478,142636.23
2025-12-28,LM-POA,9883,9041,9584,9883,9086,6688,8895,681.6,842,7,13,374,126744.92
2025-12-29,LM-POA,14144,12124,12902,14144,11264,9222,12730,975.4,2020,22,18,1178,195056.8
2025-12-30,LM-POA,12982,11417,12131,12982,11113,8985,11684,895.3,1565,14,20,796,168845.97
2025-12-31,LM-POA,12409,11017,11700,12409,11149,8521,11168,855.8,1392,14,14,594,174162.51
2026-01-01,LM-POA,12629,11306,12001,12629,11584,8801,11366,871.0,1323,20,12,501,174396.71
2026-01-02,LM-POA,11748,10587,11233,11748,10805,7974,10573,810.2,1161,16,8,485,157176.66
2026-01-03,LM-POA,10269,9340,9905,10269,9417,7191,9242,708.2,929,12,15,417,141491.93
2026-01-04,LM-POA,9887,8975,9519,9887,9525,7063,8898,681.9,912,8,11,225,134793.45
2026-01-05,LM-POA,14068,12156,12930,14068,10760,9486,12661,970.2,1912,23,13,1277,184314.62
2026-01-06,LM-POA,13754,12061,12818,13754,11587,9380,12379,948.6,1693,21,19,941,191162.96
2026-01-07,LM-POA,12832,11544,12250,12832,11364,8934,11549,885.0,1288,11,16,656,168591.09
2026-01-08,LM-POA,11889,10657,11311,11889,11021,8089,10700,819.9,1232,9,8,423,161325.49
2026-01-09,LM-POA,12411,11137,11820,12411,11401,8573,11170,855.9,1274,12,15,495,172260.55
2026-01-10,LM-POA,10028,9058,9610,10028,9143,7177,9025,691.6,970,14,14,451,135183.04
2026-01-11,LM-POA,9153,8290,8794,9153,8734,6554,8238,631.2,863,11,8,261,122822.43
2026-01-12,LM-POA,13813,12034,12794,13813,11685,9404,12432,952.6,1779,23,12,916,196831.3
2026-01-13,LM-POA,12994,11488,12202,12994,11556,9186,11695,896.1,1506,13,21,633,177451.94
2026-01-14,LM-POA,12761,11429,12131,12761,11621,8761,11485,880.1,1332,14,16,538,171067.41
2026-01-15,LM-POA,12379,11282,11962,12379,11305,8662,11141,853.7,1097,11,18,498,158112.56
2026-01-16,LM-POA,11743,10611,11257,11743,10945,8295,10569,809.9,1132,16,11,407,158166.37
2026-01-17,LM-POA,10488,9522,10099,10488,9553,7281,9439,723.3,966,8,16,427,143821.34
2026-01-18,LM-POA,9889,9056,9599,9889,9529,6890,8900,682.0,833,8,11,248,138259.02
2026-01-19,LM-POA,14580,12672,13474,14580,11929,9974,13122,1005.5,1908,25,16,1135,190102.85
2026-01-20,LM-POA,13748,12246,13002,13748,11986,9428,12373,948.1,1502,20,13,816,188675.61
2026-01-21,LM-POA,13087,11832,12551,13087,11427,9027,11778,902.6,1255,20,7,722,179737.55
2026-01-22,LM-POA,11643,10638,11278,11643,10761,8074,10479,803.0,1005,16,13,432,153969.16
2026-01-23,LM-POA,11799,10850,11499,11799,10732,8129,10619,813.7,949,15,21,528,165438.16
2026-01-24,LM-POA,9537,8622,9147,9537,8694,6615,8583,657.7,915,13,9,399,125098.21
2026-01-25,LM-POA,9841,8969,9510,9841,9065,6865,8857,678.7,872,7,16,362,139209.19
2026-01-26,LM-POA,14501,12723,13520,14501,11762,9853,13051,1000.1,1778,22,10,1086,198433.41
2026-01-27,LM-POA,14131,12530,13307,14131,12172,9705,12718,974.6,1601,14,13,883,196153.51
2026-01-28,LM-POA,13421,12070,12808,13421,12162,9209,12079,925.6,1351,16,12,636,178793.5
2026-01-29,LM-POA,12733,11630,12330,12733,11396,8633,11460,878.1,1103,16,13,605,162723.61
2026-01-30,LM-POA,11810,10646,11296,11810,10792,8362,10629,814.5,1164,14,13,497,158620.68
2026-01-31,LM-POA,10561,9587,10168,10561,9689,7501,9505,728.3,974,10,15,439,144612.73
2026-02-01,LM-POA,9703,8695,9229,9703,8872,6754,8733,669.2,1008,24,11,420,128929.34
2026-02-02,LM-POA,14586,12762,13564,14586,12573,9887,13127,1005.9,1824,19,12,883,197319.1
2026-02-03,LM-POA,14184,12542,13322,14184,12358,9752,12766,978.2,1642,16,9,850,193145.43
2026-02-04,LM-POA,12707,11552,12251,12707,11418,8840,11436,876.3,1155,14,16,579,162798.75
2026-02-05,LM-POA,13074,11870,12589,13074,11962,9188,11767,901.7,1204,14,16,558,174100.97
2026-02-06,LM-POA,12376,11322,12002,12376,11586,8874,11138,853.5,1054,11,5,436,166721.25
2026-02-07,LM-POA,10095,9206,9761,10095,9141,7142,9086,696.2,889,9,7,458,133178.73
2026-02-08,LM-POA,10282,9304,9870,10282,9344,7273,9254,709.1,978,21,15,445,143446.06
2026-02-09,LM-POA,15030,13529,14355,15030,12869,10122,13527,1036.6,1501,16,17,926,204000.15
2026-02-10,LM-POA,13839,12469,13230,13839,12766,9802,12455,954.4,1370,17,15,546,174556.85
2026-02-11,LM-POA,12687,11358,12055,12687,11560,8923,11418,875.0,1329,11,9,527,168805.89
2026-02-12,LM-POA,12405,11117,11799,12405,11435,8564,11164,855.5,1288,15,11,516,164063.46
2026-02-13,LM-POA,11931,10856,11512,11931,11105,8378,10738,822.8,1075,13,15,454,155982.87
2026-02-14,LM-POA,10704,9570,10159,10704,9824,7571,9634,738.2,1134,12,12,427,151392.31
2026-02-15,LM-POA,9666,8760,9292,9666,9149,6734,8699,666.6,906,5,11,266,132361.02
2026-02-16,LM-POA,14982,13233,14057,14982,13191,10276,13484,1033.2,1749,21,20,814,201271.54
2026-02-17,LM-POA,13267,12184,12914,13267,12262,9362,11940,915.0,1083,7,17,519,174800.6
2026-02-18,LM-POA,13016,11673,12389,13016,12022,9118,11714,897.7,1343,13,12,486,174069.95
2026-02-19,LM-POA,12913,11776,12486,12913,11840,9217,11622,890.6,1137,20,20,520,170065.94
2026-02-20,LM-POA,13277,11983,12714,13277,12368,9490,11949,915.7,1294,14,15,477,175040.62
2026-02-21,LM-POA,10056,9070,9623,10056,9180,6929,9050,693.5,986,11,7,440,137505.5
2026-02-22,LM-POA,10576,9684,10266,10576,9729,7358,9518,729.4,892,11,12,466,132759.17
2026-02-23,LM-POA,14919,13256,14076,14919,12940,10453,13427,1028.9,1663,25,15,887,205386.35
2026-02-24,LM-POA,14150,12717,13495,14150,13311,10138,12735,975.9,1433,14,19,465,182154.66
2026-02-25,LM-POA,13240,11939,12667,13240,12412,9018,11916,913.1,1301,22,20,422,181092.66
2026-02-26,LM-POA,13139,11798,12521,13139,11971,9417,11825,906.1,1341,19,11,557,182984.3
2026-02-27,LM-POA,12234,10941,11614,12234,11390,8669,11011,843.7,1293,11,16,452,160219.75
2026-02-28,LM-POA,11167,10045,10659,11167,10129,7831,10050,770.1,1122,16,12,488,147285.3
2026-03-01,LM-POA,9954,8896,9444,9954,9021,6896,8959,686.5,1058,15,15,388,138538.16
2026-03-02,LM-POA,15518,13687,14540,15518,13596,10950,13966,1070.2,1831,23,11,853,209024.51
2026-03-03,LM-POA,13714,12326,13080,13714,12717,9782,12343,945.8,1388,15,17,489,180662.04
2026-03-04,LM-POA,13234,12000,12728,13234,12339,9375,11911,912.7,1234,18,22,472,173984.65
2026-03-05,LM-POA,12524,11221,11910,12524,11548,8510,11272,863.7,1303,20,14,481,181438.77
2026-03-06,LM-POA,12568,11426,12118,12568,11531,8808,11311,866.8,1142,8,12,528,166190.81
2026-03-07,LM-POA,11228,9992,10609,11228,10466,7852,10105,774.3,1236,13,14,434,154416.43
2026-03-08,LM-POA,10147,9117,9675,10147,9252,7108,9132,699.8,1030,13,5,435,139572.36
2026-03-09,LM-POA,20873,18442,19590,20873,18657,14413,18786,1439.5,2431,41,23,1015,296925.06
2026-03-10,LM-POA,18985,17128,18172,18985,17427,13566,17086,1309.3,1857,22,19,790,270510.67
2026-03-11,LM-POA,18524,16771,17790,18524,16757,13306,16672,1277.5,1753,19,15,877,235042.19
2026-03-12,LM-POA,17300,15494,16445,17300,16057,12268,15570,1193.1,1806,16,25,648,243907.03
2026-03-13,LM-POA,16864,15486,16414,16864,15718,11799,15178,1163.0,1378,18,18,656,226328.25
2026-03-14,LM-POA,15168,13899,14733,15168,14154,10741,13651,1046.1,1269,19,22,581,196650.33
2026-03-15,LM-POA,14988,13292,14116,14988,13819,10555,13489,1033.7,1696,32,14,612,209306.73
2026-03-16,LM-POA,16584,14703,15615,16584,14461,11773,14926,1143.7,1881,24,16,912,218925.75
2026-03-17,LM-POA,13901,12546,13311,13901,12707,9829,12511,958.7,1355,17,24,555,194457.19
2026-03-18,LM-POA,14089,12738,13513,14089,13049,10212,12680,971.7,1351,17,16,528,187407.39
2026-03-19,LM-POA,13275,12004,12734,13275,12397,9274,11948,915.5,1271,18,13,507,184379.26
2026-03-20,LM-POA,12449,11197,11881,12449,11692,8895,11204,858.6,1252,15,16,434,171622.76
2026-03-21,LM-POA,10975,9923,10527,10975,10287,7723,9878,756.9,1052,10,7,421,142320.43
2026-03-22,LM-POA,10315,9445,10012,10315,9567,7325,9284,711.4,870,9,14,340,132193.32
2026-03-23,LM-POA,15246,13992,14830,15246,14022,10891,13721,1051.4,1254,17,13,590,204842.23
2026-03-24,LM-POA,14070,12721,13495,14070,12910,9762,12663,970.3,1349,20,8,560,186557.38
2026-03-25,LM-POA,12832,11467,12172,12832,11845,9049,11549,885.0,1365,17,24,519,176977.31
2026-03-26,LM-POA,12524,11311,12000,12524,11519,8866,11272,863.7,1213,17,11,474,167411.74
2026-03-27,LM-POA,12875,11623,12332,12875,11913,9186,11588,887.9,1252,5,19,489,168834.8
2026-03-28,LM-POA,10768,9853,10445,10768,10359,7614,9691,742.6,915,17,12,261,145633.66
2026-03-29,LM-POA,10136,9087,9644,10136,9265,7225,9122,699.0,1049,9,8,421,128364.05
2026-03-30,LM-POA,15279,13625,14466,15279,13610,10794,13751,1053.7,1654,17,17,712,198559.2
2026-03-31,LM-POA,14756,13280,14092,14756,13678,10665,13280,1017.7,1476,15,13,547,192753.83
2026-04-01,LM-POA,13656,12421,13172,13656,12890,9587,12290,941.8,1235,12,10,434,170098.96
2026-04-02,LM-POA,13009,11691,12406,13009,12052,9234,11708,897.2,1318,12,12,478,177291.01
2026-04-03,LM-POA,13203,11933,12659,13203,12749,9566,11883,910.6,1270,8,14,332,172893.78
2026-04-04,LM-POA,11541,10515,11150,11541,10668,8248,10387,795.9,1026,18,14,415,155554.11
2026-04-05,LM-POA,10592,9484,10067,10592,10281,7703,9533,730.5,1108,12,10,247,145926.49
2026-04-06,LM-POA,15886,14369,15243,15886,14771,11265,14297,1095.6,1517,14,15,569,221103.7
2026-04-07,LM-POA,15067,13689,14518,15067,14135,10823,13560,1039.1,1378,16,16,510,206321.39
2026-04-08,LM-POA,14188,12935,13716,14188,13307,10585,12769,978.5,1253,15,15,494,180229.22
2026-04-09,LM-POA,13680,12375,13128,13680,12720,9862,12312,943.4,1305,18,19,482,178089.61
2026-04-10,LM-POA,13000,11942,12657,13000,12439,9203,11700,896.6,1058,13,10,342,163665.34
2026-04-11,LM-POA,11200,10133,10749,11200,10201,8122,10080,772.4,1067,14,8,469,145533.1
2026-04-12,LM-POA,10069,9205,9759,10069,9547,7428,9062,694.4,864,8,11,262,139730.05
2026-04-13,LM-POA,15830,14504,15374,15830,15034,11557,14247,1091.7,1326,20,18,441,211955.79
2026-04-14,LM-POA,13833,12330,13091,13833,12983,10121,12450,954.0,1503,23,13,480,191183.24
2026-04-15,LM-POA,13346,12282,13016,13346,12318,9844,12011,920.4,1064,8,12,483,169452.55
2026-04-16,LM-POA,14084,12707,13482,14084,13396,10219,12676,971.3,1377,15,20,415,186619.61
2026-04-17,LM-POA,13183,11959,12684,13183,12739,9729,11865,909.2,1224,18,11,305,178380.84
2026-04-18,LM-POA,11639,10687,11327,11639,11127,8610,10475,802.7,952,9,14,325,149146.63
2026-04-19,LM-POA,10432,9470,10044,10432,9586,7366,9389,719.4,962,7,13,397,137510.13
2026-04-20,LM-POA,14914,13581,14401,14914,13762,10889,13423,1028.6,1333,10,17,569,203123.67
2026-04-21,LM-POA,14483,13295,14092,14483,13625,10465,13035,998.8,1188,11,15,459,196741.1
2026-04-22,LM-POA,13856,12651,13413,13856,12839,10063,12470,955.6,1205,11,19,481,185950.04
2026-04-23,LM-POA,13585,12296,13044,13585,12646,9879,12226,936.9,1289,18,14,463,179811.65
2026-04-24,LM-POA,13391,12331,13068,13391,12648,9581,12052,923.5,1060,6,10,422,176581.72
2026-04-25,LM-POA,10986,10055,10659,10986,10402,8093,9887,757.7,931,11,5,338,139835.7
2026-04-26,LM-POA,10724,9676,10266,10724,9767,7595,9652,739.6,1048,18,17,431,150024.14
2026-04-27,LM-POA,15089,13772,14602,15089,14053,10888,13580,1040.6,1317,22,20,516,191023.17
2026-04-28,LM-POA,14923,13673,14493,14923,13886,10850,13431,1029.2,1250,16,21,512,203664.59
2026-04-29,LM-POA,13888,12657,13421,13888,12682,9993,12499,957.8,1231,14,13,565,172189.38
2026-04-30,LM-POA,13268,11983,12712,13268,12333,9462,11941,915.0,1285,14,12,468,173725.64
2026-05-01,LM-POA,17344,15699,16653,17344,16160,12259,15610,1196.1,1645,20,20,581,231176.97
2026-05-02,LM-POA,15010,13668,14494,15010,14088,10711,13509,1035.2,1342,20,22,468,192749.84
2026-05-03,LM-POA,14247,13082,13866,14247,13525,10435,12822,982.6,1165,11,21,396,177732.3
2026-05-04,LM-POA,22538,20171,21411,22538,19292,15846,20284,1554.3,2367,24,22,1387,289996.32
2026-05-05,LM-POA,19878,18024,19118,19878,18400,14244,17890,1370.9,1854,18,27,705,258509.19
2026-05-06,LM-POA,18694,17066,18095,18694,17334,13401,16825,1289.2,1628,19,19,617,245135.71
2026-05-07,LM-POA,17142,15475,16418,17142,16317,12403,15428,1182.2,1667,18,15,461,223654.08
2026-05-08,LM-POA,17039,15635,16573,17039,15653,12031,15335,1175.1,1404,23,14,632,222087.96
2026-05-09,LM-POA,15055,13984,14812,15055,13771,10917,13550,1038.3,1071,12,17,578,196135.39
2026-05-10,LM-POA,14118,13072,13848,14118,13362,10087,12706,973.7,1046,14,10,428,185801.8
2026-05-11,LM-POA,16576,15020,15932,16576,15101,11876,14918,1143.2,1556,23,19,708,212625.68
2026-05-12,LM-POA,14775,13552,14365,14775,13599,10799,13298,1019.0,1223,18,9,549,192869.82
2026-05-13,LM-POA,14681,13470,14277,14681,13644,10580,13213,1012.5,1211,11,13,516,182762.65
2026-05-14,LM-POA,13813,12685,13445,13813,13202,10289,12432,952.6,1128,16,20,333,169349.79
2026-05-15,LM-POA,13122,12086,12808,13122,12730,9484,11810,905.0,1036,13,20,254,166253.21
2026-05-16,LM-POA,11285,10368,10989,11285,10580,8020,10156,778.3,917,10,14,335,158487.38
2026-05-17,LM-POA,10778,9934,10527,10778,10207,7587,9700,743.3,844,13,7,320,138041.59
2026-05-18,LM-POA,16860,15159,16086,16860,15354,12205,15174,1162.8,1701,19,24,687,223591.44
2026-05-19,LM-POA,13733,12713,13468,13733,12735,9637,12360,947.1,1020,7,13,451,181403.01
2026-05-20,LM-POA,13138,12184,12906,13138,12120,9671,11824,906.1,954,5,9,449,165669.75
2026-05-21,LM-POA,13599,12795,13543,13599,13042,10180,12239,937.9,804,11,13,297,179410.11
2026-05-22,LM-POA,13187,12229,12955,13187,11956,9475,11868,909.4,958,11,11,547,169913.28
2026-05-23,LM-POA,11661,10766,11408,11661,10669,8284,10495,804.2,895,13,15,439,153007.25
2026-05-24,LM-POA,11019,10314,10920,11019,10481,7833,9917,759.9,705,12,10,281,139781.16
2026-05-25,LM-POA,15779,14754,15622,15779,14744,11496,14201,1088.2,1025,13,18,493,200333.59
2026-05-26,LM-POA,15569,14334,15190,15569,14189,11175,14012,1073.7,1235,15,25,612,205731.05
2026-05-27,LM-POA,14722,13814,14623,14722,13605,10662,13250,1015.3,908,8,15,539,182041.14
2026-05-28,LM-POA,14032,13035,13807,14032,13367,10326,12629,967.7,997,12,13,355,178416.48
2026-05-29,LM-POA,13703,12569,13322,13703,13038,9859,12333,945.0,1134,14,16,333,173767.93
2026-05-30,LM-POA,11561,10664,11300,11561,11011,8424,10405,797.3,897,11,14,291,146242.27
2026-05-31,LM-POA,10687,9870,10458,10687,10185,7831,9618,737.0,817,10,12,241,137200.74
2026-06-01,LM-POA,16479,15304,16210,16479,14843,12171,14831,1136.5,1175,15,13,697,208668.04
2026-06-02,LM-POA,15178,14106,14941,15178,14567,11253,13660,1046.8,1072,15,9,351,189749.28
2026-06-03,LM-POA,14292,13277,14063,14292,13632,10483,12863,985.7,1015,17,20,362,188030.66
2026-06-04,LM-POA,14746,13683,14495,14746,13999,10627,13271,1017.0,1063,13,13,364,186816.19
2026-06-05,LM-POA,12189,11486,12156,12189,11091,8922,10970,840.6,703,12,7,453,148605.67
2026-06-06,LM-POA,10946,10148,10750,10946,10140,8113,9851,754.9,798,10,13,331,137019.26
2026-06-07,LM-POA,10509,9729,10307,10509,9548,7399,9458,724.8,780,8,8,407,131540.2
2026-06-08,LM-POA,15974,14928,15807,15974,14242,11115,14377,1101.7,1046,11,25,719,195653.2
2026-06-09,LM-POA,15072,14017,14846,15072,14410,11068,13565,1039.4,1055,15,18,364,185484.28
2026-06-10,LM-POA,13616,12783,13532,13616,12599,9841,12254,939.0,833,10,26,482,168435.19
2026-06-11,LM-POA,13618,12612,13361,13618,12577,10057,12256,939.2,1006,15,18,463,172534.71
2026-06-12,LM-POA,13006,12101,12816,13006,11974,9265,11705,897.0,905,11,12,487,156406.96
2026-06-13,LM-POA,12580,11848,12540,12580,11542,8975,11322,867.6,732,4,16,472,158293.58
2026-06-14,LM-POA,11724,10855,11500,11724,11269,8451,10552,808.6,869,10,12,277,145178.18
2026-06-15,LM-POA,16038,14961,15843,16038,14870,11484,14434,1106.1,1077,13,15,503,192556.65
2026-06-16,LM-POA,15100,13873,14703,15100,14267,11071,13590,1041.4,1227,17,17,454,191493.31
2026-06-17,LM-POA,13876,12972,13735,13876,13280,9993,12488,957.0,904,13,21,331,173438.32
2026-06-18,LM-POA,13238,12248,12976,13238,12186,10021,11914,913.0,990,8,6,472,167432.88
2026-06-19,LM-POA,13432,12573,13312,13432,12252,9363,12089,926.3,859,11,20,529,171558.95
2026-06-20,LM-POA,11244,10368,10986,11244,10801,8225,10120,775.4,876,12,10,242,147540.29
2026-06-21,LM-POA,11059,10365,10973,11059,10573,8163,9953,762.7,694,11,8,296,136811.46
2026-06-22,LM-POA,15450,14363,15213,15450,14468,11478,13905,1065.5,1087,13,28,451,189690.71
2026-06-23,LM-POA,14973,13971,14795,14973,14075,10798,13476,1032.6,1002,6,12,457,184263.44
2026-06-24,LM-POA,14616,13610,14414,14616,13316,10295,13154,1008.0,1006,7,24,566,178673.2
2026-06-25,LM-POA,14450,13434,14228,14450,13720,10465,13005,996.6,1016,11,17,363,175630.48
2026-06-26,LM-POA,13763,12743,13500,13763,12725,10261,12387,949.2,1020,14,19,488,170369.75
2026-06-27,LM-POA,11177,10326,10941,11177,10426,7929,10059,770.8,851,16,13,338,132003.1
2026-06-28,LM-POA,11489,10749,11381,11489,10947,8576,10340,792.3,740,8,7,280,144863.44
2026-06-29,LM-POA,16000,14718,15598,16000,14557,11619,14400,1103.4,1282,17,20,579,200291.21
2026-06-30,LM-POA,15815,14700,15570,15815,14543,11552,14234,1090.7,1115,15,20,584,203727.65
2026-07-01,LM-POA,14619,13506,14310,14619,13539,10826,13157,1008.2,1113,8,12,512,175851.92
2026-07-02,LM-POA,13658,12683,13435,13658,12662,9855,12292,941.9,975,12,10,473,175399.42
2026-07-03,LM-POA,13493,12386,13128,13493,12707,10031,12144,930.6,1107,8,14,422,171623.23
2026-07-04,LM-POA,11937,11215,11871,11937,11341,8808,10743,823.2,722,8,7,281,141862.76
2026-07-05,LM-POA,11461,10732,11362,11461,10976,8316,10315,790.4,729,12,4,261,135726.11
2026-07-06,LM-POA,16475,15180,16087,16475,15297,12014,14828,1136.2,1295,19,22,539,205098.4
2026-07-07,LM-POA,16396,15154,16056,16396,14922,11877,14756,1130.8,1242,17,22,626,205205.21
2026-07-08,LM-POA,15228,14313,15150,15228,14730,10928,13705,1050.2,915,15,16,312,190183.43
2026-07-09,LM-POA,14303,13273,14060,14303,13226,10294,12873,986.4,1030,10,15,504,172103.91
2026-07-10,LM-POA,14082,13252,14026,14082,12899,10307,12674,971.2,830,9,14,590,183843.63
2026-07-11,LM-POA,12656,11732,12429,12656,11851,9300,11390,872.8,924,9,10,370,149880.17
2026-07-12,LM-POA,12059,11237,11900,12059,11091,8912,10853,831.7,822,8,14,440,152510.31
2026-07-13,LM-POA,15937,14669,15545,15937,14623,11808,14343,1099.1,1268,17,16,633,185496.91
2026-07-14,LM-POA,15144,14264,15097,15144,13968,10915,13630,1044.4,880,12,14,550,179601.55
2026-07-15,LM-POA,15562,14479,15334,15562,14319,11233,14006,1073.2,1083,9,11,555,194977.43
2026-07-16,LM-POA,13978,13067,13836,13978,13271,10098,12580,964.0,911,14,16,352,179049.35
2026-07-17,LM-POA,13162,12204,12928,13162,12520,9793,11846,907.7,958,9,23,371,166096.65
2026-07-18,LM-POA,11720,10914,11559,11720,11174,8606,10548,808.3,806,7,18,274,142031.02
2026-07-19,LM-POA,11517,10662,11295,11517,11144,8705,10365,794.3,855,9,9,228,135683.0
2026-07-20,LM-POA,16688,15256,16174,16688,14738,12170,15019,1150.9,1432,16,18,840,212459.88
2026-07-21,LM-POA,15383,14176,15022,15383,14235,11333,13845,1060.9,1207,16,16,547,186873.24
2026-07-22,LM-POA,14528,13529,14328,14528,14021,10745,13075,1001.9,999,14,14,290,184164.66
2026-07-23,LM-POA,14235,13212,13995,14235,13275,10609,12812,981.7,1023,14,13,464,179035.12
2026-07-24,LM-POA,13454,12763,13427,13454,12931,9998,12109,927.9,691,8,17,297,164440.21
2026-07-25,LM-POA,12949,11983,12695,12949,12333,9622,11654,893.0,966,9,13,328,153645.34
2026-07-26,LM-POA,11535,10710,11344,11535,11154,8373,10382,795.5,825,8,15,245,136834.72
2026-07-27,LM-POA,17368,15915,16870,17368,15530,12630,15631,1197.8,1453,24,13,809,215712.15
2026-07-28,LM-POA,15561,14418,15274,15561,14317,11388,14005,1073.2,1143,10,22,571,189704.18
2026-07-29,LM-POA,14868,13865,14683,14868,13725,10874,13381,1025.4,1003,11,19,557,189955.6
2026-07-30,LM-POA,14317,13438,14226,14317,13369,10452,12885,987.4,879,13,14,459,175703.8
2026-07-31,LM-POA,12665,11882,12579,12665,11678,9082,11398,873.4,783,9,16,417,154983.09
2026-08-01,LM-POA,11479,10722,11353,11479,10992,8527,10331,791.7,757,15,13,287,144925.82
2026-08-02,LM-POA,10754,10035,10627,10754,9778,7607,9679,741.7,719,14,10,398,127250.14
2026-08-03,LM-POA,15608,14682,15540,15608,14574,11460,14047,1076.4,926,14,15,490,190425.65
2026-08-04,LM-POA,15257,14380,15219,15257,14088,11107,13731,1052.2,877,10,17,527,178324.05
2026-08-05,LM-POA,15749,14718,15584,15749,14476,11743,14174,1086.1,1031,16,17,607,194623.44
2026-08-06,LM-POA,14746,13829,14640,14746,13979,11209,13271,1017.0,917,13,13,384,185473.01
2026-08-07,LM-POA,14676,13658,14465,14676,13396,10504,13208,1012.1,1018,16,20,588,177761.86
2026-08-08,LM-POA,12305,11596,12273,12305,11684,9230,11074,848.6,709,7,20,310,139823.78
2026-08-09,LM-POA,11864,11151,11803,11864,10840,8600,10678,818.2,713,5,15,462,146384.87
2026-08-10,LM-POA,16502,15219,16126,16502,15221,12040,14852,1138.1,1283,16,19,608,208210.19
2026-08-11,LM-POA,16309,15064,15961,16309,14900,11855,14678,1124.8,1245,14,20,643,192232.43
2026-08-12,LM-POA,15525,14708,15494,15525,14426,11640,13972,1070.7,817,10,14,535,181204.84
2026-08-13,LM-POA,14554,13554,14355,14554,13455,10688,13099,1003.7,1000,16,14,487,179715.29
2026-08-14,LM-POA,14399,13441,14233,14399,13318,10656,12959,993.0,958,15,8,481,167676.15
2026-08-15,LM-POA,12442,11525,12209,12442,11611,8980,11198,858.1,917,6,8,406,144444.3
2026-08-16,LM-POA,11391,10734,11361,11391,10280,8177,10252,785.6,657,5,10,488,132013.24
2026-08-17,LM-POA,16465,15182,16088,16465,15182,12018,14818,1135.5,1283,17,13,581,195253.4
2026-08-18,LM-POA,15440,14444,15294,15440,14212,11351,13896,1064.8,996,12,16,584,188400.04
2026-08-19,LM-POA,15272,14279,15119,15272,14523,11474,13745,1053.2,993,9,14,361,183070.82
2026-08-20,LM-POA,15111,14388,15081,15111,13965,11043,13600,1042.1,723,3,21,535,183786.43
2026-08-21,LM-POA,13810,13095,13782,13810,12751,10365,12429,952.4,715,7,25,485,166311.95
2026-08-22,LM-POA,12282,11522,12197,12282,11754,9140,11054,847.0,760,7,11,277,151950.81
2026-08-23,LM-POA,11915,11098,11753,11915,11390,8816,10724,821.7,817,6,10,268,146514.57
2026-08-24,LM-POA,17610,16045,17013,17610,15653,12947,15849,1214.5,1565,29,16,834,204842.23
2026-08-25,LM-POA,17081,15670,16610,17081,15143,12523,15373,1178.0,1411,23,13,813,202640.56
2026-08-26,LM-POA,15998,15111,15966,15998,14722,11494,14398,1103.3,887,8,18,561,196406.29
2026-08-27,LM-POA,14499,13839,14470,14499,13515,10963,13049,999.9,660,9,20,464,172578.71
2026-08-28,LM-POA,15128,14203,15035,15128,14501,11241,13615,1043.3,925,14,15,324,176328.99
2026-08-29,LM-POA,12112,11412,12079,12112,11579,9032,10901,835.3,700,8,16,283,141499.03
2026-08-30,LM-POA,12178,11574,12154,12178,11591,8987,10960,839.9,604,7,19,325,147042.73
2026-08-31,LM-POA,17378,15950,16905,17378,15632,12628,15640,1198.5,1428,15,11,774,205463.62
2026-09-01,LM-POA,16060,14892,15775,16060,14828,11583,14454,1107.6,1168,16,18,531,197614.68
2026-09-02,LM-POA,14427,13503,14296,14427,13719,10819,12984,995.0,924,4,13,370,169895.4
2026-09-03,LM-POA,15022,14071,14897,15022,13855,10997,13520,1036.0,951,12,17,503,185858.47
2026-09-04,LM-POA,13585,12657,13404,13585,12623,10020,12226,936.9,928,10,9,415,166929.86
2026-09-05,LM-POA,12832,12024,12730,12832,11971,9648,11549,885.0,808,13,6,391,149339.86
2026-09-06,LM-POA,12444,11524,12209,12444,11839,9362,11200,858.2,920,14,9,313,151543.91
2026-09-07,LM-POA,16951,15365,16297,16951,15015,12338,15256,1169.0,1586,20,22,814,195266.18
2026-09-08,LM-POA,16562,15327,16238,16562,15641,12681,14906,1142.2,1235,13,17,494,197484.18
2026-09-09,LM-POA,15098,14120,14951,15098,13977,11002,13588,1041.2,978,12,21,468,178740.78
2026-09-10,LM-POA,14865,14111,14835,14865,13916,11066,13378,1025.2,754,10,13,430,165940.57
2026-09-11,LM-POA,14843,13856,14672,14843,13783,11197,13359,1023.7,987,12,14,500,166598.76
2026-09-12,LM-POA,12467,11706,12392,12467,11864,9526,11220,859.8,761,9,10,305,152629.12
2026-09-13,LM-POA,12609,11776,12469,12609,11700,9167,11348,869.6,833,7,18,411,149197.35
2026-09-14,LM-POA,17241,15576,16524,17241,14884,12325,15517,1189.0,1665,21,22,1002,208199.42
2026-09-15,LM-POA,17060,15670,16608,17060,15402,12724,15354,1176.6,1390,15,12,655,201779.45
2026-09-16,LM-POA,15633,14671,15531,15633,15060,11701,14070,1078.1,962,11,20,312,191745.04
2026-09-17,LM-POA,15713,14662,15526,15713,14598,11681,14142,1083.7,1051,15,21,518,177794.4
2026-09-18,LM-POA,14307,13385,14172,14307,13063,10491,12876,986.7,922,12,10,561,173595.93
2026-09-19,LM-POA,12535,11827,12510,12535,11793,9360,11282,864.5,708,12,9,374,156524.69
2026-09-20,LM-POA,11905,11132,11787,11905,11351,8527,10714,821.0,773,8,15,249,137515.29
2026-09-21,LM-POA,17122,15872,16813,17122,14914,12361,15410,1180.8,1250,14,15,885,197547.47
2026-09-22,LM-POA,16962,15637,16570,16962,14774,12304,15266,1169.8,1325,15,11,919,204396.06
2026-09-23,LM-POA,16027,15083,15964,16027,14961,11873,14424,1105.3,944,7,20,492,192839.06
2026-09-24,LM-POA,15695,14880,15664,15695,14917,11800,14126,1082.4,815,6,19,382,177497.17
2026-09-25,LM-POA,15405,14337,15184,15405,14310,11262,13864,1062.4,1068,17,11,546,180764.68
2026-09-26,LM-POA,13269,12533,13242,13269,12656,10016,11942,915.1,736,13,11,292,163455.81
2026-09-27,LM-POA,11865,11227,11841,11865,11147,9070,10678,818.3,638,5,10,310,147694.92
2026-09-28,LM-POA,17972,16417,17406,17972,15655,13300,16175,1239.4,1555,13,22,940,213888.51
2026-09-29,LM-POA,16310,15132,16029,16310,14887,12186,14679,1124.8,1178,12,16,590,194492.52
2026-09-30,LM-POA,15774,14476,15344,15774,14800,11842,14197,1087.9,1298,19,15,456,190075.03
2025-06-01,LM-GYN,1769,1576,1673,1769,1689,787,1592,130.8,193,5,1,43,29835.8
2025-06-02,LM-GYN,2640,2359,2504,2640,2550,1159,2376,195.0,281,4,5,61,44717.09
2025-06-03,LM-GYN,2538,2240,2379,2538,2434,1126,2284,187.3,298,5,0,68,45028.24
2025-06-04,LM-GYN,2360,2067,2197,2360,2296,1057,2124,173.9,293,6,1,46,39233.58
2025-06-05,LM-GYN,2304,2065,2192,2304,2198,1067,2074,169.6,239,5,7,63,39449.36
2025-06-06,LM-GYN,2236,1964,2087,2236,2144,944,2012,164.4,272,4,1,57,37209.91
2025-06-07,LM-GYN,1912,1693,1799,1912,1831,848,1721,140.4,219,3,3,46,32451.93
2025-06-08,LM-GYN,1979,1755,1864,1979,1929,890,1781,145.2,224,6,0,46,34523.62
2025-06-09,LM-GYN,2936,2577,2739,2936,2847,1306,2642,215.2,359,3,1,63,51482.53
2025-06-10,LM-GYN,2769,2443,2595,2769,2665,1248,2492,202.7,326,5,2,66,46406.83
2025-06-11,LM-GYN,2422,2176,2309,2422,2314,1088,2180,177.2,246,2,3,78,41961.34
2025-06-12,LM-GYN,2573,2284,2425,2573,2441,1137,2316,188.0,289,2,3,71,43987.92
2025-06-13,LM-GYN,2698,2400,2548,2698,2554,1179,2428,197.0,298,2,2,74,45862.59
2025-06-14,LM-GYN,2222,1982,2104,2222,2115,930,2000,162.0,240,3,2,82,37900.03
2025-06-15,LM-GYN,2225,1979,2102,2225,2145,1031,2002,162.1,246,4,5,42,37655.07
2025-06-16,LM-GYN,3127,2796,2968,3127,3047,1315,2814,227.6,331,3,1,86,51468.78
2025-06-17,LM-GYN,3289,2931,3111,3289,2686,1388,2960,239.2,358,3,0,245,55433.2
2025-06-18,LM-GYN,2984,2646,2810,2984,2510,1265,2686,216.8,338,4,3,201,52781.85
2025-06-19,LM-GYN,3010,2739,2904,3010,2920,1295,2709,218.5,271,2,7,66,49545.89
2025-06-20,LM-GYN,3103,2743,2914,3103,2613,1376,2793,225.1,360,3,5,199,57810.45
2025-06-21,LM-GYN,2642,2340,2485,2642,2505,1186,2378,191.5,302,2,2,78,43818.08
2025-06-22,LM-GYN,2391,2148,2279,2391,2295,1065,2152,173.1,243,3,1,61,41382.0
2025-06-23,LM-GYN,3534,3161,3355,3534,3341,1508,3181,255.7,373,4,3,127,57101.82
2025-06-24,LM-GYN,3392,3006,3193,3392,3202,1543,3053,245.2,386,3,8,114,58255.78
2025-06-25,LM-GYN,3338,2958,3141,3338,3245,1538,3004,241.1,380,3,5,71,53804.26
2025-06-26,LM-GYN,3240,2883,3061,3240,3079,1434,2916,233.9,357,4,5,100,56333.22
2025-06-27,LM-GYN,3082,2750,2919,3082,2532,1345,2774,222.3,332,2,2,217,52181.95
2025-06-28,LM-GYN,2868,2553,2711,2868,2740,1274,2581,206.7,315,3,2,79,50006.43
2025-06-29,LM-GYN,2614,2318,2462,2614,2521,1171,2353,188.2,296,2,0,76,42729.12
2025-06-30,LM-GYN,4226,3784,4017,4226,3632,1794,3803,304.1,442,6,5,250,71799.78
2025-07-01,LM-GYN,3724,3320,3525,3724,3522,1669,3352,267.8,404,7,4,118,64176.97
2025-07-02,LM-GYN,3764,3378,3585,3764,3202,1616,3388,270.5,386,5,2,232,64666.26
2025-07-03,LM-GYN,3552,3170,3366,3552,3407,1556,3197,255.1,382,7,2,87,58473.19
2025-07-04,LM-GYN,3480,3066,3258,3480,3348,1505,3132,249.7,414,8,4,90,59437.11
2025-07-05,LM-GYN,2860,2561,2718,2860,2737,1261,2574,205.1,299,3,3,74,47564.61
2025-07-06,LM-GYN,2734,2458,2608,2734,2581,1225,2461,195.9,276,1,4,92,46374.06
2025-07-07,LM-GYN,4264,3817,4051,4264,4055,1877,3838,305.4,447,4,3,119,68417.65
2025-07-08,LM-GYN,4115,3627,3854,4115,3872,1773,3704,294.5,488,4,2,119,73068.81
2025-07-09,LM-GYN,3796,3397,3606,3796,3654,1684,3416,271.5,399,1,2,89,62964.84
2025-07-10,LM-GYN,3581,3186,3383,3581,3423,1545,3223,256.0,395,2,5,108,61527.37
2025-07-11,LM-GYN,3422,3058,3246,3422,3276,1499,3080,244.5,364,5,0,82,55827.7
2025-07-12,LM-GYN,2973,2667,2830,2973,2819,1260,2676,212.3,306,5,4,96,47673.85
2025-07-13,LM-GYN,2816,2512,2667,2816,2706,1255,2534,200.9,304,4,3,77,48597.07
2025-07-14,LM-GYN,4480,4024,4271,4480,3908,1955,4032,319.5,456,4,8,247,77032.48
2025-07-15,LM-GYN,4393,3942,4184,4393,4144,1941,3954,313.1,451,3,5,134,76018.73
2025-07-16,LM-GYN,4022,3606,3828,4022,3448,1729,3620,286.5,416,4,6,248,68617.06
2025-07-17,LM-GYN,3662,3266,3467,3662,3464,1625,3296,260.7,396,3,4,125,64145.32
2025-07-18,LM-GYN,3783,3411,3619,3783,3201,1623,3405,269.2,372,7,4,225,64363.59
2025-07-19,LM-GYN,3294,2981,3162,3294,3166,1486,2965,234.3,313,6,2,74,53847.13
2025-07-20,LM-GYN,3408,3050,3237,3408,3232,1530,3067,242.3,358,2,3,98,61727.35
2025-07-21,LM-GYN,4476,3991,4238,4476,4286,2042,4028,318.0,485,7,7,107,73833.0
2025-07-22,LM-GYN,4401,3928,4170,4401,4221,1887,3961,312.5,473,5,10,120,76315.45
2025-07-23,LM-GYN,4498,4053,4300,4498,3858,1955,4048,319.3,445,6,4,291,76898.47
2025-07-24,LM-GYN,4258,3817,4051,4258,3671,1811,3832,302.1,441,5,5,242,74171.17
2025-07-25,LM-GYN,4089,3656,3881,4089,3960,1808,3680,290.0,433,3,3,93,68907.68
2025-07-26,LM-GYN,3500,3118,3310,3500,3354,1491,3150,248.1,382,4,2,81,59840.16
2025-07-27,LM-GYN,3377,3035,3221,3377,3219,1447,3039,239.2,342,8,4,98,55870.63
2025-07-28,LM-GYN,5090,4584,4864,5090,4415,2158,4581,360.4,506,7,2,316,87249.63
2025-07-29,LM-GYN,4551,4077,4328,4551,3988,1922,4096,322.1,474,2,6,258,73886.47
2025-07-30,LM-GYN,4590,4124,4376,4590,3946,2009,4131,324.8,466,6,2,286,80358.77
2025-07-31,LM-GYN,4182,3764,3995,4182,3981,1890,3764,295.8,418,3,2,116,75442.18
2025-08-01,LM-GYN,4248,3837,4071,4248,3623,1877,3823,300.3,411,6,3,286,73839.52
2025-08-02,LM-GYN,3672,3271,3473,3672,3441,1618,3305,259.5,401,4,7,129,58287.23
2025-08-03,LM-GYN,3416,3047,3235,3416,3277,1547,3074,241.3,369,7,2,78,56862.87
2025-08-04,LM-GYN,5176,4629,4914,5176,4577,2159,4658,365.5,547,4,6,243,90038.24
2025-08-05,LM-GYN,4787,4297,4560,4787,4614,2256,4308,337.9,490,8,5,91,78060.83
2025-08-06,LM-GYN,4475,4002,4248,4475,4259,2073,4028,315.7,473,3,5,164,72567.27
2025-08-07,LM-GYN,4528,4055,4304,4528,3878,1901,4075,319.3,473,5,4,277,76785.7
2025-08-08,LM-GYN,4211,3801,4033,4211,3591,1868,3790,296.9,410,6,4,286,69856.65
2025-08-09,LM-GYN,3846,3414,3626,3846,3645,1667,3461,271.0,432,5,9,128,64148.85
2025-08-10,LM-GYN,3491,3115,3307,3491,3344,1536,3142,245.9,376,3,3,122,56571.72
2025-08-11,LM-GYN,5526,4936,5240,5526,4880,2395,4973,389.1,590,5,4,290,98174.49
2025-08-12,LM-GYN,4881,4427,4695,4881,4336,2078,4393,343.6,454,12,2,256,79582.47
2025-08-13,LM-GYN,4738,4259,4519,4738,4572,2154,4264,333.4,479,5,6,123,78859.52
2025-08-14,LM-GYN,4661,4195,4451,4661,4042,2061,4195,327.9,466,6,3,275,79538.43
2025-08-15,LM-GYN,4762,4251,4513,4762,4119,1983,4286,334.9,511,10,8,280,79979.93
2025-08-16,LM-GYN,3994,3575,3795,3994,3862,1799,3595,280.8,419,3,5,89,66494.06
2025-08-17,LM-GYN,3747,3300,3506,3747,3194,1568,3372,263.3,447,5,6,246,65520.69
2025-08-18,LM-GYN,5692,5118,5431,5692,4990,2480,5123,399.9,574,9,8,326,97018.2
2025-08-19,LM-GYN,4890,4372,4641,4890,4163,2110,4401,343.5,518,7,7,326,83439.06
2025-08-20,LM-GYN,5003,4441,4716,5003,4879,2225,4503,351.3,562,5,11,85,83735.63
2025-08-21,LM-GYN,5282,4760,5050,5282,4701,2293,4754,370.8,522,9,6,251,85460.37
2025-08-22,LM-GYN,4734,4226,4486,4734,4548,2129,4261,332.2,508,8,4,126,82809.27
2025-08-23,LM-GYN,4096,3686,3911,4096,3914,1807,3686,287.3,410,4,5,102,67529.79
2025-08-24,LM-GYN,3980,3587,3806,3980,3451,1652,3582,279.1,393,2,4,235,64283.13
2025-08-25,LM-GYN,5966,5482,5810,5966,5335,2653,5369,418.3,484,6,4,281,98540.44
2025-08-26,LM-GYN,5076,4552,4831,5076,4803,2306,4568,355.8,524,11,4,158,85487.62
2025-08-27,LM-GYN,4872,4389,4657,4872,4196,2136,4385,341.4,483,11,6,312,78586.29
2025-08-28,LM-GYN,5136,4619,4901,5136,4481,2175,4622,359.8,517,9,5,291,85410.91
2025-08-29,LM-GYN,4742,4241,4502,4742,4167,2050,4268,332.1,501,5,4,253,80078.15
2025-08-30,LM-GYN,4410,3975,4217,4410,4199,1904,3969,308.8,435,6,5,124,71387.62
2025-08-31,LM-GYN,3984,3607,3826,3984,3440,1804,3586,278.9,377,5,3,251,69195.93
2025-09-01,LM-GYN,5561,5026,5332,5561,4815,2332,5005,389.2,535,3,12,329,89885.6
2025-09-02,LM-GYN,5376,4865,5161,5376,5126,2480,4838,376.1,511,6,8,136,92136.07
2025-09-03,LM-GYN,4822,4314,4579,4822,4179,2050,4340,337.3,508,4,3,291,81837.19
2025-09-04,LM-GYN,5208,4691,4978,5208,4629,2292,4687,364.2,517,9,5,266,94416.66
2025-09-05,LM-GYN,4976,4424,4698,4976,4372,2154,4478,347.9,552,8,4,272,84437.45
2025-09-06,LM-GYN,4276,3798,4034,4276,3704,1836,3848,298.9,478,3,3,259,69408.25
2025-09-07,LM-GYN,4302,3925,4162,4302,3615,1861,3872,300.7,377,2,3,310,69327.31
2025-09-08,LM-GYN,6394,5763,6115,6394,5701,2766,5755,446.8,631,9,4,346,106651.31
2025-09-09,LM-GYN,5750,5204,5520,5750,4983,2400,5175,401.7,546,9,5,327,89429.34
2025-09-10,LM-GYN,5074,4593,4872,5074,4841,2274,4567,354.4,481,6,2,131,81841.4
2025-09-11,LM-GYN,5514,4966,5269,5514,5345,2557,4963,385.0,548,9,8,128,94636.56
2025-09-12,LM-GYN,5246,4775,5063,5246,4691,2304,4721,366.2,471,5,4,254,93689.91
2025-09-13,LM-GYN,4508,4057,4305,4508,3920,1917,4057,314.6,451,4,2,252,75739.41
2025-09-14,LM-GYN,4404,3901,4144,4404,4213,2107,3964,307.3,503,10,6,106,72340.07
2025-09-15,LM-GYN,6042,5451,5784,6042,5334,2642,5438,421.6,591,4,8,308,104852.89
2025-09-16,LM-GYN,6354,5767,6117,6354,5624,2728,5719,443.2,587,6,6,336,110867.23
2025-09-17,LM-GYN,5438,4847,5146,5438,4833,2502,4894,379.3,591,6,9,259,90771.38
2025-09-18,LM-GYN,5681,5109,5421,5681,4975,2380,5113,396.1,572,7,6,310,97567.87
2025-09-19,LM-GYN,4966,4514,4787,4966,4731,2191,4469,346.2,452,4,5,116,86593.46
2025-09-20,LM-GYN,4422,4013,4256,4422,4208,2037,3980,308.2,409,3,7,144,74990.32
2025-09-21,LM-GYN,4594,4137,4389,4594,3949,1949,4135,320.2,457,4,3,254,75799.64
2025-09-22,LM-GYN,6395,5730,6082,6395,5680,2854,5756,445.6,665,7,3,333,106281.15
2025-09-23,LM-GYN,6260,5643,5987,6260,5637,2817,5634,436.1,617,12,8,303,101523.51
2025-09-24,LM-GYN,5810,5248,5567,5810,5131,2667,5229,404.7,562,12,5,311,95460.58
2025-09-25,LM-GYN,5647,5121,5431,5647,4918,2523,5082,393.3,526,6,4,316,96630.68
2025-09-26,LM-GYN,5660,5098,5409,5660,4929,2443,5094,394.1,562,4,8,338,94723.02
2025-09-27,LM-GYN,4639,4233,4489,4639,4376,2052,4175,323.0,406,7,5,149,74161.23
2025-09-28,LM-GYN,4186,3782,4012,4186,4007,1850,3767,291.4,404,4,7,122,71152.74
2025-09-29,LM-GYN,6416,5770,6123,6416,5656,2742,5774,446.6,646,5,7,353,111736.6
2025-09-30,LM-GYN,6339,5692,6041,6339,5651,2817,5705,441.1,647,11,7,351,106361.06
2025-10-01,LM-GYN,5974,5352,5681,5974,5258,2514,5377,415.7,622,3,9,279,100622.66
2025-10-02,LM-GYN,5476,4978,5279,5476,4747,2398,4928,381.0,498,2,5,330,95938.5
2025-10-03,LM-GYN,5381,4846,5142,5381,4642,2240,4843,374.3,535,5,7,349,93853.44
2025-10-04,LM-GYN,4682,4130,4387,4682,4503,2137,4214,325.6,552,5,3,116,80882.27
2025-10-05,LM-GYN,4502,4049,4296,4502,4259,2006,4052,313.1,453,7,1,134,79136.19
2025-10-06,LM-GYN,6418,5845,6198,6418,5714,2871,5776,446.2,573,13,8,345,111398.74
2025-10-07,LM-GYN,6211,5583,5925,6211,5456,2558,5590,431.8,628,7,5,344,104356.82
2025-10-08,LM-GYN,5862,5233,5556,5862,5589,2710,5276,407.5,629,11,4,174,100282.22
2025-10-09,LM-GYN,6074,5460,5794,6074,5358,2672,5467,422.2,614,8,12,349,102789.37
2025-10-10,LM-GYN,5794,5252,5570,5794,5548,2602,5215,402.6,542,4,4,157,103126.79
2025-10-11,LM-GYN,4852,4370,4637,4852,4256,2156,4367,337.1,482,9,9,291,82802.87
2025-10-12,LM-GYN,4588,4110,4362,4588,4347,2095,4129,318.8,478,8,6,130,78299.18
2025-10-13,LM-GYN,6911,6265,6645,6911,6234,2973,6220,480.1,646,6,5,315,122629.16
2025-10-14,LM-GYN,6291,5728,6074,6291,5608,2791,5662,437.0,563,7,10,330,106040.25
2025-10-15,LM-GYN,5886,5372,5696,5886,5606,2712,5297,408.8,514,4,3,155,97606.95
2025-10-16,LM-GYN,5830,5270,5590,5830,5115,2471,5247,404.9,560,4,7,326,91712.88
2025-10-17,LM-GYN,5615,5061,5370,5615,4925,2481,5054,389.9,554,5,5,294,93352.66
2025-10-18,LM-GYN,4768,4318,4580,4768,4109,2141,4291,331.0,450,7,3,286,80600.2
2025-10-19,LM-GYN,4766,4344,4606,4766,4483,2161,4289,330.9,422,1,5,166,82240.5
2025-10-20,LM-GYN,7185,6538,6933,7185,6372,3141,6466,498.7,647,7,5,414,120491.04
2025-10-21,LM-GYN,6230,5621,5963,6230,5487,2662,5607,432.4,609,8,11,331,102168.4
2025-10-22,LM-GYN,6252,5602,5946,6252,5532,2693,5627,433.9,650,8,8,315,106818.51
2025-10-23,LM-GYN,6091,5509,5844,6091,5324,2655,5482,422.7,582,9,7,368,97003.89
2025-10-24,LM-GYN,5916,5340,5666,5916,5270,2667,5324,410.5,576,5,8,274,103448.82
2025-10-25,LM-GYN,5056,4581,4859,5056,4392,2250,4550,350.8,475,11,9,305,88614.8
2025-10-26,LM-GYN,4578,4098,4350,4578,3972,1992,4120,317.6,480,6,6,269,73260.8
2025-10-27,LM-GYN,6814,6121,6496,6814,6020,2956,6133,472.6,693,10,12,334,112014.13
2025-10-28,LM-GYN,6718,6107,6477,6718,5982,2938,6046,465.9,611,11,6,365,113919.64
2025-10-29,LM-GYN,6582,5952,6314,6582,5881,2999,5924,456.5,630,6,12,356,116548.71
2025-10-30,LM-GYN,5760,5154,5471,5760,4975,2439,5184,399.4,606,14,7,349,97160.69
2025-10-31,LM-GYN,6017,5489,5820,6017,5265,2654,5415,417.2,528,7,5,343,101994.21
2025-11-01,LM-GYN,5358,4828,5122,5358,4646,2326,4822,371.5,530,5,6,299,90940.26
2025-11-02,LM-GYN,4878,4418,4687,4878,4602,2245,4390,338.2,460,5,6,167,78163.42
2025-11-03,LM-GYN,7387,6603,7009,7387,6473,3243,6648,512.1,784,8,7,436,123577.58
2025-11-04,LM-GYN,6654,6022,6388,6654,5908,2867,5989,461.2,632,9,7,355,109320.67
2025-11-05,LM-GYN,6430,5866,6220,6430,5720,2955,5787,445.6,564,9,4,294,108484.55
2025-11-06,LM-GYN,5984,5460,5789,5984,5294,2664,5386,414.7,524,5,5,307,98194.85
2025-11-07,LM-GYN,5545,5069,5374,5545,4883,2462,4990,384.2,476,7,1,302,92911.59
2025-11-08,LM-GYN,5398,4858,5155,5398,4733,2309,4858,374.0,540,4,4,290,90830.51
2025-11-09,LM-GYN,4810,4367,4631,4810,4552,2172,4329,333.3,443,4,9,151,80832.63
2025-11-10,LM-GYN,7244,6449,6847,7244,6402,3157,6520,501.9,795,11,6,398,126575.59
2025-11-11,LM-GYN,6591,5969,6332,6591,5851,2921,5932,456.6,622,6,7,313,112060.45
2025-11-12,LM-GYN,6234,5712,6055,6234,5484,2642,5611,431.8,522,7,7,316,103477.77
2025-11-13,LM-GYN,6402,5729,6082,6402,5674,2851,5762,443.4,673,5,8,340,109763.39
2025-11-14,LM-GYN,5976,5364,5693,5976,5159,2678,5378,413.9,612,8,6,363,99188.78
2025-11-15,LM-GYN,5375,4851,5146,5375,4722,2350,4838,372.2,524,5,3,286,87556.05
2025-11-16,LM-GYN,5136,4632,4914,5136,4465,2280,4622,355.7,504,6,6,298,89266.6
2025-11-17,LM-GYN,7554,6785,7201,7554,6583,3258,6799,523.1,769,10,9,432,124897.47
2025-11-18,LM-GYN,7088,6442,6832,7088,6405,3293,6379,490.8,646,4,7,319,115337.65
2025-11-19,LM-GYN,7020,6243,6629,7020,6320,3068,6318,486.0,777,10,15,336,124324.36
2025-11-20,LM-GYN,6291,5639,5985,6291,5564,2784,5662,435.5,652,11,6,344,109007.52
2025-11-21,LM-GYN,6208,5603,5944,6208,5584,2727,5587,429.8,605,12,2,305,103916.49
2025-11-22,LM-GYN,5594,5033,5340,5594,4898,2426,5035,387.2,561,8,4,296,96814.05
2025-11-23,LM-GYN,5354,4852,5146,5354,4733,2466,4819,370.6,502,7,10,273,88707.01
2025-11-24,LM-GYN,18715,16202,17232,18715,13689,8068,16844,1295.3,2513,38,23,1924,325173.78
2025-11-25,LM-GYN,18330,15629,16637,18330,13498,7561,16497,1268.6,2701,34,25,1946,316401.53
2025-11-26,LM-GYN,18370,15902,16912,18370,13691,8331,16533,1271.3,2468,31,29,1928,311215.33
2025-11-27,LM-GYN,17532,15319,16284,17532,13205,7573,15779,1213.2,2213,24,22,1732,301472.51
2025-11-28,LM-GYN,16508,14777,15685,16508,13890,7391,14857,1142.3,1731,29,14,1145,269478.05
2025-11-29,LM-GYN,14070,12783,13557,14070,12734,6327,12663,973.6,1287,18,19,603,232109.93
2025-11-30,LM-GYN,13331,12030,12763,13331,12243,6187,11998,922.4,1301,17,11,542,210595.77
2025-12-01,LM-GYN,20160,16805,17914,20160,14477,8388,18144,1394.8,3355,43,24,2234,347062.87
2025-12-02,LM-GYN,7159,6537,6931,7159,6349,3126,6443,495.3,622,6,3,383,120804.77
2025-12-03,LM-GYN,6824,6131,6506,6824,6259,3085,6142,472.1,693,8,6,287,110106.57
2025-12-04,LM-GYN,6730,6059,6429,6730,5959,2975,6057,465.6,671,7,7,356,114697.31
2025-12-05,LM-GYN,6236,5554,5897,6236,5919,2783,5612,431.4,682,8,8,194,98600.57
2025-12-06,LM-GYN,5627,5108,5417,5627,5394,2648,5064,389.2,519,4,9,155,92810.16
2025-12-07,LM-GYN,5800,5244,5563,5800,5090,2593,5220,401.2,556,6,3,310,97261.91
2025-12-08,LM-GYN,11302,9973,10595,11302,9637,4975,10172,781.7,1329,20,16,683,191933.66
2025-12-09,LM-GYN,11466,9972,10603,11466,9630,5230,10319,793.0,1494,13,15,738,197381.55
2025-12-10,LM-GYN,10440,9424,9998,10440,9475,4730,9396,722.0,1016,3,14,497,166977.5
2025-12-11,LM-GYN,10747,9686,10277,10747,9206,4883,9672,743.2,1061,14,12,697,181908.42
2025-12-12,LM-GYN,10042,8918,9471,10042,9192,4445,9038,694.4,1124,11,12,406,173664.9
2025-12-13,LM-GYN,8899,8074,8563,8899,8187,3971,8009,615.3,825,10,6,370,147448.36
2025-12-14,LM-GYN,8599,7687,8160,8599,7804,3886,7739,594.6,912,7,12,382,144284.79
2025-12-15,LM-GYN,12280,10569,11244,12280,9260,5209,11052,849.0,1711,29,10,1174,201712.25
2025-12-16,LM-GYN,11929,10411,11067,11929,9173,5119,10736,824.7,1518,20,14,1098,208905.15
2025-12-17,LM-GYN,9964,8937,9485,9964,9156,4628,8968,688.9,1027,11,9,423,161757.46
2025-12-18,LM-GYN,11254,9842,10461,11254,9340,5334,10129,778.0,1412,22,8,816,198167.47
2025-12-19,LM-GYN,10277,9278,9843,10277,9464,4510,9249,710.4,999,14,9,384,184349.84
2025-12-20,LM-GYN,9101,8228,8729,9101,8269,4065,8191,629.1,873,7,4,378,150779.61
2025-12-21,LM-GYN,5161,4617,4901,5161,4874,2393,4645,356.7,544,11,4,167,85174.68
2025-12-22,LM-GYN,7730,6831,7256,7730,6215,3501,6957,534.3,899,6,8,622,130543.33
2025-12-23,LM-GYN,7527,6689,7103,7527,6512,3332,6774,520.3,838,16,9,440,131338.22
2025-12-24,LM-GYN,7080,6391,6780,7080,6387,3199,6372,489.3,689,6,5,328,115896.06
2025-12-25,LM-GYN,7025,6439,6825,7025,6340,3148,6322,485.5,586,3,6,318,109879.95
2025-12-26,LM-GYN,6870,6220,6598,6870,6113,3128,6183,474.8,650,8,9,330,119383.76
2025-12-27,LM-GYN,5368,4814,5109,5368,4717,2403,4831,371.0,554,6,4,302,90655.72
2025-12-28,LM-GYN,5638,5109,5419,5638,4965,2574,5074,389.6,529,6,5,337,94073.88
2025-12-29,LM-GYN,8053,7053,7496,8053,6438,3588,7248,556.5,1000,16,9,653,137481.4
2025-12-30,LM-GYN,7518,6800,7213,7518,6609,3342,6766,519.5,718,3,8,404,123296.59
2025-12-31,LM-GYN,6794,6123,6497,6794,6087,3134,6115,469.5,671,6,6,338,113748.8
2026-01-01,LM-GYN,7157,6457,6851,7157,6384,3174,6441,494.5,700,6,9,358,121409.23
2026-01-02,LM-GYN,6126,5588,5925,6126,5324,2751,5513,423.3,538,4,5,368,104117.98
2026-01-03,LM-GYN,5916,5315,5641,5916,5695,2709,5324,408.8,601,5,6,141,99849.89
2026-01-04,LM-GYN,5223,4680,4967,5223,5012,2337,4701,360.9,543,5,6,133,81779.77
2026-01-05,LM-GYN,8152,7177,7626,8152,6541,3617,7337,563.2,975,8,8,629,137274.87
2026-01-06,LM-GYN,7622,6837,7256,7622,6687,3343,6860,526.6,785,7,7,454,128786.82
2026-01-07,LM-GYN,7536,6707,7121,7536,6655,3336,6782,520.6,829,10,14,400,128076.09
2026-01-08,LM-GYN,7064,6291,6679,7064,6213,3150,6358,488.0,773,6,6,367,118000.41
2026-01-09,LM-GYN,6598,5982,6345,6598,5790,3089,5938,455.8,616,12,6,371,117317.17
2026-01-10,LM-GYN,5742,5206,5522,5742,5449,2751,5168,396.7,536,5,3,164,95130.3
2026-01-11,LM-GYN,5816,5282,5602,5816,5070,2510,5234,401.8,534,7,13,324,98898.71
2026-01-12,LM-GYN,8376,7417,7878,8376,6856,3568,7538,578.6,959,14,12,623,140097.07
2026-01-13,LM-GYN,7628,6884,7303,7628,6851,3603,6865,526.9,744,11,6,389,130167.83
2026-01-14,LM-GYN,7253,6552,6951,7253,6401,3428,6528,501.0,701,4,6,414,116568.61
2026-01-15,LM-GYN,6786,6172,6545,6786,5952,3085,6107,468.7,614,7,7,382,118953.92
2026-01-16,LM-GYN,6924,6268,6649,6924,6112,3132,6232,478.2,656,10,7,388,117517.9
2026-01-17,LM-GYN,5541,4954,5259,5541,4944,2506,4987,382.7,587,11,5,279,92116.21
2026-01-18,LM-GYN,5772,5230,5548,5772,5114,2595,5195,398.6,542,8,6,320,95775.86
2026-01-19,LM-GYN,8342,7428,7887,8342,6810,3556,7508,576.1,914,10,8,643,138034.28
2026-01-20,LM-GYN,8462,7420,7886,8462,6868,3776,7616,584.4,1042,13,7,689,142572.2
2026-01-21,LM-GYN,7102,6509,6900,7102,6421,3169,6392,490.5,593,9,6,337,118618.64
2026-01-22,LM-GYN,7225,6519,6917,7225,6481,3330,6502,498.9,706,8,6,338,119521.33
2026-01-23,LM-GYN,7332,6687,7091,7332,6665,3352,6599,506.3,645,11,8,337,125506.01
2026-01-24,LM-GYN,6211,5576,5917,6211,5497,2877,5590,428.9,635,6,3,338,111726.68
2026-01-25,LM-GYN,5540,5043,5348,5540,4829,2454,4986,382.6,497,10,4,303,92237.68
2026-01-26,LM-GYN,8450,7593,8057,8450,6795,3586,7605,583.5,857,12,9,672,132907.41
2026-01-27,LM-GYN,7886,7089,7523,7886,7093,3511,7097,544.5,797,13,7,376,131523.71
2026-01-28,LM-GYN,7530,6827,7241,7530,6792,3432,6777,519.9,703,14,9,340,126044.65
2026-01-29,LM-GYN,7141,6448,6841,7141,6313,3222,6427,493.1,693,3,11,380,122851.44
2026-01-30,LM-GYN,6942,6230,6612,6942,6670,3156,6248,479.3,712,11,11,180,114591.52
2026-01-31,LM-GYN,5682,5144,5457,5682,5027,2544,5114,392.3,538,6,3,277,93488.03
2026-02-01,LM-GYN,5760,5198,5514,5760,5466,2685,5184,397.7,562,4,5,171,94834.51
2026-02-02,LM-GYN,8596,7641,8114,8596,7113,3864,7736,593.5,955,11,11,629,139950.29
2026-02-03,LM-GYN,7895,7078,7512,7895,7118,3603,7106,545.1,817,11,9,377,126094.61
2026-02-04,LM-GYN,7101,6466,6857,7101,6388,3290,6391,490.3,635,5,4,324,119316.51
2026-02-05,LM-GYN,7644,6893,7313,7644,6873,3492,6880,527.7,751,14,12,360,123067.12
2026-02-06,LM-GYN,7118,6425,6816,7118,6327,3239,6406,491.4,693,12,9,360,118663.68
2026-02-07,LM-GYN,5920,5312,5638,5920,5333,2735,5328,408.7,608,13,2,297,101805.62
2026-02-08,LM-GYN,5728,5225,5540,5728,4983,2516,5155,395.4,503,5,5,342,93289.96
2026-02-09,LM-GYN,8092,7246,7691,8092,7201,3835,7283,558.6,846,10,16,422,141294.45
2026-02-10,LM-GYN,7742,6917,7343,7742,6925,3537,6968,534.5,825,13,8,389,127952.49
2026-02-11,LM-GYN,7451,6748,7158,7451,6621,3384,6706,514.4,703,9,6,410,119456.6
2026-02-12,LM-GYN,7775,7007,7435,7775,6914,3559,6998,536.7,768,12,6,385,129258.86
2026-02-13,LM-GYN,6932,6302,6683,6932,6153,3233,6239,478.5,630,0,5,386,117460.54
2026-02-14,LM-GYN,6266,5737,6081,6266,5971,2956,5639,432.5,529,6,8,172,107290.33
2026-02-15,LM-GYN,5726,5232,5547,5726,5444,2712,5153,395.3,494,9,8,146,96921.69
2026-02-16,LM-GYN,8690,7874,8352,8690,7310,3888,7821,599.8,816,12,11,606,153699.73
2026-02-17,LM-GYN,8061,7241,7685,8061,7252,3603,7255,556.4,820,6,13,396,136703.92
2026-02-18,LM-GYN,7894,7200,7634,7894,6977,3386,7105,544.9,694,11,12,419,130130.08
2026-02-19,LM-GYN,7378,6652,7057,7378,6630,3439,6640,509.3,726,7,4,360,124006.12
2026-02-20,LM-GYN,6758,6060,6432,6758,6038,3156,6082,466.5,698,9,5,308,109584.39
2026-02-21,LM-GYN,5882,5344,5667,5882,5222,2612,5294,406.0,538,5,4,306,101175.26
2026-02-22,LM-GYN,5777,5209,5527,5777,5087,2551,5199,398.7,568,10,5,330,93210.12
2026-02-23,LM-GYN,8310,7509,7966,8310,7568,3730,7479,573.6,801,13,8,362,135422.81
2026-02-24,LM-GYN,8288,7538,7993,8288,7442,3745,7459,572.0,750,14,12,383,138440.08
2026-02-25,LM-GYN,7600,6918,7336,7600,6743,3396,6840,524.5,682,8,8,397,123792.87
2026-02-26,LM-GYN,8214,7414,7866,8214,7413,3779,7393,566.9,800,10,11,372,139766.46
2026-02-27,LM-GYN,6774,6135,6508,6774,6032,3104,6097,467.5,639,5,4,348,114813.24
2026-02-28,LM-GYN,6278,5721,6066,6278,5641,2880,5650,433.3,557,7,4,292,107501.37
2026-03-01,LM-GYN,5702,5130,5444,5702,5467,2649,5132,393.5,572,12,3,142,97753.02
2026-03-02,LM-GYN,8611,7695,8169,8611,7786,3887,7750,594.3,916,15,7,413,146508.42
2026-03-03,LM-GYN,8280,7463,7918,8280,7405,3683,7452,571.4,817,9,7,420,139086.57
2026-03-04,LM-GYN,7156,6458,6852,7156,6386,3253,6440,493.9,698,6,8,353,122971.94
2026-03-05,LM-GYN,7710,6969,7393,7710,6827,3596,6939,532.1,741,8,10,383,129677.45
2026-03-06,LM-GYN,7756,7140,7567,7756,6916,3461,6980,535.2,616,10,10,377,134845.72
2026-03-07,LM-GYN,6184,5564,5904,6184,5504,2860,5566,426.8,620,8,9,327,107017.0
2026-03-08,LM-GYN,6039,5457,5789,6039,5366,2738,5435,416.7,582,5,4,330,100756.43
2026-03-09,LM-GYN,12811,11348,12053,12811,11563,5826,11530,884.1,1463,18,9,600,225082.16
2026-03-10,LM-GYN,11561,10479,11115,11561,10655,5575,10405,797.8,1082,11,12,456,202980.5
2026-03-11,LM-GYN,10771,9785,10377,10771,9902,5230,9694,743.3,986,13,18,411,192271.0
2026-03-12,LM-GYN,9932,9038,9585,9932,9040,4744,8939,685.4,894,9,11,414,172241.37
2026-03-13,LM-GYN,10494,9514,10091,10494,9569,4850,9445,724.1,980,14,14,464,170641.12
2026-03-14,LM-GYN,8834,7999,8485,8834,8059,4272,7951,609.6,835,10,14,363,144217.58
2026-03-15,LM-GYN,8147,7233,7681,8147,7357,3927,7332,562.2,914,11,9,414,133737.13
2026-03-16,LM-GYN,8944,8137,8629,8944,8109,4440,8050,617.2,807,5,7,388,154546.42
2026-03-17,LM-GYN,8201,7499,7950,8201,7386,3863,7381,565.9,702,13,11,390,147716.05
2026-03-18,LM-GYN,7770,6988,7415,7770,6929,3726,6993,536.2,782,5,9,410,132420.04
2026-03-19,LM-GYN,7934,7131,7567,7934,7598,3814,7141,547.5,803,6,14,234,133956.63
2026-03-20,LM-GYN,7043,6319,6706,7043,6626,3299,6339,486.0,724,5,8,235,120644.06
2026-03-21,LM-GYN,6619,6018,6382,6619,5899,3050,5957,456.7,601,5,11,318,112955.25
2026-03-22,LM-GYN,5782,5186,5504,5782,5530,2852,5204,399.0,596,7,6,142,101288.89
2026-03-23,LM-GYN,8766,7924,8406,8766,7889,4169,7889,604.9,842,5,17,430,144857.36
2026-03-24,LM-GYN,9006,8055,8551,9006,8031,4393,8105,621.4,951,10,9,462,154263.2
2026-03-25,LM-GYN,8292,7527,7983,8292,7535,4091,7463,572.1,765,11,7,341,142641.29
2026-03-26,LM-GYN,7856,7085,7517,7856,7239,3855,7070,542.0,771,11,9,278,133283.16
2026-03-27,LM-GYN,7201,6527,6923,7201,6428,3389,6481,496.9,674,4,3,334,115316.39
2026-03-28,LM-GYN,6315,5676,6024,6315,6017,3088,5684,435.7,639,10,8,149,100465.13
2026-03-29,LM-GYN,6142,5527,5865,6142,5506,3018,5528,423.8,615,6,8,313,99228.6
2026-03-30,LM-GYN,9055,8157,8655,9055,8373,4518,8150,624.8,898,14,13,329,157610.56
2026-03-31,LM-GYN,8474,7617,8083,8474,7549,4184,7627,584.7,857,9,11,445,149630.34
2026-04-01,LM-GYN,8030,7215,7657,8030,7271,4038,7227,554.0,815,14,4,352,130948.73
2026-04-02,LM-GYN,7830,7018,7448,7830,6893,3821,7047,540.2,812,13,12,408,135329.99
2026-04-03,LM-GYN,7124,6475,6866,7124,6166,3496,6412,491.5,649,6,8,416,112101.05
2026-04-04,LM-GYN,6366,5780,6130,6366,5988,3246,5729,439.2,586,8,8,205,104679.21
2026-04-05,LM-GYN,6370,5754,6104,6370,6037,3290,5733,439.5,616,7,6,194,108083.4
2026-04-06,LM-GYN,8675,7910,8387,8675,7629,4290,7808,598.5,765,9,9,459,148536.22
2026-04-07,LM-GYN,8508,7804,8272,8508,7781,4272,7657,587.0,704,8,8,345,138762.45
2026-04-08,LM-GYN,7866,7097,7530,7866,7079,3964,7079,542.7,769,10,11,387,131384.57
2026-04-09,LM-GYN,7979,7253,7692,7979,7218,4016,7181,550.5,726,8,2,352,132896.04
2026-04-10,LM-GYN,7456,6780,7190,7456,7100,3806,6710,514.4,676,9,6,202,119362.41
2026-04-11,LM-GYN,6868,6207,6585,6868,6524,3486,6181,473.8,661,6,9,203,118383.81
2026-04-12,LM-GYN,6329,5693,6041,6329,5565,3064,5696,436.6,636,11,6,340,106519.15
2026-04-13,LM-GYN,8756,8108,8590,8756,8497,4600,7880,604.1,648,12,9,163,141106.34
2026-04-14,LM-GYN,8831,8051,8536,8831,8003,4534,7948,609.2,780,11,11,384,146435.09
2026-04-15,LM-GYN,7936,7220,7656,7936,7590,4144,7142,547.5,716,9,5,219,136226.22
2026-04-16,LM-GYN,7844,7155,7587,7844,7442,4105,7060,541.1,689,9,10,197,126968.71
2026-04-17,LM-GYN,7697,7137,7560,7697,6888,3912,6927,531.0,560,6,11,364,122299.75
2026-04-18,LM-GYN,6465,5877,6233,6465,5697,3408,5818,446.0,588,6,6,330,103693.0
2026-04-19,LM-GYN,6460,5887,6242,6460,6166,3440,5814,445.7,573,7,8,173,114693.64
2026-04-20,LM-GYN,8994,8199,8694,8994,8166,4814,8095,620.5,795,8,9,381,152789.78
2026-04-21,LM-GYN,8503,7816,8284,8503,7558,4308,7653,586.6,687,6,9,445,135981.84
2026-04-22,LM-GYN,8028,7336,7777,8028,7238,4144,7225,553.8,692,8,4,351,132968.98
2026-04-23,LM-GYN,7904,7124,7559,7904,7102,4084,7114,545.3,780,10,15,372,132159.74
2026-04-24,LM-GYN,7963,7168,7606,7963,7640,4338,7167,549.3,795,9,8,189,132353.49
2026-04-25,LM-GYN,6772,6231,6604,6772,6514,3462,6095,467.2,541,4,11,136,109317.46
2026-04-26,LM-GYN,6686,6118,6485,6686,6417,3602,6017,461.2,568,6,7,165,105403.3
2026-04-27,LM-GYN,10050,9158,9711,10050,9169,5293,9045,693.3,892,12,9,374,161935.95
2026-04-28,LM-GYN,8438,7665,8129,8438,7961,4579,7594,582.1,773,12,11,249,136942.06
2026-04-29,LM-GYN,8296,7686,8142,8296,7959,4404,7466,572.3,610,9,11,189,138832.64
2026-04-30,LM-GYN,7787,7134,7563,7787,7105,3979,7008,537.2,653,9,12,290,128354.04
2026-05-01,LM-GYN,10142,9316,9874,10142,9839,5676,9128,699.6,826,8,13,215,168789.69
2026-05-02,LM-GYN,8810,8114,8598,8810,8425,4749,7929,607.7,696,8,11,228,139087.7
2026-05-03,LM-GYN,8260,7588,8042,8260,7877,4537,7434,569.8,672,8,2,219,134009.43
2026-05-04,LM-GYN,12192,11129,11799,12192,11130,6460,10973,841.0,1063,19,10,483,206033.64
2026-05-05,LM-GYN,11840,10832,11483,11840,10724,6442,10656,816.7,1008,9,14,526,186227.18
2026-05-06,LM-GYN,10771,9921,10514,10771,9875,5856,9694,743.0,850,11,12,411,184401.13
2026-05-07,LM-GYN,11366,10492,11117,11366,10752,6308,10229,784.0,874,10,14,370,185518.68
2026-05-08,LM-GYN,10161,9395,9954,10161,9251,5422,9145,700.9,766,8,12,407,168259.68
2026-05-09,LM-GYN,9963,9086,9634,9963,9492,5577,8967,687.3,877,13,7,244,153415.0
2026-05-10,LM-GYN,8500,7813,8281,8500,8178,4713,7650,586.3,687,9,15,199,141241.29
2026-05-11,LM-GYN,9466,8639,9159,9466,8609,4941,8519,653.0,827,10,10,383,150314.63
2026-05-12,LM-GYN,8474,7777,8243,8474,7602,4681,7627,584.5,697,4,11,407,138039.27
2026-05-13,LM-GYN,8892,8155,8644,8892,8466,4948,8003,613.4,737,5,12,252,139280.67
2026-05-14,LM-GYN,8557,7866,8336,8557,8186,4703,7701,590.3,691,8,7,203,142975.78
2026-05-15,LM-GYN,7912,7327,7762,7912,7629,4383,7121,545.8,585,10,8,173,123773.04
2026-05-16,LM-GYN,6446,5892,6246,6446,6111,3501,5801,444.6,554,6,3,163,106155.36
2026-05-17,LM-GYN,6490,6062,6419,6490,6201,3616,5841,447.7,428,5,3,159,105438.01
2026-05-18,LM-GYN,9134,8489,8991,9134,8690,5130,8221,630.1,645,15,7,252,148224.88
2026-05-19,LM-GYN,9394,8545,9062,9394,9177,5292,8455,648.0,849,8,7,154,151722.15
2026-05-20,LM-GYN,8688,8023,8501,8688,8264,4870,7819,599.3,665,8,11,225,142368.89
2026-05-21,LM-GYN,8318,7598,8056,8318,8004,4625,7486,573.8,720,11,9,195,134408.92
2026-05-22,LM-GYN,7212,6666,7063,7212,6861,3976,6491,497.5,546,11,7,191,115125.13
2026-05-23,LM-GYN,6577,6000,6361,6577,6309,3706,5919,453.7,577,9,5,158,108734.74
2026-05-24,LM-GYN,6642,6181,6547,6642,6435,3778,5978,458.1,461,6,6,144,112955.31
2026-05-25,LM-GYN,9978,9292,9841,9978,9563,5599,8980,688.3,686,9,14,233,159552.12
2026-05-26,LM-GYN,9346,8597,9111,9346,8946,5335,8411,644.7,749,12,15,211,144298.47
2026-05-27,LM-GYN,8032,7427,7869,8032,7668,4622,7229,554.0,605,6,8,197,127713.0
2026-05-28,LM-GYN,8434,7717,8180,8434,7734,4809,7591,581.8,717,11,11,264,138361.63
2026-05-29,LM-GYN,8218,7563,8015,8218,7384,4546,7396,566.9,655,8,12,369,130453.6
2026-05-30,LM-GYN,6459,5964,6319,6459,6152,3572,5813,445.5,495,5,6,168,98944.76
2026-05-31,LM-GYN,6528,5965,6325,6528,6174,3746,5875,450.3,563,6,6,165,105719.66
2026-06-01,LM-GYN,9727,9107,9642,9727,9011,5485,8754,670.9,620,11,9,339,153725.03
2026-06-02,LM-GYN,8962,8297,8790,8962,8048,5042,8066,618.2,665,8,9,349,140515.53
2026-06-03,LM-GYN,8007,7475,7915,8007,7660,4565,7206,552.3,532,10,10,183,128533.24
2026-06-04,LM-GYN,8306,7671,8128,8306,7968,4925,7475,572.9,635,12,7,148,136458.73
2026-06-05,LM-GYN,7898,7265,7700,7898,7499,4514,7108,544.8,633,9,6,199,124994.67
2026-06-06,LM-GYN,6868,6356,6734,6868,6551,4097,6181,473.7,512,3,8,154,112442.36
2026-06-07,LM-GYN,6443,6001,6356,6443,6147,3780,5799,444.4,442,9,2,162,103010.67
2026-06-08,LM-GYN,9548,8785,9310,9548,9077,5632,8593,658.6,763,11,10,246,148385.02
2026-06-09,LM-GYN,9104,8436,8936,9104,8717,5285,8194,627.9,668,7,12,228,136977.49
2026-06-10,LM-GYN,8752,8058,8539,8752,7920,4939,7877,603.7,694,8,8,350,141166.66
2026-06-11,LM-GYN,8368,7614,8074,8368,7981,4940,7531,577.2,754,4,3,203,134517.98
2026-06-12,LM-GYN,7927,7311,7747,7927,7730,4693,7134,546.8,616,10,12,123,124170.07
2026-06-13,LM-GYN,6971,6453,6836,6971,6201,3959,6274,480.8,518,10,7,339,109419.95
2026-06-14,LM-GYN,6170,5706,6045,6170,5924,3671,5553,425.6,464,3,6,131,95182.13
2026-06-15,LM-GYN,9926,9160,9705,9926,9445,5888,8933,684.6,766,11,13,256,160114.56
2026-06-16,LM-GYN,9176,8492,8996,9176,8371,5171,8258,632.9,684,8,7,371,142020.52
2026-06-17,LM-GYN,8688,7995,8473,8688,8299,5182,7819,599.2,693,5,11,191,138057.23
2026-06-18,LM-GYN,8800,8169,8653,8800,7894,5188,7920,607.0,631,9,10,377,138448.61
2026-06-19,LM-GYN,7542,6951,7366,7542,6785,4271,6788,520.2,591,9,6,333,115320.94
2026-06-20,LM-GYN,6510,6058,6416,6510,6239,3996,5859,449.0,452,6,6,162,105691.88
2026-06-21,LM-GYN,6722,6151,6521,6722,6487,4105,6050,463.6,571,4,11,129,107415.82
2026-06-22,LM-GYN,9824,9091,9631,9824,8985,5606,8842,677.6,733,14,12,388,168244.83
2026-06-23,LM-GYN,9292,8625,9136,9292,8932,5525,8363,640.9,667,8,13,188,144476.16
2026-06-24,LM-GYN,8590,8019,8491,8590,7841,4989,7731,592.5,571,11,9,342,144093.07
2026-06-25,LM-GYN,8768,8075,8558,8768,8348,5144,7891,604.8,693,7,11,223,140665.27
2026-06-26,LM-GYN,8413,7849,8311,8413,7569,4985,7572,580.3,564,7,8,387,132068.39
2026-06-27,LM-GYN,7158,6641,7035,7158,6866,4321,6442,493.7,517,6,7,154,110892.19
2026-06-28,LM-GYN,6640,6220,6586,6640,6349,3941,5976,458.0,420,3,13,151,101320.79
2026-06-29,LM-GYN,9160,8376,8880,9160,8689,5445,8244,631.8,784,14,11,223,144336.75
2026-06-30,LM-GYN,9546,8843,9368,9546,9022,5745,8591,658.4,703,9,8,287,149119.13
2026-07-01,LM-GYN,9164,8472,8976,9164,8364,5495,8248,632.1,692,11,12,365,144683.93
2026-07-02,LM-GYN,8818,8164,8649,8818,8380,5245,7936,608.2,654,3,18,222,137807.91
2026-07-03,LM-GYN,7947,7397,7834,7947,7597,4807,7152,548.1,550,3,10,192,130078.5
2026-07-04,LM-GYN,7251,6776,7174,7251,7019,4439,6526,500.1,475,5,9,151,111627.98
2026-07-05,LM-GYN,6948,6441,6823,6948,6582,4252,6253,479.2,507,11,8,192,108478.11
2026-07-06,LM-GYN,10496,9588,10165,10496,10122,6394,9446,723.9,908,15,14,204,167409.87
2026-07-07,LM-GYN,9068,8361,8860,9068,8125,5391,8161,625.4,707,11,17,398,141561.05
2026-07-08,LM-GYN,8774,8307,8756,8774,8017,5213,7897,605.2,467,7,2,354,142688.68
2026-07-09,LM-GYN,8905,8175,8665,8905,8538,5356,8014,614.2,730,10,7,185,138845.8
2026-07-10,LM-GYN,8268,7656,8110,8268,7386,4915,7441,570.3,612,9,10,370,130798.97
2026-07-11,LM-GYN,6850,6369,6746,6850,6489,4140,6165,472.5,481,5,3,204,107922.99
2026-07-12,LM-GYN,6886,6415,6794,6886,6554,4191,6197,474.9,471,9,10,161,108419.99
2026-07-13,LM-GYN,10219,9406,9968,10219,9291,6014,9197,704.8,813,8,9,411,174137.95
2026-07-14,LM-GYN,9444,8828,9348,9444,9116,5796,8500,651.4,616,6,13,205,155817.78
2026-07-15,LM-GYN,8968,8369,8862,8968,8611,5302,8071,618.5,599,5,13,202,144840.64
2026-07-16,LM-GYN,8654,8029,8505,8654,7750,5198,7789,596.9,625,3,7,377,139237.13
2026-07-17,LM-GYN,8734,8020,8501,8734,8403,5284,7861,602.4,714,6,14,173,147697.2
2026-07-18,LM-GYN,6948,6397,6780,6948,6640,4131,6253,479.2,551,4,4,191,110597.3
2026-07-19,LM-GYN,6690,6155,6523,6690,6360,3972,6021,461.4,535,6,6,159,106135.95
2026-07-20,LM-GYN,10083,9306,9861,10083,9185,6078,9075,695.4,777,8,9,397,160823.71
2026-07-21,LM-GYN,9766,9124,9661,9766,9373,5941,8789,673.6,642,7,9,205,154644.23
2026-07-22,LM-GYN,8486,7864,8331,8486,7599,5062,7637,585.3,622,7,11,381,136622.86
2026-07-23,LM-GYN,8385,7790,8251,8385,8062,5079,7546,578.3,595,6,7,177,133895.02
2026-07-24,LM-GYN,7760,7184,7611,7760,7398,4672,6984,535.2,576,4,8,177,115874.18
2026-07-25,LM-GYN,7228,6760,7158,7228,6876,4388,6505,498.5,468,3,11,153,115729.1
2026-07-26,LM-GYN,6604,6034,6397,6604,6302,4003,5944,455.5,570,10,3,158,107529.08
2026-07-27,LM-GYN,10006,8988,9538,10006,9619,6008,9005,690.1,1018,11,11,229,164068.37
2026-07-28,LM-GYN,9754,9015,9552,9754,8964,5687,8779,672.7,739,8,12,357,152703.4
2026-07-29,LM-GYN,8810,8145,8629,8810,8013,5207,7929,607.6,665,11,8,365,134832.5
2026-07-30,LM-GYN,8914,8239,8729,8914,8449,5413,8023,614.8,675,7,12,250,147279.57
2026-07-31,LM-GYN,8320,7652,8110,8320,7942,5121,7488,573.8,668,10,14,189,131838.28
2026-08-01,LM-GYN,7435,6806,7215,7435,6548,4258,6692,512.8,629,5,7,363,117671.58
2026-08-02,LM-GYN,7031,6495,6882,7031,6714,4236,6328,484.9,536,3,11,170,110339.73
2026-08-03,LM-GYN,9958,9181,9729,9958,9455,6061,8962,686.8,777,12,9,232,161690.34
2026-08-04,LM-GYN,9536,8832,9357,9536,9107,5807,8582,657.7,704,9,8,234,156398.37
2026-08-05,LM-GYN,9399,8735,9252,9399,8469,5617,8459,648.2,664,5,11,419,151626.55
2026-08-06,LM-GYN,9020,8414,8910,9020,8264,5367,8118,622.1,606,7,10,300,145127.25
2026-08-07,LM-GYN,8046,7485,7928,8046,7595,4812,7241,554.9,561,9,13,210,126776.07
2026-08-08,LM-GYN,7477,6912,7323,7477,6765,4506,6729,515.7,565,14,8,295,117885.17
2026-08-09,LM-GYN,6695,6211,6580,6695,5900,3990,6026,461.7,484,5,8,316,105559.19
2026-08-10,LM-GYN,10776,9875,10468,10776,10256,6541,9698,743.2,901,10,10,290,174879.17
2026-08-11,LM-GYN,9998,9185,9735,9998,8973,6169,8998,689.5,813,12,8,440,157548.28
2026-08-12,LM-GYN,9216,8631,9138,9216,8746,5710,8294,635.6,585,3,12,227,148854.15
2026-08-13,LM-GYN,9002,8389,8884,9002,8616,5528,8102,620.9,613,8,5,219,146016.16
2026-08-14,LM-GYN,8450,7726,8191,8450,7635,5137,7605,582.8,724,9,13,382,138397.74
2026-08-15,LM-GYN,7529,6925,7339,7529,7186,4633,6776,519.3,604,5,12,175,119103.94
2026-08-16,LM-GYN,6911,6480,6860,6911,6594,4189,6220,476.6,431,5,8,152,106925.05
2026-08-17,LM-GYN,10417,9576,10149,10417,9711,6183,9375,718.4,841,18,7,329,166986.93
2026-08-18,LM-GYN,10008,9124,9675,10008,9147,6113,9007,690.2,884,13,9,385,158655.89
2026-08-19,LM-GYN,9000,8290,8785,9000,8389,5443,8100,620.7,710,8,5,298,141423.32
2026-08-20,LM-GYN,8814,8120,8605,8814,8526,5474,7933,607.9,694,10,7,160,139955.81
2026-08-21,LM-GYN,8207,7655,8106,8207,7411,4986,7386,566.0,552,5,10,336,132999.19
2026-08-22,LM-GYN,7124,6631,7023,7124,6781,4233,6412,491.3,493,3,3,169,110633.33
2026-08-23,LM-GYN,6594,6076,6439,6594,6359,4076,5935,454.8,518,5,5,155,110869.94
2026-08-24,LM-GYN,10660,9854,10441,10660,9664,6585,9594,735.2,806,7,12,459,173068.73
2026-08-25,LM-GYN,10390,9631,10203,10390,9628,6262,9351,716.6,759,9,15,363,163603.45
2026-08-26,LM-GYN,9697,9018,9552,9697,8811,5862,8727,668.8,679,14,12,373,157928.05
2026-08-27,LM-GYN,8548,7884,8354,8548,7979,5270,7693,589.5,664,10,10,257,133163.92
2026-08-28,LM-GYN,8836,8191,8677,8836,8359,5249,7952,609.4,645,9,7,209,141762.24
2026-08-29,LM-GYN,7816,7308,7738,7816,7454,4612,7034,539.1,508,5,11,195,125949.18
2026-08-30,LM-GYN,6974,6444,6827,6974,6605,4237,6277,481.0,530,4,6,175,113711.34
2026-08-31,LM-GYN,10496,9719,10296,10496,9960,6234,9446,723.9,777,11,14,275,166979.53
2026-09-01,LM-GYN,9140,8493,8996,9140,8210,5604,8226,630.4,647,5,9,413,141079.07
2026-09-02,LM-GYN,9380,8639,9155,9380,8507,5723,8442,646.9,741,9,10,411,150173.48
2026-09-03,LM-GYN,8779,8066,8549,8779,8042,5412,7901,605.5,713,11,14,322,145902.6
2026-09-04,LM-GYN,8730,8099,8579,8730,8453,5356,7857,602.1,631,11,7,153,136544.76
2026-09-05,LM-GYN,7080,6578,6967,7080,6860,4428,6372,488.3,502,6,8,134,110555.32
2026-09-06,LM-GYN,7266,6717,7116,7266,6930,4448,6539,501.1,549,2,10,157,115337.87
2026-09-07,LM-GYN,10900,10034,10633,10900,10502,6729,9810,751.7,866,15,9,212,177572.75
2026-09-08,LM-GYN,9620,8867,9396,9620,9050,6064,8658,663.5,753,9,10,285,148942.1
2026-09-09,LM-GYN,8978,8321,8815,8978,8620,5390,8080,619.2,657,9,8,217,140740.9
2026-09-10,LM-GYN,8481,7775,8241,8481,8208,5360,7633,584.9,706,14,11,184,131938.59
2026-09-11,LM-GYN,8642,8057,8532,8642,8318,5141,7778,596.0,585,4,10,177,143285.12
2026-09-12,LM-GYN,7382,6909,7315,7382,6522,4413,6644,509.1,473,8,8,349,114080.32
2026-09-13,LM-GYN,6784,6204,6577,6784,6451,4187,6106,467.9,580,11,10,160,109370.05
2026-09-14,LM-GYN,10754,9989,10581,10754,9785,6436,9679,741.7,765,6,10,413,168134.72
2026-09-15,LM-GYN,9794,9114,9652,9794,8856,5928,8815,675.5,680,15,8,377,157925.69
2026-09-16,LM-GYN,9052,8428,8926,9052,8625,5576,8147,624.3,624,14,12,219,148367.8
2026-09-17,LM-GYN,9050,8267,8764,9050,8609,5595,8145,624.2,783,7,8,219,144703.93
2026-09-18,LM-GYN,9104,8400,8901,9104,8705,5564,8194,627.9,704,9,9,209,148980.85
2026-09-19,LM-GYN,7741,7130,7555,7741,7333,4681,6967,533.9,611,7,9,190,126110.24
2026-09-20,LM-GYN,7185,6634,7029,7185,6922,4431,6466,495.5,551,8,14,161,115757.8
2026-09-21,LM-GYN,10881,9971,10569,10881,9953,6550,9793,750.4,910,17,10,415,179234.97
2026-09-22,LM-GYN,9604,9000,9528,9604,8644,5788,8644,662.4,604,14,12,455,162888.09
2026-09-23,LM-GYN,9473,8791,9312,9473,9035,5780,8526,653.3,682,8,15,218,156788.0
2026-09-24,LM-GYN,9333,8567,9080,9333,8871,5737,8400,643.7,766,11,8,235,142551.42
2026-09-25,LM-GYN,8683,7998,8476,8683,7721,5162,7815,598.8,685,15,12,399,133301.17
2026-09-26,LM-GYN,7743,7238,7664,7743,7344,4706,6969,534.0,505,0,10,199,122841.83
2026-09-27,LM-GYN,7062,6527,6916,7062,6831,4275,6356,487.0,535,4,10,130,106049.04
2026-09-28,LM-GYN,10906,10186,10785,10906,9949,6620,9815,752.2,720,8,15,407,172785.05
2026-09-29,LM-GYN,10266,9545,10109,10266,9345,6121,9239,708.0,721,11,11,412,156256.77
2026-09-30,LM-GYN,8548,7826,8296,8548,7733,5191,7693,589.5,722,7,6,361,137906.96
2025-06-01,LM-BSB,1769,1586,1683,1769,1679,742,1592,130.8,183,0,0,59,30895.59
2025-06-02,LM-BSB,2640,2350,2495,2640,2496,1129,2376,195.0,290,5,5,91,45072.52
2025-06-03,LM-BSB,2538,2249,2389,2538,2440,1131,2284,187.3,289,1,3,77,41721.17
2025-06-04,LM-BSB,2360,2087,2217,2360,2232,1032,2124,173.9,273,3,5,83,40714.46
2025-06-05,LM-BSB,2304,2059,2186,2304,2200,972,2074,169.6,245,3,1,72,38253.57
2025-06-06,LM-BSB,2236,1986,2109,2236,2136,947,2012,164.4,250,1,1,55,38101.32
2025-06-07,LM-BSB,1912,1689,1794,1912,1820,845,1721,140.4,223,2,4,56,32605.51
2025-06-08,LM-BSB,1979,1756,1865,1979,1906,895,1781,145.2,223,2,2,47,34267.38
2025-06-09,LM-BSB,2936,2615,2776,2936,2841,1311,2642,215.2,321,3,4,76,49988.68
2025-06-10,LM-BSB,2769,2476,2628,2769,2660,1262,2492,202.7,293,4,1,88,47638.44
2025-06-11,LM-BSB,2422,2121,2254,2422,2279,1068,2180,177.2,301,4,6,73,41465.77
2025-06-12,LM-BSB,2573,2282,2423,2573,2460,1171,2316,188.0,291,6,5,81,46642.31
2025-06-13,LM-BSB,2698,2409,2558,2698,2601,1256,2428,197.0,289,4,3,68,45155.83
2025-06-14,LM-BSB,2222,1961,2083,2222,2117,972,2000,162.0,261,4,3,62,37150.42
2025-06-15,LM-BSB,2225,1970,2093,2225,2116,993,2002,162.1,255,4,2,66,38457.05
2025-06-16,LM-BSB,3127,2810,2982,3127,2988,1309,2814,227.6,317,1,3,98,52053.38
2025-06-17,LM-BSB,3289,2924,3105,3289,2757,1403,2960,239.2,365,4,3,229,57052.06
2025-06-18,LM-BSB,2984,2633,2798,2984,2454,1211,2686,216.8,351,4,2,245,48865.44
2025-06-19,LM-BSB,3010,2643,2809,3010,2866,1343,2709,218.5,367,4,2,97,51513.47
2025-06-20,LM-BSB,3103,2754,2925,3103,2555,1280,2793,225.1,349,6,3,248,53354.14
2025-06-21,LM-BSB,2642,2337,2482,2642,2531,1178,2378,191.5,305,4,4,59,43377.35
2025-06-22,LM-BSB,2391,2146,2278,2391,2260,1021,2152,173.1,245,1,0,73,40828.04
2025-06-23,LM-BSB,3534,3124,3318,3534,3363,1543,3181,255.7,410,3,4,101,56509.75
2025-06-24,LM-BSB,3392,3038,3225,3392,3231,1520,3053,245.2,354,6,2,105,57365.77
2025-06-25,LM-BSB,3338,2969,3153,3338,3182,1483,3004,241.1,369,7,4,97,58571.32
2025-06-26,LM-BSB,3240,2873,3051,3240,3081,1364,2916,233.9,367,11,4,89,53558.76
2025-06-27,LM-BSB,3082,2737,2907,3082,2560,1287,2774,222.3,345,6,3,218,52147.51
2025-06-28,LM-BSB,2868,2579,2737,2868,2704,1242,2581,206.7,289,5,1,99,47152.23
2025-06-29,LM-BSB,2614,2343,2486,2614,2497,1128,2353,188.2,271,2,2,69,45069.15
2025-06-30,LM-BSB,4226,3771,4004,4226,3603,1758,3803,304.1,455,6,3,293,73239.17
2025-07-01,LM-BSB,3724,3303,3507,3724,3543,1671,3352,267.8,421,5,5,103,64196.92
2025-07-02,LM-BSB,3764,3374,3581,3764,3128,1638,3388,270.5,390,6,5,282,64994.41
2025-07-03,LM-BSB,3552,3170,3365,3552,3394,1592,3197,255.1,382,1,5,90,58888.36
2025-07-04,LM-BSB,3480,3093,3285,3480,3310,1514,3132,249.7,387,5,2,127,58805.22
2025-07-05,LM-BSB,2860,2533,2690,2860,2710,1262,2574,205.1,327,3,5,90,46858.2
2025-07-06,LM-BSB,2734,2428,2579,2734,2601,1209,2461,195.9,306,4,2,99,45080.71
2025-07-07,LM-BSB,4264,3773,4008,4264,4103,1931,3838,305.4,491,9,7,113,71986.94
2025-07-08,LM-BSB,4115,3650,3876,4115,3969,1829,3704,294.5,465,6,3,97,72290.75
2025-07-09,LM-BSB,3796,3461,3670,3796,3661,1710,3416,271.5,335,4,3,87,61991.36
2025-07-10,LM-BSB,3581,3152,3349,3581,3422,1588,3223,256.0,429,4,4,103,61515.75
2025-07-11,LM-BSB,3422,3078,3266,3422,3311,1542,3080,244.5,344,7,3,83,56193.13
2025-07-12,LM-BSB,2973,2667,2830,2973,2869,1349,2676,212.3,306,1,5,77,48393.02
2025-07-13,LM-BSB,2816,2485,2640,2816,2693,1218,2534,200.9,331,2,2,87,49841.07
2025-07-14,LM-BSB,4480,4030,4277,4480,3817,1895,4032,319.5,450,9,7,276,78117.28
2025-07-15,LM-BSB,4393,3992,4233,4393,4164,1931,3954,313.1,401,6,8,130,72020.64
2025-07-16,LM-BSB,4022,3597,3818,4022,3351,1726,3620,286.5,425,0,5,287,67306.27
2025-07-17,LM-BSB,3662,3299,3501,3662,3483,1621,3296,260.7,363,4,4,121,62022.43
2025-07-18,LM-BSB,3783,3381,3589,3783,3223,1580,3405,269.2,402,6,6,262,62037.23
2025-07-19,LM-BSB,3294,2957,3138,3294,3096,1439,2965,234.3,337,8,4,105,56430.93
2025-07-20,LM-BSB,3408,3005,3193,3408,3273,1521,3067,242.3,403,7,4,97,55162.73
2025-07-21,LM-BSB,4476,4007,4253,4476,4287,2017,4028,318.0,469,5,6,116,74424.31
2025-07-22,LM-BSB,4401,3941,4183,4401,4159,1916,3961,312.5,460,8,3,154,73554.21
2025-07-23,LM-BSB,4498,4014,4262,4498,3917,1905,4048,319.3,484,8,2,246,77119.08
2025-07-24,LM-BSB,4258,3857,4092,4258,3562,1775,3832,302.1,401,3,3,287,74257.36
2025-07-25,LM-BSB,4089,3662,3887,4089,3981,1808,3680,290.0,427,9,5,92,66875.86
2025-07-26,LM-BSB,3500,3132,3325,3500,3305,1535,3150,248.1,368,4,2,99,58862.12
2025-07-27,LM-BSB,3377,3017,3203,3377,3201,1510,3039,239.2,360,3,10,99,58050.38
2025-07-28,LM-BSB,5090,4547,4827,5090,4392,2227,4581,360.4,543,11,3,312,85802.75
2025-07-29,LM-BSB,4551,4075,4325,4551,3943,1925,4096,322.1,476,7,7,262,76368.9
2025-07-30,LM-BSB,4590,4106,4358,4590,3949,1885,4131,324.8,484,8,6,278,79386.78
2025-07-31,LM-BSB,4182,3763,3993,4182,3942,1864,3764,295.8,419,5,8,165,66494.11
2025-08-01,LM-BSB,4248,3826,4060,4248,3632,1747,3823,300.3,422,5,3,259,71040.21
2025-08-02,LM-BSB,3672,3331,3533,3672,3487,1681,3305,259.5,341,8,6,110,61728.91
2025-08-03,LM-BSB,3416,3054,3242,3416,3241,1515,3074,241.3,362,5,4,115,57641.88
2025-08-04,LM-BSB,5176,4608,4893,5176,4634,2261,4658,365.5,568,10,4,264,85499.36
2025-08-05,LM-BSB,4787,4301,4564,4787,4565,2182,4308,337.9,486,9,5,139,82818.9
2025-08-06,LM-BSB,4475,4022,4268,4475,4262,1981,4028,315.7,453,6,5,121,76059.49
2025-08-07,LM-BSB,4528,4094,4343,4528,3934,1966,4075,319.3,434,11,2,255,68500.29
2025-08-08,LM-BSB,4211,3740,3971,4211,3602,1819,3790,296.9,471,8,6,248,72623.99
2025-08-09,LM-BSB,3846,3451,3663,3846,3688,1784,3461,271.0,395,3,2,107,64559.04
2025-08-10,LM-BSB,3491,3163,3355,3491,3260,1616,3142,245.9,328,4,4,120,60177.04
2025-08-11,LM-BSB,5526,4997,5301,5526,4836,2384,4973,389.1,529,6,6,321,96607.28
2025-08-12,LM-BSB,4881,4424,4693,4881,4235,2175,4393,343.6,457,5,2,292,82156.52
2025-08-13,LM-BSB,4738,4245,4505,4738,4471,2007,4264,333.4,493,6,4,142,78138.15
2025-08-14,LM-BSB,4661,4116,4372,4661,3982,1985,4195,327.9,545,9,6,317,81319.96
2025-08-15,LM-BSB,4762,4287,4549,4762,4169,2089,4286,334.9,475,6,2,294,83780.57
2025-08-16,LM-BSB,3994,3602,3822,3994,3836,1733,3595,280.8,392,8,2,106,67899.93
2025-08-17,LM-BSB,3747,3350,3556,3747,3168,1681,3372,263.3,397,5,8,232,63215.39
2025-08-18,LM-BSB,5692,5130,5444,5692,5025,2555,5123,399.9,562,6,7,323,98572.68
2025-08-19,LM-BSB,4890,4400,4669,4890,4289,2100,4401,343.5,490,7,8,269,80296.65
2025-08-20,LM-BSB,5003,4446,4721,5003,4806,2352,4503,351.3,557,5,5,143,85017.18
2025-08-21,LM-BSB,5282,4788,5078,5282,4711,2345,4754,370.8,494,6,3,266,87559.85
2025-08-22,LM-BSB,4734,4207,4467,4734,4532,2133,4261,332.2,527,9,6,131,81583.75
2025-08-23,LM-BSB,4096,3704,3929,4096,3933,1856,3686,287.3,392,7,2,106,68458.71
2025-08-24,LM-BSB,3980,3555,3774,3980,3382,1676,3582,279.1,425,3,2,273,66941.64
2025-08-25,LM-BSB,5966,5374,5702,5966,5348,2619,5369,418.3,592,10,5,311,102216.34
2025-08-26,LM-BSB,5076,4570,4849,5076,4926,2248,4568,355.8,506,7,6,99,89079.14
2025-08-27,LM-BSB,4872,4387,4655,4872,4212,2104,4385,341.4,485,4,2,277,83668.42
2025-08-28,LM-BSB,5136,4660,4943,5136,4396,2215,4622,359.8,476,1,5,323,88369.58
2025-08-29,LM-BSB,4742,4295,4556,4742,4125,2063,4268,332.1,447,4,6,304,82202.43
2025-08-30,LM-BSB,4410,3945,4187,4410,4205,1977,3969,308.8,465,5,5,126,73831.18
2025-08-31,LM-BSB,3984,3587,3806,3984,3412,1810,3586,278.9,397,3,4,257,67544.53
2025-09-01,LM-BSB,5561,5029,5335,5561,4857,2324,5005,389.2,532,1,10,322,93222.19
2025-09-02,LM-BSB,5376,4860,5156,5376,5140,2318,4838,376.1,516,6,12,137,90454.14
2025-09-03,LM-BSB,4822,4359,4625,4822,4209,2051,4340,337.3,463,9,8,288,80229.64
2025-09-04,LM-BSB,5208,4691,4978,5208,4561,2263,4687,364.2,517,10,6,289,87310.41
2025-09-05,LM-BSB,4976,4511,4784,4976,4331,2139,4478,347.9,465,5,4,264,82902.51
2025-09-06,LM-BSB,4276,3874,4109,4276,3668,1785,3848,298.9,402,8,5,279,70281.48
2025-09-07,LM-BSB,4302,3885,4122,4302,3585,1920,3872,300.7,417,2,6,306,67056.32
2025-09-08,LM-BSB,6394,5749,6101,6394,5685,2833,5755,446.8,645,11,6,318,107909.31
2025-09-09,LM-BSB,5750,5246,5562,5750,4984,2474,5175,401.7,504,6,6,310,100830.42
2025-09-10,LM-BSB,5074,4560,4839,5074,4894,2245,4567,354.4,514,3,5,128,86905.6
2025-09-11,LM-BSB,5514,4933,5237,5514,5243,2462,4963,385.0,581,3,8,166,92740.99
2025-09-12,LM-BSB,5246,4715,5004,5246,4586,2257,4721,366.2,531,2,3,303,84936.84
2025-09-13,LM-BSB,4508,4067,4315,4508,3931,1978,4057,314.6,441,4,7,262,73909.2
2025-09-14,LM-BSB,4404,3959,4201,4404,4117,1910,3964,307.3,445,5,4,157,70191.33
2025-09-15,LM-BSB,6042,5410,5742,6042,5283,2585,5438,421.6,632,10,7,336,103278.07
2025-09-16,LM-BSB,6354,5721,6071,6354,5688,2848,5719,443.2,633,8,2,334,104484.09
2025-09-17,LM-BSB,5438,4944,5243,5438,4766,2340,4894,379.3,494,6,5,278,94296.41
2025-09-18,LM-BSB,5681,5066,5379,5681,4946,2509,5113,396.1,615,5,6,324,89397.64
2025-09-19,LM-BSB,4966,4481,4755,4966,4709,2230,4469,346.2,485,6,7,137,82229.86
2025-09-20,LM-BSB,4422,3951,4195,4422,4158,1971,3980,308.2,471,11,5,138,76965.96
2025-09-21,LM-BSB,4594,4106,4359,4594,3949,1960,4135,320.2,488,10,5,270,74582.11
2025-09-22,LM-BSB,6395,5691,6043,6395,5633,2803,5756,445.6,704,8,8,370,103971.22
2025-09-23,LM-BSB,6260,5644,5989,6260,5646,2752,5634,436.1,616,7,7,313,103488.26
2025-09-24,LM-BSB,5810,5167,5487,5810,5049,2392,5229,404.7,643,7,8,342,94974.85
2025-09-25,LM-BSB,5647,5097,5408,5647,4885,2520,5082,393.3,550,7,8,344,93765.92
2025-09-26,LM-BSB,5660,5098,5410,5660,4948,2491,5094,394.1,562,6,6,311,88768.81
2025-09-27,LM-BSB,4639,4198,4453,4639,4423,2028,4175,323.0,441,3,7,147,80664.82
2025-09-28,LM-BSB,4186,3713,3943,4186,3998,1884,3767,291.4,473,4,4,118,72575.68
2025-09-29,LM-BSB,6416,5710,6063,6416,5695,2799,5774,446.6,706,11,11,356,106691.55
2025-09-30,LM-BSB,6339,5700,6048,6339,5720,2744,5705,441.1,639,8,5,289,100786.25
2025-10-01,LM-BSB,5974,5388,5716,5974,5238,2655,5377,415.7,586,4,4,333,97726.68
2025-10-02,LM-BSB,5476,4977,5279,5476,4799,2476,4928,381.0,499,6,6,287,93769.05
2025-10-03,LM-BSB,5381,4848,5144,5381,4786,2346,4843,374.3,533,7,3,270,92597.49
2025-10-04,LM-BSB,4682,4197,4454,4682,4544,2113,4214,325.6,485,4,7,93,77403.56
2025-10-05,LM-BSB,4502,4097,4345,4502,4321,2000,4052,313.1,405,10,6,123,76394.49
2025-10-06,LM-BSB,6418,5762,6115,6418,5596,2665,5776,446.2,656,5,12,355,103096.09
2025-10-07,LM-BSB,6211,5539,5881,6211,5528,2765,5590,431.8,672,8,6,337,104602.95
2025-10-08,LM-BSB,5862,5303,5626,5862,5617,2771,5276,407.5,559,2,5,172,94568.25
2025-10-09,LM-BSB,6074,5482,5816,6074,5378,2665,5467,422.2,592,9,4,334,103156.75
2025-10-10,LM-BSB,5794,5263,5582,5794,5522,2614,5215,402.6,531,3,5,146,95781.62
2025-10-11,LM-BSB,4852,4343,4610,4852,4191,2115,4367,337.1,509,7,1,290,81140.47
2025-10-12,LM-BSB,4588,4142,4395,4588,4407,2062,4129,318.8,446,4,9,116,77030.62
2025-10-13,LM-BSB,6911,6205,6585,6911,6175,2978,6220,480.1,706,8,8,335,110101.56
2025-10-14,LM-BSB,6291,5689,6035,6291,5625,2945,5662,437.0,602,9,5,282,105677.54
2025-10-15,LM-BSB,5886,5284,5608,5886,5610,2697,5297,408.8,602,12,6,178,102544.41
2025-10-16,LM-BSB,5830,5263,5584,5830,5148,2604,5247,404.9,567,4,7,318,98282.55
2025-10-17,LM-BSB,5615,5114,5423,5615,4873,2586,5054,389.9,501,8,8,336,97018.63
2025-10-18,LM-BSB,4768,4307,4569,4768,4185,2107,4291,331.0,461,4,4,263,79198.53
2025-10-19,LM-BSB,4766,4292,4554,4766,4618,2138,4289,330.9,474,2,7,105,80835.65
2025-10-20,LM-BSB,7185,6558,6953,7185,6428,3107,6466,498.7,627,10,13,341,121579.14
2025-10-21,LM-BSB,6230,5619,5962,6230,5447,2859,5607,432.4,611,6,15,348,106834.44
2025-10-22,LM-BSB,6252,5655,5999,6252,5604,2825,5627,433.9,597,10,8,298,108047.49
2025-10-23,LM-BSB,6091,5536,5871,6091,5485,2703,5482,422.7,555,10,4,279,97912.18
2025-10-24,LM-BSB,5916,5335,5660,5916,5215,2579,5324,410.5,581,8,5,317,97274.81
2025-10-25,LM-BSB,5056,4561,4839,5056,4373,2202,4550,350.8,495,5,7,313,86354.71
2025-10-26,LM-BSB,4578,4130,4382,4578,3975,2029,4120,317.6,448,3,2,248,77917.79
2025-10-27,LM-BSB,6814,6169,6543,6814,6049,3142,6133,472.6,645,5,10,330,114449.08
2025-10-28,LM-BSB,6718,6181,6550,6718,6040,2986,6046,465.9,537,7,8,307,120936.3
2025-10-29,LM-BSB,6582,5998,6360,6582,5859,2863,5924,456.5,584,7,9,340,110638.22
2025-10-30,LM-BSB,5760,5243,5560,5760,5012,2460,5184,399.4,517,7,7,317,97435.35
2025-10-31,LM-BSB,6017,5397,5728,6017,5324,2702,5415,417.2,620,4,1,316,97429.75
2025-11-01,LM-BSB,5358,4824,5118,5358,4704,2424,4822,371.5,534,5,6,282,92836.56
2025-11-02,LM-BSB,4878,4426,4694,4878,4628,2309,4390,338.2,452,3,3,137,82145.47
2025-11-03,LM-BSB,7387,6533,6939,7387,6585,3481,6648,512.1,854,15,5,359,125649.24
2025-11-04,LM-BSB,6654,5974,6340,6654,5915,2854,5989,461.2,680,6,8,371,118648.37
2025-11-05,LM-BSB,6430,5863,6216,6430,5780,2869,5787,445.6,567,3,7,289,107208.76
2025-11-06,LM-BSB,5984,5450,5779,5984,5349,2640,5386,414.7,534,3,5,269,103686.28
2025-11-07,LM-BSB,5545,5020,5325,5545,4854,2439,4990,384.2,525,6,5,307,96287.22
2025-11-08,LM-BSB,5398,4903,5200,5398,4739,2343,4858,374.0,495,2,3,303,90080.47
2025-11-09,LM-BSB,4810,4420,4684,4810,4552,2206,4329,333.3,390,3,9,153,76872.0
2025-11-10,LM-BSB,7244,6522,6921,7244,6547,3150,6520,501.9,722,9,11,350,119726.32
2025-11-11,LM-BSB,6591,6054,6417,6591,5876,2967,5932,456.6,537,3,6,366,113750.91
2025-11-12,LM-BSB,6234,5653,5996,6234,5475,2834,5611,431.8,581,7,10,359,103485.91
2025-11-13,LM-BSB,6402,5776,6128,6402,5647,2808,5762,443.4,626,10,8,332,103732.17
2025-11-14,LM-BSB,5976,5460,5788,5976,5235,2713,5378,413.9,516,8,4,340,100481.92
2025-11-15,LM-BSB,5375,4828,5123,5375,4705,2387,4838,372.2,547,4,4,314,87732.75
2025-11-16,LM-BSB,5136,4643,4926,5136,4455,2315,4622,355.7,493,4,5,314,83964.66
2025-11-17,LM-BSB,7554,6731,7147,7554,6694,3385,6799,523.1,823,13,9,388,123961.98
2025-11-18,LM-BSB,7088,6484,6874,7088,6402,3111,6379,490.8,604,9,8,336,122090.74
2025-11-19,LM-BSB,7020,6325,6712,7020,6178,3115,6318,486.0,695,7,10,371,122697.05
2025-11-20,LM-BSB,6291,5674,6020,6291,5563,2771,5662,435.5,617,10,3,345,101586.04
2025-11-21,LM-BSB,6208,5608,5949,6208,5519,2821,5587,429.8,600,3,4,343,105099.09
2025-11-22,LM-BSB,5594,4982,5290,5594,4938,2475,5035,387.2,612,5,7,306,96131.4
2025-11-23,LM-BSB,5354,4886,5180,5354,4631,2421,4819,370.6,468,6,7,297,87814.35
2025-11-24,LM-BSB,18715,16146,17176,18715,13356,7835,16844,1295.3,2569,35,17,2108,313196.96
2025-11-25,LM-BSB,18330,15866,16874,18330,13639,7722,16497,1268.6,2464,26,26,1877,329415.73
2025-11-26,LM-BSB,18370,16050,17060,18370,13793,7773,16533,1271.3,2320,29,23,1813,301556.84
2025-11-27,LM-BSB,17532,15397,16362,17532,13282,7571,15779,1213.2,2135,35,15,1698,303876.33
2025-11-28,LM-BSB,16508,14806,15714,16508,13706,7303,14857,1142.3,1702,19,20,1225,282292.92
2025-11-29,LM-BSB,14070,12631,13404,14070,12517,6422,12663,973.6,1439,11,12,738,254386.43
2025-11-30,LM-BSB,13331,11989,12722,13331,12127,5872,11998,922.4,1342,19,11,588,232321.37
2025-12-01,LM-BSB,20160,17024,18133,20160,14418,8247,18144,1394.8,3136,30,30,2274,332240.27
2025-12-02,LM-BSB,7159,6442,6836,7159,6400,3208,6443,495.3,717,5,4,384,116188.68
2025-12-03,LM-BSB,6824,6093,6468,6824,6069,3034,6142,472.1,731,12,6,346,112977.08
2025-12-04,LM-BSB,6730,6151,6521,6730,5981,2947,6057,465.6,579,11,6,318,112909.69
2025-12-05,LM-BSB,6236,5575,5918,6236,5935,2942,5612,431.4,661,10,8,154,99856.96
2025-12-06,LM-BSB,5627,5121,5430,5627,5398,2528,5064,389.2,506,5,10,174,95358.22
2025-12-07,LM-BSB,5800,5236,5555,5800,5017,2627,5220,401.2,564,8,6,355,98367.67
2025-12-08,LM-BSB,11302,10023,10644,11302,9359,5133,10172,781.7,1279,14,14,771,189121.34
2025-12-09,LM-BSB,11466,10041,10672,11466,9587,4964,10319,793.0,1425,13,11,832,202268.21
2025-12-10,LM-BSB,10440,9368,9943,10440,9517,4490,9396,722.0,1072,16,15,453,179224.97
2025-12-11,LM-BSB,10747,9615,10206,10747,9215,4701,9672,743.2,1132,16,15,630,188039.82
2025-12-12,LM-BSB,10042,9082,9634,10042,9242,4483,9038,694.4,960,15,12,393,182123.84
2025-12-13,LM-BSB,8899,8060,8549,8899,8044,3890,8009,615.3,839,14,8,399,145472.98
2025-12-14,LM-BSB,8599,7769,8242,8599,7855,3932,7739,594.6,830,12,6,361,146908.04
2025-12-15,LM-BSB,12280,10606,11281,12280,9153,5232,11052,849.0,1674,22,12,1212,206867.79
2025-12-16,LM-BSB,11929,10267,10923,11929,9198,5144,10736,824.7,1662,13,13,1067,209166.92
2025-12-17,LM-BSB,9964,9108,9656,9964,9128,4430,8968,688.9,856,7,10,438,164772.64
2025-12-18,LM-BSB,11254,9936,10555,11254,9402,5061,10129,778.0,1318,13,10,780,189109.52
2025-12-19,LM-BSB,10277,9348,9913,10277,9372,4591,9249,710.4,929,7,9,428,166971.32
2025-12-20,LM-BSB,9101,8186,8687,9101,8145,4002,8191,629.1,915,8,11,453,155805.04
2025-12-21,LM-BSB,5161,4739,5023,5161,4806,2303,4645,356.7,422,3,8,177,90645.35
2025-12-22,LM-BSB,7730,6895,7321,7730,6309,3310,6957,534.3,835,18,8,567,126691.12
2025-12-23,LM-BSB,7527,6832,7246,7527,6651,3384,6774,520.3,695,11,10,416,118671.37
2025-12-24,LM-BSB,7080,6386,6775,7080,6349,3119,6372,489.3,694,4,5,355,121662.16
2025-12-25,LM-BSB,7025,6302,6688,7025,6288,3110,6322,485.5,723,4,4,308,123149.88
2025-12-26,LM-BSB,6870,6207,6585,6870,6154,3208,6183,474.8,663,10,6,320,124548.54
2025-12-27,LM-BSB,5368,4885,5180,5368,4680,2363,4831,371.0,483,4,4,305,89701.33
2025-12-28,LM-BSB,5638,5149,5459,5638,4943,2574,5074,389.6,489,9,3,328,94055.46
2025-12-29,LM-BSB,8053,7037,7480,8053,6305,3471,7248,556.5,1016,19,9,689,139907.47
2025-12-30,LM-BSB,7518,6782,7196,7518,6691,3458,6766,519.5,736,10,6,391,123266.06
2025-12-31,LM-BSB,6794,6163,6536,6794,5937,3055,6115,469.5,631,6,8,382,111661.56
2026-01-01,LM-BSB,7157,6521,6915,7157,6372,3227,6441,494.5,636,10,9,349,123241.85
2026-01-02,LM-BSB,6126,5493,5830,6126,5485,2748,5513,423.3,633,6,0,307,99166.54
2026-01-03,LM-BSB,5916,5319,5645,5916,5652,2694,5324,408.8,597,7,10,172,96725.72
2026-01-04,LM-BSB,5223,4677,4964,5223,4950,2426,4701,360.9,546,3,3,151,84307.76
2026-01-05,LM-BSB,8152,7162,7610,8152,6580,3506,7337,563.2,990,12,4,656,135760.96
2026-01-06,LM-BSB,7622,6881,7300,7622,6782,3291,6860,526.6,741,7,12,374,126944.62
2026-01-07,LM-BSB,7536,6845,7260,7536,6707,3427,6782,520.6,691,10,6,400,125499.03
2026-01-08,LM-BSB,7064,6356,6745,7064,6327,3189,6358,488.0,708,9,8,336,118254.27
2026-01-09,LM-BSB,6598,5988,6351,6598,5784,2988,5938,455.8,610,7,8,373,113321.68
2026-01-10,LM-BSB,5742,5211,5527,5742,5460,2660,5168,396.7,531,7,3,148,95926.37
2026-01-11,LM-BSB,5816,5190,5510,5816,5111,2661,5234,401.8,626,6,4,274,95986.94
2026-01-12,LM-BSB,8376,7376,7837,8376,6745,3689,7538,578.6,1000,8,8,693,137393.57
2026-01-13,LM-BSB,7628,6780,7200,7628,6787,3438,6865,526.9,848,9,8,394,127782.56
2026-01-14,LM-BSB,7253,6555,6954,7253,6395,3297,6528,501.0,698,9,9,421,129048.42
2026-01-15,LM-BSB,6786,6107,6480,6786,6114,3173,6107,468.7,679,5,10,329,115253.17
2026-01-16,LM-BSB,6924,6292,6672,6924,6168,3074,6232,478.2,632,7,8,343,122154.3
2026-01-17,LM-BSB,5541,5040,5344,5541,4923,2395,4987,382.7,501,8,4,262,87158.81
2026-01-18,LM-BSB,5772,5277,5594,5772,4982,2638,5195,398.6,495,10,7,337,93874.63
2026-01-19,LM-BSB,8342,7394,7853,8342,6885,3726,7508,576.1,948,10,9,629,133750.1
2026-01-20,LM-BSB,8462,7494,7959,8462,6792,3927,7616,584.4,968,12,9,695,143013.47
2026-01-21,LM-BSB,7102,6382,6773,7102,6340,3228,6392,490.5,720,7,10,347,121423.52
2026-01-22,LM-BSB,7225,6505,6902,7225,6493,3267,6502,498.9,720,9,12,342,125129.87
2026-01-23,LM-BSB,7332,6605,7009,7332,6648,3379,6599,506.3,727,5,7,322,126248.46
2026-01-24,LM-BSB,6211,5613,5954,6211,5583,2880,5590,428.9,598,3,8,290,107483.74
2026-01-25,LM-BSB,5540,5090,5395,5540,4867,2534,4986,382.6,450,6,8,300,91888.7
2026-01-26,LM-BSB,8450,7519,7984,8450,6960,3706,7605,583.5,931,10,7,634,140684.5
2026-01-27,LM-BSB,7886,7208,7642,7886,7027,3680,7097,544.5,678,7,9,409,128315.57
2026-01-28,LM-BSB,7530,6843,7257,7530,6807,3363,6777,519.9,687,8,13,347,132276.24
2026-01-29,LM-BSB,7141,6500,6893,7141,6366,3195,6427,493.1,641,7,10,316,122558.79
2026-01-30,LM-BSB,6942,6289,6671,6942,6650,3351,6248,479.3,653,5,3,192,115299.81
2026-01-31,LM-BSB,5682,5135,5448,5682,4989,2607,5114,392.3,547,10,6,303,95729.71
2026-02-01,LM-BSB,5760,5218,5534,5760,5510,2665,5184,397.7,542,4,5,143,99774.37
2026-02-02,LM-BSB,8596,7610,8082,8596,7117,3816,7736,593.5,986,10,13,641,142814.81
2026-02-03,LM-BSB,7895,7110,7544,7895,7059,3757,7106,545.1,785,9,8,387,134080.75
2026-02-04,LM-BSB,7101,6424,6814,7101,6330,3214,6391,490.3,677,9,4,349,118723.27
2026-02-05,LM-BSB,7644,6921,7341,7644,6835,3428,6880,527.7,723,5,9,358,133391.07
2026-02-06,LM-BSB,7118,6339,6731,7118,6465,3267,6406,491.4,779,7,13,278,119376.71
2026-02-07,LM-BSB,5920,5313,5639,5920,5335,2758,5328,408.7,607,10,7,287,101963.12
2026-02-08,LM-BSB,5728,5206,5521,5728,5077,2624,5155,395.4,522,7,4,334,93277.69
2026-02-09,LM-BSB,8092,7363,7808,8092,7260,3779,7283,558.6,729,4,12,377,131252.75
2026-02-10,LM-BSB,7742,6916,7341,7742,7076,3495,6968,534.5,826,12,7,338,126082.73
2026-02-11,LM-BSB,7451,6750,7160,7451,6707,3319,6706,514.4,701,7,6,341,128890.35
2026-02-12,LM-BSB,7775,7220,7648,7775,6965,3636,6998,536.7,555,9,12,361,131745.88
2026-02-13,LM-BSB,6932,6327,6708,6932,6292,3102,6239,478.5,605,4,9,314,120764.52
2026-02-14,LM-BSB,6266,5617,5962,6266,6001,2864,5639,432.5,649,7,10,170,107782.62
2026-02-15,LM-BSB,5726,5187,5502,5726,5420,2630,5153,395.3,539,6,7,173,96607.61
2026-02-16,LM-BSB,8690,7828,8306,8690,7248,3789,7821,599.8,862,15,11,586,145185.72
2026-02-17,LM-BSB,8061,7282,7725,8061,7332,3655,7255,556.4,779,15,8,360,139815.01
2026-02-18,LM-BSB,7894,7197,7631,7894,7078,3475,7105,544.9,697,8,6,406,134773.51
2026-02-19,LM-BSB,7378,6734,7140,7378,6581,3472,6640,509.3,644,8,5,380,120617.24
2026-02-20,LM-BSB,6758,6089,6460,6758,6133,3003,6082,466.5,669,7,5,272,111913.62
2026-02-21,LM-BSB,5882,5348,5671,5882,5158,2804,5294,406.0,534,5,3,343,99180.06
2026-02-22,LM-BSB,5777,5198,5516,5777,5037,2665,5199,398.7,579,6,9,346,97414.3
2026-02-23,LM-BSB,8310,7512,7969,8310,7682,4077,7479,573.6,798,13,9,323,143109.05
2026-02-24,LM-BSB,8288,7592,8048,8288,7532,3757,7459,572.0,696,12,9,372,141428.05
2026-02-25,LM-BSB,7600,6827,7245,7600,6846,3458,6840,524.5,773,12,7,348,125247.79
2026-02-26,LM-BSB,8214,7479,7931,8214,7521,3908,7393,566.9,735,2,11,351,133267.63
2026-02-27,LM-BSB,6774,6068,6440,6774,6072,3039,6097,467.5,706,7,3,332,108736.79
2026-02-28,LM-BSB,6278,5654,5999,6278,5645,2935,5650,433.3,624,9,4,295,105769.91
2026-03-01,LM-BSB,5702,5132,5446,5702,5379,2662,5132,393.5,570,13,10,187,101301.0
2026-03-02,LM-BSB,8611,7739,8212,8611,7810,4060,7750,594.3,872,5,6,338,144300.4
2026-03-03,LM-BSB,8280,7410,7865,8280,7475,3942,7452,571.4,870,5,7,398,139790.43
2026-03-04,LM-BSB,7156,6410,6804,7156,6456,3278,6440,493.9,746,6,5,292,121772.37
2026-03-05,LM-BSB,7710,6878,7302,7710,6791,3489,6939,532.1,832,15,5,384,130493.4
2026-03-06,LM-BSB,7756,6973,7399,7756,6879,3487,6980,535.2,783,9,10,409,125997.35
2026-03-07,LM-BSB,6184,5555,5895,6184,5493,2778,5566,426.8,629,6,9,340,102142.95
2026-03-08,LM-BSB,6039,5462,5794,6039,5381,2779,5435,416.7,577,6,7,315,100794.49
2026-03-09,LM-BSB,12811,11545,12250,12811,11364,5969,11530,884.1,1266,11,13,655,225968.61
2026-03-10,LM-BSB,11561,10500,11136,11561,10534,5388,10405,797.8,1061,16,10,468,201074.84
2026-03-11,LM-BSB,10771,9769,10362,10771,9884,5135,9694,743.3,1002,12,8,431,174707.92
2026-03-12,LM-BSB,9932,8937,9483,9932,9080,4786,8939,685.4,995,12,12,400,174116.75
2026-03-13,LM-BSB,10494,9529,10106,10494,9720,4958,9445,724.1,965,14,13,395,185394.57
2026-03-14,LM-BSB,8834,8030,8516,8834,8048,4167,7951,609.6,804,7,14,378,150216.37
2026-03-15,LM-BSB,8147,7335,7783,8147,7314,3966,7332,562.2,812,8,9,370,134789.6
2026-03-16,LM-BSB,8944,8159,8651,8944,8128,4308,8050,617.2,785,8,8,396,150155.78
2026-03-17,LM-BSB,8201,7400,7851,8201,7359,3896,7381,565.9,801,8,7,391,144555.09
2026-03-18,LM-BSB,7770,7012,7440,7770,7100,3687,6993,536.2,758,8,10,337,126357.12
2026-03-19,LM-BSB,7934,7198,7635,7934,7667,3976,7141,547.5,736,11,3,187,131595.16
2026-03-20,LM-BSB,7043,6308,6696,7043,6662,3429,6339,486.0,735,12,9,238,120375.55
2026-03-21,LM-BSB,6619,5963,6327,6619,5938,3058,5957,456.7,656,4,12,313,110325.41
2026-03-22,LM-BSB,5782,5225,5543,5782,5490,2729,5204,399.0,557,3,11,183,92351.38
2026-03-23,LM-BSB,8766,7892,8374,8766,7898,4174,7889,604.9,874,8,10,423,142589.27
2026-03-24,LM-BSB,9006,8179,8674,9006,8092,4275,8105,621.4,827,14,9,434,144971.51
2026-03-25,LM-BSB,8292,7455,7911,8292,7484,4039,7463,572.1,837,8,7,376,137934.89
2026-03-26,LM-BSB,7856,7075,7507,7856,6949,3658,7070,542.0,781,12,7,405,139513.19
2026-03-27,LM-BSB,7201,6560,6956,7201,6461,3516,6481,496.9,641,4,6,352,125733.36
2026-03-28,LM-BSB,6315,5712,6060,6315,5933,3077,5684,435.7,603,5,8,209,106307.15
2026-03-29,LM-BSB,6142,5587,5925,6142,5405,3053,5528,423.8,555,6,4,328,105032.89
2026-03-30,LM-BSB,9055,8227,8725,9055,8285,4409,8150,624.8,828,11,6,362,152778.03
2026-03-31,LM-BSB,8474,7771,8237,8474,7642,4253,7627,584.7,703,8,14,394,140836.24
2026-04-01,LM-BSB,8030,7238,7680,8030,7337,3980,7227,554.0,792,7,7,365,135387.67
2026-04-02,LM-BSB,7830,7017,7447,7830,7134,3854,7047,540.2,813,6,9,344,130832.49
2026-04-03,LM-BSB,7124,6368,6760,7124,6406,3441,6412,491.5,756,7,4,308,115655.78
2026-04-04,LM-BSB,6366,5739,6089,6366,6051,3175,5729,439.2,627,9,5,182,107091.04
2026-04-05,LM-BSB,6370,5819,6169,6370,6042,3320,5733,439.5,551,3,7,169,103827.01
2026-04-06,LM-BSB,8675,7902,8379,8675,7804,4322,7808,598.5,773,18,8,396,142703.99
2026-04-07,LM-BSB,8508,7703,8171,8508,7657,4184,7657,587.0,805,7,7,381,144404.1
2026-04-08,LM-BSB,7866,7254,7686,7866,7077,3969,7079,542.7,612,8,8,354,124309.47
2026-04-09,LM-BSB,7979,7168,7607,7979,7251,3985,7181,550.5,811,11,6,358,129386.76
2026-04-10,LM-BSB,7456,6820,7230,7456,7129,3783,6710,514.4,636,8,6,199,123986.59
2026-04-11,LM-BSB,6868,6210,6588,6868,6477,3495,6181,473.8,658,7,7,219,110656.84
2026-04-12,LM-BSB,6329,5827,6176,6329,5605,3245,5696,436.6,502,5,6,298,102805.26
2026-04-13,LM-BSB,8756,7933,8415,8756,8331,4523,7880,604.1,823,5,10,254,149699.7
2026-04-14,LM-BSB,8831,8095,8581,8831,7951,4550,7948,609.2,736,8,8,417,145126.58
2026-04-15,LM-BSB,7936,7207,7643,7936,7734,4121,7142,547.5,729,7,8,174,128989.43
2026-04-16,LM-BSB,7844,7276,7707,7844,7517,4043,7060,541.1,568,6,7,174,132188.32
2026-04-17,LM-BSB,7697,7018,7441,7697,7079,4079,6927,531.0,679,9,9,282,120963.18
2026-04-18,LM-BSB,6465,5887,6242,6465,5694,3221,5818,446.0,578,6,6,343,102484.72
2026-04-19,LM-BSB,6460,5899,6255,6460,6100,3353,5814,445.7,561,7,9,182,102460.65
2026-04-20,LM-BSB,8994,8239,8734,8994,8109,4733,8095,620.5,755,14,10,415,145465.01
2026-04-21,LM-BSB,8503,7847,8314,8503,7686,4354,7653,586.6,656,5,8,398,133240.88
2026-04-22,LM-BSB,8028,7403,7845,8028,7190,4293,7225,553.8,625,10,5,390,139270.45
2026-04-23,LM-BSB,7904,7100,7535,7904,6994,4002,7114,545.3,804,8,10,395,121105.12
2026-04-24,LM-BSB,7963,7252,7690,7963,7663,4282,7167,549.3,711,8,11,171,133090.84
2026-04-25,LM-BSB,6772,6152,6525,6772,6489,3716,6095,467.2,620,5,11,186,110462.42
2026-04-26,LM-BSB,6686,6142,6509,6686,6431,3580,6017,461.2,544,4,6,150,110006.39
2026-04-27,LM-BSB,10050,9141,9693,10050,9165,5317,9045,693.3,909,7,11,404,162817.54
2026-04-28,LM-BSB,8438,7830,8294,8438,8224,4611,7594,582.1,608,6,9,157,136811.44
2026-04-29,LM-BSB,8296,7535,7992,8296,7905,4227,7466,572.3,761,6,8,225,132563.01
2026-04-30,LM-BSB,7787,7041,7469,7787,7059,4217,7008,537.2,746,9,6,329,132983.05
2026-05-01,LM-BSB,10142,9292,9850,10142,9842,5519,9128,699.6,850,14,14,213,159624.07
2026-05-02,LM-BSB,8810,8110,8595,8810,8324,4736,7929,607.7,700,12,9,243,143272.25
2026-05-03,LM-BSB,8260,7505,7960,8260,7813,4459,7434,569.8,755,13,14,223,145384.61
2026-05-04,LM-BSB,12192,11275,11946,12192,11095,6241,10973,841.0,917,11,16,531,203234.9
2026-05-05,LM-BSB,11840,10796,11447,11840,10867,6442,10656,816.7,1044,7,9,454,186701.92
2026-05-06,LM-BSB,10771,9846,10439,10771,9766,5792,9694,743.0,925,11,14,435,182815.12
2026-05-07,LM-BSB,11366,10431,11056,11366,10909,6090,10229,784.0,935,11,8,304,187106.41
2026-05-08,LM-BSB,10161,9279,9838,10161,9410,5528,9145,700.9,882,18,10,361,163686.77
2026-05-09,LM-BSB,9963,9279,9827,9963,9395,5478,8967,687.3,684,8,11,301,165054.98
2026-05-10,LM-BSB,8500,7725,8192,8500,7988,4584,7650,586.3,775,11,6,270,144443.27
2026-05-11,LM-BSB,9466,8594,9114,9466,8516,5215,8519,653.0,872,18,16,411,151262.31
2026-05-12,LM-BSB,8474,7741,8207,8474,7578,4550,7627,584.5,733,10,4,365,136086.18
2026-05-13,LM-BSB,8892,8099,8588,8892,8368,4852,8003,613.4,793,13,15,263,142707.15
2026-05-14,LM-BSB,8557,7771,8241,8557,8178,4784,7701,590.3,786,15,5,217,141871.07
2026-05-15,LM-BSB,7912,7290,7725,7912,7605,4319,7121,545.8,622,10,8,182,131496.85
2026-05-16,LM-BSB,6446,5877,6231,6446,6159,3545,5801,444.6,569,8,5,162,106784.92
2026-05-17,LM-BSB,6490,5966,6323,6490,6157,3523,5841,447.7,524,5,9,173,101989.91
2026-05-18,LM-BSB,9134,8377,8879,9134,8706,5066,8221,630.1,757,10,16,213,156277.53
2026-05-19,LM-BSB,9394,8741,9258,9394,8864,5188,8455,648.0,653,15,10,268,147265.56
2026-05-20,LM-BSB,8688,7927,8405,8688,8368,4881,7819,599.3,761,8,10,187,141913.39
2026-05-21,LM-BSB,8318,7691,8149,8318,7923,4739,7486,573.8,627,6,13,208,133192.33
2026-05-22,LM-BSB,7212,6646,7042,7212,6907,4100,6491,497.5,566,9,6,175,112528.52
2026-05-23,LM-BSB,6577,6034,6396,6577,6318,3714,5919,453.7,543,3,9,161,106880.06
2026-05-24,LM-BSB,6642,6123,6488,6642,6278,3815,5978,458.1,519,7,2,195,107095.64
2026-05-25,LM-BSB,9978,9237,9786,9978,9485,5562,8980,688.3,741,10,7,238,163486.24
2026-05-26,LM-BSB,9346,8529,9043,9346,9058,5359,8411,644.7,817,10,11,184,150648.42
2026-05-27,LM-BSB,8032,7428,7870,8032,7730,4637,7229,554.0,604,6,8,186,129666.21
2026-05-28,LM-BSB,8434,7794,8258,8434,7627,4866,7591,581.8,640,3,7,377,142494.84
2026-05-29,LM-BSB,8218,7642,8094,8218,7462,4613,7396,566.9,576,8,7,291,130513.4
2026-05-30,LM-BSB,6459,5992,6347,6459,6223,3668,5813,445.5,467,4,3,142,98104.17
2026-05-31,LM-BSB,6528,6113,6472,6528,6282,3739,5875,450.3,415,5,4,137,106679.83
2026-06-01,LM-BSB,9727,9072,9607,9727,8934,5504,8754,670.9,655,9,13,345,158945.97
2026-06-02,LM-BSB,8962,8275,8768,8962,8245,5018,8066,618.2,687,6,16,322,137339.84
2026-06-03,LM-BSB,8007,7485,7925,8007,7646,4602,7206,552.3,522,4,6,173,122715.05
2026-06-04,LM-BSB,8306,7694,8151,8306,8009,4944,7475,572.9,612,6,8,179,130679.16
2026-06-05,LM-BSB,7898,7364,7799,7898,7511,4417,7108,544.8,534,7,7,183,122308.94
2026-06-06,LM-BSB,6868,6349,6727,6868,6610,3813,6181,473.7,519,8,10,159,108656.02
2026-06-07,LM-BSB,6443,5977,6331,6443,6177,3638,5799,444.4,466,2,10,151,101934.05
2026-06-08,LM-BSB,9548,8714,9239,9548,9170,5461,8593,658.6,834,8,7,217,153091.39
2026-06-09,LM-BSB,9104,8434,8935,9104,8801,5204,8194,627.9,670,13,8,178,150980.3
2026-06-10,LM-BSB,8752,8132,8613,8752,7836,4924,7877,603.7,620,5,12,390,148402.98
2026-06-11,LM-BSB,8368,7775,8236,8368,8098,4817,7531,577.2,593,11,12,163,128472.19
2026-06-12,LM-BSB,7927,7237,7673,7927,7647,4685,7134,546.8,690,2,10,146,127872.13
2026-06-13,LM-BSB,6971,6430,6813,6971,6254,3938,6274,480.8,541,7,8,304,115247.04
2026-06-14,LM-BSB,6170,5673,6012,6170,5853,3542,5553,425.6,497,9,3,170,102564.82
2026-06-15,LM-BSB,9926,9178,9724,9926,9388,5624,8933,684.6,748,14,14,272,151799.12
2026-06-16,LM-BSB,9176,8349,8854,9176,8396,5425,8258,632.9,827,9,8,351,147760.61
2026-06-17,LM-BSB,8688,7991,8469,8688,8286,5242,7819,599.2,697,14,12,229,143064.45
2026-06-18,LM-BSB,8800,8144,8628,8800,8037,5154,7920,607.0,656,14,11,356,137106.96
2026-06-19,LM-BSB,7542,6951,7366,7542,6796,4398,6788,520.2,591,5,14,321,118504.98
2026-06-20,LM-BSB,6510,6098,6456,6510,6200,3903,5859,449.0,412,2,5,134,106374.88
2026-06-21,LM-BSB,6722,6200,6570,6722,6433,4055,6050,463.6,522,7,6,160,106071.34
2026-06-22,LM-BSB,9824,9082,9622,9824,8916,5648,8842,677.6,742,8,11,368,159940.84
2026-06-23,LM-BSB,9292,8483,8995,9292,8955,5539,8363,640.9,809,11,8,202,157048.25
2026-06-24,LM-BSB,8590,7885,8357,8590,7783,5138,7731,592.5,705,3,21,358,138705.04
2026-06-25,LM-BSB,8768,8161,8644,8768,8385,5208,7891,604.8,607,4,8,205,138331.19
2026-06-26,LM-BSB,8413,7746,8209,8413,7594,4976,7572,580.3,667,8,11,362,137433.34
2026-06-27,LM-BSB,7158,6615,7009,7158,6788,4382,6442,493.7,543,5,1,198,115970.2
2026-06-28,LM-BSB,6640,6116,6481,6640,6380,4167,5976,458.0,524,6,7,130,104775.72
2026-06-29,LM-BSB,9160,8516,9020,9160,8760,5621,8244,631.8,644,7,4,205,146528.64
2026-06-30,LM-BSB,9546,8749,9274,9546,9197,5658,8591,658.4,797,10,13,213,156846.82
2026-07-01,LM-BSB,9164,8438,8942,9164,8367,5394,8248,632.1,726,8,9,349,147975.68
2026-07-02,LM-BSB,8818,8182,8667,8818,8435,5435,7936,608.2,636,10,10,182,137045.7
2026-07-03,LM-BSB,7947,7332,7769,7947,7695,4762,7152,548.1,615,4,9,139,130313.1
2026-07-04,LM-BSB,7251,6608,7007,7251,6905,4440,6526,500.1,643,4,5,181,115969.21
2026-07-05,LM-BSB,6948,6422,6804,6948,6640,4319,6253,479.2,526,6,4,173,110062.38
2026-07-06,LM-BSB,10496,9583,10161,10496,10036,6458,9446,723.9,913,14,12,238,160520.54
2026-07-07,LM-BSB,9068,8383,8882,9068,8229,5559,8161,625.4,685,11,9,381,150901.71
2026-07-08,LM-BSB,8774,8167,8649,8774,7897,5110,7897,605.2,607,5,8,380,142172.71
2026-07-09,LM-BSB,8905,8198,8688,8905,8538,5219,8014,614.2,707,11,15,174,140994.97
2026-07-10,LM-BSB,8268,7705,8160,8268,7463,4850,7441,570.3,563,6,5,359,134237.08
2026-07-11,LM-BSB,6850,6367,6744,6850,6480,4132,6165,472.5,483,6,6,175,112934.3
2026-07-12,LM-BSB,6886,6408,6787,6886,6595,4107,6197,474.9,478,3,7,152,112704.03
2026-07-13,LM-BSB,10219,9330,9892,10219,9305,6015,9197,704.8,889,9,6,379,162639.49
2026-07-14,LM-BSB,9444,8715,9235,9444,8955,5690,8500,651.4,729,13,10,252,146829.35
2026-07-15,LM-BSB,8968,8333,8827,8968,8559,5387,8071,618.5,635,8,12,210,140679.22
2026-07-16,LM-BSB,8654,7970,8446,8654,7848,5230,7789,596.9,684,7,11,338,140104.47
2026-07-17,LM-BSB,8734,7968,8448,8734,8350,5293,7861,602.4,766,8,10,208,135033.96
2026-07-18,LM-BSB,6948,6474,6856,6948,6687,4178,6253,479.2,474,2,13,141,116700.51
2026-07-19,LM-BSB,6690,6229,6597,6690,6356,4111,6021,461.4,461,4,3,157,107678.77
2026-07-20,LM-BSB,10083,9419,9974,10083,9377,6349,9075,695.4,664,9,15,363,165654.37
2026-07-21,LM-BSB,9766,8901,9438,9766,9254,5950,8789,673.6,865,7,9,302,152940.34
2026-07-22,LM-BSB,8486,7835,8301,8486,7645,5008,7637,585.3,651,4,10,359,136422.45
2026-07-23,LM-BSB,8385,7728,8189,8385,7844,4913,7546,578.3,657,8,6,264,131913.33
2026-07-24,LM-BSB,7760,7121,7548,7760,7360,4675,6984,535.2,639,7,7,218,117740.98
2026-07-25,LM-BSB,7228,6692,7090,7228,6873,4292,6505,498.5,536,3,8,176,117599.55
2026-07-26,LM-BSB,6604,6121,6484,6604,6337,4046,5944,455.5,483,10,5,148,109485.93
2026-07-27,LM-BSB,10006,9232,9783,10006,9723,6272,9005,690.1,774,11,9,173,171580.71
2026-07-28,LM-BSB,9754,9131,9668,9754,8921,5757,8779,672.7,623,8,7,417,156480.36
2026-07-29,LM-BSB,8810,8023,8508,8810,7926,5199,7929,607.6,787,9,6,360,140052.72
2026-07-30,LM-BSB,8914,8270,8760,8914,8313,5436,8023,614.8,644,8,10,282,146181.26
2026-07-31,LM-BSB,8320,7617,8075,8320,7897,4982,7488,573.8,703,8,14,212,130781.72
2026-08-01,LM-BSB,7435,6881,7290,7435,6573,4281,6692,512.8,554,5,9,350,116734.45
2026-08-02,LM-BSB,7031,6523,6910,7031,6668,4345,6328,484.9,508,7,4,190,112007.64
2026-08-03,LM-BSB,9958,9300,9848,9958,9410,5891,8962,686.8,658,14,12,295,154135.32
2026-08-04,LM-BSB,9536,8799,9323,9536,9138,5792,8582,657.7,737,8,8,209,148586.91
2026-08-05,LM-BSB,9399,8702,9219,9399,8527,5610,8459,648.2,697,14,11,412,157064.24
2026-08-06,LM-BSB,9020,8199,8695,9020,8155,5353,8118,622.1,821,9,6,368,141489.69
2026-08-07,LM-BSB,8046,7505,7948,8046,7640,4931,7241,554.9,541,5,8,211,130355.53
2026-08-08,LM-BSB,7477,6945,7357,7477,6667,4338,6729,515.7,532,10,9,350,116309.71
2026-08-09,LM-BSB,6695,6199,6567,6695,6040,4025,6026,461.7,496,7,4,293,106499.28
2026-08-10,LM-BSB,10776,9978,10570,10776,10338,6471,9698,743.2,798,9,13,209,174034.83
2026-08-11,LM-BSB,9998,9200,9750,9998,9102,5998,8998,689.5,798,5,9,398,160753.46
2026-08-12,LM-BSB,9216,8493,9000,9216,8777,5526,8294,635.6,723,9,9,228,143861.28
2026-08-13,LM-BSB,9002,8279,8774,9002,8740,5517,8102,620.9,723,7,12,183,148138.42
2026-08-14,LM-BSB,8450,7762,8227,8450,7574,5115,7605,582.8,688,10,8,404,136001.89
2026-08-15,LM-BSB,7529,6973,7387,7529,7240,4581,6776,519.3,556,6,3,141,114145.56
2026-08-16,LM-BSB,6911,6460,6840,6911,6677,4201,6220,476.6,451,9,4,156,112967.17
2026-08-17,LM-BSB,10417,9600,10173,10417,9516,6175,9375,718.4,817,14,16,393,167171.33
2026-08-18,LM-BSB,10008,9265,9816,10008,9102,6015,9007,690.2,743,10,12,399,159155.72
2026-08-19,LM-BSB,9000,8313,8808,9000,8050,5464,8100,620.7,687,8,10,430,145085.1
2026-08-20,LM-BSB,8814,8140,8625,8814,8461,5373,7933,607.9,674,9,13,194,133883.0
2026-08-21,LM-BSB,8207,7574,8025,8207,7470,5043,7386,566.0,633,8,16,323,128131.36
2026-08-22,LM-BSB,7124,6668,7059,7124,6768,4317,6412,491.3,456,8,8,214,113887.84
2026-08-23,LM-BSB,6594,6094,6457,6594,6303,4148,5935,454.8,500,4,9,153,102291.0
2026-08-24,LM-BSB,10660,9927,10513,10660,9795,6215,9594,735.2,733,6,8,388,173459.11
2026-08-25,LM-BSB,10390,9607,10178,10390,9448,6186,9351,716.6,783,11,10,444,159756.38
2026-08-26,LM-BSB,9697,9086,9620,9697,8709,5726,8727,668.8,611,15,10,418,153373.66
2026-08-27,LM-BSB,8548,7984,8454,8548,8119,5199,7693,589.5,564,4,8,229,141634.18
2026-08-28,LM-BSB,8836,8223,8709,8836,8540,5466,7952,609.4,613,10,9,174,137198.2
2026-08-29,LM-BSB,7816,7269,7699,7816,7512,4982,7034,539.1,547,10,8,180,124688.8
2026-08-30,LM-BSB,6974,6482,6865,6974,6655,4265,6277,481.0,492,7,9,141,108190.24
2026-08-31,LM-BSB,10496,9673,10250,10496,10056,6507,9446,723.9,823,11,3,248,160270.29
2026-09-01,LM-BSB,9140,8470,8973,9140,8256,5415,8226,630.4,670,9,9,399,148679.35
2026-09-02,LM-BSB,9380,8830,9346,9380,8473,5606,8442,646.9,550,8,12,375,148533.6
2026-09-03,LM-BSB,8779,8147,8630,8779,7940,5336,7901,605.5,632,4,10,371,140433.52
2026-09-04,LM-BSB,8730,8039,8519,8730,8344,5206,7857,602.1,691,14,9,221,141082.54
2026-09-05,LM-BSB,7080,6476,6866,7080,6731,4242,6372,488.3,604,7,5,169,110891.09
2026-09-06,LM-BSB,7266,6696,7096,7266,6876,4437,6539,501.1,570,5,7,189,112121.88
2026-09-07,LM-BSB,10900,9994,10594,10900,10389,6645,9810,751.7,906,10,14,267,175891.92
2026-09-08,LM-BSB,9620,8923,9452,9620,9134,5895,8658,663.5,697,7,11,245,160412.94
2026-09-09,LM-BSB,8978,8219,8712,8978,8556,5339,8080,619.2,759,8,8,220,145559.36
2026-09-10,LM-BSB,8481,7756,8222,8481,8087,5159,7633,584.9,725,11,9,211,130482.58
2026-09-11,LM-BSB,8642,8005,8481,8642,8363,5290,7778,596.0,637,8,9,180,150232.0
2026-09-12,LM-BSB,7382,6750,7156,7382,6591,4442,6644,509.1,632,5,4,309,114217.03
2026-09-13,LM-BSB,6784,6284,6658,6784,6526,4221,6106,467.9,500,6,4,150,102421.01
2026-09-14,LM-BSB,10754,10067,10659,10754,9750,6487,9679,741.7,687,5,9,432,180015.56
2026-09-15,LM-BSB,9794,9087,9625,9794,9049,5831,8815,675.5,707,4,15,338,152540.15
2026-09-16,LM-BSB,9052,8418,8915,9052,8776,5602,8147,624.3,634,6,12,173,142216.76
2026-09-17,LM-BSB,9050,8409,8907,9050,8588,5376,8145,624.2,641,13,8,241,149405.59
2026-09-18,LM-BSB,9104,8298,8799,9104,8631,5576,8194,627.9,806,7,15,244,153809.96
2026-09-19,LM-BSB,7741,7041,7466,7741,7282,4761,6967,533.9,700,8,10,214,123989.64
2026-09-20,LM-BSB,7185,6668,7063,7185,6869,4402,6466,495.5,517,4,9,200,117239.12
2026-09-21,LM-BSB,10881,10116,10715,10881,9943,6654,9793,750.4,765,7,19,405,182978.17
2026-09-22,LM-BSB,9604,8915,9443,9604,8861,5701,8644,662.4,689,6,10,342,147858.11
2026-09-23,LM-BSB,9473,8782,9303,9473,9091,6035,8526,653.3,691,11,10,202,152597.77
2026-09-24,LM-BSB,9333,8588,9101,9333,8862,5630,8400,643.7,745,10,12,224,147814.86
2026-09-25,LM-BSB,8683,8056,8533,8683,7911,5026,7815,598.8,627,7,14,309,133593.06
2026-09-26,LM-BSB,7743,7210,7636,7743,7238,4622,6969,534.0,533,2,12,219,126855.37
2026-09-27,LM-BSB,7062,6508,6897,7062,6757,4545,6356,487.0,554,4,9,169,117136.55
2026-09-28,LM-BSB,10906,10026,10626,10906,9978,6728,9815,752.2,880,7,16,430,178177.72
2026-09-29,LM-BSB,10266,9398,9962,10266,9401,6094,9239,708.0,868,18,10,395,167715.1
2026-09-30,LM-BSB,8548,7828,8298,8548,7659,5250,7693,589.5,720,9,9,421,136120.19
2025-04-01,LM-REC,4079,3652,3877,4079,3624,1978,3671,301.7,427,0,3,227,62915.03
2025-04-02,LM-REC,4301,3873,4110,4301,3788,2071,3871,317.7,428,3,2,226,60620.57
2025-04-03,LM-REC,4128,3717,3944,4128,3680,1958,3715,304.6,411,3,4,198,66473.39
2025-04-04,LM-REC,3857,3438,3650,3857,3433,1845,3471,284.3,419,3,5,200,62808.37
2025-04-05,LM-REC,3679,3323,3525,3679,3215,1734,3311,270.8,356,0,2,218,56269.58
2025-04-06,LM-REC,3498,3180,3372,3498,3044,1618,3148,257.2,318,1,1,211,52047.84
2025-04-07,LM-REC,4914,4448,4718,4914,4348,2221,4423,360.9,466,3,3,271,75739.53
2025-04-08,LM-REC,5220,4715,5002,5220,4692,2410,4698,383.0,505,2,4,238,76228.21
2025-04-09,LM-REC,4832,4361,4627,4832,4436,2275,4349,354.2,471,0,3,195,76495.64
2025-04-10,LM-REC,4708,4250,4509,4708,4229,2322,4237,344.7,458,3,8,232,72722.8
2025-04-11,LM-REC,4801,4356,4620,4801,4322,2227,4321,351.2,445,1,5,212,71314.99
2025-04-12,LM-REC,4011,3675,3896,4011,3514,1865,3610,293.1,336,0,6,231,58438.77
2025-04-13,LM-REC,3851,3481,3693,3851,3716,1874,3466,281.1,370,1,1,82,54318.34
2025-04-14,LM-REC,5637,5082,5392,5637,5055,2692,5073,411.1,555,0,2,265,86926.53
2025-04-15,LM-REC,5613,5056,5365,5613,5018,2639,5052,409.0,557,0,0,285,81398.47
2025-04-16,LM-REC,5360,4935,5230,5360,4788,2509,4824,390.2,425,1,5,260,79836.76
2025-04-17,LM-REC,5245,4829,5118,5245,4717,2614,4720,381.4,416,3,5,237,78978.18
2025-04-18,LM-REC,4911,4458,4728,4911,4398,2298,4420,356.8,453,0,3,241,73309.02
2025-04-19,LM-REC,4439,4036,4280,4439,3929,2198,3995,322.3,403,1,3,238,64518.94
2025-04-20,LM-REC,4249,3853,4087,4249,3767,1986,3824,308.2,396,2,2,227,64566.14
2025-04-21,LM-REC,6066,5466,5800,6066,5418,2874,5459,439.6,600,4,2,292,92373.61
2025-04-22,LM-REC,5740,5218,5533,5740,5142,2764,5166,415.6,522,2,4,264,86667.16
2025-04-23,LM-REC,5902,5307,5631,5902,5417,2800,5312,427.0,595,2,6,215,94521.68
2025-04-24,LM-REC,5220,4719,5006,5220,4778,2424,4698,377.4,501,2,3,241,83837.04
2025-04-25,LM-REC,5562,5042,5348,5562,5083,2671,5006,401.8,520,2,3,233,83980.5
2025-04-26,LM-REC,4742,4352,4612,4742,4252,2189,4268,342.3,390,2,3,215,73411.77
2025-04-27,LM-REC,4853,4420,4687,4853,4661,2249,4368,350.0,433,4,2,120,72477.72
2025-04-28,LM-REC,6800,6146,6520,6800,6281,3292,6120,490.1,654,2,3,275,98721.25
2025-04-29,LM-REC,6722,6175,6544,6722,6060,3123,6050,484.1,547,1,5,299,102615.95
2025-04-30,LM-REC,6185,5630,5970,6185,5599,3001,5566,445.1,555,2,5,258,89783.52
2025-05-01,LM-REC,8112,7336,7783,8112,7536,3924,7301,583.3,776,4,3,326,127284.83
2025-05-02,LM-REC,7956,7287,7725,7956,7331,3875,7160,571.7,669,2,5,316,120018.88
2025-05-03,LM-REC,6654,6075,6441,6654,6119,3280,5989,477.8,579,3,6,263,99742.24
2025-05-04,LM-REC,6725,6028,6398,6725,5818,3202,6052,482.6,697,5,7,425,99487.66
2025-05-05,LM-REC,9339,8530,9043,9339,8576,4579,8405,669.7,809,4,5,379,141232.59
2025-05-06,LM-REC,9270,8414,8924,9270,8579,4401,8343,664.3,856,6,8,332,138980.56
2025-05-07,LM-REC,9030,8189,8686,9030,8342,4444,8127,646.7,841,1,9,367,130461.88
2025-05-08,LM-REC,8857,8065,8553,8857,8302,4333,7971,633.9,792,2,6,299,133239.8
2025-05-09,LM-REC,8856,7973,8460,8856,8254,4320,7970,633.5,883,1,8,333,134764.76
2025-05-10,LM-REC,7035,6413,6800,7035,6476,3454,6332,502.9,622,3,3,282,108022.69
2025-05-11,LM-REC,6602,6043,6406,6602,6083,3247,5942,471.7,559,3,6,252,98205.25
2025-05-12,LM-REC,7660,6954,7375,7660,7126,3723,6894,546.9,706,1,7,276,115803.01
2025-05-13,LM-REC,7691,7012,7435,7691,7214,3585,6922,548.8,679,0,6,259,114836.52
2025-05-14,LM-REC,7284,6660,7060,7284,6655,3596,6556,519.5,624,6,4,306,108581.25
2025-05-15,LM-REC,7102,6516,6906,7102,6501,3376,6392,506.2,586,4,5,287,106007.7
2025-05-16,LM-REC,6512,5982,6341,6512,5946,3148,5861,463.9,530,1,3,250,99017.95
2025-05-17,LM-REC,6055,5511,5844,6055,5524,2947,5450,431.1,544,2,4,272,90773.6
2025-05-18,LM-REC,5411,4939,5237,5411,4892,2475,4870,385.0,472,0,6,239,81079.26
2025-05-19,LM-REC,8741,7903,8384,8741,8209,4215,7867,621.7,838,2,6,279,136750.51
2025-05-20,LM-REC,8744,7961,8442,8744,8195,4259,7870,621.6,783,2,5,276,132605.83
2025-05-21,LM-REC,7661,7082,7503,7661,6741,3862,6895,544.3,579,2,5,454,118284.59
2025-05-22,LM-REC,7623,6925,7345,7623,7079,3758,6861,541.3,698,1,5,289,110150.67
2025-05-23,LM-REC,7026,6490,6877,7026,6354,3303,6323,498.7,536,6,5,325,110922.52
2025-05-24,LM-REC,5821,5284,5604,5821,5347,2876,5239,413.0,537,0,4,237,89097.74
2025-05-25,LM-REC,5828,5366,5687,5828,5368,2900,5245,413.3,462,3,6,230,87497.22
2025-05-26,LM-REC,8500,7800,8268,8500,7644,4047,7650,602.5,700,2,2,425,131202.36
2025-05-27,LM-REC,7934,7361,7797,7934,7399,3856,7141,562.1,573,4,6,301,124918.58
2025-05-28,LM-REC,8425,7576,8039,8425,7499,4062,7582,596.6,849,1,5,426,125001.3
2025-05-29,LM-REC,7917,7211,7647,7917,7294,3868,7125,560.4,706,4,3,324,112801.02
2025-05-30,LM-REC,7599,7054,7472,7599,7065,3684,6839,537.6,545,1,2,261,114886.44
2025-05-31,LM-REC,6444,5912,6266,6444,5839,3027,5800,455.7,532,4,7,290,92694.08
2025-06-01,LM-REC,6198,5706,6047,6198,5712,2896,5578,438.1,492,2,8,227,90588.42
2025-06-02,LM-REC,9564,8713,9239,9564,8618,4497,8608,675.8,851,1,7,448,153779.49
2025-06-03,LM-REC,8733,7943,8424,8733,7781,4126,7860,616.8,790,1,13,447,127952.67
2025-06-04,LM-REC,8461,7832,8298,8461,7725,4070,7615,597.4,629,3,4,356,122165.69
2025-06-05,LM-REC,8137,7461,7909,8137,7508,4000,7323,574.3,676,3,2,301,125474.23
2025-06-06,LM-REC,7736,7274,7699,7736,6942,3643,6962,545.8,462,4,8,403,118122.95
2025-06-07,LM-REC,6463,5937,6293,6463,5905,3063,5817,455.8,526,2,3,243,101555.14
2025-06-08,LM-REC,6053,5588,5921,6053,5493,2946,5448,426.7,465,4,4,256,87126.28
2025-06-09,LM-REC,9555,8841,9366,9555,8528,4501,8600,673.4,714,2,5,480,142318.52
2025-06-10,LM-REC,9125,8408,8910,9125,8070,4296,8212,642.8,717,2,5,503,140226.46
2025-06-11,LM-REC,8259,7630,8084,8259,7631,3999,7433,581.6,629,2,9,302,122660.11
2025-06-12,LM-REC,8515,7897,8366,8515,7853,4113,7664,599.4,618,1,6,358,133187.08
2025-06-13,LM-REC,8158,7490,7939,8158,7505,3863,7342,574.1,668,2,2,312,121405.37
2025-06-14,LM-REC,6533,5974,6334,6533,5982,3209,5880,459.6,559,1,5,302,97856.37
2025-06-15,LM-REC,6540,6052,6412,6540,5897,3223,5886,459.9,488,5,9,316,97332.26
2025-06-16,LM-REC,10155,9445,10003,10155,9278,4871,9140,713.9,710,4,5,408,157700.32
2025-06-17,LM-REC,9579,8753,9280,9579,8881,4874,8621,673.2,826,1,8,383,146542.19
2025-06-18,LM-REC,8609,8013,8486,8609,7905,4115,7748,604.9,596,1,5,348,127692.03
2025-06-19,LM-REC,8888,8096,8585,8888,7979,4279,7999,624.3,792,5,5,415,131346.35
2025-06-20,LM-REC,8740,8036,8517,8740,8178,4160,7866,613.7,704,3,10,335,132306.48
2025-06-21,LM-REC,7518,6830,7243,7518,7045,3644,6766,527.7,688,1,2,272,115281.33
2025-06-22,LM-REC,6972,6319,6702,6972,6497,3534,6275,489.2,653,2,8,250,106580.04
2025-06-23,LM-REC,10193,9355,9915,10193,9036,4923,9174,715.1,838,7,4,563,153915.44
2025-06-24,LM-REC,9562,8825,9351,9562,8961,4689,8606,670.6,737,4,8,355,145260.62
2025-06-25,LM-REC,9429,8663,9182,9429,8477,4469,8486,661.1,766,4,1,469,139555.49
2025-06-26,LM-REC,9199,8580,9086,9199,8607,4377,8279,644.8,619,3,9,313,138582.37
2025-06-27,LM-REC,8911,8120,8610,8911,7795,4367,8020,624.4,791,6,8,463,134345.27
2025-06-28,LM-REC,7594,6985,7403,7594,6930,3716,6835,532.0,609,3,2,302,110934.72
2025-06-29,LM-REC,7429,6796,7205,7429,6783,3547,6686,520.3,633,3,6,332,112437.36
2025-06-30,LM-REC,10729,9838,10428,10729,9779,5111,9656,751.2,891,3,9,484,162153.36
2025-07-01,LM-REC,10363,9488,10058,10363,9635,5127,9327,725.4,875,5,7,385,150569.49
2025-07-02,LM-REC,9858,9042,9584,9858,9252,4941,8872,689.9,816,4,10,294,152959.13
2025-07-03,LM-REC,9153,8413,8917,9153,8439,4333,8238,640.4,740,3,10,323,136203.61
2025-07-04,LM-REC,8416,7670,8133,8416,7840,4119,7574,588.7,746,6,6,297,127598.38
2025-07-05,LM-REC,8208,7614,8065,8208,7588,4030,7387,574.0,594,1,0,324,120541.02
2025-07-06,LM-REC,7504,6971,7384,7504,6910,3671,6754,524.7,533,4,6,304,112102.84
2025-07-07,LM-REC,10348,9535,10104,10348,9183,4969,9313,723.4,813,2,8,524,165984.01
2025-07-08,LM-REC,10120,9303,9860,10120,9005,4731,9108,707.3,817,5,7,537,154851.03
2025-07-09,LM-REC,10108,9287,9843,10108,9472,4977,9097,706.3,821,3,7,358,151385.68
2025-07-10,LM-REC,9591,8895,9422,9591,8842,4763,8632,670.0,696,3,6,395,138986.13
2025-07-11,LM-REC,9071,8288,8787,9071,8306,4295,8164,633.5,783,2,6,364,135691.0
2025-07-12,LM-REC,8395,7763,8225,8395,7339,4039,7556,586.2,632,2,3,443,124487.03
2025-07-13,LM-REC,7361,6760,7165,7361,6666,3608,6625,513.9,601,2,2,295,112404.43
2025-07-14,LM-REC,10992,10089,10694,10992,9986,5226,9893,767.2,903,6,4,466,162609.51
2025-07-15,LM-REC,10737,9880,10470,10737,9862,5181,9663,749.3,857,4,5,435,165509.21
2025-07-16,LM-REC,10241,9444,10008,10241,9052,4847,9217,714.5,797,3,3,555,153241.8
2025-07-17,LM-REC,10113,9214,9771,10113,9465,4985,9102,705.5,899,5,15,309,146562.47
2025-07-18,LM-REC,9779,8944,9482,9779,9083,4696,8801,682.0,835,4,8,383,152554.7
2025-07-19,LM-REC,8266,7579,8034,8266,7634,3913,7439,576.4,687,7,6,328,123384.97
2025-07-20,LM-REC,7970,7359,7797,7970,7336,3938,7173,555.7,611,1,4,283,117144.26
2025-07-21,LM-REC,11487,10437,11069,11487,10296,5692,10338,800.7,1050,3,12,531,173877.71
2025-07-22,LM-REC,10947,10158,10760,10947,9944,5304,9852,762.9,789,4,6,482,166356.45
2025-07-23,LM-REC,10390,9687,10258,10390,9854,4948,9351,724.0,703,5,13,298,153288.29
2025-07-24,LM-REC,10259,9396,9961,10259,9593,4940,9233,714.7,863,4,8,333,157968.19
2025-07-25,LM-REC,9968,9188,9736,9968,9259,4854,8971,694.3,780,3,6,321,146035.73
2025-07-26,LM-REC,8568,7957,8428,8568,7913,4224,7711,596.7,611,1,3,335,133120.08
2025-07-27,LM-REC,8033,7400,7842,8033,7367,3873,7230,559.4,633,3,7,327,115234.14
2025-07-28,LM-REC,11527,10602,11236,11527,10499,5661,10374,802.5,925,4,5,522,171005.89
2025-07-29,LM-REC,11202,10397,11013,11202,10284,5395,10082,779.8,805,5,7,462,173587.49
2025-07-30,LM-REC,10578,9844,10426,10578,9524,5274,9520,736.2,734,3,14,480,156003.63
2025-07-31,LM-REC,10483,9624,10201,10483,9699,4998,9435,729.5,859,1,3,383,156328.89
2025-08-01,LM-REC,10689,9810,10398,10689,9669,5192,9620,743.7,879,2,5,450,153855.41
2025-08-02,LM-REC,8434,7804,8268,8434,7772,4096,7591,586.8,630,4,5,344,130458.33
2025-08-03,LM-REC,8318,7633,8091,8318,7667,4104,7486,578.6,685,1,3,326,125299.6
2025-08-04,LM-REC,12574,11506,12197,12574,11194,5934,11317,874.5,1068,4,10,679,194136.49
2025-08-05,LM-REC,11456,10517,11147,11456,10348,5607,10310,796.7,939,3,11,585,174707.02
2025-08-06,LM-REC,11699,10707,11350,11699,10392,5613,10529,813.4,992,3,8,626,167510.0
2025-08-07,LM-REC,10492,9582,10159,10492,9883,5229,9443,729.4,910,5,8,338,149913.41
2025-08-08,LM-REC,10245,9565,10128,10245,9631,5023,9220,712.2,680,1,7,373,150643.39
2025-08-09,LM-REC,8524,7785,8254,8524,7897,4301,7672,592.4,739,3,5,304,135816.14
2025-08-10,LM-REC,8262,7624,8079,8262,7631,4071,7436,574.2,638,2,10,311,123211.41
2025-08-11,LM-REC,12475,11345,12031,12475,10929,5987,11228,866.8,1130,2,5,720,198738.26
2025-08-12,LM-REC,11992,11195,11855,11992,10761,5814,10793,833.2,797,4,11,592,172137.73
2025-08-13,LM-REC,11153,10294,10907,11153,10167,5444,10038,774.8,859,3,10,426,171038.77
2025-08-14,LM-REC,11321,10564,11187,11321,10218,5609,10189,786.4,757,2,8,471,172941.63
2025-08-15,LM-REC,10294,9440,10006,10294,9201,5025,9265,714.9,854,5,9,532,149255.01
2025-08-16,LM-REC,8835,8300,8786,8835,8221,4350,7952,613.5,535,1,2,301,124546.27
2025-08-17,LM-REC,9333,8535,9049,9333,8775,4709,8400,648.0,798,6,5,295,147238.75
2025-08-18,LM-REC,12777,11800,12502,12777,11280,6473,11499,887.1,977,2,13,688,187047.37
2025-08-19,LM-REC,11568,10476,11112,11568,10242,5549,10411,803.0,1092,4,11,623,181981.13
2025-08-20,LM-REC,10963,10082,10685,10963,9981,5416,9867,761.0,881,2,13,491,161722.01
2025-08-21,LM-REC,10680,9851,10439,10680,9612,5143,9612,741.2,829,4,9,473,165894.04
2025-08-22,LM-REC,10863,10026,10623,10863,9733,5367,9777,753.9,837,6,5,517,162752.72
2025-08-23,LM-REC,8986,8263,8757,8986,8397,4582,8087,623.5,723,2,11,303,139076.95
2025-08-24,LM-REC,8718,8071,8551,8718,8077,4199,7846,604.9,647,1,6,347,133892.93
2025-08-25,LM-REC,12800,11722,12426,12800,11274,6266,11520,888.0,1078,4,17,677,201890.63
2025-08-26,LM-REC,12386,11558,12240,12386,11280,5893,11147,859.2,828,2,10,561,193382.23
2025-08-27,LM-REC,11095,10279,10889,11095,10058,5391,9986,769.6,816,0,10,510,170299.46
2025-08-28,LM-REC,10813,9881,10475,10813,9717,5291,9732,749.9,932,5,6,495,162054.84
2025-08-29,LM-REC,10784,9986,10579,10784,9697,5355,9706,747.9,798,4,6,508,153522.6
2025-08-30,LM-REC,9453,8723,9243,9453,8543,4545,8508,655.5,730,4,1,472,141622.87
2025-08-31,LM-REC,8930,8099,8590,8930,7890,4244,8037,619.2,831,4,8,451,134422.71
2025-09-01,LM-REC,12675,11820,12517,12675,11234,6094,11408,878.8,855,6,8,664,198672.87
2025-09-02,LM-REC,12570,11516,12207,12570,11383,6210,11313,871.4,1054,4,5,560,197583.43
2025-09-03,LM-REC,11321,10462,11084,11321,10367,5431,10189,784.8,859,4,4,498,171014.07
2025-09-04,LM-REC,11213,10383,11000,11213,10194,5800,10092,777.2,830,5,6,487,171519.88
2025-09-05,LM-REC,10516,9711,10290,10516,9804,5164,9464,728.8,805,5,14,362,166802.6
2025-09-06,LM-REC,9836,9136,9677,9836,9028,4785,8852,681.7,700,4,2,366,144514.82
2025-09-07,LM-REC,9168,8522,9026,9168,8437,4424,8251,635.3,646,3,6,367,138716.08
2025-09-08,LM-REC,13533,12289,13034,13533,11447,6575,12180,937.7,1244,3,11,894,200639.1
2025-09-09,LM-REC,13017,11837,12553,13017,11145,6217,11715,901.9,1180,4,7,774,201678.81
2025-09-10,LM-REC,12968,11900,12613,12968,11271,6372,11671,898.4,1068,4,8,750,192859.69
2025-09-11,LM-REC,10905,10161,10760,10905,9938,5431,9814,755.4,744,4,6,496,154835.23
2025-09-12,LM-REC,10757,9925,10516,10757,9845,5534,9681,745.1,832,4,3,465,167895.48
2025-09-13,LM-REC,9346,8536,9050,9346,8693,4550,8411,647.3,810,3,3,326,141097.17
2025-09-14,LM-REC,8834,8230,8715,8834,8090,4375,7951,611.8,604,0,8,364,138057.01
2025-09-15,LM-REC,12944,11834,12546,12944,11403,6295,11650,896.4,1110,2,12,663,203108.39
2025-09-16,LM-REC,12526,11646,12335,12526,8805,5409,11273,867.4,880,1,7,1424,189827.04
2025-09-17,LM-REC,11470,10550,11181,11470,8231,5276,10323,794.2,920,6,15,1301,165438.56
2025-09-18,LM-REC,11908,11042,11697,11908,8265,5332,10717,824.5,866,1,4,1412,181270.95
2025-09-19,LM-REC,11224,10347,10964,11224,10082,5614,10102,777.1,877,3,9,542,167209.57
2025-09-20,LM-REC,9853,9058,9600,9853,9175,4941,8868,682.1,795,1,6,385,158897.45
2025-09-21,LM-REC,9400,8715,9232,9400,8399,4620,8460,650.7,685,2,6,487,143729.38
2025-09-22,LM-REC,13932,12461,13227,13932,11135,6772,12539,964.4,1471,2,9,1105,222270.82
2025-09-23,LM-REC,12671,11535,12232,12671,11109,6103,11404,877.1,1136,5,4,713,193593.67
2025-09-24,LM-REC,13051,12017,12735,13051,11512,6504,11746,903.3,1034,5,12,677,205178.4
2025-09-25,LM-REC,12032,11066,11728,12032,11045,6030,10829,832.7,966,5,11,481,185161.25
2025-09-26,LM-REC,10619,9831,10415,10619,9938,5498,9557,734.9,788,0,3,405,158235.94
2025-09-27,LM-REC,9479,8773,9295,9479,8600,4677,8531,656.0,706,6,8,382,147693.65
2025-09-28,LM-REC,8792,8165,8648,8792,8203,4604,7913,608.4,627,2,5,302,125932.84
2025-09-29,LM-REC,13837,12565,13326,13837,11409,6565,12453,957.4,1272,1,7,1028,219369.47
2025-09-30,LM-REC,12957,11933,12645,12957,11349,6401,11661,896.5,1024,5,7,710,204613.44
2025-10-01,LM-REC,12110,11241,11907,12110,10642,5865,10899,837.9,869,5,5,650,185102.44
2025-10-02,LM-REC,12944,11963,12674,12944,11850,6556,11650,895.5,981,4,6,572,191922.19
2025-10-03,LM-REC,11730,10794,11439,11730,10909,5817,10557,811.5,936,5,8,431,171067.03
2025-10-04,LM-REC,10206,9386,9947,10206,9199,5328,9185,706.0,820,0,10,470,157967.21
2025-10-05,LM-REC,9175,8516,9021,9175,7987,4506,8258,634.7,659,1,7,525,140447.3
2025-10-06,LM-REC,13518,12108,12851,13518,11738,6597,12166,935.0,1410,5,10,798,194290.69
2025-10-07,LM-REC,13196,11936,12662,13196,11628,6366,11876,912.7,1260,5,12,712,198111.85
2025-10-08,LM-REC,12544,11445,12134,12544,11376,5984,11290,867.6,1099,5,12,590,180786.42
2025-10-09,LM-REC,11451,10670,11300,11451,10634,5783,10306,791.9,781,3,9,393,171405.87
2025-10-10,LM-REC,11581,10790,11427,11581,10977,5733,10423,800.9,791,7,8,326,170828.6
2025-10-11,LM-REC,10082,9375,9929,10082,9317,5125,9074,697.2,707,2,5,376,151517.08
2025-10-12,LM-REC,9530,8810,9334,9530,8895,4539,8577,659.0,720,0,4,367,138796.94
2025-10-13,LM-REC,13778,12399,13157,13778,11474,6498,12400,952.7,1379,7,10,945,218365.11
2025-10-14,LM-REC,13089,11961,12681,13089,11762,6504,11780,905.0,1128,4,13,652,187986.71
2025-10-15,LM-REC,12543,11625,12315,12543,11313,6409,11289,867.2,918,3,12,598,193828.99
2025-10-16,LM-REC,12434,11552,12235,12434,11137,6155,11191,859.7,882,5,8,580,192957.74
2025-10-17,LM-REC,12044,11037,11699,12044,10862,6009,10840,832.7,1007,1,6,550,174935.14
2025-10-18,LM-REC,10584,9835,10417,10584,9966,5232,9526,731.7,749,4,11,356,156775.45
2025-10-19,LM-REC,9616,8960,9489,9616,8562,4759,8654,664.7,656,1,7,519,144460.66
2025-10-20,LM-REC,14120,12747,13524,14120,11727,6758,12708,976.1,1373,4,9,1040,203170.47
2025-10-21,LM-REC,13704,12253,13007,13704,11657,6899,12334,947.3,1451,6,6,850,207858.92
2025-10-22,LM-REC,13042,12019,12736,13042,11643,6201,11738,901.5,1023,1,10,669,187873.9
2025-10-23,LM-REC,12348,11406,12085,12348,11650,6345,11113,853.5,942,4,7,428,184766.72
2025-10-24,LM-REC,12261,11466,12141,12261,10688,5943,11035,847.4,795,1,10,694,180108.89
2025-10-25,LM-REC,10668,9851,10437,10668,9571,5283,9601,737.3,817,1,9,484,161538.79
2025-10-26,LM-REC,10272,9574,10139,10272,9412,5129,9245,709.9,698,0,5,455,152183.95
2025-10-27,LM-REC,15415,13631,14479,15415,11648,7138,13874,1065.3,1784,5,9,1457,238775.87
2025-10-28,LM-REC,13236,12159,12887,13236,11593,6383,11912,914.7,1077,5,9,707,195415.97
2025-10-29,LM-REC,12918,11818,12528,12918,11492,6209,11626,892.7,1100,2,9,635,175444.64
2025-10-30,LM-REC,12683,11747,12445,12683,11178,6588,11415,876.4,936,1,10,676,188979.74
2025-10-31,LM-REC,12022,11045,11706,12022,10844,5981,10820,830.7,977,9,4,570,173437.65
2025-11-01,LM-REC,10192,9381,9942,10192,9514,5048,9173,704.2,811,7,9,350,157996.13
2025-11-02,LM-REC,9418,8782,9300,9418,8726,4817,8476,650.7,636,1,10,346,135886.21
2025-11-03,LM-REC,14718,13053,13863,14718,11386,7085,13246,1016.9,1665,4,11,1337,232495.39
2025-11-04,LM-REC,13427,12201,12939,13427,11599,6604,12084,927.7,1226,7,8,820,207042.48
2025-11-05,LM-REC,13090,12137,12857,13090,11486,6340,11781,904.4,953,4,11,655,197554.13
2025-11-06,LM-REC,12458,11639,12324,12458,11331,6363,11212,860.7,819,0,7,544,193304.63
2025-11-07,LM-REC,11723,10749,11393,11723,10631,5775,10551,809.9,974,5,4,504,163779.63
2025-11-08,LM-REC,10625,9830,10415,10625,10030,5308,9562,734.0,795,5,5,341,159193.12
2025-11-09,LM-REC,10093,9303,9858,10093,9521,5025,9084,697.2,790,0,9,333,151833.01
2025-11-10,LM-REC,15124,13274,14106,15124,11272,6906,13612,1044.7,1850,6,9,1535,229613.83
2025-11-11,LM-REC,15008,13339,14165,15008,11866,7271,13507,1036.7,1669,6,16,1286,229747.5
2025-11-12,LM-REC,13314,12202,12934,13314,11090,6401,11983,919.7,1112,2,12,973,199723.53
2025-11-13,LM-REC,13166,11893,12617,13166,11849,6906,11849,909.4,1273,5,6,627,191753.46
2025-11-14,LM-REC,11852,11051,11702,11852,10772,5983,10667,818.6,801,1,11,548,180239.65
2025-11-15,LM-REC,10167,9367,9926,10167,9627,5202,9150,702.2,800,0,13,308,150778.23
2025-11-16,LM-REC,10703,9928,10517,10703,9924,5445,9633,739.2,775,0,10,406,162134.76
2025-11-17,LM-REC,14490,12977,13774,14490,11503,6851,13041,1000.8,1513,7,12,1193,221346.33
2025-11-18,LM-REC,13568,12381,13127,13568,11348,6730,12211,937.1,1187,7,7,972,211218.1
2025-11-19,LM-REC,13300,12078,12809,13300,11665,6486,11970,918.5,1222,2,6,775,212500.55
2025-11-20,LM-REC,13034,11990,12707,13034,11792,6482,11731,900.1,1044,2,9,629,186230.65
2025-11-21,LM-REC,12046,11210,11872,12046,10804,6136,10841,831.9,836,3,7,583,186729.49
2025-11-22,LM-REC,10637,9825,10410,10637,9927,5552,9573,734.6,812,3,6,356,163353.02
2025-11-23,LM-REC,10682,9842,10430,10682,9749,5607,9614,737.7,840,3,4,451,162694.6
2025-11-24,LM-REC,38203,31803,33904,38203,26250,17295,34383,2638.1,6400,25,25,4622,617702.24
2025-11-25,LM-REC,35166,30833,32767,35166,27874,17048,31649,2428.3,4333,17,22,2959,569756.97
2025-11-26,LM-REC,36117,30630,32616,36117,27363,16396,32505,2494.0,5487,26,32,3536,553420.85
2025-11-27,LM-REC,34916,30018,31938,34916,27382,17233,31424,2411.0,4898,23,30,2986,595803.71
2025-11-28,LM-REC,31942,28492,30249,31942,26543,15525,28748,2205.6,3450,15,27,2316,469439.48
2025-11-29,LM-REC,26659,24465,25931,26659,24739,13735,23993,1840.8,2194,6,19,1022,398648.54
2025-11-30,LM-REC,26180,24537,25977,26180,24504,13518,23562,1807.6,1643,4,19,872,398954.37
2025-12-01,LM-REC,39608,32465,34643,39608,26370,18149,35647,2734.7,7143,30,23,5085,616697.08
2025-12-02,LM-REC,14939,13209,14031,14939,12188,7151,13445,1031.4,1730,7,7,1120,228504.18
2025-12-03,LM-REC,13081,12068,12787,13081,11732,6472,11773,903.1,1013,3,8,588,200328.23
2025-12-04,LM-REC,13285,12010,12741,13285,11461,6699,11956,917.2,1275,6,7,771,203283.91
2025-12-05,LM-REC,12974,11837,12551,12974,11266,6374,11677,895.7,1137,4,9,761,206626.14
2025-12-06,LM-REC,10042,9294,9846,10042,9220,5021,9038,693.3,748,2,5,453,157310.89
2025-12-07,LM-REC,10812,9948,10543,10812,10262,5541,9731,746.4,864,5,9,317,160578.1
2025-12-08,LM-REC,22887,19758,21017,22887,16401,10611,20598,1580.0,3129,14,23,2530,358021.52
2025-12-09,LM-REC,22711,19555,20804,22711,17349,10692,20440,1567.9,3156,13,12,2208,362318.09
2025-12-10,LM-REC,21413,18838,20016,21413,16872,10251,19272,1478.2,2575,16,16,1870,308699.36
2025-12-11,LM-REC,21632,19058,20247,21632,16781,10393,19469,1493.3,2574,11,18,1958,334548.93
2025-12-12,LM-REC,20206,17946,19057,20206,16927,9714,18185,1394.9,2260,16,14,1364,305854.41
2025-12-13,LM-REC,15707,14525,15389,15707,14108,7728,14136,1084.3,1182,5,13,774,236018.48
2025-12-14,LM-REC,15869,14649,15522,15869,14778,8195,14282,1095.4,1220,5,8,538,252549.47
2025-12-15,LM-REC,24204,20268,21599,24204,17079,11317,21784,1670.8,3936,14,18,2750,389319.55
2025-12-16,LM-REC,22495,19593,20831,22495,17187,10628,20246,1552.8,2902,7,18,2119,352068.47
2025-12-17,LM-REC,21775,18788,19986,21775,17214,10364,19598,1503.1,2987,19,17,1854,330235.72
2025-12-18,LM-REC,21604,18733,19921,21604,17215,10607,19444,1491.2,2871,12,14,1750,345962.39
2025-12-19,LM-REC,20423,18305,19429,20423,16989,9777,18381,1409.7,2118,7,13,1487,301232.92
2025-12-20,LM-REC,17152,15692,16635,17152,15339,8445,15437,1183.9,1460,2,8,826,258339.09
2025-12-21,LM-REC,9932,9304,9850,9932,8864,4924,8939,685.5,628,1,4,497,150459.02
2025-12-22,LM-REC,15425,13328,14176,15425,12041,7027,13882,1064.7,2097,14,13,1359,240882.31
2025-12-23,LM-REC,14954,13359,14181,14954,11900,7525,13459,1032.1,1595,5,13,1227,225881.52
2025-12-24,LM-REC,13405,12289,13026,13405,11407,6462,12064,925.2,1116,6,14,846,198257.46
2025-12-25,LM-REC,13982,12428,13198,13982,11457,6974,12584,965.0,1554,4,12,1098,225561.22
2025-12-26,LM-REC,13425,12220,12959,13425,11699,6747,12082,926.6,1205,2,13,785,195866.06
2025-12-27,LM-REC,11294,10332,10953,11294,10636,5855,10165,779.5,962,6,5,362,175639.3
2025-12-28,LM-REC,9560,8785,9311,9560,8769,5031,8604,659.8,775,4,4,392,143158.35
2025-12-29,LM-REC,15100,13240,14071,15100,11836,7341,13590,1042.1,1860,12,11,1377,226015.35
2025-12-30,LM-REC,15844,13505,14376,15844,11625,7456,14260,1093.5,2339,12,17,1612,244532.62
2025-12-31,LM-REC,13785,12387,13145,13785,11236,6938,12406,951.4,1398,6,13,1094,208601.77
2026-01-01,LM-REC,12836,11794,12500,12836,11683,6252,11552,885.9,1042,5,4,570,187057.26
2026-01-02,LM-REC,13687,12382,13135,13687,11297,6893,12318,944.6,1305,7,13,1083,216891.38
2026-01-03,LM-REC,11343,10377,11001,11343,10165,5749,10209,782.8,966,8,5,561,172989.37
2026-01-04,LM-REC,11215,10333,10950,11215,10365,5732,10094,774.0,882,3,12,434,163859.37
2026-01-05,LM-REC,16091,13968,14853,16091,11871,7567,14482,1110.4,2123,11,12,1685,243139.9
2026-01-06,LM-REC,15225,13522,14359,15225,12766,7577,13702,1050.7,1703,5,11,1045,220316.64
2026-01-07,LM-REC,14348,13156,13945,14348,12127,7040,12913,990.1,1192,5,8,941,218717.21
2026-01-08,LM-REC,14246,12963,13746,14246,12146,6948,12821,983.1,1283,6,13,954,213437.32
2026-01-09,LM-REC,14280,12795,13580,14280,12162,7111,12852,985.4,1485,0,7,947,207900.84
2026-01-10,LM-REC,11818,10885,11535,11818,10719,6100,10636,815.5,933,4,9,510,172894.27
2026-01-11,LM-REC,10282,9535,10101,10282,9478,5255,9254,709.5,747,3,8,413,151559.63
2026-01-12,LM-REC,16316,14346,15244,16316,12350,7871,14684,1125.9,1970,7,8,1578,244322.09
2026-01-13,LM-REC,15708,14043,14907,15708,12886,7827,14137,1083.9,1665,8,12,1123,258160.2
2026-01-14,LM-REC,14882,13167,13985,14882,12136,7394,13394,1026.9,1715,8,11,1132,234982.71
2026-01-15,LM-REC,13808,12743,13503,13808,12352,7080,12427,952.8,1065,5,9,696,199924.65
2026-01-16,LM-REC,13875,12580,13343,13875,12060,7049,12488,957.4,1295,5,12,804,214430.94
2026-01-17,LM-REC,11894,10976,11630,11894,11139,6174,10705,820.7,918,2,9,401,178126.42
2026-01-18,LM-REC,11958,11141,11798,11958,11445,5972,10762,825.1,817,4,9,316,180283.92
2026-01-19,LM-REC,15767,13888,14756,15767,13162,7690,14190,1087.9,1879,13,10,1122,239496.02
2026-01-20,LM-REC,14953,13425,14248,14953,12371,7338,13458,1031.8,1528,8,16,1101,232284.14
2026-01-21,LM-REC,14239,13205,13988,14239,13004,7404,12815,982.5,1034,3,6,599,222580.05
2026-01-22,LM-REC,13884,12939,13702,13884,12496,7001,12496,958.0,945,3,14,637,208997.75
2026-01-23,LM-REC,13016,12080,12795,13016,11895,6794,11714,898.1,936,4,12,552,189976.42
2026-01-24,LM-REC,10486,9562,10139,10486,9397,5483,9437,723.5,924,6,5,514,158975.0
2026-01-25,LM-REC,10887,9943,10542,10887,10194,5870,9798,751.2,944,6,2,368,168665.41
2026-01-26,LM-REC,16528,14574,15483,16528,13048,8139,14875,1140.4,1954,6,15,1441,260795.41
2026-01-27,LM-REC,15075,13698,14527,15075,13131,7491,13568,1040.1,1377,4,8,878,226679.21
2026-01-28,LM-REC,15486,13959,14811,15486,12919,7740,13937,1068.5,1527,9,7,1021,225430.53
2026-01-29,LM-REC,14241,13006,13789,14241,12857,7389,12817,982.6,1235,6,12,689,222855.17
2026-01-30,LM-REC,14149,13051,13829,14149,12551,6966,12734,976.2,1098,6,11,731,212022.52
2026-01-31,LM-REC,11804,11002,11651,11804,10993,6243,10624,814.4,802,1,9,439,179125.31
2026-02-01,LM-REC,11461,10587,11217,11461,10439,5818,10315,790.7,874,4,6,514,182743.16
2026-02-02,LM-REC,16601,14606,15519,16601,13426,8186,14941,1145.4,1995,12,18,1319,259615.8
2026-02-03,LM-REC,16196,14481,15372,16196,13546,7884,14576,1117.4,1715,7,15,1102,252322.92
2026-02-04,LM-REC,14641,13503,14308,14641,12931,7582,13177,1010.1,1138,6,6,796,219538.15
2026-02-05,LM-REC,14590,13394,14196,14590,13237,7205,13131,1006.6,1196,2,16,627,224976.49
2026-02-06,LM-REC,13813,12805,13565,13813,12783,7125,12432,953.0,1008,6,8,498,194131.75
2026-02-07,LM-REC,11666,10775,11416,11666,10993,6010,10499,804.9,891,1,14,356,163719.33
2026-02-08,LM-REC,11380,10410,11036,11380,10247,5908,10242,785.1,970,4,7,540,173098.17
2026-02-09,LM-REC,17857,15548,16530,17857,13631,8536,16071,1232.0,2309,7,12,1675,262809.6
2026-02-10,LM-REC,15423,14167,15016,15423,13686,8039,13881,1064.0,1256,13,8,803,244581.02
2026-02-11,LM-REC,14936,13698,14519,14936,13440,7598,13442,1030.4,1238,6,8,739,232618.2
2026-02-12,LM-REC,15083,14065,14895,15083,13508,7796,13575,1040.6,1018,10,8,735,237236.6
2026-02-13,LM-REC,14287,13027,13813,14287,12881,7418,12858,985.6,1260,6,11,676,213915.46
2026-02-14,LM-REC,11876,11019,11672,11876,10995,6192,10688,819.3,857,3,9,439,180113.0
2026-02-15,LM-REC,10360,9625,10195,10360,9371,5372,9324,714.7,735,5,7,441,155183.13
2026-02-16,LM-REC,16984,15029,15963,16984,13910,8137,15286,1171.7,1955,6,11,1307,257976.11
2026-02-17,LM-REC,14465,13373,14169,14465,13204,7368,13018,997.9,1092,9,10,610,211077.16
2026-02-18,LM-REC,15590,14028,14885,15590,13934,7892,14031,1075.5,1562,4,10,763,235284.41
2026-02-19,LM-REC,14638,13544,14349,14638,13063,7577,13174,1009.8,1094,4,7,742,214945.47
2026-02-20,LM-REC,14322,13202,13990,14322,12894,7513,12890,988.0,1120,7,17,672,218963.35
2026-02-21,LM-REC,11579,10738,11375,11579,10378,5962,10421,798.8,841,4,9,524,171023.86
2026-02-22,LM-REC,10766,10001,10593,10766,9597,5471,9689,742.7,765,5,5,527,167859.66
2026-02-23,LM-REC,16956,15217,16150,16956,13949,8424,15260,1169.7,1739,7,9,1250,252033.38
2026-02-24,LM-REC,15777,14341,15208,15777,14091,8122,14199,1088.4,1436,5,15,774,237303.74
2026-02-25,LM-REC,14677,13435,14242,14677,13497,7584,13209,1012.5,1242,7,7,558,224303.03
2026-02-26,LM-REC,14699,13478,14287,14699,13314,7469,13229,1014.0,1221,4,11,667,221573.98
2026-02-27,LM-REC,15286,14171,15011,15286,14100,7748,13757,1054.5,1115,5,11,593,225695.98
2026-02-28,LM-REC,12393,11487,12168,12393,11336,6281,11154,854.9,906,1,9,543,190626.1
2026-03-01,LM-REC,11887,10807,11461,11887,11263,6093,10698,820.0,1080,3,5,348,178390.41
2026-03-02,LM-REC,17421,15875,16833,17421,14683,8788,15679,1201.8,1546,10,18,1154,272479.86
2026-03-03,LM-REC,16731,15260,16181,16731,14715,8456,15058,1154.2,1471,5,7,941,252590.55
2026-03-04,LM-REC,14938,13764,14586,14938,13248,7779,13444,1030.5,1174,5,13,747,229234.23
2026-03-05,LM-REC,13697,12596,13350,13697,12512,6836,12327,944.8,1101,2,11,579,209297.53
2026-03-06,LM-REC,13942,12852,13619,13942,12718,7167,12548,961.7,1090,1,9,554,199601.26
2026-03-07,LM-REC,12470,11637,12323,12470,11677,6568,11223,860.2,833,3,13,439,197223.4
2026-03-08,LM-REC,11154,10379,10993,11154,10356,5907,10039,769.4,775,2,5,433,159570.58
2026-03-09,LM-REC,23708,21279,22583,23708,19696,12063,21337,1635.4,2429,9,20,1678,372832.82
2026-03-10,LM-REC,21882,20267,21470,21882,19353,11607,19694,1509.4,1615,6,20,1116,325049.88
2026-03-11,LM-REC,22315,20563,21790,22315,20077,12049,20084,1539.3,1752,7,13,1095,335945.35
2026-03-12,LM-REC,21350,19717,20892,21350,19979,11498,19215,1472.7,1633,8,18,721,315358.95
2026-03-13,LM-REC,20235,18871,19984,20235,18223,10699,18212,1395.8,1364,5,12,914,312142.29
2026-03-14,LM-REC,17465,16310,17271,17465,16074,9401,15718,1204.7,1155,5,10,685,255700.46
2026-03-15,LM-REC,16254,15167,16061,16254,15263,8729,14629,1121.2,1087,2,14,484,235367.73
2026-03-16,LM-REC,17276,15992,16942,17276,15472,9361,15548,1191.7,1284,3,11,870,270339.93
2026-03-17,LM-REC,15459,14355,15205,15459,14521,8347,13913,1066.3,1104,6,11,545,241761.95
2026-03-18,LM-REC,14080,12937,13712,14080,13252,7603,12672,971.2,1143,6,10,458,211781.64
2026-03-19,LM-REC,15041,13708,14535,15041,13894,8186,13537,1037.5,1333,4,16,581,219634.19
2026-03-20,LM-REC,14389,13336,14127,14389,13558,7737,12950,992.5,1053,8,13,444,213285.41
2026-03-21,LM-REC,12813,11830,12535,12813,11845,7138,11532,883.8,983,7,7,464,190482.77
2026-03-22,LM-REC,12348,11387,12067,12348,11562,6548,11113,851.7,961,5,6,410,191489.46
2026-03-23,LM-REC,18222,16576,17578,18222,16446,9637,16400,1256.9,1646,5,7,864,289473.44
2026-03-24,LM-REC,15670,14575,15437,15670,14428,8701,14103,1080.9,1095,3,10,618,239204.9
2026-03-25,LM-REC,15161,14003,14837,15161,14355,8601,13645,1045.8,1158,5,16,440,226999.81
2026-03-26,LM-REC,15317,14056,14899,15317,14204,8698,13785,1056.5,1261,3,11,538,223586.73
2026-03-27,LM-REC,15593,14348,15206,15593,14708,8531,14034,1075.6,1245,5,10,482,239028.58
2026-03-28,LM-REC,13017,11941,12657,13017,12126,7163,11715,897.9,1076,4,10,456,200743.94
2026-03-29,LM-REC,12245,11299,11972,12245,11421,6804,11020,844.6,946,3,8,453,176828.85
2026-03-30,LM-REC,17154,15865,16808,17154,15887,9550,15439,1183.2,1289,6,12,629,256788.58
2026-03-31,LM-REC,15841,14705,15576,15841,14615,8923,14257,1092.7,1136,5,13,612,243111.8
2026-04-01,LM-REC,15880,14485,15358,15880,15046,8949,14292,1095.3,1395,4,15,438,237850.51
2026-04-02,LM-REC,14580,13504,14306,14580,13349,8445,13122,1005.7,1076,3,10,567,219360.17
2026-04-03,LM-REC,14299,13080,13866,14299,13508,8179,12869,986.3,1219,6,9,445,221883.81
2026-04-04,LM-REC,12408,11452,12134,12408,11654,7108,11167,855.8,956,0,13,379,186764.2
2026-04-05,LM-REC,12523,11636,12325,12523,11935,6964,11271,863.8,887,8,12,335,174675.16
2026-04-06,LM-REC,17288,15991,16942,17288,15895,9816,15559,1192.4,1297,5,15,716,268213.7
2026-04-07,LM-REC,15050,13733,14561,15050,14386,8718,13545,1038.1,1317,8,8,449,229964.65
2026-04-08,LM-REC,15830,14626,15497,15830,14823,9088,14247,1091.9,1204,7,14,489,225998.88
2026-04-09,LM-REC,14891,13976,14795,14891,13502,8079,13402,1027.1,915,4,10,673,227469.13
2026-04-10,LM-REC,14537,13594,14394,14537,13666,8144,13083,1002.7,943,6,7,454,210727.3
2026-04-11,LM-REC,12503,11820,12478,12503,11939,7060,11253,862.4,683,1,13,344,189920.08
2026-04-12,LM-REC,11826,10987,11638,11826,11452,6795,10643,815.7,839,4,4,243,169102.55
2026-04-13,LM-REC,18108,16729,17725,18108,16935,10272,16297,1249.0,1379,5,11,607,275160.62
2026-04-14,LM-REC,15674,14521,15383,15674,14699,9450,14107,1081.1,1153,6,15,543,235317.47
2026-04-15,LM-REC,15374,14309,15155,15374,14409,8733,13837,1060.4,1065,7,16,473,221634.32
2026-04-16,LM-REC,15733,14597,15463,15733,14956,9086,14160,1085.2,1136,3,18,444,234385.01
2026-04-17,LM-REC,14296,13370,14156,14296,13385,8311,12866,986.0,926,3,8,460,221589.76
2026-04-18,LM-REC,11912,11131,11786,11912,10990,6842,10721,821.6,781,3,9,460,186639.94
2026-04-19,LM-REC,12299,11326,12002,12299,11609,7359,11069,848.3,973,3,7,373,181554.87
2026-04-20,LM-REC,18432,17278,18291,18432,17474,10805,16589,1271.3,1154,5,15,509,280550.97
2026-04-21,LM-REC,16645,15526,16441,16645,15279,9540,14980,1148.1,1119,3,12,688,234605.34
2026-04-22,LM-REC,14678,13842,14649,14678,13655,8463,13210,1012.4,836,3,13,539,224510.41
2026-04-23,LM-REC,15847,14886,15758,15847,14993,9409,14262,1093.0,961,9,12,472,240455.75
2026-04-24,LM-REC,13851,13026,13787,13851,13079,8284,12466,955.3,825,3,7,401,213925.29
2026-04-25,LM-REC,12842,11974,12680,12842,11845,7541,11558,885.7,868,4,5,476,186513.06
2026-04-26,LM-REC,11720,10831,11475,11720,11229,6856,10548,808.4,889,4,8,280,170752.11
2026-04-27,LM-REC,17125,16146,17088,17125,15613,9854,15412,1181.2,979,4,15,725,259850.57
2026-04-28,LM-REC,16519,15515,16424,16519,15479,9812,14867,1139.4,1004,4,8,557,244885.94
2026-04-29,LM-REC,15759,14911,15727,15759,14450,9468,14183,1086.9,848,2,12,683,230440.52
2026-04-30,LM-REC,15213,14168,15005,15213,14070,9056,13692,1049.3,1045,3,11,569,229302.14
2026-05-01,LM-REC,20391,19115,20237,20391,19168,12001,18352,1406.4,1276,8,11,634,305038.76
2026-05-02,LM-REC,16991,15901,16835,16991,15597,9966,15292,1171.9,1090,3,10,661,249292.26
2026-05-03,LM-REC,16998,15832,16767,16998,15965,9756,15298,1172.4,1166,3,14,506,256492.79
2026-05-04,LM-REC,24490,22648,23995,24490,22813,14813,22041,1689.1,1842,4,25,821,364978.56
2026-05-05,LM-REC,22239,20781,22004,22239,20955,13015,20015,1533.9,1458,8,19,642,324762.66
2026-05-06,LM-REC,20896,19468,20617,20896,19868,12771,18806,1441.2,1428,6,17,585,292091.63
2026-05-07,LM-REC,19927,18859,19887,19927,19076,12026,17934,1374.4,1068,2,14,507,285025.56
2026-05-08,LM-REC,20311,19104,20221,20311,19132,12613,18280,1400.9,1207,5,9,599,297164.71
2026-05-09,LM-REC,17156,16042,16985,17156,16330,10536,15440,1183.3,1114,4,12,465,238289.33
2026-05-10,LM-REC,15166,14367,15136,15166,14261,9187,13649,1046.0,799,3,12,481,210095.39
2026-05-11,LM-REC,17740,16776,17705,17740,16577,10683,15966,1223.5,964,3,10,571,244762.2
2026-05-12,LM-REC,16457,15486,16391,16457,15453,9839,14811,1135.1,971,7,9,466,236957.45
2026-05-13,LM-REC,16950,15937,16870,16950,16183,10329,15255,1169.1,1013,2,12,435,243724.72
2026-05-14,LM-REC,14824,13847,14662,14824,13962,8980,13342,1022.4,977,2,14,426,205536.48
2026-05-15,LM-REC,14232,13416,14199,14232,13374,8437,12809,981.6,816,0,16,413,198287.66
2026-05-16,LM-REC,13452,12653,13392,13452,12744,8384,12107,927.8,799,6,7,378,199963.0
2026-05-17,LM-REC,12914,12274,12888,12914,12111,7834,11623,890.7,640,1,4,428,187466.11
2026-05-18,LM-REC,17719,16757,17684,17719,16657,10773,15947,1222.1,962,1,12,487,257248.64
2026-05-19,LM-REC,16722,15731,16651,16722,16038,10004,15050,1153.3,991,7,14,401,229655.34
2026-05-20,LM-REC,16514,15730,16481,16514,15573,10069,14863,1139.0,784,6,13,473,237820.03
2026-05-21,LM-REC,14570,13694,14495,14570,13701,9060,13113,1004.9,876,5,7,433,205157.07
2026-05-22,LM-REC,14100,13273,14048,14100,13126,8542,12690,972.5,827,4,5,412,191879.06
2026-05-23,LM-REC,12903,12200,12877,12903,11647,7722,11613,889.9,703,2,10,573,176165.77
2026-05-24,LM-REC,13079,12421,13053,13079,12397,8067,11771,902.1,658,2,9,305,190704.7
2026-05-25,LM-REC,18028,17102,17992,18028,17043,11197,16225,1243.4,926,3,9,486,241623.58
2026-05-26,LM-REC,17269,16559,17234,17269,16136,10858,15542,1191.0,710,3,11,550,261378.41
2026-05-27,LM-REC,16912,16078,16878,16912,15921,10720,15221,1166.4,834,3,9,486,224505.25
2026-05-28,LM-REC,17139,16015,16958,17139,16074,10641,15425,1182.1,1124,7,15,506,250704.62
2026-05-29,LM-REC,14871,14112,14841,14871,13690,9009,13384,1025.6,759,3,3,515,210862.45
2026-05-30,LM-REC,13104,12429,13078,13104,12301,8102,11794,903.8,675,3,6,422,188230.38
2026-05-31,LM-REC,13279,12511,13241,13279,12439,8429,11951,915.8,768,2,5,371,190503.69
2026-06-01,LM-REC,17440,16518,17405,17440,16420,10735,15696,1202.8,922,3,10,508,252251.02
2026-06-02,LM-REC,17938,16850,17836,17938,16744,11348,16144,1237.2,1088,6,15,550,251885.38
2026-06-03,LM-REC,15785,15004,15753,15785,15453,10428,14206,1088.7,781,3,16,233,223138.76
2026-06-04,LM-REC,16119,15279,16087,16119,15237,10323,14507,1111.7,840,3,11,402,227879.57
2026-06-05,LM-REC,15142,14263,15096,15142,14336,9631,13628,1044.3,879,1,16,404,216008.98
2026-06-06,LM-REC,12751,12056,12725,12751,11891,8210,11476,879.4,695,5,7,397,179374.74
2026-06-07,LM-REC,12129,11612,12105,12129,11320,7713,10916,836.5,517,2,12,413,174214.13
2026-06-08,LM-REC,18715,17775,18678,18715,17593,11799,16844,1290.8,940,4,14,532,251412.91
2026-06-09,LM-REC,18030,17074,17994,18030,17018,11509,16227,1243.5,956,3,8,506,256785.44
2026-06-10,LM-REC,16394,15479,16361,16394,15532,10286,14755,1130.7,915,5,15,437,225873.04
2026-06-11,LM-REC,16200,15447,16168,16200,15076,10088,14580,1117.3,753,3,5,511,225645.89
2026-06-12,LM-REC,15673,14970,15642,15673,14709,9985,14106,1080.9,703,2,10,458,232305.81
2026-06-13,LM-REC,12824,12242,12798,12824,12048,8114,11542,884.5,582,3,10,369,184952.02
2026-06-14,LM-REC,12966,12371,12940,12966,12016,8180,11669,894.2,595,3,11,443,170929.6
2026-06-15,LM-REC,19185,18361,19147,19185,18207,12154,17266,1323.2,824,1,8,517,262319.64
2026-06-16,LM-REC,19128,18123,19090,19128,17936,12241,17215,1319.2,1005,4,11,549,260156.5
2026-06-17,LM-REC,16352,15450,16319,16352,15439,10434,14717,1127.8,902,6,14,444,231973.21
2026-06-18,LM-REC,15999,15239,15967,15999,15069,10338,14399,1103.4,760,2,12,483,229577.18
2026-06-19,LM-REC,15876,15096,15844,15876,14878,10149,14288,1094.9,780,3,11,485,213306.08
2026-06-20,LM-REC,13739,13031,13712,13739,13160,8856,12365,947.6,708,1,10,322,189127.8
2026-06-21,LM-REC,12478,11863,12453,12478,11670,8058,11230,860.6,615,3,6,395,173334.17
2026-06-22,LM-REC,18500,17841,18463,18500,17381,11717,16650,1275.9,659,1,13,518,249548.03
2026-06-23,LM-REC,17972,17126,17936,17972,17150,11599,16175,1239.5,846,4,8,384,249028.51
2026-06-24,LM-REC,16189,15474,16157,16189,15255,10767,14570,1116.5,715,5,16,462,228330.62
2026-06-25,LM-REC,16125,15168,16054,16125,15202,10655,14512,1112.1,957,3,15,474,227078.57
2026-06-26,LM-REC,15604,14966,15573,15604,14798,10243,14044,1076.2,638,2,6,390,211033.34
2026-06-27,LM-REC,13907,13230,13879,13907,13139,8922,12516,959.1,677,4,11,390,200643.67
2026-06-28,LM-REC,12523,11922,12498,12523,11973,8138,11271,863.7,601,1,5,274,161032.83
2026-06-29,LM-REC,17662,16768,17627,17662,16847,11628,15896,1218.1,894,3,18,427,227731.2
2026-06-30,LM-REC,16555,15608,16518,16555,15308,10901,14900,1141.8,947,1,12,619,225555.05
2026-07-01,LM-REC,16035,15079,15961,16035,14945,10424,14432,1105.9,956,3,10,516,223874.3
2026-07-02,LM-REC,15703,14851,15672,15703,14991,10475,14133,1083.0,852,1,10,358,209511.61
2026-07-03,LM-REC,15565,15191,15534,15565,14669,10231,14008,1073.5,374,1,8,399,226552.69
2026-07-04,LM-REC,12958,12468,12932,12958,12058,8618,11662,893.7,490,2,9,463,177753.85
2026-07-05,LM-REC,12555,11960,12530,12555,12018,8370,11300,865.9,595,3,15,307,171279.02
2026-07-06,LM-REC,18480,17638,18443,18480,16556,12157,16632,1274.5,842,6,18,840,260582.33
2026-07-07,LM-REC,17578,16916,17543,17578,16212,11515,15820,1212.3,662,5,14,583,228442.99
2026-07-08,LM-REC,17658,16836,17623,17658,16240,11465,15892,1217.8,822,5,15,635,251945.15
2026-07-09,LM-REC,16943,15904,16836,16943,15714,11265,15249,1168.5,1039,3,12,553,224921.61
2026-07-10,LM-REC,15754,15140,15722,15754,15211,10500,14179,1086.5,614,0,5,355,206230.98
2026-07-11,LM-REC,13383,12748,13356,13383,12860,8912,12045,923.0,635,2,6,266,183497.96
2026-07-12,LM-REC,12754,12165,12728,12754,12129,8503,11479,879.6,589,2,11,308,171157.56
2026-07-13,LM-REC,19329,18404,19290,19329,18179,12977,17396,1333.1,925,1,16,496,269819.42
2026-07-14,LM-REC,18329,17430,18292,18329,17354,12198,16496,1264.1,899,0,11,440,247102.45
2026-07-15,LM-REC,16439,15751,16406,16439,15171,10960,14795,1133.8,688,2,13,541,229358.22
2026-07-16,LM-REC,16681,15909,16648,16681,15907,10675,15013,1150.4,772,5,9,426,231357.08
2026-07-17,LM-REC,14714,14042,14685,14714,13711,9763,13243,1014.8,672,3,5,479,202268.3
2026-07-18,LM-REC,13786,13054,13758,13786,13031,9315,12407,950.8,732,2,11,402,188140.6
2026-07-19,LM-REC,13376,12965,13349,13376,12308,8917,12038,922.5,411,1,10,453,178178.12
2026-07-20,LM-REC,19036,18319,18998,19036,17561,12312,17132,1312.9,717,6,16,689,255823.25
2026-07-21,LM-REC,19219,18456,19181,19219,18234,12608,17297,1325.5,763,8,6,539,260287.37
2026-07-22,LM-REC,16554,15966,16521,16554,15561,11227,14899,1141.7,588,5,14,486,228817.44
2026-07-23,LM-REC,16888,16119,16854,16888,15868,11568,15199,1164.7,769,6,15,501,229921.93
2026-07-24,LM-REC,15916,15290,15884,15916,15061,10622,14324,1097.7,626,3,8,427,210748.28
2026-07-25,LM-REC,13719,13164,13692,13719,12973,9573,12347,946.2,555,2,7,427,189317.87
2026-07-26,LM-REC,13055,12464,13029,13055,12077,8564,11750,900.4,591,1,9,463,174025.39
2026-07-27,LM-REC,19413,18507,19374,19413,18102,13052,17472,1338.9,906,6,12,586,273973.17
2026-07-28,LM-REC,18718,17854,18681,18718,17889,12283,16846,1290.9,864,3,14,434,256919.57
2026-07-29,LM-REC,18013,17210,17977,18013,17131,12052,16212,1242.3,803,4,7,465,253162.94
2026-07-30,LM-REC,16860,15934,16826,16860,15555,10888,15174,1162.8,926,3,13,606,228364.03
2026-07-31,LM-REC,16489,15809,16456,16489,15540,11030,14840,1137.2,680,0,11,472,226172.55
2026-08-01,LM-REC,13510,13006,13483,13510,12792,8884,12159,931.7,504,3,15,328,181086.98
2026-08-02,LM-REC,13539,12869,13512,13539,12705,8834,12185,933.7,670,4,8,382,179404.67
2026-08-03,LM-REC,18938,18011,18900,18938,18139,12903,17044,1306.1,927,6,20,441,260661.16
2026-08-04,LM-REC,18986,18035,18948,18986,18020,12727,17087,1309.4,951,6,13,478,251474.6
2026-08-05,LM-REC,18624,17735,18587,18624,17067,12097,16762,1284.4,889,2,12,665,246142.7
2026-08-06,LM-REC,16890,15992,16856,16890,15953,11100,15201,1164.8,898,6,13,472,215997.01
2026-08-07,LM-REC,14890,14173,14860,14890,14008,9647,13401,1026.9,717,5,9,432,208179.37
2026-08-08,LM-REC,13666,13150,13639,13666,12618,8923,12299,942.5,516,2,9,461,180599.96
2026-08-09,LM-REC,13836,13112,13808,13836,13079,9097,12452,954.2,724,1,10,358,183832.35
2026-08-10,LM-REC,19952,19031,19912,19952,18933,13352,17957,1376.0,921,7,18,486,262873.95
2026-08-11,LM-REC,18558,17825,18521,18558,17651,12394,16702,1279.9,733,4,17,462,244853.24
2026-08-12,LM-REC,18004,17249,17968,18004,17212,11839,16204,1241.7,755,1,11,404,235429.52
2026-08-13,LM-REC,17353,16653,17318,17353,16452,11374,15618,1196.8,700,4,9,426,223688.06
2026-08-14,LM-REC,16916,16229,16882,16916,16131,11585,15224,1166.6,687,3,13,413,229665.77
2026-08-15,LM-REC,14467,13847,14438,14467,13459,9700,13020,997.7,620,4,11,440,189332.37
2026-08-16,LM-REC,14054,13322,14026,14054,13216,9464,12649,969.3,732,1,15,418,193785.66
2026-08-17,LM-REC,19938,19071,19898,19938,19104,13316,17944,1375.1,867,3,12,470,266509.0
2026-08-18,LM-REC,19093,18169,19055,19093,17798,12425,17184,1316.8,924,6,19,650,239049.18
2026-08-19,LM-REC,17306,16648,17271,17306,16266,11564,15575,1193.5,658,3,11,485,233923.42
2026-08-20,LM-REC,16804,15992,16770,16804,15914,11090,15124,1158.9,812,3,6,428,224137.26
2026-08-21,LM-REC,17296,16662,17261,17296,16230,11960,15566,1192.8,634,1,10,522,229743.84
2026-08-22,LM-REC,14206,13597,14178,14206,13904,9458,12785,979.7,609,3,11,234,192541.69
2026-08-23,LM-REC,13801,13248,13773,13801,13082,9396,12421,951.8,553,2,7,387,178407.24
2026-08-24,LM-REC,19893,19121,19853,19893,18573,13147,17904,1371.9,772,4,10,619,273410.65
2026-08-25,LM-REC,18235,17622,18199,18235,17260,12155,16412,1257.6,613,2,18,500,237906.67
2026-08-26,LM-REC,17605,16956,17570,17605,16712,12003,15844,1214.2,649,2,11,465,244133.45
2026-08-27,LM-REC,18136,17311,18100,18136,16922,11840,16322,1250.8,825,1,11,572,231827.06
2026-08-28,LM-REC,16737,16104,16704,16737,15439,11283,15063,1154.3,633,4,10,584,214053.97
2026-08-29,LM-REC,13334,12807,13307,13334,12575,8824,12001,919.6,527,3,9,314,177018.94
2026-08-30,LM-REC,13401,12917,13374,13401,12808,9060,12061,924.2,484,5,11,312,178576.51
2026-08-31,LM-REC,21168,20286,21126,21168,19556,14225,19051,1459.9,882,4,14,736,279073.54
2026-09-01,LM-REC,18588,17997,18551,18588,17632,12565,16729,1281.9,591,3,7,479,245564.41
2026-09-02,LM-REC,16587,15907,16554,16587,15613,10850,14928,1143.9,680,1,10,460,225247.96
2026-09-03,LM-REC,18521,17537,18484,18521,17546,12284,16669,1277.3,984,3,14,512,244080.1
2026-09-04,LM-REC,16910,16207,16876,16910,15848,11287,15219,1166.2,703,1,9,505,216240.97
2026-09-05,LM-REC,14233,13548,14205,14233,13463,9365,12810,981.6,685,1,13,394,196548.41
2026-09-06,LM-REC,13407,12802,13380,13407,12438,8954,12066,924.6,605,1,8,427,183656.54
2026-09-07,LM-REC,20802,19909,20760,20802,19581,14096,18722,1434.6,893,3,14,558,283461.9
2026-09-08,LM-REC,18482,17765,18445,18482,17046,12162,16634,1274.6,717,2,15,622,234960.81
2026-09-09,LM-REC,18523,17691,18486,18523,17675,12586,16671,1277.5,832,3,11,433,238852.74
2026-09-10,LM-REC,17804,17239,17768,17804,16681,11868,16024,1227.9,565,4,17,524,237769.34
2026-09-11,LM-REC,16756,16057,16722,16756,15895,11259,15080,1155.6,699,1,13,453,233339.68
2026-09-12,LM-REC,14425,13791,14396,14425,13694,9757,12982,994.8,634,1,13,372,199337.0
2026-09-13,LM-REC,13580,13101,13553,13580,12813,9238,12222,936.6,479,2,9,388,178018.44
2026-09-14,LM-REC,20900,20059,20858,20900,19099,13627,18810,1441.4,841,2,13,776,269182.99
2026-09-15,LM-REC,18377,17416,18340,18377,17354,12462,16539,1267.4,961,3,9,495,236287.56
2026-09-16,LM-REC,16896,16051,16862,16896,15815,11423,15206,1165.3,845,2,6,497,222240.58
2026-09-17,LM-REC,17955,17413,17919,17955,16540,11950,16160,1238.3,542,5,8,654,255458.18
2026-09-18,LM-REC,17081,16358,17047,17081,16053,11236,15373,1178.0,723,2,12,494,218787.09
2026-09-19,LM-REC,14679,14053,14650,14679,13629,9851,13211,1012.4,626,5,12,484,194119.49
2026-09-20,LM-REC,13940,13474,13912,13940,13123,9384,12546,961.4,466,1,14,396,179118.88
2026-09-21,LM-REC,20053,19203,20013,20053,18521,13296,18048,1383.0,850,1,25,683,267325.55
2026-09-22,LM-REC,19588,18711,19549,19588,18525,13276,17629,1350.9,877,4,13,579,245020.47
2026-09-23,LM-REC,17990,17231,17954,17990,17093,11955,16191,1240.7,759,4,10,439,229461.1
2026-09-24,LM-REC,17379,16601,17344,17379,16082,11681,15641,1198.6,778,3,12,607,223199.52
2026-09-25,LM-REC,16627,15913,16594,16627,15444,11094,14964,1146.7,714,2,18,537,211847.44
2026-09-26,LM-REC,15549,14903,15518,15549,14555,10517,13994,1072.4,646,4,11,475,200126.65
2026-09-27,LM-REC,12986,12475,12960,12986,12486,8586,11687,895.6,511,3,11,262,171417.49
2026-09-28,LM-REC,20757,19846,20715,20757,18531,13103,18681,1431.5,911,3,8,935,286001.19
2026-09-29,LM-REC,18048,17278,18012,18048,16725,11799,16243,1244.7,770,6,7,576,236903.26
2026-09-30,LM-REC,18056,17296,18020,18056,17069,12128,16250,1245.3,760,6,17,522,232930.78
2025-04-01,LM-SSA,3497,3095,3287,3497,3086,1627,3147,258.6,402,4,2,195,56989.53
2025-04-02,LM-SSA,3687,3243,3446,3687,3235,1746,3318,272.4,444,8,4,187,60789.49
2025-04-03,LM-SSA,3538,3157,3352,3538,3078,1628,3184,261.0,381,3,0,199,60436.01
2025-04-04,LM-SSA,3306,2963,3144,3306,2842,1523,2975,243.6,343,2,4,218,57160.86
2025-04-05,LM-SSA,3154,2791,2965,3154,2721,1435,2839,232.2,363,6,4,170,54743.93
2025-04-06,LM-SSA,2999,2668,2833,2999,2587,1403,2699,220.5,331,4,1,176,47403.44
2025-04-07,LM-SSA,4212,3715,3947,4212,3728,1923,3791,309.4,497,3,4,223,72147.76
2025-04-08,LM-SSA,4475,3925,4171,4475,3990,2109,4028,328.3,550,3,4,233,74206.83
2025-04-09,LM-SSA,4142,3678,3906,4142,3722,2005,3728,303.6,464,5,7,197,66709.68
2025-04-10,LM-SSA,4035,3542,3764,4035,3563,1921,3632,295.4,493,7,4,204,65869.32
2025-04-11,LM-SSA,4115,3626,3852,4115,3636,1928,3704,301.0,489,1,3,211,64903.26
2025-04-12,LM-SSA,3438,3046,3235,3438,2980,1671,3094,251.2,392,4,2,208,56353.42
2025-04-13,LM-SSA,3301,2924,3105,3301,3172,1577,2971,241.0,377,3,5,79,55450.9
2025-04-14,LM-SSA,4832,4284,4549,4832,4343,2364,4349,352.4,548,6,3,219,76495.29
2025-04-15,LM-SSA,4811,4305,4570,4811,4295,2239,4330,350.5,506,12,8,239,76617.98
2025-04-16,LM-SSA,4594,4109,4361,4594,4103,2193,4135,334.4,485,5,4,226,74456.29
2025-04-17,LM-SSA,4496,4022,4269,4496,3959,2078,4046,327.0,474,6,4,232,76918.43
2025-04-18,LM-SSA,4209,3743,3975,4209,3735,1998,3788,305.8,466,8,5,219,64307.9
2025-04-19,LM-SSA,3805,3346,3555,3805,3390,1845,3424,276.2,459,7,1,196,63659.89
2025-04-20,LM-SSA,3642,3228,3428,3642,3193,1693,3278,264.2,414,7,3,197,60303.93
2025-04-21,LM-SSA,5199,4598,4884,5199,4629,2533,4679,376.8,601,5,7,260,86685.89
2025-04-22,LM-SSA,4920,4379,4649,4920,4436,2329,4428,356.3,541,6,8,235,75294.87
2025-04-23,LM-SSA,5059,4539,4817,5059,4555,2366,4553,366.0,520,10,6,255,80561.77
2025-04-24,LM-SSA,4475,3992,4238,4475,3934,2172,4028,323.5,483,4,2,258,71993.24
2025-04-25,LM-SSA,4767,4237,4500,4767,4217,2215,4290,344.3,530,5,8,257,74411.13
2025-04-26,LM-SSA,4064,3638,3861,4064,3574,1836,3658,293.3,426,2,7,231,70116.08
2025-04-27,LM-SSA,4160,3702,3931,4160,3922,1940,3744,300.0,458,6,6,144,69447.4
2025-04-28,LM-SSA,5828,5184,5504,5828,5243,2804,5245,420.0,644,8,6,288,98159.67
2025-04-29,LM-SSA,5762,5162,5478,5762,5239,2696,5186,414.9,600,10,6,250,96166.87
2025-04-30,LM-SSA,5302,4742,5033,5302,4715,2494,4772,381.5,560,6,5,244,82440.63
2025-05-01,LM-SSA,6953,6165,6548,6953,6292,3289,6258,500.0,788,10,6,338,108464.76
2025-05-02,LM-SSA,6820,6013,6388,6820,6271,3356,6138,490.1,807,11,8,270,115769.62
2025-05-03,LM-SSA,5703,5093,5406,5703,5131,2749,5133,409.5,610,9,5,263,89987.43
2025-05-04,LM-SSA,5764,5128,5445,5764,4964,2735,5188,413.6,636,16,3,381,95431.05
2025-05-05,LM-SSA,8005,7118,7558,8005,7358,3880,7204,574.1,887,8,3,337,126910.56
2025-05-06,LM-SSA,7945,7061,7498,7945,7536,3832,7150,569.4,884,9,9,221,126700.75
2025-05-07,LM-SSA,7740,6903,7329,7740,7119,3646,6966,554.3,837,12,9,343,126151.21
2025-05-08,LM-SSA,7591,6780,7197,7591,6925,3546,6832,543.3,811,10,5,329,119580.95
2025-05-09,LM-SSA,7591,6750,7167,7591,6965,3674,6832,543.0,841,9,12,327,115487.36
2025-05-10,LM-SSA,6030,5351,5683,6030,5439,2851,5427,431.1,679,6,4,260,99017.82
2025-05-11,LM-SSA,5659,4988,5299,5659,5139,2756,5093,404.3,671,7,6,230,99872.72
2025-05-12,LM-SSA,6565,5868,6229,6565,5977,3131,5908,468.7,697,13,14,293,109464.77
2025-05-13,LM-SSA,6592,5926,6289,6592,6058,3206,5933,470.4,666,8,6,271,103524.19
2025-05-14,LM-SSA,6243,5587,5930,6243,5716,3101,5619,445.2,656,10,5,280,99921.97
2025-05-15,LM-SSA,6088,5383,5717,6088,5482,3034,5479,433.9,705,7,9,310,99328.13
2025-05-16,LM-SSA,5581,4958,5265,5581,5072,2666,5023,397.6,623,7,8,224,91514.33
2025-05-17,LM-SSA,5190,4604,4890,5190,4708,2520,4671,369.5,586,5,5,241,82704.57
2025-05-18,LM-SSA,4638,4120,4375,4638,4173,2137,4174,330.0,518,6,7,208,78746.54
2025-05-19,LM-SSA,7492,6666,7078,7492,6785,3508,6743,532.9,826,7,11,350,120248.52
2025-05-20,LM-SSA,7495,6674,7086,7495,6882,3617,6746,532.8,821,13,4,312,123032.0
2025-05-21,LM-SSA,6567,5984,6345,6567,5645,3137,5910,466.6,583,4,9,428,111815.41
2025-05-22,LM-SSA,6534,5825,6184,6534,5929,3096,5881,464.0,709,11,9,267,106239.34
2025-05-23,LM-SSA,6022,5310,5641,6022,5462,2837,5420,427.4,712,4,9,258,105276.96
2025-05-24,LM-SSA,4990,4505,4779,4990,4484,2346,4491,354.0,485,9,8,219,82190.73
2025-05-25,LM-SSA,4995,4479,4753,4995,4474,2426,4496,354.2,516,9,3,238,80189.92
2025-05-26,LM-SSA,7286,6571,6972,7286,6709,3527,6557,516.4,715,10,5,276,117564.71
2025-05-27,LM-SSA,6801,6091,6465,6801,6244,3303,6121,481.8,710,10,6,254,108965.04
2025-05-28,LM-SSA,7222,6540,6937,7222,6271,3435,6500,511.4,682,7,9,472,111888.9
2025-05-29,LM-SSA,6786,6091,6464,6786,6198,3306,6107,480.3,695,17,10,314,98421.46
2025-05-30,LM-SSA,6513,5883,6241,6513,5961,3140,5862,460.8,630,1,7,280,102994.84
2025-05-31,LM-SSA,5523,4988,5292,5523,4990,2671,4971,390.6,535,3,5,257,84025.8
2025-06-01,LM-SSA,5313,4751,5043,5313,4724,2554,4782,375.6,562,8,11,290,84089.94
2025-06-02,LM-SSA,8198,7365,7815,8198,7218,3747,7378,579.3,833,11,14,438,138300.76
2025-06-03,LM-SSA,7485,6776,7187,7485,6570,3602,6736,528.7,709,7,5,408,119924.45
2025-06-04,LM-SSA,7253,6533,6932,7253,6715,3532,6528,512.1,720,8,7,245,123875.92
2025-06-05,LM-SSA,6975,6309,6692,6975,6358,3368,6278,492.3,666,9,7,295,111433.01
2025-06-06,LM-SSA,6631,6064,6428,6631,6013,3126,5968,467.8,567,6,5,300,110088.97
2025-06-07,LM-SSA,5540,4954,5258,5540,4983,2642,4986,390.7,586,3,7,241,90089.25
2025-06-08,LM-SSA,5189,4647,4932,5189,4599,2471,4670,365.8,542,2,3,288,83585.55
2025-06-09,LM-SSA,8190,7264,7715,8190,7269,3728,7371,577.2,926,10,14,415,140058.11
2025-06-10,LM-SSA,7821,6965,7395,7821,6818,3711,7039,551.0,856,10,11,472,136421.99
2025-06-11,LM-SSA,7079,6322,6712,7079,6546,3426,6371,498.5,757,10,8,272,114207.19
2025-06-12,LM-SSA,7298,6573,6974,7298,6657,3558,6568,513.8,725,16,9,316,114862.93
2025-06-13,LM-SSA,6993,6270,6655,6993,6370,3358,6294,492.1,723,5,5,313,113930.56
2025-06-14,LM-SSA,5599,5008,5316,5599,5068,2684,5039,393.9,591,5,11,268,92350.58
2025-06-15,LM-SSA,5606,5030,5338,5606,5072,2700,5045,394.2,576,7,8,272,93065.48
2025-06-16,LM-SSA,8705,7787,8266,8705,7659,4001,7834,612.0,918,10,10,465,142664.37
2025-06-17,LM-SSA,8211,7363,7814,8211,7466,3912,7390,577.1,848,8,5,350,130401.76
2025-06-18,LM-SSA,7379,6556,6962,7379,6767,3587,6641,518.4,823,8,12,284,128244.36
2025-06-19,LM-SSA,7618,6921,7340,7618,6782,3548,6856,535.1,697,6,10,404,120294.05
2025-06-20,LM-SSA,7492,6723,7135,7492,6789,3607,6743,526.0,769,10,4,347,121525.75
2025-06-21,LM-SSA,6444,5767,6122,6444,5758,3049,5800,452.3,677,9,8,303,108858.73
2025-06-22,LM-SSA,5976,5363,5692,5976,5460,2845,5378,419.4,613,9,4,265,94408.74
2025-06-23,LM-SSA,8737,7804,8284,8737,7787,4245,7863,612.9,933,8,6,449,142710.11
2025-06-24,LM-SSA,8196,7436,7886,8196,7623,3894,7376,574.8,760,6,9,286,135412.5
2025-06-25,LM-SSA,8082,7189,7634,8082,7146,3829,7274,566.7,893,21,12,420,133114.45
2025-06-26,LM-SSA,7885,7099,7533,7885,7286,3709,7096,552.7,786,7,9,288,130227.19
2025-06-27,LM-SSA,7638,6958,7378,7638,6812,3635,6874,535.2,680,9,6,391,122797.91
2025-06-28,LM-SSA,6509,5821,6179,6509,5878,3015,5858,456.0,688,5,5,296,107227.17
2025-06-29,LM-SSA,6368,5636,5986,6368,5842,3103,5731,446.0,732,11,6,264,102159.32
2025-06-30,LM-SSA,9197,8268,8774,9197,8364,4555,8277,644.0,929,8,9,369,142275.79
2025-07-01,LM-SSA,8883,7983,8471,8883,8208,4309,7995,621.8,900,10,13,320,141806.46
2025-07-02,LM-SSA,8450,7598,8063,8450,7790,4131,7605,591.4,852,8,12,318,137784.41
2025-07-03,LM-SSA,7846,7028,7459,7846,7127,3739,7061,549.0,818,9,8,343,130222.28
2025-07-04,LM-SSA,7214,6507,6904,7214,6522,3447,6493,504.6,707,13,10,315,121784.57
2025-07-05,LM-SSA,7035,6375,6762,7035,6243,3417,6332,492.0,660,6,11,350,119648.63
2025-07-06,LM-SSA,6432,5765,6119,6432,5895,3075,5789,449.7,667,5,7,258,100223.92
2025-07-07,LM-SSA,8870,8000,8488,8870,7877,4186,7983,620.0,870,6,12,432,139906.48
2025-07-08,LM-SSA,8675,7769,8246,8675,7676,3990,7808,606.3,906,8,8,419,139622.11
2025-07-09,LM-SSA,8664,7931,8407,8664,7908,4121,7798,605.4,733,11,6,358,141434.88
2025-07-10,LM-SSA,8221,7465,7917,8221,7499,3950,7399,574.3,756,7,11,348,133068.28
2025-07-11,LM-SSA,7775,7108,7535,7775,7170,3672,6998,543.0,667,13,12,310,128454.94
2025-07-12,LM-SSA,7196,6527,6923,7196,6260,3431,6476,502.5,669,6,3,410,118069.76
2025-07-13,LM-SSA,6310,5628,5975,6310,5831,3103,5679,440.5,682,6,8,248,105365.33
2025-07-14,LM-SSA,9421,8439,8958,9421,8409,4473,8479,657.6,982,15,10,489,147030.43
2025-07-15,LM-SSA,9203,8336,8842,9203,8216,4444,8283,642.2,867,11,12,472,149955.48
2025-07-16,LM-SSA,8778,7891,8373,8778,7857,4200,7900,612.4,887,10,8,432,143865.06
2025-07-17,LM-SSA,8668,7853,8329,8668,8053,4378,7801,604.7,815,7,14,327,141680.7
2025-07-18,LM-SSA,8382,7543,8004,8382,7777,3970,7544,584.6,839,12,9,308,136398.91
2025-07-19,LM-SSA,7085,6426,6816,7085,6622,3543,6376,494.0,659,9,4,245,120637.32
2025-07-20,LM-SSA,6831,6251,6627,6831,6251,3357,6148,476.2,580,11,4,284,110530.58
2025-07-21,LM-SSA,9846,8784,9326,9846,8854,4670,8861,686.3,1062,19,19,503,155459.35
2025-07-22,LM-SSA,9383,8353,8869,9383,8485,4555,8445,653.9,1030,13,12,438,148293.97
2025-07-23,LM-SSA,8906,8012,8502,8906,8168,4373,8015,620.6,894,9,3,393,142708.99
2025-07-24,LM-SSA,8793,7925,8408,8793,8123,4410,7914,612.6,868,15,9,333,138221.86
2025-07-25,LM-SSA,8544,7672,8142,8544,7989,4231,7690,595.2,872,7,14,316,146590.15
2025-07-26,LM-SSA,7344,6642,7046,7344,6674,3456,6610,511.5,702,9,7,315,124706.33
2025-07-27,LM-SSA,6885,6193,6571,6885,6292,3370,6196,479.4,692,6,7,267,110302.22
2025-07-28,LM-SSA,9880,8855,9398,9880,8786,4853,8892,687.9,1025,12,4,535,163286.06
2025-07-29,LM-SSA,9602,8678,9206,9602,8556,4843,8642,668.4,924,8,14,502,154609.85
2025-07-30,LM-SSA,9067,8228,8727,9067,8051,4314,8160,631.1,839,18,9,470,146150.77
2025-07-31,LM-SSA,8986,8119,8613,8986,8445,4597,8087,625.3,867,7,14,286,143205.64
2025-08-01,LM-SSA,9162,8387,8890,9162,8150,4452,8246,637.5,775,10,3,494,150692.47
2025-08-02,LM-SSA,7229,6504,6902,7229,6577,3406,6506,502.9,725,7,2,295,117151.34
2025-08-03,LM-SSA,7130,6388,6780,7130,6494,3601,6417,496.0,742,13,8,311,115012.12
2025-08-04,LM-SSA,10778,9744,10337,10778,9378,5099,9700,749.6,1034,17,8,634,173056.36
2025-08-05,LM-SSA,9819,8738,9278,9819,8792,4856,8837,682.8,1081,17,12,475,165872.75
2025-08-06,LM-SSA,10028,9187,9738,10028,8642,4707,9025,697.3,841,11,7,590,157883.86
2025-08-07,LM-SSA,8993,8220,8714,8993,8320,4532,8094,625.2,773,8,4,329,142883.48
2025-08-08,LM-SSA,8782,8006,8489,8782,8160,4358,7904,610.5,776,10,11,312,139396.36
2025-08-09,LM-SSA,7306,6475,6877,7306,6659,3536,6575,507.8,831,6,4,305,122414.37
2025-08-10,LM-SSA,7082,6370,6760,7082,6390,3397,6374,492.2,712,3,6,291,121049.37
2025-08-11,LM-SSA,10693,9648,10236,10693,9311,5082,9624,743.0,1045,12,12,588,170388.11
2025-08-12,LM-SSA,10279,9283,9849,10279,9097,4910,9251,714.1,996,11,10,553,174454.5
2025-08-13,LM-SSA,9560,8674,9200,9560,8403,4473,8604,664.1,886,14,9,488,160581.2
2025-08-14,LM-SSA,9704,8831,9365,9704,8705,4617,8734,674.0,873,12,14,520,152576.72
2025-08-15,LM-SSA,8824,8066,8551,8824,7665,4433,7942,612.8,758,13,10,509,143724.32
2025-08-16,LM-SSA,7573,6876,7293,7573,6941,3695,6816,525.9,697,5,9,339,118798.65
2025-08-17,LM-SSA,7999,7213,7653,7999,7398,3971,7199,555.4,786,11,6,313,128837.21
2025-08-18,LM-SSA,10951,9849,10451,10951,9728,5263,9856,760.3,1102,13,12,580,170744.45
2025-08-19,LM-SSA,9915,9002,9547,9915,8460,4867,8924,688.3,913,2,19,647,158811.03
2025-08-20,LM-SSA,9397,8406,8922,9397,8343,4652,8457,652.3,991,7,19,502,152211.41
2025-08-21,LM-SSA,9154,8254,8758,9154,8075,4397,8239,635.3,900,18,8,489,144663.76
2025-08-22,LM-SSA,9311,8513,9025,9311,8302,4463,8380,646.2,798,7,7,471,152477.58
2025-08-23,LM-SSA,7702,6990,7414,7702,6997,3694,6932,534.4,712,5,11,344,129263.37
2025-08-24,LM-SSA,7473,6804,7215,7473,6961,3647,6726,518.5,669,8,9,270,123004.33
2025-08-25,LM-SSA,10971,9891,10494,10971,9440,5346,9874,761.1,1080,9,9,645,171675.19
2025-08-26,LM-SSA,10617,9662,10246,10617,9572,5162,9555,736.5,955,13,17,512,178469.45
2025-08-27,LM-SSA,9510,8623,9146,9510,8550,4579,8559,659.6,887,9,14,422,155265.33
2025-08-28,LM-SSA,9269,8493,9002,9269,8308,4473,8342,642.9,776,11,10,454,146080.49
2025-08-29,LM-SSA,9244,8322,8830,9244,8233,4631,8320,641.1,922,11,13,513,149699.45
2025-08-30,LM-SSA,8102,7276,7722,8102,6988,3871,7292,561.8,826,12,7,496,137127.22
2025-08-31,LM-SSA,7654,6820,7241,7654,6671,3751,6889,530.7,834,11,9,405,125113.88
2025-09-01,LM-SSA,10864,9796,10394,10864,9315,5271,9778,753.2,1068,15,11,700,173798.37
2025-09-02,LM-SSA,10774,9801,10394,10774,9665,5295,9697,746.9,973,16,15,501,174020.66
2025-09-03,LM-SSA,9703,8850,9384,9703,8703,4706,8733,672.6,853,11,15,494,150595.99
2025-09-04,LM-SSA,9611,8685,9213,9611,8570,4829,8650,666.2,926,9,13,506,152393.09
2025-09-05,LM-SSA,9013,8229,8724,9013,8287,4507,8112,624.7,784,10,8,336,148582.13
2025-09-06,LM-SSA,8431,7634,8098,8431,7701,4152,7588,584.3,797,8,4,344,136275.33
2025-09-07,LM-SSA,7858,7035,7467,7858,7355,3863,7072,544.5,823,9,14,274,126836.71
2025-09-08,LM-SSA,11599,10359,10997,11599,9669,5452,10439,803.7,1240,12,12,829,189341.93
2025-09-09,LM-SSA,11157,9951,10565,11157,9523,5515,10041,773.0,1206,15,9,670,186480.29
2025-09-10,LM-SSA,11115,9936,10547,11115,9528,5457,10004,770.0,1179,13,15,730,195934.81
2025-09-11,LM-SSA,9347,8531,9045,9347,8696,4831,8412,647.5,816,6,13,346,137999.87
2025-09-12,LM-SSA,9220,8416,8923,9220,8366,4577,8298,638.7,804,10,10,440,148940.94
2025-09-13,LM-SSA,8011,7262,7703,8011,7300,4007,7210,554.9,749,14,12,360,128715.8
2025-09-14,LM-SSA,7572,6803,7219,7572,6987,3593,6815,524.4,769,5,10,278,128071.56
2025-09-15,LM-SSA,11095,9873,10483,11095,9719,5475,9986,768.4,1222,27,11,602,180763.29
2025-09-16,LM-SSA,10737,9739,10330,10737,7369,4920,9663,743.5,998,14,7,1344,171688.07
2025-09-17,LM-SSA,9832,8904,9444,9832,6978,4604,8849,680.8,928,10,10,1088,158290.39
2025-09-18,LM-SSA,10207,9200,9762,10207,7113,4355,9186,706.7,1007,14,17,1193,173182.58
2025-09-19,LM-SSA,9620,8729,9258,9620,8507,4552,8658,666.0,891,20,11,505,147697.14
2025-09-20,LM-SSA,8446,7641,8106,8446,7715,4238,7601,584.7,805,9,9,338,138282.27
2025-09-21,LM-SSA,8057,7252,7695,8057,7226,3987,7251,557.8,805,7,6,378,132768.57
2025-09-22,LM-SSA,11941,10419,11076,11941,9533,5466,10747,826.6,1522,13,11,984,206667.05
2025-09-23,LM-SSA,10861,9799,10396,10861,9499,5353,9775,751.8,1062,17,11,604,169963.79
2025-09-24,LM-SSA,11187,9993,10608,11187,9646,5405,10068,774.3,1194,19,15,674,179579.1
2025-09-25,LM-SSA,10313,9297,9864,10313,9485,5046,9282,713.8,1016,14,5,412,170162.64
2025-09-26,LM-SSA,9102,8221,8722,9102,8380,4444,8192,629.9,881,15,14,373,146267.55
2025-09-27,LM-SSA,8125,7344,7791,8125,7531,3994,7312,562.3,781,14,11,284,125605.43
2025-09-28,LM-SSA,7536,6783,7198,7536,6795,3667,6782,521.5,753,10,5,326,126090.57
2025-09-29,LM-SSA,11861,10512,11164,11861,9813,5491,10675,820.7,1349,7,14,833,194608.85
2025-09-30,LM-SSA,11106,9943,10554,11106,9771,5640,9995,768.4,1163,12,21,602,176674.95
2025-10-01,LM-SSA,10380,9407,9978,10380,9088,5241,9342,718.2,973,9,18,575,163156.73
2025-10-02,LM-SSA,11095,9894,10504,11095,9959,5607,9986,767.6,1201,15,14,504,183142.98
2025-10-03,LM-SSA,10055,9055,9608,10055,9335,5021,9050,695.6,1000,13,18,401,157445.85
2025-10-04,LM-SSA,8748,7941,8422,8748,7707,4221,7873,605.2,807,15,9,468,143637.99
2025-10-05,LM-SSA,7864,7035,7467,7864,6926,3723,7078,544.0,829,15,9,420,139871.34
2025-10-06,LM-SSA,11587,10389,11026,11587,10107,5753,10428,801.5,1198,9,13,682,182150.23
2025-10-07,LM-SSA,11311,10151,10773,11311,9704,5463,10180,782.3,1160,16,16,731,193888.27
2025-10-08,LM-SSA,10752,9724,10315,10752,9820,5544,9677,743.6,1028,12,10,455,181250.7
2025-10-09,LM-SSA,9815,8909,9449,9815,9039,4914,8834,678.8,906,15,7,387,156511.64
2025-10-10,LM-SSA,9926,8890,9436,9926,9227,4984,8933,686.4,1036,5,11,364,160406.95
2025-10-11,LM-SSA,8642,7835,8310,8642,7755,4199,7778,597.6,807,9,8,371,138202.52
2025-10-12,LM-SSA,8169,7289,7738,8169,7436,4217,7352,564.9,880,9,12,385,134938.89
2025-10-13,LM-SSA,11809,10505,11155,11809,9788,5429,10628,816.6,1304,15,13,842,193664.07
2025-10-14,LM-SSA,11219,9974,10591,11219,10080,5564,10097,775.7,1245,17,8,518,181593.91
2025-10-15,LM-SSA,10751,9781,10373,10751,9634,5245,9676,743.3,970,13,14,504,170628.33
2025-10-16,LM-SSA,10658,9564,10150,10658,9510,5370,9592,736.9,1094,10,8,568,170019.62
2025-10-17,LM-SSA,10324,9338,9906,10324,9207,5111,9292,713.7,986,8,10,557,172025.92
2025-10-18,LM-SSA,9072,8208,8707,9072,8516,4504,8165,627.2,864,11,8,280,143120.79
2025-10-19,LM-SSA,8242,7456,7909,8242,7307,4092,7418,569.8,786,12,8,435,131409.31
2025-10-20,LM-SSA,12103,10665,11330,12103,9834,5948,10893,836.6,1438,31,19,911,203450.02
2025-10-21,LM-SSA,11747,10303,10949,11747,9981,5757,10572,812.0,1444,5,13,778,190989.52
2025-10-22,LM-SSA,11179,9876,10491,11179,9483,5511,10061,772.7,1303,13,10,728,179584.12
2025-10-23,LM-SSA,10584,9518,10100,10584,9713,5413,9526,731.6,1066,16,13,418,170382.95
2025-10-24,LM-SSA,10509,9581,10159,10509,9055,5106,9458,726.3,928,11,13,629,179627.53
2025-10-25,LM-SSA,9144,8244,8747,9144,8129,4683,8230,632.0,900,7,18,484,144375.37
2025-10-26,LM-SSA,8804,7922,8407,8804,8175,4432,7924,608.5,882,8,7,287,148600.75
2025-10-27,LM-SSA,13213,11452,12178,13213,9993,6176,11892,913.1,1761,19,13,1318,214576.55
2025-10-28,LM-SSA,11345,10047,10671,11345,9683,5764,10210,784.0,1298,28,14,710,188173.35
2025-10-29,LM-SSA,11073,10022,10631,11073,9905,5479,9966,765.2,1051,13,15,584,176986.17
2025-10-30,LM-SSA,10871,9737,10335,10871,9435,5420,9784,751.2,1134,13,14,638,182123.17
2025-10-31,LM-SSA,10304,9243,9809,10304,9237,4950,9274,712.0,1061,14,12,469,161344.32
2025-11-01,LM-SSA,8736,7953,8434,8736,8023,4268,7862,603.6,783,8,9,321,138014.32
2025-11-02,LM-SSA,8073,7337,7781,8073,7424,4141,7266,557.8,736,7,13,317,128384.24
2025-11-03,LM-SSA,12615,10858,11552,12615,9675,5865,11354,871.6,1757,16,17,1131,211121.9
2025-11-04,LM-SSA,11509,10073,10705,11509,9983,5748,10358,795.2,1436,18,13,670,189780.16
2025-11-05,LM-SSA,11220,10038,10655,11220,9644,5664,10098,775.2,1182,18,6,656,173628.79
2025-11-06,LM-SSA,10678,9645,10232,10678,9634,5218,9610,737.7,1033,12,16,432,168165.56
2025-11-07,LM-SSA,10048,9223,9776,10048,8935,5242,9043,694.2,825,18,5,512,170590.21
2025-11-08,LM-SSA,9107,8157,8658,9107,8343,4494,8196,629.1,950,12,14,389,148695.77
2025-11-09,LM-SSA,8651,7810,8285,8651,8076,4417,7786,597.6,841,10,11,309,132052.37
2025-11-10,LM-SSA,12964,11131,11844,12964,9732,6223,11668,895.5,1833,22,9,1278,219235.36
2025-11-11,LM-SSA,12864,11075,11783,12864,10312,6214,11578,888.6,1789,15,10,1074,213768.11
2025-11-12,LM-SSA,11412,10126,10754,11412,9607,5647,10271,788.3,1286,24,21,783,188845.19
2025-11-13,LM-SSA,11285,10053,10673,11285,9886,5516,10156,779.5,1232,19,12,658,187553.12
2025-11-14,LM-SSA,10159,9176,9735,10159,9160,5051,9143,701.7,983,8,10,472,160333.7
2025-11-15,LM-SSA,8715,7901,8380,8715,8052,4438,7844,601.9,814,17,7,340,143268.73
2025-11-16,LM-SSA,9174,8355,8860,9174,8404,4686,8257,633.6,819,7,7,373,152655.89
2025-11-17,LM-SSA,12420,10842,11525,12420,9664,5743,11178,857.8,1578,13,6,1118,202996.12
2025-11-18,LM-SSA,11629,10273,10912,11629,9535,5692,10466,803.2,1356,16,11,905,197895.93
2025-11-19,LM-SSA,11400,10258,10885,11400,9888,5574,10260,787.3,1142,11,14,649,176060.8
2025-11-20,LM-SSA,11172,10043,10657,11172,10094,5529,10055,771.6,1129,9,14,492,185636.63
2025-11-21,LM-SSA,10325,9360,9928,10325,9231,5296,9292,713.0,965,9,13,517,162120.72
2025-11-22,LM-SSA,9118,8196,8698,9118,8273,4568,8206,629.7,922,10,12,415,138653.65
2025-11-23,LM-SSA,9156,8358,8861,9156,8125,4566,8240,632.3,798,10,10,470,142422.15
2025-11-24,LM-SSA,32745,26851,28652,32745,21771,14981,29470,2261.2,5894,83,40,4197,522960.04
2025-11-25,LM-SSA,30143,25629,27287,30143,23744,14600,27129,2081.5,4514,50,36,2600,523984.59
2025-11-26,LM-SSA,30957,25808,27511,30957,23431,14601,27861,2137.7,5149,60,28,2970,507889.31
2025-11-27,LM-SSA,29928,25167,26813,29928,23104,14223,26935,2066.6,4761,53,35,2792,507801.27
2025-11-28,LM-SSA,27379,23536,25042,27379,22275,13040,24641,1890.5,3843,38,27,2080,446418.21
2025-11-29,LM-SSA,22850,20686,21943,22850,21067,11627,20565,1577.7,2164,23,32,952,389673.89
2025-11-30,LM-SSA,22440,20142,21376,22440,20620,11432,20196,1549.4,2298,24,20,946,359916.6
2025-12-01,LM-SSA,33950,27198,29065,33950,21980,15607,30555,2344.1,6752,90,24,4649,583701.26
2025-12-02,LM-SSA,12805,11127,11831,12805,10181,6304,11524,884.1,1678,19,9,937,206497.52
2025-12-03,LM-SSA,11212,10085,10702,11212,9489,5439,10091,774.1,1127,12,17,742,186524.91
2025-12-04,LM-SSA,11387,10092,10718,11387,9859,5764,10248,786.2,1295,17,16,664,185629.06
2025-12-05,LM-SSA,11121,9774,10386,11121,9619,5395,10009,767.8,1347,21,12,666,186004.57
2025-12-06,LM-SSA,8607,7713,8186,8607,7870,4380,7746,594.2,894,14,12,372,133899.54
2025-12-07,LM-SSA,9267,8521,9030,9267,8492,4805,8340,639.8,746,10,8,366,151521.35
2025-12-08,LM-SSA,19617,16501,17580,19617,13883,9341,17655,1354.3,3116,45,19,2168,329199.43
2025-12-09,LM-SSA,19467,16303,17373,19467,14675,9311,17520,1343.9,3164,32,25,1949,310209.99
2025-12-10,LM-SSA,18354,15865,16874,18354,14269,8985,16519,1267.1,2489,26,12,1744,285141.03
2025-12-11,LM-SSA,18541,15784,16803,18541,14153,8885,16687,1279.9,2757,28,12,1771,321357.19
2025-12-12,LM-SSA,17319,15019,15971,17319,13882,8286,15587,1195.6,2300,17,20,1415,290709.63
2025-12-13,LM-SSA,13463,12201,12942,13463,11960,6919,12117,929.4,1262,17,19,728,221930.6
2025-12-14,LM-SSA,13602,12314,13062,13602,12361,6562,12242,938.9,1288,14,12,588,231298.16
2025-12-15,LM-SSA,20746,16893,18034,20746,14602,9722,18671,1432.1,3853,56,16,2352,360534.18
2025-12-16,LM-SSA,19281,16254,17314,19281,14830,9113,17353,1330.9,3027,41,16,1791,335505.64
2025-12-17,LM-SSA,18665,15807,16834,18665,14388,8915,16798,1288.4,2858,32,20,1717,301154.35
2025-12-18,LM-SSA,18518,15903,16922,18518,14257,9272,16666,1278.2,2615,35,9,1707,307564.32
2025-12-19,LM-SSA,17505,15237,16199,17505,14457,8677,15754,1208.3,2268,29,26,1256,311990.07
2025-12-20,LM-SSA,14702,13408,14217,14702,13053,7299,13232,1014.8,1294,10,13,708,242708.29
2025-12-21,LM-SSA,8513,7629,8097,8513,7624,4138,7662,587.6,884,13,14,433,126281.76
2025-12-22,LM-SSA,13221,11323,12050,13221,9763,6122,11899,912.5,1898,21,13,1362,221251.12
2025-12-23,LM-SSA,12817,11001,11706,12817,10137,6303,11535,884.6,1816,19,11,1087,209099.54
2025-12-24,LM-SSA,11490,10288,10920,11490,9635,5605,10341,793.0,1202,18,9,761,182383.84
2025-12-25,LM-SSA,11985,10362,11022,11985,9756,5828,10786,827.2,1623,16,19,878,205518.69
2025-12-26,LM-SSA,11507,10339,10971,11507,9995,5709,10356,794.2,1168,15,14,665,184869.36
2025-12-27,LM-SSA,9681,8819,9352,9681,8864,4838,8713,668.2,862,8,12,391,158209.54
2025-12-28,LM-SSA,8195,7424,7875,8195,7646,4352,7376,565.6,771,10,7,266,130145.82
2025-12-29,LM-SSA,12943,11277,11989,12943,9904,6210,11649,893.3,1666,19,15,1257,215562.18
2025-12-30,LM-SSA,13580,11453,12200,13580,9943,6452,12222,937.2,2127,31,10,1455,231577.01
2025-12-31,LM-SSA,11815,10556,11205,11815,9645,5990,10634,815.4,1259,14,9,892,194924.88
2026-01-01,LM-SSA,11003,9963,10568,11003,9800,5532,9903,759.4,1040,14,6,526,176868.94
2026-01-02,LM-SSA,11732,10382,11027,11732,9830,5736,10559,809.7,1350,25,14,817,194311.63
2026-01-03,LM-SSA,9722,8905,9440,9722,8614,4903,8750,670.9,817,2,15,520,166667.46
2026-01-04,LM-SSA,9613,8721,9250,9613,8899,4794,8652,663.4,892,6,13,358,160354.88
2026-01-05,LM-SSA,13793,11652,12411,13793,10267,6569,12414,951.9,2141,26,10,1440,228478.09
2026-01-06,LM-SSA,13050,11340,12057,13050,10576,6364,11745,900.6,1710,17,9,1037,208720.73
2026-01-07,LM-SSA,12298,10783,11459,12298,10181,6024,11068,848.7,1515,8,11,896,191825.22
2026-01-08,LM-SSA,12211,10677,11349,12211,10342,6190,10990,842.7,1534,25,13,787,191433.93
2026-01-09,LM-SSA,12240,10833,11506,12240,10164,6056,11016,844.6,1407,14,10,841,190581.2
2026-01-10,LM-SSA,10130,9187,9744,10130,9140,5179,9117,699.0,943,21,5,448,156453.58
2026-01-11,LM-SSA,8813,7979,8464,8813,8287,4581,7932,608.1,834,7,12,306,145012.94
2026-01-12,LM-SSA,13985,11890,12659,13985,10513,6723,12586,965.0,2095,32,19,1349,240183.54
2026-01-13,LM-SSA,13464,11556,12297,13464,10795,6526,12118,929.1,1908,11,14,1092,220369.76
2026-01-14,LM-SSA,12756,11113,11815,12756,10343,6043,11480,880.2,1643,21,15,996,211120.94
2026-01-15,LM-SSA,11835,10690,11341,11835,10367,5855,10652,816.7,1145,16,8,643,196712.7
2026-01-16,LM-SSA,11893,10666,11320,11893,10415,5949,10704,820.6,1227,17,11,639,197389.12
2026-01-17,LM-SSA,10195,9231,9792,10195,9370,5293,9176,703.5,964,14,9,375,167854.37
2026-01-18,LM-SSA,10249,9173,9737,10249,9310,5273,9224,707.2,1076,17,6,431,172614.56
2026-01-19,LM-SSA,13514,11787,12530,13514,10773,6762,12163,932.5,1727,19,18,1202,227065.42
2026-01-20,LM-SSA,12817,11233,11938,12817,10540,6318,11535,884.4,1584,20,14,948,205571.14
2026-01-21,LM-SSA,12205,10867,11538,12205,10907,6516,10984,842.1,1338,18,13,582,201457.99
2026-01-22,LM-SSA,11901,10767,11421,11901,10674,6196,10711,821.2,1134,18,8,606,204252.3
2026-01-23,LM-SSA,11157,10040,10653,11157,10031,5601,10041,769.8,1117,7,13,525,180508.94
2026-01-24,LM-SSA,8988,8132,8627,8988,7921,4530,8089,620.2,856,5,10,502,149213.2
2026-01-25,LM-SSA,9331,8451,8964,9331,8610,4754,8398,643.8,880,19,11,358,160372.83
2026-01-26,LM-SSA,14167,12216,12995,14167,10964,6936,12750,977.5,1951,18,14,1288,231298.16
2026-01-27,LM-SSA,12921,11453,12164,12921,11041,6535,11629,891.5,1468,15,13,806,203546.3
2026-01-28,LM-SSA,13273,11704,12434,13273,10959,6650,11946,915.8,1569,16,9,981,217920.15
2026-01-29,LM-SSA,12207,11073,11744,12207,10618,5903,10986,842.2,1134,13,16,670,194926.16
2026-01-30,LM-SSA,12128,10972,11639,12128,10821,6074,10915,836.8,1156,16,13,651,197495.39
2026-01-31,LM-SSA,10118,9264,9820,10118,9335,5112,9106,698.1,854,15,9,416,157589.85
2026-02-01,LM-SSA,9824,8873,9413,9824,8716,4996,8842,677.8,951,12,8,519,154229.27
2026-02-02,LM-SSA,14229,12327,13110,14229,11659,6874,12806,981.7,1902,24,14,1058,234320.95
2026-02-03,LM-SSA,13882,12347,13111,13882,11279,6744,12494,957.8,1535,17,22,1090,224045.36
2026-02-04,LM-SSA,12550,11219,11909,12550,11086,6208,11295,865.9,1331,17,13,677,214904.65
2026-02-05,LM-SSA,12506,11213,11901,12506,11256,6409,11255,862.8,1293,9,13,595,199737.98
2026-02-06,LM-SSA,11840,10687,11338,11840,10930,6323,10656,816.9,1153,14,9,446,190367.69
2026-02-07,LM-SSA,9999,9163,9713,9999,9259,5242,8999,689.8,836,15,15,345,163969.76
2026-02-08,LM-SSA,9755,8864,9400,9755,8590,5047,8780,673.0,891,13,10,524,170962.27
2026-02-09,LM-SSA,15306,13148,13990,15306,11645,7684,13775,1056.0,2158,24,12,1498,252559.04
2026-02-10,LM-SSA,13219,11762,12489,13219,11761,6841,11897,912.0,1457,21,10,663,222788.67
2026-02-11,LM-SSA,12803,11446,12150,12803,11598,6630,11523,883.3,1357,13,12,543,206535.8
2026-02-12,LM-SSA,12928,11527,12238,12928,11303,6319,11635,891.9,1401,19,11,760,203171.08
2026-02-13,LM-SSA,12246,11056,11729,12246,10953,6375,11021,844.8,1190,12,13,587,194479.08
2026-02-14,LM-SSA,10179,9285,9845,10179,9433,5220,9161,702.2,894,13,11,375,163363.56
2026-02-15,LM-SSA,8880,8026,8515,8880,8014,4589,7992,612.6,854,8,13,417,151877.31
2026-02-16,LM-SSA,14558,12744,13545,14558,11738,7279,13102,1004.3,1814,20,14,1183,246158.9
2026-02-17,LM-SSA,12399,11048,11730,12399,11216,6341,11159,855.4,1351,14,12,567,207528.47
2026-02-18,LM-SSA,13363,11930,12665,13363,11675,6787,12027,921.9,1433,22,13,712,215593.17
2026-02-19,LM-SSA,12547,11298,11988,12547,11136,6199,11292,865.6,1249,18,20,644,200778.72
2026-02-20,LM-SSA,12276,11130,11805,12276,10993,6143,11048,846.9,1146,16,18,596,193886.28
2026-02-21,LM-SSA,9925,9099,9645,9925,8870,5078,8932,684.7,826,7,8,481,164042.45
2026-02-22,LM-SSA,9228,8416,8923,9228,8317,4552,8305,636.6,812,10,11,402,153987.56
2026-02-23,LM-SSA,14533,12725,13525,14533,11866,7438,13080,1002.6,1808,26,12,1137,246218.72
2026-02-24,LM-SSA,13523,12007,12751,13523,11929,6868,12171,932.9,1516,19,17,680,212796.11
2026-02-25,LM-SSA,12580,11421,12113,12580,11292,6494,11322,867.8,1159,11,17,596,198994.72
2026-02-26,LM-SSA,12599,11415,12107,12599,11467,6305,11339,869.1,1184,11,11,560,217339.71
2026-02-27,LM-SSA,13103,11877,12597,13103,11813,6639,11793,903.9,1226,17,22,628,217466.47
2026-02-28,LM-SSA,10623,9573,10158,10623,9630,5436,9561,732.8,1050,14,15,458,178663.37
2026-03-01,LM-SSA,10189,9272,9833,10189,9508,5102,9170,702.9,917,6,11,390,164536.25
2026-03-02,LM-SSA,14933,13095,13916,14933,12337,7503,13440,1030.1,1838,17,11,1121,252358.89
2026-03-03,LM-SSA,14341,12636,13425,14341,12493,7482,12907,989.3,1705,18,15,836,232896.89
2026-03-04,LM-SSA,12804,11706,12410,12804,11292,6570,11524,883.3,1098,13,14,675,211150.83
2026-03-05,LM-SSA,11740,10649,11294,11740,10529,6088,10566,809.9,1091,8,16,567,190010.24
2026-03-06,LM-SSA,11950,10915,11572,11950,10732,6178,10755,824.3,1035,12,12,561,192847.3
2026-03-07,LM-SSA,10689,9734,10322,10689,9983,5553,9620,737.3,955,15,5,391,173330.75
2026-03-08,LM-SSA,9560,8703,9229,9560,8875,5048,8604,659.5,857,14,9,360,144689.88
2026-03-09,LM-SSA,20321,18173,19291,20321,16699,10305,18289,1401.8,2148,23,20,1572,319919.78
2026-03-10,LM-SSA,18756,16968,17999,18756,16422,9831,16880,1293.8,1788,25,22,1075,315434.43
2026-03-11,LM-SSA,19127,16964,18016,19127,17333,9908,17214,1319.4,2163,29,18,882,319373.62
2026-03-12,LM-SSA,18300,16433,17439,18300,16567,9646,16470,1262.3,1867,25,16,816,303371.92
2026-03-13,LM-SSA,17344,15661,16615,17344,15725,9076,15610,1196.4,1683,24,18,743,270905.1
2026-03-14,LM-SSA,14970,13395,14218,14970,13417,7848,13473,1032.6,1575,23,17,721,240683.83
2026-03-15,LM-SSA,13932,12488,13254,13932,12902,7499,12539,961.0,1444,18,13,541,235006.41
2026-03-16,LM-SSA,14808,13489,14304,14808,13283,7519,13327,1021.4,1319,18,16,692,229651.36
2026-03-17,LM-SSA,13251,12069,12798,13251,12346,7271,11926,914.0,1182,7,16,464,210141.04
2026-03-18,LM-SSA,12069,10991,11654,12069,11207,6542,10862,832.5,1078,9,14,471,186782.43
2026-03-19,LM-SSA,12892,11607,12317,12892,11762,7088,11603,889.3,1285,10,5,542,213770.03
2026-03-20,LM-SSA,12334,11084,11763,12334,11015,6293,11101,850.8,1250,13,8,612,196903.05
2026-03-21,LM-SSA,10983,9917,10521,10983,10102,6031,9885,757.6,1066,10,12,434,185336.91
2026-03-22,LM-SSA,10584,9651,10234,10584,9832,5648,9526,730.1,933,16,7,387,172229.66
2026-03-23,LM-SSA,15619,14029,14888,15619,14025,8537,14057,1077.4,1590,16,21,781,257660.44
2026-03-24,LM-SSA,13432,12227,12966,13432,12559,7459,12089,926.5,1205,10,16,447,220977.42
2026-03-25,LM-SSA,12995,11910,12624,12995,12082,7346,11696,896.4,1085,12,8,511,219497.26
2026-03-26,LM-SSA,13129,11852,12574,13129,11888,7183,11816,905.6,1277,15,15,613,217758.8
2026-03-27,LM-SSA,13366,11989,12724,13366,12432,7070,12029,921.9,1377,21,13,492,225508.47
2026-03-28,LM-SSA,11157,10239,10852,11157,10476,6109,10041,769.6,918,11,6,376,176902.97
2026-03-29,LM-SSA,10496,9536,10113,10496,9705,5823,9446,724.0,960,7,15,400,166706.72
2026-03-30,LM-SSA,14703,13212,14020,14703,13624,8129,13233,1014.2,1491,16,11,547,228812.22
2026-03-31,LM-SSA,13578,12215,12961,13578,12341,7312,12220,936.6,1363,23,21,576,224705.48
2026-04-01,LM-SSA,13611,12418,13166,13611,12686,7656,12250,938.8,1193,22,17,460,217712.39
2026-04-02,LM-SSA,12497,11296,11983,12497,11390,7221,11247,862.0,1201,15,14,530,202359.65
2026-04-03,LM-SSA,12257,11009,11684,12257,11393,6844,11031,845.4,1248,15,14,450,199694.45
2026-04-04,LM-SSA,10636,9549,10134,10636,9774,6032,9572,733.6,1087,10,15,455,175597.91
2026-04-05,LM-SSA,10734,9783,10373,10734,9907,6026,9661,740.4,951,10,11,434,170494.58
2026-04-06,LM-SSA,14818,13494,14309,14818,13521,8128,13336,1022.1,1324,15,9,639,241764.91
2026-04-07,LM-SSA,12900,11849,12559,12900,12049,7085,11610,889.8,1051,11,17,456,199867.41
2026-04-08,LM-SSA,13568,12070,12817,13568,12605,7667,12211,935.9,1498,17,7,497,229075.29
2026-04-09,LM-SSA,12764,11594,12296,12764,11401,7128,11488,880.4,1170,11,9,655,192263.93
2026-04-10,LM-SSA,12460,11241,11926,12460,11554,6990,11214,859.4,1219,18,12,458,194968.99
2026-04-11,LM-SSA,10717,9626,10216,10717,10305,6149,9645,739.2,1091,14,16,268,177035.62
2026-04-12,LM-SSA,10136,9198,9756,10136,9671,5699,9122,699.1,938,12,4,295,166225.51
2026-04-13,LM-SSA,15521,14148,15002,15521,14169,8759,13969,1070.5,1373,13,12,634,254033.73
2026-04-14,LM-SSA,13435,12314,13053,13435,12290,7615,12092,926.7,1121,8,16,529,206799.94
2026-04-15,LM-SSA,13178,12151,12875,13178,12264,7436,11860,908.9,1027,12,12,482,191466.53
2026-04-16,LM-SSA,13485,12175,12917,13485,12612,7578,12136,930.1,1310,16,13,406,226085.64
2026-04-17,LM-SSA,12254,11177,11851,12254,11574,6904,11029,845.2,1077,13,14,360,196439.63
2026-04-18,LM-SSA,10210,9261,9823,10210,9190,6012,9189,704.2,949,7,8,445,166847.85
2026-04-19,LM-SSA,10542,9507,10087,10542,9879,5963,9488,727.1,1035,5,13,350,165042.02
2026-04-20,LM-SSA,15799,14529,15398,15799,14872,9172,14219,1089.7,1270,16,18,445,251479.16
2026-04-21,LM-SSA,14267,13108,13893,14267,12942,8286,12840,984.0,1159,19,15,583,216280.91
2026-04-22,LM-SSA,12581,11505,12197,12581,11595,7402,11323,867.7,1076,10,13,498,198918.04
2026-04-23,LM-SSA,13583,12442,13189,13583,12743,8180,12225,936.9,1141,14,19,411,221958.48
2026-04-24,LM-SSA,11872,10803,11456,11872,11033,6739,10685,818.8,1069,9,12,412,177384.27
2026-04-25,LM-SSA,11007,10076,10681,11007,10082,6368,9906,759.2,931,10,12,461,186603.68
2026-04-26,LM-SSA,10046,9187,9740,10046,9362,5767,9041,692.9,859,7,9,362,153246.49
2026-04-27,LM-SSA,14679,13387,14194,14679,13441,8570,13211,1012.4,1292,13,14,552,229283.87
2026-04-28,LM-SSA,14159,13016,13795,14159,13363,8216,12743,976.6,1143,15,19,444,222084.08
2026-04-29,LM-SSA,13508,12295,13038,13508,12344,7887,12157,931.7,1213,11,16,524,228748.62
2026-04-30,LM-SSA,13040,12022,12739,13040,12317,7576,11736,899.4,1018,14,20,378,204670.26
2026-05-01,LM-SSA,17478,16148,17110,17478,16604,10162,15730,1205.5,1330,14,11,498,280875.35
2026-05-02,LM-SSA,14564,13392,14193,14564,13246,8390,13108,1004.5,1172,18,19,626,222036.83
2026-05-03,LM-SSA,14570,13359,14160,14570,13749,8484,13113,1004.9,1211,13,22,432,226399.05
2026-05-04,LM-SSA,20992,19201,20356,20992,19327,12463,18893,1447.9,1791,24,24,790,331970.29
2026-05-05,LM-SSA,19062,17420,18469,19062,17354,11166,17156,1314.7,1642,19,19,793,283898.27
2026-05-06,LM-SSA,17911,16471,17456,17911,16739,10693,16120,1235.3,1440,16,21,602,271229.93
2026-05-07,LM-SSA,17080,15566,16506,17080,16261,9992,15372,1178.0,1514,12,14,429,264699.75
2026-05-08,LM-SSA,17410,15864,16822,17410,16330,10454,15669,1200.8,1546,16,13,568,278011.1
2026-05-09,LM-SSA,14705,13410,14219,14705,13794,8760,13234,1014.2,1295,17,24,502,230779.97
2026-05-10,LM-SSA,12999,11909,12624,12999,12166,7974,11699,896.6,1090,13,17,407,207784.34
2026-05-11,LM-SSA,15205,13882,14719,15205,13842,9366,13684,1048.7,1323,21,17,627,231859.98
2026-05-12,LM-SSA,14106,12858,13634,14106,13182,8559,12695,972.9,1248,17,21,428,229324.02
2026-05-13,LM-SSA,14528,13295,14094,14528,13613,8884,13075,1002.0,1233,7,14,423,231388.85
2026-05-14,LM-SSA,12706,11688,12387,12706,11845,7638,11435,876.3,1018,13,22,408,195495.15
2026-05-15,LM-SSA,12199,11211,11882,12199,11339,7415,10979,841.4,988,5,8,406,186781.91
2026-05-16,LM-SSA,11530,10643,11277,11530,10526,6903,10377,795.2,887,16,14,447,175929.8
2026-05-17,LM-SSA,11069,10283,10891,11069,10229,6717,9962,763.4,786,9,6,366,166019.93
2026-05-18,LM-SSA,15187,14037,14872,15187,14138,9189,13668,1047.5,1150,14,18,485,230827.58
2026-05-19,LM-SSA,14333,13116,13904,14333,13318,8773,12900,988.6,1217,13,20,439,221401.69
2026-05-20,LM-SSA,14155,13169,13947,14155,13122,8698,12740,976.3,986,10,21,492,218827.88
2026-05-21,LM-SSA,12489,11526,12213,12489,11679,7666,11240,861.4,963,13,18,402,197146.12
2026-05-22,LM-SSA,12086,11190,11854,12086,11124,7407,10877,833.6,896,10,17,444,186647.7
2026-05-23,LM-SSA,11059,10253,10861,11059,9834,6884,9953,762.7,806,6,15,510,162567.16
2026-05-24,LM-SSA,11210,10386,11003,11210,10362,6873,10089,773.2,824,10,10,383,170831.68
2026-05-25,LM-SSA,15452,14494,15343,15452,14608,9692,13907,1065.7,958,7,18,374,239803.63
2026-05-26,LM-SSA,14802,13690,14504,14802,13955,9149,13322,1020.9,1112,15,23,412,238873.48
2026-05-27,LM-SSA,14496,13527,14324,14496,13374,9052,13046,999.8,969,10,14,516,219956.31
2026-05-28,LM-SSA,14690,13616,14424,14690,13683,9247,13221,1013.2,1074,4,12,433,223333.46
2026-05-29,LM-SSA,12746,11825,12526,12746,11658,7999,11471,879.1,921,10,17,501,192871.57
2026-05-30,LM-SSA,11232,10394,11012,11232,10528,7095,10109,774.7,838,15,23,307,171917.44
2026-05-31,LM-SSA,11382,10442,11068,11382,10524,7213,10244,785.0,940,12,5,413,169327.32
2026-06-01,LM-SSA,14948,13935,14758,14948,14098,9233,13453,1031.0,1013,13,16,443,232467.63
2026-06-02,LM-SSA,15375,14347,15193,15375,14293,9452,13838,1060.4,1028,16,7,508,233952.71
2026-06-03,LM-SSA,13530,12298,13042,13530,13059,8753,12177,933.2,1232,16,16,290,220787.63
2026-06-04,LM-SSA,13816,12823,13583,13816,12906,8557,12434,952.9,993,12,10,417,208548.76
2026-06-05,LM-SSA,12979,12060,12774,12979,12079,8186,11681,895.2,919,15,16,463,200829.53
2026-06-06,LM-SSA,10929,10147,10749,10929,10049,6990,9836,753.8,782,4,9,393,162895.36
2026-06-07,LM-SSA,10396,9687,10259,10396,9699,6543,9356,717.0,709,11,14,326,158047.41
2026-06-08,LM-SSA,16041,14854,15737,16041,15117,10101,14437,1106.3,1187,19,21,435,246507.29
2026-06-09,LM-SSA,15454,14375,15225,15454,14383,9612,13909,1065.8,1079,7,24,471,245609.23
2026-06-10,LM-SSA,14052,13226,13998,14052,13036,8953,12647,969.1,826,14,18,460,208007.73
2026-06-11,LM-SSA,13886,12740,13504,13886,12637,8785,12497,957.7,1146,7,12,567,207560.99
2026-06-12,LM-SSA,13434,12531,13270,13434,12620,8794,12091,926.5,903,8,13,369,201919.13
2026-06-13,LM-SSA,10992,10189,10794,10992,10154,7043,9893,758.1,803,14,15,356,156846.8
2026-06-14,LM-SSA,11113,10289,10900,11113,10370,7274,10002,766.4,824,6,12,369,171521.79
2026-06-15,LM-SSA,16444,15435,16340,16444,15584,10774,14800,1134.1,1009,8,21,414,245376.55
2026-06-16,LM-SSA,16395,15249,16150,16395,15052,10607,14756,1130.7,1146,17,24,651,249295.01
2026-06-17,LM-SSA,14016,13012,13782,14016,13140,8905,12614,966.7,1004,19,17,421,207315.59
2026-06-18,LM-SSA,13714,12764,13518,13714,12593,8989,12343,945.8,950,18,10,484,204768.5
2026-06-19,LM-SSA,13608,12548,13297,13608,12698,8682,12247,938.5,1060,6,16,446,208402.73
2026-06-20,LM-SSA,11777,11056,11704,11777,11225,7630,10599,812.2,721,10,14,285,177969.01
2026-06-21,LM-SSA,10695,9988,10576,10695,9991,6860,9626,737.6,707,2,8,337,154866.19
2026-06-22,LM-SSA,15857,14678,15550,15857,14921,10359,14271,1093.6,1179,16,17,438,243648.89
2026-06-23,LM-SSA,15404,14278,15126,15404,14471,9919,13864,1062.4,1126,18,15,446,231927.82
2026-06-24,LM-SSA,13877,12917,13680,13877,13139,8849,12489,957.1,960,9,18,382,205450.12
2026-06-25,LM-SSA,13821,12946,13706,13821,12897,9413,12439,953.2,875,10,10,438,202948.49
2026-06-26,LM-SSA,13375,12362,13098,13375,12354,8535,12038,922.4,1013,9,10,465,203506.69
2026-06-27,LM-SSA,11920,11025,11681,11920,11228,7983,10728,822.1,895,8,14,327,172375.8
2026-06-28,LM-SSA,10734,10033,10623,10734,9836,7110,9661,740.3,701,12,14,386,154016.44
2026-06-29,LM-SSA,15139,14033,14866,15139,14098,10026,13625,1044.1,1106,10,18,469,233065.67
2026-06-30,LM-SSA,14190,13176,13957,14190,13005,9240,12771,978.7,1014,13,19,547,213029.86
2026-07-01,LM-SSA,13744,12828,13584,13744,12703,8817,12370,947.9,916,6,12,502,206976.31
2026-07-02,LM-SSA,13460,12385,13125,13460,12553,8874,12114,928.3,1075,12,15,404,199445.74
2026-07-03,LM-SSA,13342,12504,13238,13342,12321,8906,12008,920.2,838,13,17,463,200683.43
2026-07-04,LM-SSA,11107,10293,10904,11107,10246,7350,9996,766.0,814,6,9,398,161617.2
2026-07-05,LM-SSA,10762,10171,10740,10762,10146,7111,9686,742.2,591,6,11,297,160598.6
2026-07-06,LM-SSA,15840,14962,15808,15840,14242,10560,14256,1092.4,878,7,18,635,225530.73
2026-07-07,LM-SSA,15067,14186,15015,15067,13792,9972,13560,1039.1,881,11,24,557,228847.72
2026-07-08,LM-SSA,15135,14021,14854,15135,13690,9837,13622,1043.8,1114,21,23,647,230826.92
2026-07-09,LM-SSA,14523,13427,14226,14523,13149,9578,13071,1001.6,1096,11,9,575,213440.42
2026-07-10,LM-SSA,13503,12562,13305,13503,12603,8880,12153,931.3,941,7,13,424,196815.26
2026-07-11,LM-SSA,11471,10760,11391,11471,10873,7425,10324,791.1,711,6,14,300,171808.52
2026-07-12,LM-SSA,10932,10253,10855,10932,10201,7454,9839,754.0,679,4,15,345,156109.29
2026-07-13,LM-SSA,16567,15425,16336,16567,15271,10970,14910,1142.6,1142,11,25,589,239714.08
2026-07-14,LM-SSA,15711,14381,15245,15711,14867,9985,14140,1083.5,1330,15,11,414,241481.29
2026-07-15,LM-SSA,14091,13154,13929,14091,13070,9400,12682,971.8,937,8,24,464,205696.97
2026-07-16,LM-SSA,14298,13179,13965,14298,13293,9604,12868,986.1,1119,5,16,428,213116.86
2026-07-17,LM-SSA,12612,11787,12481,12612,11586,8381,11351,869.8,825,10,11,473,177890.99
2026-07-18,LM-SSA,11817,11021,11671,11817,10946,7933,10635,815.0,796,8,16,395,176337.46
2026-07-19,LM-SSA,11465,10613,11244,11465,10546,7594,10318,790.7,852,13,8,374,176709.18
2026-07-20,LM-SSA,16317,15427,16284,16317,14985,10600,14685,1125.3,890,11,20,638,239939.39
2026-07-21,LM-SSA,16473,15381,16287,16473,15591,10990,14826,1136.1,1092,13,28,465,250606.49
2026-07-22,LM-SSA,14189,13311,14092,14189,13461,9622,12770,978.6,878,14,23,365,203263.27
2026-07-23,LM-SSA,14475,13617,14413,14475,13545,9750,13028,998.3,858,8,8,438,225162.14
2026-07-24,LM-SSA,13642,12661,13411,13642,12777,8867,12278,940.8,981,12,14,408,199713.07
2026-07-25,LM-SSA,11759,10999,11645,11759,10954,7931,10583,811.0,760,9,11,360,166901.89
2026-07-26,LM-SSA,11190,10334,10950,11190,10527,7366,10071,771.7,856,6,15,324,156256.64
2026-07-27,LM-SSA,16640,15523,16439,16640,15287,10912,14976,1147.6,1117,12,25,555,248156.1
2026-07-28,LM-SSA,16044,14901,15783,16044,14923,10596,14440,1106.5,1143,15,18,501,242972.77
2026-07-29,LM-SSA,15439,14408,15257,15439,14383,10511,13895,1064.8,1031,19,11,508,213457.91
2026-07-30,LM-SSA,14451,13482,14277,14451,13039,9243,13006,996.6,969,12,19,609,214177.4
2026-07-31,LM-SSA,14134,13124,13902,14134,13405,9337,12721,974.8,1010,6,14,359,205043.56
2026-08-01,LM-SSA,11580,10893,11530,11580,10833,7742,10422,798.6,687,8,16,375,173469.67
2026-08-02,LM-SSA,11605,10884,11522,11605,10883,7701,10444,800.4,721,6,8,359,164800.03
2026-08-03,LM-SSA,16233,15155,16048,16233,15131,10750,14610,1119.5,1078,12,16,486,240959.16
2026-08-04,LM-SSA,16274,15499,16241,16274,15044,10917,14647,1122.4,775,14,24,587,247942.1
2026-08-05,LM-SSA,15964,14794,15672,15964,14604,10286,14368,1101.0,1170,19,13,575,228902.71
2026-08-06,LM-SSA,14477,13404,14201,14477,13277,9461,13029,998.4,1073,11,21,566,205329.21
2026-08-07,LM-SSA,12763,12062,12737,12763,11767,8784,11487,880.2,701,12,18,444,194788.38
2026-08-08,LM-SSA,11713,11025,11669,11713,10915,7649,10542,807.8,688,4,10,368,169719.69
2026-08-09,LM-SSA,11860,11184,11836,11860,11282,7937,10674,817.9,676,12,12,313,170192.62
2026-08-10,LM-SSA,17102,16165,17068,17102,16200,11329,15392,1179.5,937,13,16,475,241411.38
2026-08-11,LM-SSA,15907,15032,15875,15907,14947,10279,14316,1097.1,875,15,23,442,237143.43
2026-08-12,LM-SSA,15432,14346,15195,15432,14675,10145,13889,1064.3,1086,12,23,393,222207.32
2026-08-13,LM-SSA,14874,13899,14717,14874,13861,9719,13387,1025.8,975,12,8,483,213775.68
2026-08-14,LM-SSA,14499,13636,14434,14499,13640,9787,13049,999.9,863,14,20,427,205577.26
2026-08-15,LM-SSA,12400,11486,12168,12400,11422,8089,11160,855.2,914,12,17,468,179908.04
2026-08-16,LM-SSA,12047,11214,11876,12047,11214,8141,10842,830.8,833,8,12,422,175894.64
2026-08-17,LM-SSA,17089,16206,17055,17089,15950,11225,15380,1178.6,883,12,25,490,253752.63
2026-08-18,LM-SSA,16366,15184,16084,16366,15099,10912,14729,1128.7,1182,11,18,574,228188.76
2026-08-19,LM-SSA,14834,13938,14754,14834,13573,9843,13351,1023.0,896,8,16,568,210373.5
2026-08-20,LM-SSA,14404,13490,14282,14404,13333,9549,12964,993.4,914,8,12,494,218062.78
2026-08-21,LM-SSA,14825,13928,14743,14825,14034,10022,13342,1022.4,897,7,11,438,213323.78
2026-08-22,LM-SSA,12177,11296,11966,12177,11741,8199,10959,839.8,881,9,26,264,178885.88
2026-08-23,LM-SSA,11830,11119,11770,11830,11016,7947,10647,815.9,711,10,11,387,167807.77
2026-08-24,LM-SSA,17051,15767,16705,17051,15803,11044,15346,1175.9,1284,18,19,609,243683.93
2026-08-25,LM-SSA,15630,14603,15463,15630,14629,10208,14067,1077.9,1027,13,14,478,229906.62
2026-08-26,LM-SSA,15090,14122,14952,15090,14400,10011,13581,1040.7,968,16,9,349,214169.73
2026-08-27,LM-SSA,15545,14589,15444,15545,14304,10114,13990,1072.1,956,9,14,567,226780.56
2026-08-28,LM-SSA,14346,13563,14317,14346,13173,9535,12911,989.4,783,7,19,554,210739.62
2026-08-29,LM-SSA,11429,10640,11269,11429,10556,7581,10286,788.2,789,11,13,403,156341.14
2026-08-30,LM-SSA,11487,10838,11464,11487,10690,7819,10338,792.2,649,9,17,379,163981.08
2026-08-31,LM-SSA,18144,17182,18108,18144,16251,12060,16330,1251.3,962,10,21,784,257496.53
2026-09-01,LM-SSA,15932,14847,15723,15932,15026,10543,14339,1098.8,1085,18,21,483,232005.63
2026-09-02,LM-SSA,14217,13157,13939,14217,13332,9501,12795,980.5,1060,16,18,410,211695.44
2026-09-03,LM-SSA,15875,14839,15712,15875,14888,10724,14288,1094.8,1036,10,12,486,223916.6
2026-09-04,LM-SSA,14494,13699,14465,14494,13408,9729,13045,999.6,795,9,15,513,212125.56
2026-09-05,LM-SSA,12199,11538,12175,12199,11508,8172,10979,841.3,661,6,13,330,178281.76
2026-09-06,LM-SSA,11491,10710,11342,11491,10845,7577,10342,792.5,781,7,14,323,165353.01
2026-09-07,LM-SSA,17831,16728,17708,17831,16587,11871,16048,1229.7,1103,18,23,576,256734.13
2026-09-08,LM-SSA,15841,14925,15796,15841,14688,10374,14257,1092.5,916,12,17,526,224447.98
2026-09-09,LM-SSA,15877,14989,15845,15877,14985,10744,14289,1095.0,888,7,18,425,220545.6
2026-09-10,LM-SSA,15261,14379,15218,15261,14416,10335,13735,1052.5,882,7,21,414,222247.15
2026-09-11,LM-SSA,14362,13601,14333,14362,13335,9478,12926,990.5,761,8,11,446,206101.48
2026-09-12,LM-SSA,12364,11654,12334,12364,11456,8252,11128,852.7,710,7,11,401,177718.16
2026-09-13,LM-SSA,11640,10904,11544,11640,10717,7758,10476,802.8,736,14,13,382,172593.45
2026-09-14,LM-SSA,17914,16819,17804,17914,16679,11962,16123,1235.5,1095,16,19,569,251032.15
2026-09-15,LM-SSA,15751,14785,15651,15751,14834,10417,14176,1086.3,966,20,21,419,223088.27
2026-09-16,LM-SSA,14482,13639,14436,14482,13639,9589,13034,998.8,843,15,15,425,191662.12
2026-09-17,LM-SSA,15390,14268,15114,15390,13950,10291,13851,1061.4,1122,16,27,621,224109.8
2026-09-18,LM-SSA,14641,13659,14464,14641,13742,9853,13177,1009.7,982,12,15,459,203369.85
2026-09-19,LM-SSA,12582,11821,12513,12582,11646,8466,11324,867.7,761,8,9,412,180472.71
2026-09-20,LM-SSA,11949,11270,11925,11949,10959,7953,10754,824.1,679,11,13,457,162064.22
2026-09-21,LM-SSA,17189,16220,17155,17189,15876,11198,15470,1185.5,969,9,22,595,245878.96
2026-09-22,LM-SSA,16790,15456,16379,16790,15906,11290,15111,1157.9,1334,19,12,455,243465.84
2026-09-23,LM-SSA,15420,14580,15389,15420,14319,10279,13878,1063.5,840,9,16,521,218453.09
2026-09-24,LM-SSA,14896,13973,14793,14896,13910,9861,13406,1027.3,923,13,16,441,211239.99
2026-09-25,LM-SSA,14251,13203,13987,14251,13188,9237,12826,982.8,1048,12,23,522,200861.55
2026-09-26,LM-SSA,13328,12426,13159,13328,12536,8742,11995,919.2,902,10,10,420,199098.05
2026-09-27,LM-SSA,11131,10305,10917,11131,10476,7368,10018,767.7,826,14,9,328,155221.78
2026-09-28,LM-SSA,17792,16714,17693,17792,15508,11641,16013,1227.0,1078,10,19,930,267089.21
2026-09-29,LM-SSA,15469,14453,15304,15469,14275,10431,13922,1066.8,1016,7,22,519,219570.0
2026-09-30,LM-SSA,15477,14449,15300,15477,14585,10612,13929,1067.4,1028,12,16,416,231441.77
2025-04-01,LM-FOR,2914,2568,2728,2914,2567,1311,2623,215.5,346,3,3,171,47992.71
2025-04-02,LM-FOR,3072,2719,2888,3072,2677,1454,2765,226.9,353,3,2,169,51860.84
2025-04-03,LM-FOR,2948,2646,2808,2948,2566,1373,2653,217.5,302,6,3,130,53329.27
2025-04-04,LM-FOR,2755,2425,2577,2755,2397,1260,2480,203.0,330,2,4,180,43921.06
2025-04-05,LM-FOR,2628,2330,2474,2628,2304,1268,2365,193.5,298,5,2,143,43202.4
2025-04-06,LM-FOR,2499,2188,2325,2499,2200,1207,2249,183.8,311,1,3,131,40954.05
2025-04-07,LM-FOR,3510,3129,3322,3510,3075,1621,3159,257.8,381,6,6,190,59639.57
2025-04-08,LM-FOR,3729,3332,3537,3729,3351,1801,3356,273.6,397,4,8,181,62191.41
2025-04-09,LM-FOR,3451,3035,3224,3451,3086,1609,3106,252.9,416,3,4,181,58513.19
2025-04-10,LM-FOR,3362,2970,3155,3362,2995,1588,3026,246.2,392,3,3,173,54494.99
2025-04-11,LM-FOR,3429,3069,3258,3429,3080,1576,3086,250.8,360,5,3,151,57268.13
2025-04-12,LM-FOR,2865,2544,2701,2865,2467,1313,2578,209.4,321,5,2,169,45688.93
2025-04-13,LM-FOR,2751,2411,2562,2751,2598,1288,2476,200.8,340,5,2,87,44567.71
2025-04-14,LM-FOR,4027,3603,3824,4027,3600,1885,3624,293.7,424,4,4,203,67973.15
2025-04-15,LM-FOR,4009,3546,3767,4009,3548,1818,3608,292.1,463,7,3,232,67625.62
2025-04-16,LM-FOR,3829,3369,3580,3829,3420,1913,3446,278.7,460,4,2,179,64932.72
2025-04-17,LM-FOR,3747,3345,3551,3747,3314,1743,3372,272.5,402,6,1,202,59666.54
2025-04-18,LM-FOR,3508,3172,3365,3508,3140,1673,3157,254.9,336,4,5,195,58292.37
2025-04-19,LM-FOR,3171,2819,2994,3171,2822,1516,2854,230.2,352,7,4,159,50382.67
2025-04-20,LM-FOR,3035,2693,2860,3035,2631,1372,2732,220.1,342,5,4,173,49826.11
2025-04-21,LM-FOR,4332,3801,4040,4332,3848,2069,3899,313.9,531,7,7,229,73069.68
2025-04-22,LM-FOR,4100,3607,3833,4100,3639,1907,3690,296.9,493,4,6,214,68150.5
2025-04-23,LM-FOR,4216,3687,3919,4216,3779,2008,3794,305.0,529,4,4,207,72030.59
2025-04-24,LM-FOR,3729,3295,3500,3729,3363,1771,3356,269.6,434,2,2,176,58377.26
2025-04-25,LM-FOR,3973,3514,3732,3973,3495,1860,3576,287.0,459,4,1,198,64354.29
2025-04-26,LM-FOR,3387,2995,3181,3387,3019,1577,3048,244.5,392,4,4,181,53403.69
2025-04-27,LM-FOR,3466,3080,3270,3466,3343,1736,3119,250.0,386,7,2,86,56098.98
2025-04-28,LM-FOR,4857,4324,4591,4857,4360,2378,4371,350.0,533,3,6,242,79451.32
2025-04-29,LM-FOR,4801,4240,4504,4801,4316,2312,4321,345.7,561,3,5,220,78914.17
2025-04-30,LM-FOR,4418,3933,4176,4418,3941,2111,3976,317.9,485,5,3,239,74198.18
2025-05-01,LM-FOR,5794,5190,5508,5794,5373,2735,5215,416.6,604,7,7,206,97241.11
2025-05-02,LM-FOR,5683,5107,5419,5683,5198,2748,5115,408.4,576,5,7,211,91245.56
2025-05-03,LM-FOR,4753,4254,4515,4753,4314,2250,4278,341.3,499,1,4,189,78672.0
2025-05-04,LM-FOR,4804,4331,4595,4804,4081,2154,4324,344.7,473,5,4,326,82115.69
2025-05-05,LM-FOR,6671,5882,6249,6671,6172,3176,6004,478.4,789,11,6,286,114918.69
2025-05-06,LM-FOR,6621,5771,6135,6621,6076,3166,5959,474.5,850,11,4,258,109424.37
2025-05-07,LM-FOR,6450,5782,6137,6450,6028,3179,5805,461.9,668,4,9,201,107039.96
2025-05-08,LM-FOR,6326,5717,6065,6326,5857,3060,5693,452.8,609,3,5,246,102781.04
2025-05-09,LM-FOR,6326,5583,5930,6326,5877,3043,5693,452.5,743,14,5,223,96711.92
2025-05-10,LM-FOR,5025,4480,4756,5025,4590,2404,4522,359.2,545,11,3,235,79080.19
2025-05-11,LM-FOR,4716,4198,4458,4716,4237,2292,4244,336.9,518,1,7,229,76017.21
2025-05-12,LM-FOR,5471,4954,5255,5471,5068,2584,4924,390.6,517,7,6,189,87728.13
2025-05-13,LM-FOR,5493,4929,5231,5493,5068,2654,4944,392.0,564,7,0,214,88555.58
2025-05-14,LM-FOR,5203,4645,4931,5203,4656,2538,4683,371.1,558,8,4,237,83166.1
2025-05-15,LM-FOR,5073,4576,4855,5073,4590,2432,4566,361.6,497,4,4,228,82458.27
2025-05-16,LM-FOR,4651,4165,4421,4651,4171,2210,4186,331.3,486,3,3,227,75387.81
2025-05-17,LM-FOR,4325,3845,4083,4325,3906,2060,3892,307.9,480,8,4,188,69295.56
2025-05-18,LM-FOR,3865,3489,3701,3865,3451,1768,3478,275.0,376,4,7,202,61684.03
2025-05-19,LM-FOR,6244,5520,5864,6244,5749,3022,5620,444.1,724,7,1,245,100397.81
2025-05-20,LM-FOR,6246,5579,5922,6246,5683,2921,5621,444.0,667,7,4,279,105530.62
2025-05-21,LM-FOR,5472,4886,5187,5472,4685,2574,4925,388.8,586,4,5,369,90869.22
2025-05-22,LM-FOR,5445,4968,5267,5445,4912,2575,4900,386.7,477,10,5,243,87054.19
2025-05-23,LM-FOR,5018,4438,4714,5018,4576,2511,4516,356.2,580,7,3,215,84191.82
2025-05-24,LM-FOR,4158,3693,3922,4158,3730,1974,3742,295.0,465,5,4,179,67165.39
2025-05-25,LM-FOR,4163,3754,3983,4163,3678,1887,3747,295.2,409,6,4,208,67288.03
2025-05-26,LM-FOR,6072,5406,5740,6072,5508,2911,5465,430.4,666,4,10,290,98545.49
2025-05-27,LM-FOR,5667,5091,5403,5667,5229,2660,5100,401.5,576,4,2,224,95563.49
2025-05-28,LM-FOR,6018,5381,5712,6018,5205,2865,5416,426.2,637,12,10,343,99103.18
2025-05-29,LM-FOR,5655,5040,5351,5655,5178,2778,5090,400.3,615,7,8,239,91370.93
2025-05-30,LM-FOR,5428,4871,5170,5428,4959,2564,4885,384.0,557,12,4,237,92107.7
2025-05-31,LM-FOR,4603,4147,4400,4603,4142,2221,4143,325.5,456,5,5,220,74545.43
2025-06-01,LM-FOR,4428,3944,4187,4428,3985,2134,3985,313.0,484,5,8,211,70153.3
2025-06-02,LM-FOR,6832,6070,6446,6832,5950,3165,6149,482.8,762,7,5,394,109630.96
2025-06-03,LM-FOR,6238,5583,5926,6238,5488,2937,5614,440.6,655,8,7,344,97030.74
2025-06-04,LM-FOR,6044,5398,5731,6044,5500,2997,5440,426.7,646,7,9,262,96679.39
2025-06-05,LM-FOR,5812,5238,5558,5812,5317,2797,5231,410.2,574,4,3,229,93366.25
2025-06-06,LM-FOR,5526,4964,5268,5526,4977,2635,4973,389.9,562,3,7,240,87057.64
2025-06-07,LM-FOR,4617,4156,4410,4617,4160,2226,4155,325.6,461,7,3,192,73555.41
2025-06-08,LM-FOR,4324,3880,4118,4324,3879,2061,3892,304.8,444,2,2,218,68308.43
2025-06-09,LM-FOR,6825,6099,6475,6825,6076,3255,6142,481.0,726,4,10,354,114644.4
2025-06-10,LM-FOR,6518,5921,6280,6518,5757,3141,5866,459.2,597,8,8,366,100594.53
2025-06-11,LM-FOR,5899,5309,5634,5899,5568,2897,5309,415.4,590,6,9,184,92459.81
2025-06-12,LM-FOR,6082,5394,5728,6082,5591,3110,5474,428.2,688,11,12,262,99852.16
2025-06-13,LM-FOR,5827,5252,5572,5827,5369,2923,5244,410.1,575,7,4,233,90259.65
2025-06-14,LM-FOR,4666,4146,4403,4666,4192,2246,4199,328.2,520,3,4,238,76729.41
2025-06-15,LM-FOR,4671,4210,4467,4671,4192,2259,4204,328.5,461,6,1,233,73383.3
2025-06-16,LM-FOR,7254,6586,6985,7254,6435,3394,6529,510.0,668,10,8,345,119258.42
2025-06-17,LM-FOR,6842,6157,6533,6842,6247,3271,6158,480.9,685,9,6,275,109383.98
2025-06-18,LM-FOR,6149,5620,5958,6149,5670,2988,5534,432.0,529,7,4,245,98098.78
2025-06-19,LM-FOR,6349,5646,5995,6349,5679,3117,5714,445.9,703,13,5,308,106088.98
2025-06-20,LM-FOR,6243,5650,5994,6243,5751,3057,5619,438.4,593,8,8,258,101560.84
2025-06-21,LM-FOR,5370,4817,5113,5370,4899,2615,4833,376.9,553,5,4,229,83179.17
2025-06-22,LM-FOR,4980,4441,4715,4980,4536,2394,4482,349.5,539,2,5,193,81612.1
2025-06-23,LM-FOR,7281,6627,7027,7281,6477,3405,6553,510.8,654,7,4,378,117122.76
2025-06-24,LM-FOR,6830,6132,6508,6830,6404,3299,6147,479.0,698,8,5,250,110218.17
2025-06-25,LM-FOR,6735,6059,6429,6735,5987,3198,6062,472.2,676,4,7,347,108154.17
2025-06-26,LM-FOR,6571,5910,6271,6571,6134,3255,5914,460.6,661,9,7,259,104177.3
2025-06-27,LM-FOR,6365,5841,6191,6365,5565,3139,5728,446.0,524,5,5,352,103483.17
2025-06-28,LM-FOR,5424,4907,5205,5424,4920,2581,4882,380.0,517,6,8,240,86419.86
2025-06-29,LM-FOR,5306,4818,5110,5306,4833,2582,4775,371.6,488,2,11,238,90713.3
2025-06-30,LM-FOR,7664,6852,7273,7664,6807,3819,6898,536.6,812,6,10,391,131626.32
2025-07-01,LM-FOR,7402,6613,7021,7402,6887,3610,6662,518.2,789,9,1,279,120719.23
2025-07-02,LM-FOR,7041,6303,6690,7041,6470,3491,6337,492.8,738,6,7,275,117814.5
2025-07-03,LM-FOR,6538,5866,6226,6538,5903,3079,5884,457.5,672,12,5,291,105817.07
2025-07-04,LM-FOR,6011,5368,5698,6011,5607,3069,5410,420.5,643,6,8,237,96930.45
2025-07-05,LM-FOR,5862,5265,5588,5862,5408,2824,5276,410.0,597,9,3,216,95601.52
2025-07-06,LM-FOR,5360,4874,5169,5360,4888,2564,4824,374.8,486,7,3,242,84485.52
2025-07-07,LM-FOR,7392,6660,7067,7392,6645,3709,6653,516.7,732,6,4,358,117205.08
2025-07-08,LM-FOR,7229,6412,6809,7229,6452,3557,6506,505.2,817,10,8,324,125595.27
2025-07-09,LM-FOR,7220,6576,6973,7220,6640,3467,6498,504.5,644,8,5,273,116783.37
2025-07-10,LM-FOR,6851,6095,6472,6851,6353,3387,6166,478.6,756,12,9,245,113888.57
2025-07-11,LM-FOR,6479,5891,6248,6479,5991,3209,5831,452.5,588,7,4,246,107339.62
2025-07-12,LM-FOR,5997,5399,5729,5997,5288,2813,5397,418.7,598,6,6,326,95094.07
2025-07-13,LM-FOR,5258,4834,5123,5258,4720,2489,4732,367.1,424,5,8,245,81301.31
2025-07-14,LM-FOR,7851,7167,7598,7851,6935,3856,7066,548.0,684,11,7,419,133155.87
2025-07-15,LM-FOR,7669,6946,7368,7669,6873,3764,6902,535.2,723,6,9,357,125372.39
2025-07-16,LM-FOR,7315,6590,6992,7315,6566,3463,6584,510.4,725,8,8,330,119151.55
2025-07-17,LM-FOR,7223,6584,6982,7223,6597,3517,6501,503.9,639,8,8,321,118436.11
2025-07-18,LM-FOR,6985,6302,6687,6985,6494,3484,6286,487.2,683,8,6,264,115057.61
2025-07-19,LM-FOR,5904,5345,5670,5904,5371,2887,5314,411.7,559,11,4,274,98828.22
2025-07-20,LM-FOR,5693,5139,5452,5693,5191,2761,5124,396.9,554,11,9,259,95017.57
2025-07-21,LM-FOR,8205,7357,7809,8205,7359,3918,7384,571.9,848,9,14,392,133840.4
2025-07-22,LM-FOR,7819,7068,7498,7819,6991,3830,7037,544.9,751,12,13,383,127162.01
2025-07-23,LM-FOR,7422,6650,7059,7422,6846,3635,6680,517.2,772,5,4,313,126060.92
2025-07-24,LM-FOR,7328,6646,7049,7328,6791,3594,6595,510.5,682,8,6,279,113469.53
2025-07-25,LM-FOR,7120,6420,6812,7120,6614,3512,6408,496.0,700,6,9,245,116241.43
2025-07-26,LM-FOR,6120,5495,5832,6120,5554,3042,5508,426.2,625,3,4,268,96302.3
2025-07-27,LM-FOR,5738,5147,5463,5738,5194,2684,5164,399.6,591,11,9,264,88941.37
2025-07-28,LM-FOR,8234,7525,7978,8234,7398,3963,7411,573.3,709,14,12,396,130286.91
2025-07-29,LM-FOR,8002,7156,7596,8002,7220,3925,7202,557.0,846,16,6,342,126289.44
2025-07-30,LM-FOR,7556,6832,7248,7556,6683,3670,6800,525.9,724,12,10,415,124940.73
2025-07-31,LM-FOR,7488,6692,7104,7488,6794,3805,6739,521.1,796,7,7,339,115293.64
2025-08-01,LM-FOR,7635,6911,7331,7635,6692,3709,6872,531.2,724,5,10,421,128504.26
2025-08-02,LM-FOR,6024,5420,5751,6024,5467,3020,5422,419.1,604,4,7,247,97020.49
2025-08-03,LM-FOR,5941,5363,5690,5941,5421,2961,5347,413.3,578,7,4,262,98986.81
2025-08-04,LM-FOR,8981,8076,8570,8981,7895,4442,8083,624.6,905,17,11,446,143481.22
2025-08-05,LM-FOR,8183,7264,7714,8183,7227,3947,7365,569.0,919,15,8,399,131080.04
2025-08-06,LM-FOR,8356,7560,8020,8356,7244,3927,7520,581.0,796,11,9,475,134264.51
2025-08-07,LM-FOR,7494,6777,7189,7494,6994,3854,6745,521.0,717,12,6,278,120288.62
2025-08-08,LM-FOR,7318,6549,6951,7318,6703,3601,6586,508.7,769,14,3,334,118222.81
2025-08-09,LM-FOR,6088,5497,5831,6088,5610,2989,5479,423.1,591,9,6,210,96611.83
2025-08-10,LM-FOR,5901,5337,5662,5901,5429,2844,5311,410.1,564,11,2,233,95625.28
2025-08-11,LM-FOR,8911,8066,8556,8911,7836,4375,8020,619.2,845,15,7,445,145816.51
2025-08-12,LM-FOR,8566,7735,8206,8566,7622,3934,7709,595.1,831,9,14,443,141196.66
2025-08-13,LM-FOR,7966,7150,7589,7966,7094,3751,7169,553.4,816,5,12,379,134624.87
2025-08-14,LM-FOR,8086,7344,7788,8086,7180,3795,7277,561.7,742,7,9,394,131635.91
2025-08-15,LM-FOR,7353,6654,7059,7353,6600,3504,6618,510.7,699,14,8,369,121730.76
2025-08-16,LM-FOR,6311,5611,5958,6311,5776,3085,5680,438.3,700,6,7,265,107737.27
2025-08-17,LM-FOR,6666,5997,6363,6666,6119,3331,5999,462.9,669,6,10,298,106105.9
2025-08-18,LM-FOR,9126,8252,8754,9126,7770,4352,8213,633.6,874,12,10,562,151143.84
2025-08-19,LM-FOR,8262,7558,8012,8262,7054,4045,7436,573.5,704,5,9,492,130808.02
2025-08-20,LM-FOR,7831,7082,7512,7831,7041,4008,7048,543.6,749,12,9,370,124693.62
2025-08-21,LM-FOR,7628,6819,7238,7628,6835,3748,6865,529.4,809,8,8,368,124881.7
2025-08-22,LM-FOR,7759,6915,7341,7759,6901,3864,6983,538.5,844,14,9,370,115972.34
2025-08-23,LM-FOR,6419,5800,6153,6419,6025,3248,5777,445.4,619,7,11,237,103516.72
2025-08-24,LM-FOR,6227,5616,5958,6227,5677,3092,5604,432.1,611,7,5,275,99010.41
2025-08-25,LM-FOR,9142,8246,8749,9142,7992,4316,8228,634.2,896,11,15,559,142201.7
2025-08-26,LM-FOR,8848,7921,8408,8848,8013,4349,7963,613.8,927,11,10,408,147357.96
2025-08-27,LM-FOR,7925,7170,7605,7925,7152,3822,7132,549.7,755,3,8,398,125974.11
2025-08-28,LM-FOR,7724,6971,7396,7724,6940,3820,6952,535.7,753,12,5,315,127574.26
2025-08-29,LM-FOR,7703,6906,7330,7703,6806,3784,6933,534.2,797,11,15,441,128530.48
2025-08-30,LM-FOR,6752,6173,6545,6752,5858,3239,6077,468.2,579,5,7,414,112005.02
2025-08-31,LM-FOR,6378,5799,6150,6378,5569,3142,5740,442.2,579,7,9,354,110715.4
2025-09-01,LM-FOR,9054,8157,8655,9054,7928,4370,8149,627.7,897,14,11,515,144641.86
2025-09-02,LM-FOR,8979,8026,8520,8979,8197,4468,8081,622.5,953,19,6,383,141472.73
2025-09-03,LM-FOR,8086,7332,7776,8086,7281,3879,7277,560.5,754,8,6,368,139709.32
2025-09-04,LM-FOR,8009,7196,7637,8009,7152,3800,7208,555.1,813,11,11,405,129416.12
2025-09-05,LM-FOR,7511,6820,7233,7511,6924,3838,6760,520.6,691,10,8,314,121142.33
2025-09-06,LM-FOR,7026,6367,6754,7026,6531,3575,6323,486.9,659,5,6,243,117089.79
2025-09-07,LM-FOR,6548,5868,6229,6548,5974,3271,5893,453.8,680,6,5,294,106728.78
2025-09-08,LM-FOR,9666,8570,9101,9666,8071,4545,8699,669.8,1096,18,15,697,157435.98
2025-09-09,LM-FOR,9298,8395,8906,9298,7882,4389,8368,644.2,903,10,7,577,155333.25
2025-09-10,LM-FOR,9262,8205,8715,9262,7936,4355,8336,641.7,1057,10,15,575,146091.08
2025-09-11,LM-FOR,7789,7056,7484,7789,7251,3874,7010,539.6,733,9,10,304,122087.13
2025-09-12,LM-FOR,7684,7033,7455,7684,7226,3880,6916,532.3,651,6,7,238,124202.83
2025-09-13,LM-FOR,6676,5981,6348,6676,6096,3276,6008,462.4,695,11,8,289,102725.44
2025-09-14,LM-FOR,6310,5625,5972,6310,5809,3232,5679,437.0,685,12,8,258,97940.06
2025-09-15,LM-FOR,9246,8473,8981,9246,8134,4316,8321,640.3,773,10,9,504,156887.81
2025-09-16,LM-FOR,8947,7939,8431,8947,6154,4094,8052,619.6,1008,13,11,1061,139622.5
2025-09-17,LM-FOR,8193,7399,7850,8193,5816,3710,7374,567.3,794,8,9,954,131145.75
2025-09-18,LM-FOR,8506,7758,8225,8506,5916,3844,7655,589.0,748,9,7,949,141012.63
2025-09-19,LM-FOR,8017,7320,7761,8017,7085,3698,7215,555.1,697,11,12,420,133523.12
2025-09-20,LM-FOR,7038,6375,6762,7038,6350,3424,6334,487.3,663,8,5,330,115709.42
2025-09-21,LM-FOR,6714,6138,6508,6714,5857,3195,6043,464.8,576,4,9,377,106919.74
2025-09-22,LM-FOR,9951,8741,9288,9951,7815,4807,8956,688.8,1210,15,10,847,159489.84
2025-09-23,LM-FOR,9051,8139,8637,9051,7815,4345,8146,626.5,912,7,9,512,146159.83
2025-09-24,LM-FOR,9322,8359,8872,9322,8019,4351,8390,645.2,963,10,6,624,153338.19
2025-09-25,LM-FOR,8594,7792,8265,8594,7673,4261,7735,594.8,802,15,10,438,133788.07
2025-09-26,LM-FOR,7585,6880,7297,7585,6867,3831,6826,524.9,705,8,9,346,125269.76
2025-09-27,LM-FOR,6771,6075,6447,6771,6209,3416,6094,468.6,696,12,10,281,110467.66
2025-09-28,LM-FOR,6280,5680,6026,6280,5747,3122,5652,434.6,600,7,13,262,100040.78
2025-09-29,LM-FOR,9884,8643,9186,9884,8209,4821,8896,683.9,1241,14,4,717,165855.27
2025-09-30,LM-FOR,9255,8296,8805,9255,8138,4446,8330,640.4,959,12,11,501,157049.43
2025-10-01,LM-FOR,8650,7855,8331,8650,7558,4259,7785,598.5,795,10,7,490,140989.19
2025-10-02,LM-FOR,9246,8336,8844,9246,8062,4566,8321,639.7,910,13,12,480,150933.03
2025-10-03,LM-FOR,8379,7689,8150,8379,7677,4177,7541,579.7,690,6,11,352,133712.0
2025-10-04,LM-FOR,7290,6564,6965,7290,6430,3555,6561,504.3,726,5,4,376,112768.07
2025-10-05,LM-FOR,6554,5973,6334,6554,5670,3137,5899,453.4,581,7,3,371,103325.98
2025-10-06,LM-FOR,9656,8707,9238,9656,8391,4662,8690,667.9,949,12,17,553,156943.6
2025-10-07,LM-FOR,9426,8573,9092,9426,8102,4695,8483,652.0,853,7,4,572,146379.99
2025-10-08,LM-FOR,8960,8166,8659,8960,7992,4361,8064,619.7,794,4,8,464,142267.23
2025-10-09,LM-FOR,8179,7314,7764,8179,7556,4066,7361,565.7,865,13,11,325,128998.74
2025-10-10,LM-FOR,8272,7421,7876,8272,7557,4180,7445,572.1,851,9,9,355,135219.25
2025-10-11,LM-FOR,7202,6468,6864,7202,6548,3488,6482,498.0,734,10,6,316,119649.72
2025-10-12,LM-FOR,6807,6161,6535,6807,6283,3353,6126,470.7,646,2,14,298,112821.58
2025-10-13,LM-FOR,9841,8823,9364,9841,8083,4543,8857,680.5,1018,16,12,711,167474.73
2025-10-14,LM-FOR,9349,8362,8876,9349,8439,4843,8414,646.4,987,17,10,395,146990.34
2025-10-15,LM-FOR,8959,8053,8546,8959,8109,4429,8063,619.4,906,7,13,389,149930.47
2025-10-16,LM-FOR,8882,8107,8596,8882,7983,4463,7994,614.1,775,6,13,410,144885.82
2025-10-17,LM-FOR,8603,7750,8223,8603,7724,4459,7743,594.8,853,10,9,412,141671.02
2025-10-18,LM-FOR,7560,6890,7306,7560,6886,3671,6804,522.6,670,5,10,336,127977.79
2025-10-19,LM-FOR,6869,6194,6571,6869,6031,3375,6182,474.8,675,6,6,346,105914.0
2025-10-20,LM-FOR,10086,8911,9465,10086,8114,4755,9077,697.2,1175,17,7,800,164797.55
2025-10-21,LM-FOR,9789,8677,9215,9789,8412,4753,8810,676.7,1112,16,8,626,158197.41
2025-10-22,LM-FOR,9316,8331,8844,9316,8221,4604,8384,643.9,985,18,13,497,147761.53
2025-10-23,LM-FOR,8820,7888,8373,8820,8077,4542,7938,609.6,932,15,7,350,143194.08
2025-10-24,LM-FOR,8758,7923,8404,8758,7580,4347,7882,605.3,835,8,4,522,144021.89
2025-10-25,LM-FOR,7620,6823,7242,7620,6800,3907,6858,526.6,797,17,9,396,124305.49
2025-10-26,LM-FOR,7337,6654,7057,7337,6809,3703,6603,507.1,683,8,6,243,112981.07
2025-10-27,LM-FOR,11011,9476,10082,11011,8533,5137,9910,761.0,1535,19,11,954,181368.13
2025-10-28,LM-FOR,9454,8480,9000,9454,8155,4743,8509,653.3,974,10,16,590,148817.51
2025-10-29,LM-FOR,9227,8289,8797,9227,8391,4561,8304,637.6,938,12,12,438,146391.8
2025-10-30,LM-FOR,9059,8176,8674,9059,7894,4469,8153,626.0,883,10,6,514,143269.95
2025-10-31,LM-FOR,8587,7809,8282,8587,7683,4321,7728,593.4,778,8,13,412,146497.9
2025-11-01,LM-FOR,7280,6553,6953,7280,6603,3706,6552,503.0,727,9,3,333,116907.64
2025-11-02,LM-FOR,6728,6094,6464,6728,6124,3366,6055,464.9,634,9,6,286,107682.35
2025-11-03,LM-FOR,10512,9008,9586,10512,8147,5050,9461,726.3,1504,18,12,996,174633.26
2025-11-04,LM-FOR,9591,8483,9011,9591,8176,4628,8632,662.7,1108,17,12,593,154382.26
2025-11-05,LM-FOR,9350,8391,8905,9350,8305,4614,8415,646.0,959,16,15,498,156997.46
2025-11-06,LM-FOR,8899,7965,8454,8899,8020,4493,8009,614.8,934,10,9,439,147957.65
2025-11-07,LM-FOR,8373,7584,8045,8373,7500,4176,7536,578.4,789,12,9,428,137552.52
2025-11-08,LM-FOR,7589,6898,7316,7589,6921,3758,6830,524.3,691,12,9,327,122794.85
2025-11-09,LM-FOR,7209,6485,6881,7209,6642,3697,6488,498.0,724,11,3,285,119642.07
2025-11-10,LM-FOR,10803,9310,9904,10803,7992,5062,9723,746.3,1493,17,13,1087,178333.44
2025-11-11,LM-FOR,10720,9133,9723,10720,8482,4958,9648,740.5,1587,21,11,883,183004.46
2025-11-12,LM-FOR,9510,8510,9033,9510,8070,4695,8559,656.9,1000,11,8,605,156442.52
2025-11-13,LM-FOR,9404,8380,8898,9404,8436,4748,8464,649.6,1024,11,8,429,151003.69
2025-11-14,LM-FOR,8466,7600,8066,8466,7619,4232,7619,584.8,866,11,6,408,137779.56
2025-11-15,LM-FOR,7262,6550,6949,7262,6684,3684,6536,501.6,712,4,7,274,120897.05
2025-11-16,LM-FOR,7645,6851,7272,7645,7046,3952,6880,528.0,794,7,9,304,125216.46
2025-11-17,LM-FOR,10350,9068,9637,10350,8140,4758,9315,714.8,1282,16,14,904,166184.82
2025-11-18,LM-FOR,9691,8607,9140,9691,8074,4803,8722,669.3,1084,12,9,655,168285.2
2025-11-19,LM-FOR,9500,8543,9066,9500,8251,4464,8550,656.1,957,8,10,530,152760.28
2025-11-20,LM-FOR,9310,8231,8743,9310,8401,4602,8379,643.0,1079,19,11,412,153018.93
2025-11-21,LM-FOR,8604,7836,8310,8604,7753,4160,7744,594.2,768,18,9,378,139241.95
2025-11-22,LM-FOR,7598,6786,7204,7598,6925,3937,6838,524.7,812,9,12,363,131867.97
2025-11-23,LM-FOR,7630,6899,7318,7630,6800,3789,6867,526.9,731,10,9,394,123587.71
2025-11-24,LM-FOR,27288,22819,24320,27288,18750,12468,24559,1884.4,4469,63,39,3241,469718.66
2025-11-25,LM-FOR,25119,20923,22305,25119,19222,11819,22607,1734.6,4196,49,22,2385,433301.13
2025-11-26,LM-FOR,25798,21578,22997,25798,19139,12055,23218,1781.4,4220,56,23,2696,417792.25
2025-11-27,LM-FOR,24940,20919,22291,24940,18718,11707,22446,1722.1,4021,46,32,2441,438355.01
2025-11-28,LM-FOR,22816,19763,21018,22816,18669,11270,20534,1575.4,3053,47,31,1771,379619.95
2025-11-29,LM-FOR,19042,17092,18139,19042,17373,9664,17138,1314.8,1950,27,24,832,310750.21
2025-11-30,LM-FOR,18700,16568,17596,18700,17315,9353,16830,1291.2,2132,22,17,703,309782.78
2025-12-01,LM-FOR,28291,22964,24520,28291,18032,12178,25462,1953.4,5327,66,28,3927,511400.17
2025-12-02,LM-FOR,10671,9209,9796,10671,8546,5271,9604,736.8,1462,22,9,852,176967.65
2025-12-03,LM-FOR,9344,8311,8825,9344,8083,4674,8410,645.1,1033,14,14,507,153990.99
2025-12-04,LM-FOR,9489,8551,9073,9489,8091,4650,8540,655.1,938,10,16,612,158294.88
2025-12-05,LM-FOR,9268,8357,8867,9268,8088,4704,8341,639.9,911,13,9,503,152117.37
2025-12-06,LM-FOR,7173,6489,6884,7173,6635,3803,6456,495.2,684,11,5,247,120640.67
2025-12-07,LM-FOR,7722,7015,7439,7722,7147,3931,6950,533.1,707,10,5,262,126943.18
2025-12-08,LM-FOR,16348,13799,14698,16348,11686,7814,14713,1128.6,2549,29,16,1827,282898.01
2025-12-09,LM-FOR,16222,13663,14555,16222,12371,7708,14600,1119.9,2559,26,19,1490,276880.01
2025-12-10,LM-FOR,15295,13185,14027,15295,11856,7576,13766,1055.9,2110,32,15,1398,255002.42
2025-12-11,LM-FOR,15451,13255,14105,15451,11952,7394,13906,1066.6,2196,26,24,1456,265115.04
2025-12-12,LM-FOR,14432,12579,13373,14432,11763,6955,12989,996.3,1853,23,11,1057,244086.43
2025-12-13,LM-FOR,11219,10094,10711,11219,10051,5797,10097,774.5,1125,16,12,544,182044.72
2025-12-14,LM-FOR,11335,10200,10824,11335,10346,5761,10202,782.5,1135,5,14,471,180876.23
2025-12-15,LM-FOR,17288,14130,15081,17288,12330,8047,15559,1193.4,3158,44,18,1961,294619.68
2025-12-16,LM-FOR,16068,13564,14448,16068,12219,7771,14461,1109.1,2504,29,20,1619,278636.83
2025-12-17,LM-FOR,15554,13345,14200,15554,12058,7427,13999,1073.6,2209,34,16,1372,250616.08
2025-12-18,LM-FOR,15432,13316,14165,15432,12135,7150,13889,1065.2,2116,25,20,1358,254753.39
2025-12-19,LM-FOR,14588,12735,13537,14588,11848,7045,13129,1006.9,1853,28,14,1116,240342.26
2025-12-20,LM-FOR,12252,11179,11853,12252,10774,6059,11027,845.7,1073,13,18,652,204603.15
2025-12-21,LM-FOR,7094,6361,6751,7094,6296,3503,6385,489.6,733,11,5,357,111959.83
2025-12-22,LM-FOR,11018,9494,10100,11018,8249,5331,9916,760.5,1524,14,10,1129,188459.53
2025-12-23,LM-FOR,10681,9288,9875,10681,8483,5108,9613,737.2,1393,14,9,876,173065.48
2025-12-24,LM-FOR,9575,8431,8957,9575,8039,4673,8618,660.9,1144,8,6,627,157675.51
2025-12-25,LM-FOR,9987,8707,9257,9987,8256,4888,8988,689.3,1280,27,10,787,169145.18
2025-12-26,LM-FOR,9589,8489,9017,9589,8144,4779,8630,661.8,1100,7,13,605,164555.94
2025-12-27,LM-FOR,8068,7327,7770,8068,7322,4133,7261,556.8,741,2,10,374,135557.3
2025-12-28,LM-FOR,6829,6070,6445,6829,6217,3481,6146,471.3,759,9,12,301,110035.09
2025-12-29,LM-FOR,10786,9297,9890,10786,8259,5170,9707,744.4,1489,24,11,998,173998.61
2025-12-30,LM-FOR,11317,9628,10250,11317,8457,5233,10185,781.0,1689,22,12,1166,199467.24
2025-12-31,LM-FOR,9846,8827,9368,9846,8053,4864,8861,679.5,1019,9,7,703,154637.32
2026-01-01,LM-FOR,9169,8352,8856,9169,8323,4569,8252,632.8,817,9,8,396,156324.16
2026-01-02,LM-FOR,9776,8636,9173,9776,8113,4920,8798,674.7,1140,13,15,702,165269.03
2026-01-03,LM-FOR,8102,7295,7741,8102,7220,4068,7292,559.1,807,14,19,406,135523.48
2026-01-04,LM-FOR,8011,7311,7752,8011,7408,3998,7210,552.8,700,8,10,299,132697.36
2026-01-05,LM-FOR,11494,9835,10467,11494,8539,5472,10345,793.2,1659,17,11,1206,186131.77
2026-01-06,LM-FOR,10875,9427,10025,10875,8839,5398,9788,750.5,1448,15,16,893,178308.58
2026-01-07,LM-FOR,10249,8925,9489,10249,8571,5026,9224,707.3,1324,20,13,690,178921.53
2026-01-08,LM-FOR,10176,8974,9534,10176,8692,5130,9158,702.2,1202,15,9,645,161022.44
2026-01-09,LM-FOR,10200,8961,9522,10200,8576,5194,9180,703.9,1239,9,11,749,175728.79
2026-01-10,LM-FOR,8441,7565,8029,8441,7565,4306,7597,582.5,876,12,9,416,145258.95
2026-01-11,LM-FOR,7344,6659,7063,7344,6826,3680,6610,506.8,685,12,13,243,116157.48
2026-01-12,LM-FOR,11654,9837,10478,11654,8814,5561,10489,804.2,1817,28,4,1062,200573.2
2026-01-13,LM-FOR,11220,9849,10466,11220,9002,5413,10098,774.2,1371,14,7,938,195225.15
2026-01-14,LM-FOR,10630,9243,9828,10630,8628,4996,9567,733.5,1387,14,7,861,186091.35
2026-01-15,LM-FOR,9863,8672,9215,9863,8639,4827,8877,680.6,1191,14,14,540,152337.95
2026-01-16,LM-FOR,9911,8891,9436,9911,8524,5134,8920,683.9,1020,10,8,570,166976.83
2026-01-17,LM-FOR,8496,7778,8245,8496,7945,4351,7646,586.2,718,10,7,309,138758.08
2026-01-18,LM-FOR,8541,7738,8207,8541,7876,4367,7687,589.3,803,12,8,321,144508.29
2026-01-19,LM-FOR,11262,9719,10338,11262,9081,5367,10136,777.1,1543,23,10,909,189697.57
2026-01-20,LM-FOR,10681,9332,9919,10681,8927,5504,9613,737.0,1349,18,16,802,176928.18
2026-01-21,LM-FOR,10171,8989,9548,10171,9192,5226,9154,701.8,1182,18,18,430,177885.75
2026-01-22,LM-FOR,9917,8890,9436,9917,8866,5002,8925,684.3,1027,16,10,498,163189.72
2026-01-23,LM-FOR,9298,8346,8858,9298,8385,4812,8368,641.5,952,8,11,402,160859.0
2026-01-24,LM-FOR,7490,6787,7199,7490,6668,3897,6741,516.8,703,11,7,417,124535.95
2026-01-25,LM-FOR,7776,7028,7455,7776,7127,3828,6998,536.5,748,8,14,310,122713.64
2026-01-26,LM-FOR,11806,10169,10818,11806,9194,5858,10625,814.6,1637,15,11,1059,199012.7
2026-01-27,LM-FOR,10768,9466,10058,10768,9252,5300,9691,743.0,1302,18,17,692,186071.62
2026-01-28,LM-FOR,11061,9715,10323,11061,9114,5279,9955,763.2,1346,18,9,799,177288.47
2026-01-29,LM-FOR,10172,9228,9788,10172,8975,5357,9155,701.8,944,14,9,535,166703.26
2026-01-30,LM-FOR,10106,8997,9553,10106,8799,5127,9095,697.3,1109,9,6,583,152894.93
2026-01-31,LM-FOR,8432,7579,8043,8432,7787,4289,7589,581.8,853,15,9,337,133884.98
2026-02-01,LM-FOR,8186,7389,7839,8186,7233,4302,7367,564.8,797,7,4,428,128128.13
2026-02-02,LM-FOR,11858,10234,10886,11858,9448,5737,10672,818.1,1624,14,9,973,189771.77
2026-02-03,LM-FOR,11569,10228,10864,11569,9483,5593,10412,798.2,1341,16,11,874,197297.64
2026-02-04,LM-FOR,10458,9281,9856,10458,9087,5365,9412,721.5,1177,13,17,605,169272.28
2026-02-05,LM-FOR,10422,9172,9745,10422,9373,5158,9380,719.0,1250,13,9,440,169085.82
2026-02-06,LM-FOR,9867,9009,9551,9867,8996,5071,8880,680.7,858,14,6,421,156234.1
2026-02-07,LM-FOR,8332,7453,7911,8332,7643,4170,7499,574.8,879,5,11,329,138923.66
2026-02-08,LM-FOR,8129,7310,7757,8129,7271,4055,7316,560.8,819,13,10,412,139289.23
2026-02-09,LM-FOR,12755,10908,11609,12755,9737,6226,11480,880.0,1847,16,20,1203,216349.01
2026-02-10,LM-FOR,11016,9918,10524,11016,9632,5468,9914,760.0,1098,16,16,582,183870.9
2026-02-11,LM-FOR,10669,9547,10134,10669,9685,5562,9602,736.0,1122,11,17,480,180060.12
2026-02-12,LM-FOR,10773,9630,10223,10773,9674,5275,9696,743.2,1143,11,14,491,177163.45
2026-02-13,LM-FOR,10205,9146,9707,10205,9260,5217,9184,704.0,1059,11,15,433,158145.93
2026-02-14,LM-FOR,8483,7678,8144,8483,7871,4347,7635,585.2,805,9,11,327,142794.92
2026-02-15,LM-FOR,7400,6774,7181,7400,6638,3767,6660,510.5,626,5,8,365,118776.09
2026-02-16,LM-FOR,12132,10532,11199,12132,9669,5895,10919,837.0,1600,26,8,982,189808.56
2026-02-17,LM-FOR,10332,9284,9852,10332,9314,5335,9299,712.8,1048,11,11,450,171258.18
2026-02-18,LM-FOR,11136,9959,10572,11136,9766,5699,10022,768.2,1177,11,14,623,193240.65
2026-02-19,LM-FOR,10456,9502,10077,10456,9230,5279,9410,721.3,954,14,11,537,176246.83
2026-02-20,LM-FOR,10230,9315,9878,10230,9143,5178,9207,705.7,915,9,16,478,158375.65
2026-02-21,LM-FOR,8271,7474,7929,8271,7288,4243,7444,570.6,797,14,14,467,134174.14
2026-02-22,LM-FOR,7690,7044,7466,7690,6780,3956,6921,530.5,646,10,7,417,121935.69
2026-02-23,LM-FOR,12111,10696,11362,12111,9794,5709,10900,835.5,1415,15,14,935,191308.47
2026-02-24,LM-FOR,11269,10110,10730,11269,9831,5561,10142,777.4,1159,18,10,648,183148.04
2026-02-25,LM-FOR,10483,9484,10060,10483,9547,5275,9435,723.2,999,11,12,441,169577.39
2026-02-26,LM-FOR,10499,9346,9923,10499,9638,5382,9449,724.3,1153,11,8,435,165914.67
2026-02-27,LM-FOR,10919,9834,10435,10919,9968,5424,9827,753.2,1085,10,13,460,175659.01
2026-02-28,LM-FOR,8852,7946,8432,8852,7919,4577,7967,610.6,906,9,20,437,143231.63
2026-03-01,LM-FOR,8491,7668,8135,8491,8016,4359,7642,585.7,823,13,8,276,134107.96
2026-03-02,LM-FOR,12444,10855,11540,12444,10362,6316,11200,858.4,1589,21,9,882,194255.79
2026-03-03,LM-FOR,11951,10518,11175,11951,10454,6021,10756,824.4,1433,19,6,598,191755.52
2026-03-04,LM-FOR,10670,9720,10307,10670,9403,5568,9603,736.0,950,11,12,608,164421.62
2026-03-05,LM-FOR,9784,8736,9274,9784,8900,5055,8806,674.9,1048,15,13,403,161473.95
2026-03-06,LM-FOR,9958,9179,9727,9958,8923,5142,8962,686.9,779,8,7,473,160488.19
2026-03-07,LM-FOR,8908,7992,8482,8908,8387,4775,8017,614.5,916,8,10,260,150796.86
2026-03-08,LM-FOR,7967,7205,7643,7967,7233,4130,7170,549.6,762,5,9,331,120549.26
2026-03-09,LM-FOR,16934,14705,15637,16934,13725,8245,15241,1168.1,2229,33,22,1333,291110.38
2026-03-10,LM-FOR,15630,13946,14805,15630,13714,7855,14067,1078.2,1684,10,19,863,245990.57
2026-03-11,LM-FOR,15939,14372,15248,15939,14528,8561,14345,1099.5,1567,29,22,675,258821.48
2026-03-12,LM-FOR,15250,13719,14558,15250,14027,7892,13725,1052.0,1531,34,22,608,245953.9
2026-03-13,LM-FOR,14454,13011,13806,14454,13098,7577,13009,997.0,1443,14,13,634,225879.78
2026-03-14,LM-FOR,12475,11374,12060,12475,11331,6788,11228,860.5,1101,17,12,535,203677.97
2026-03-15,LM-FOR,11610,10662,11300,11610,10824,6158,10449,800.9,948,11,8,435,187793.79
2026-03-16,LM-FOR,12340,11092,11771,12340,11083,6447,11106,851.2,1248,20,21,623,212954.44
2026-03-17,LM-FOR,11042,9843,10450,11042,10356,5986,9938,761.7,1199,13,14,362,181320.78
2026-03-18,LM-FOR,10057,9076,9629,10057,9309,5547,9051,693.7,981,12,17,347,162047.68
2026-03-19,LM-FOR,10744,9702,10293,10744,9782,5939,9670,741.1,1042,15,5,473,170770.82
2026-03-20,LM-FOR,10278,9298,9863,10278,9443,5460,9250,709.0,980,13,10,454,163653.33
2026-03-21,LM-FOR,9152,8321,8825,9152,8548,5025,8237,631.3,831,7,18,300,138626.85
2026-03-22,LM-FOR,8820,8032,8517,8820,8225,4790,7938,608.4,788,8,10,315,140252.95
2026-03-23,LM-FOR,13016,11631,12347,13016,11479,6947,11714,897.8,1385,16,16,684,215739.37
2026-03-24,LM-FOR,11193,10137,10752,11193,10486,6179,10074,772.1,1056,15,17,401,177373.51
2026-03-25,LM-FOR,10829,9811,10407,10829,10046,5955,9746,747.0,1018,6,10,339,181106.29
2026-03-26,LM-FOR,10941,10036,10638,10941,9914,5828,9847,754.7,905,18,10,478,176626.32
2026-03-27,LM-FOR,11138,10149,10761,11138,10445,6022,10024,768.3,989,11,17,380,184432.6
2026-03-28,LM-FOR,9298,8372,8883,9298,8665,5274,8368,641.3,926,10,12,304,150047.12
2026-03-29,LM-FOR,8746,7838,8319,8746,7968,4741,7871,603.3,908,15,9,368,139415.63
2026-03-30,LM-FOR,12252,11047,11720,12252,11295,6822,11027,845.1,1205,14,8,475,207086.23
2026-03-31,LM-FOR,11315,10244,10866,11315,10402,6411,10184,780.5,1071,14,14,441,183614.67
2026-04-01,LM-FOR,11342,10242,10866,11342,10647,6296,10208,782.3,1100,15,15,378,190783.31
2026-04-02,LM-FOR,10414,9361,9934,10414,9534,5906,9373,718.3,1053,11,7,425,167449.11
2026-04-03,LM-FOR,10214,9187,9749,10214,9368,5597,9193,704.5,1027,20,11,434,147904.07
2026-04-04,LM-FOR,8863,8086,8574,8863,8314,5058,7977,611.3,777,12,8,310,150669.83
2026-04-05,LM-FOR,8945,7988,8480,8945,8216,4993,8050,617.0,957,14,11,321,141844.34
2026-04-06,LM-FOR,12348,11302,11981,12348,11264,6846,11113,851.7,1046,8,21,546,190821.2
2026-04-07,LM-FOR,10750,9752,10343,10750,10218,6173,9675,741.5,998,12,9,304,177879.93
2026-04-08,LM-FOR,11307,10193,10815,11307,10565,6351,10176,779.9,1114,13,9,374,173089.46
2026-04-09,LM-FOR,10637,9656,10241,10637,9626,5868,9573,733.7,981,7,8,470,176724.26
2026-04-10,LM-FOR,10383,9497,10068,10383,9621,5688,9345,716.2,886,12,16,392,167277.38
2026-04-11,LM-FOR,8931,8128,8619,8931,8537,5161,8038,616.0,803,8,11,210,144954.4
2026-04-12,LM-FOR,8447,7640,8105,8447,8023,4887,7602,582.6,807,9,9,240,138119.31
2026-04-13,LM-FOR,12934,11714,12426,12934,11613,7497,11641,892.1,1220,16,14,670,201517.65
2026-04-14,LM-FOR,11196,10162,10778,11196,10330,6411,10076,772.2,1034,13,12,423,174219.0
2026-04-15,LM-FOR,10982,10024,10628,10982,10256,6190,9884,757.5,958,15,17,339,180938.1
2026-04-16,LM-FOR,11238,10100,10718,11238,10552,6464,10114,775.1,1138,18,14,350,177905.8
2026-04-17,LM-FOR,10212,9257,9819,10212,9596,5859,9191,704.4,955,11,13,377,162684.23
2026-04-18,LM-FOR,8508,7743,8211,8508,7915,4984,7657,586.8,765,12,5,307,136945.74
2026-04-19,LM-FOR,8785,8001,8484,8785,8079,5140,7906,605.9,784,10,18,335,143604.7
2026-04-20,LM-FOR,13166,11961,12685,13166,12354,7931,11849,908.1,1205,11,14,412,200287.83
2026-04-21,LM-FOR,11889,10847,11500,11889,10864,6808,10700,820.0,1042,6,6,481,192672.72
2026-04-22,LM-FOR,10484,9413,9990,10484,9786,6202,9436,723.1,1071,9,14,326,173899.36
2026-04-23,LM-FOR,11319,10184,10807,11319,10488,6726,10187,780.7,1135,12,14,419,184193.89
2026-04-24,LM-FOR,9893,9127,9671,9893,9233,5831,8904,682.3,766,8,12,323,163442.27
2026-04-25,LM-FOR,9172,8370,8875,9172,8521,5294,8255,632.6,802,11,9,345,144829.74
2026-04-26,LM-FOR,8371,7635,8095,8371,7720,4837,7534,577.4,736,8,9,342,127184.1
2026-04-27,LM-FOR,12232,11023,11696,12232,11062,7179,11009,843.7,1209,20,15,530,198883.59
2026-04-28,LM-FOR,11799,10612,11261,11799,10979,6982,10619,813.8,1187,10,4,395,188913.89
2026-04-29,LM-FOR,11257,10321,10940,11257,10194,6407,10131,776.4,936,7,10,513,188487.06
2026-04-30,LM-FOR,10866,10037,10634,10866,10028,6253,9779,749.5,829,15,16,421,173030.16
2026-05-01,LM-FOR,14565,13229,14030,14565,13620,8670,13108,1004.6,1336,12,12,465,237705.08
2026-05-02,LM-FOR,12137,11133,11801,12137,11037,6833,10923,837.1,1004,15,12,504,190071.59
2026-05-03,LM-FOR,12141,11211,11879,12141,11536,7256,10927,837.4,930,10,8,333,191445.51
2026-05-04,LM-FOR,17493,15988,16950,17493,16358,10277,15744,1206.5,1505,15,16,580,286595.85
2026-05-05,LM-FOR,15885,14699,15573,15885,14582,9243,14296,1095.6,1186,11,17,574,254166.62
2026-05-06,LM-FOR,14926,13650,14471,14926,14137,8854,13433,1029.5,1276,20,21,397,255152.25
2026-05-07,LM-FOR,14233,13085,13868,14233,13427,8549,12810,981.7,1148,14,17,409,229829.02
2026-05-08,LM-FOR,14508,13496,14294,14508,13403,8636,13057,1000.6,1012,15,17,453,226826.75
2026-05-09,LM-FOR,12254,11316,11990,12254,11484,7191,11029,845.2,938,11,16,368,193119.77
2026-05-10,LM-FOR,10832,9942,10538,10832,10082,6297,9749,747.1,890,6,12,397,173061.48
2026-05-11,LM-FOR,12671,11593,12289,12671,11610,7589,11404,873.9,1078,11,9,492,206633.13
2026-05-12,LM-FOR,11755,10901,11547,11755,10850,7106,10580,810.8,854,10,14,413,181842.77
2026-05-13,LM-FOR,12107,11191,11856,12107,11118,7351,10896,835.0,916,11,16,474,178575.69
2026-05-14,LM-FOR,10588,9797,10379,10588,9913,6227,9529,730.3,791,12,14,360,168426.16
2026-05-15,LM-FOR,10166,9373,9933,10166,9455,6174,9149,701.2,793,11,8,314,162998.92
2026-05-16,LM-FOR,9609,8911,9440,9609,8847,5858,8648,662.7,698,9,12,330,146801.44
2026-05-17,LM-FOR,9224,8444,8951,9224,8657,5566,8302,636.2,780,14,7,292,149487.57
2026-05-18,LM-FOR,12656,11609,12305,12656,11814,7654,11390,872.9,1047,20,9,420,201368.77
2026-05-19,LM-FOR,11944,10945,11602,11944,11096,7215,10750,823.8,999,7,8,390,186744.5
2026-05-20,LM-FOR,11796,10941,11589,11796,11058,7148,10616,813.6,855,16,13,352,179003.26
2026-05-21,LM-FOR,10407,9563,10136,10407,9771,6513,9366,717.8,844,9,7,298,156351.52
2026-05-22,LM-FOR,10072,9251,9805,10072,9221,6075,9065,694.7,821,12,4,362,158132.63
2026-05-23,LM-FOR,9216,8529,9036,9216,8373,5539,8294,635.6,687,9,10,386,142958.85
2026-05-24,LM-FOR,9342,8574,9088,9342,8772,5552,8408,644.3,768,8,14,257,142449.69
2026-05-25,LM-FOR,12877,11960,12668,12877,12077,8034,11589,888.1,917,14,18,398,186979.38
2026-05-26,LM-FOR,12335,11371,12049,12335,11504,7513,11102,850.7,964,7,13,394,192424.75
2026-05-27,LM-FOR,12080,11307,11971,12080,11335,7386,10872,833.2,773,7,9,323,187172.8
2026-05-28,LM-FOR,12242,11460,12134,12242,11359,7760,11018,844.3,782,12,14,403,187002.96
2026-05-29,LM-FOR,10622,9972,10556,10622,9568,6390,9560,732.6,650,8,8,449,160239.64
2026-05-30,LM-FOR,9360,8609,9124,9360,8767,5687,8424,645.6,751,5,7,276,138326.76
2026-05-31,LM-FOR,9485,8784,9306,9485,8795,5756,8536,654.2,701,9,7,300,147048.75
2026-06-01,LM-FOR,12457,11653,12338,12457,11670,7599,11211,859.2,804,9,14,360,198600.63
2026-06-02,LM-FOR,12813,12045,12750,12813,12078,7944,11532,883.7,768,5,11,344,187972.26
2026-06-03,LM-FOR,11275,10345,10965,11275,10617,7071,10148,777.6,930,6,12,318,167532.52
2026-06-04,LM-FOR,11513,10742,11375,11513,10739,7183,10362,794.0,771,6,13,349,171819.87
2026-06-05,LM-FOR,10816,10057,10652,10816,10042,6880,9734,746.0,759,8,19,369,169702.51
2026-06-06,LM-FOR,9108,8477,8978,9108,8482,5771,8197,628.2,631,8,6,298,143546.58
2026-06-07,LM-FOR,8663,7982,8458,8663,8064,5478,7797,597.5,681,9,8,261,131020.35
2026-06-08,LM-FOR,13368,12378,13113,13368,12547,8509,12031,922.0,990,13,20,379,201933.84
2026-06-09,LM-FOR,12878,12052,12760,12878,11963,8215,11590,888.2,826,6,13,427,193799.95
2026-06-10,LM-FOR,11710,10957,11602,11710,10768,7373,10539,807.6,753,11,13,445,168330.59
2026-06-11,LM-FOR,11571,10770,11407,11571,10332,7435,10414,798.0,801,12,16,486,165822.6
2026-06-12,LM-FOR,11195,10501,11116,11195,10443,7050,10076,772.1,694,7,14,342,169772.95
2026-06-13,LM-FOR,9160,8571,9075,9160,8442,5763,8244,631.8,589,9,11,314,145728.97
2026-06-14,LM-FOR,9261,8713,9222,9261,8559,5815,8335,638.7,548,4,8,326,149073.97
2026-06-15,LM-FOR,13704,12796,13550,13704,12902,8679,12334,945.1,908,8,17,382,203939.21
2026-06-16,LM-FOR,13662,12975,13635,13662,12445,8524,12296,942.2,687,8,18,486,198158.85
2026-06-17,LM-FOR,11680,10835,11477,11680,11076,7401,10512,805.6,845,6,12,334,170029.15
2026-06-18,LM-FOR,11428,10789,11405,11428,10716,7339,10285,788.2,639,8,17,332,181364.46
2026-06-19,LM-FOR,11340,10467,11090,11340,10585,7282,10206,782.1,873,11,13,350,164619.31
2026-06-20,LM-FOR,9814,9120,9660,9814,9395,6336,8833,676.9,694,5,13,229,146984.46
2026-06-21,LM-FOR,8913,8335,8825,8913,8262,5676,8022,614.7,578,8,6,315,137190.56
2026-06-22,LM-FOR,13214,12046,12773,13214,12294,8722,11893,911.3,1168,14,11,451,199308.81
2026-06-23,LM-FOR,12837,11893,12599,12837,11822,8489,11553,885.3,944,7,18,447,200828.88
2026-06-24,LM-FOR,11564,10940,11541,11564,10626,7560,10408,797.5,624,8,7,418,164261.39
2026-06-25,LM-FOR,11518,10838,11472,11518,10738,7532,10366,794.4,680,7,7,362,167226.93
2026-06-26,LM-FOR,11146,10256,10870,11146,10234,7402,10031,768.7,890,11,18,399,164513.05
2026-06-27,LM-FOR,9933,9134,9680,9933,9316,6532,8940,685.1,799,10,5,282,148194.49
2026-06-28,LM-FOR,8945,8232,8724,8945,8260,5713,8050,616.9,713,8,10,300,138072.12
2026-06-29,LM-FOR,12616,11669,12363,12616,11781,8150,11354,870.1,947,8,14,405,176163.67
2026-06-30,LM-FOR,11825,11008,11658,11825,10778,7709,10642,815.5,817,11,13,430,174899.42
2026-07-01,LM-FOR,11454,10734,11364,11454,10499,7547,10309,790.0,720,16,14,434,171763.03
2026-07-02,LM-FOR,11216,10529,11146,11216,10531,7522,10094,773.5,687,8,8,322,170402.47
2026-07-03,LM-FOR,11118,10498,11096,11118,10453,7458,10006,766.8,620,10,15,321,161119.07
2026-07-04,LM-FOR,9256,8711,9220,9256,8487,6128,8330,638.4,545,10,11,353,136239.72
2026-07-05,LM-FOR,8968,8207,8700,8968,8597,6032,8071,618.5,761,10,11,213,134712.74
2026-07-06,LM-FOR,13200,12254,12980,13200,11671,8484,11880,910.4,946,9,16,605,199490.79
2026-07-07,LM-FOR,12556,11577,12268,12556,11320,8114,11300,866.0,979,13,13,557,196085.19
2026-07-08,LM-FOR,12612,11962,12587,12612,11656,8207,11351,869.8,650,6,9,410,184835.37
2026-07-09,LM-FOR,12102,11247,11912,12102,10910,7879,10892,834.6,855,7,13,526,182411.83
2026-07-10,LM-FOR,11253,10431,11050,11253,10387,7461,10128,776.1,822,11,14,402,156741.02
2026-07-11,LM-FOR,9559,8963,9488,9559,9020,6615,8603,659.3,596,8,10,259,139767.03
2026-07-12,LM-FOR,9110,8477,8978,9110,8483,5951,8199,628.3,633,11,3,267,137386.15
2026-07-13,LM-FOR,13806,12981,13740,13806,12834,8986,12425,952.2,825,11,22,459,209680.87
2026-07-14,LM-FOR,13092,12153,12873,13092,12396,8742,11783,902.9,939,11,6,390,183409.78
2026-07-15,LM-FOR,11742,11030,11676,11742,11050,7700,10568,809.8,712,9,10,340,171973.84
2026-07-16,LM-FOR,11915,10903,11558,11915,11119,8001,10724,821.7,1012,20,18,385,174215.36
2026-07-17,LM-FOR,10510,9992,10489,10510,9718,7054,9459,724.8,518,7,7,336,158787.42
2026-07-18,LM-FOR,9847,9238,9779,9847,9216,6679,8862,679.1,609,7,12,320,137625.55
2026-07-19,LM-FOR,9554,8937,9463,9554,8967,6352,8599,658.9,617,8,11,287,142707.83
2026-07-20,LM-FOR,13598,12641,13389,13598,12348,9102,12238,937.8,957,13,9,555,202241.75
2026-07-21,LM-FOR,13728,12808,13563,13728,12980,8912,12355,946.8,920,15,15,411,206000.83
2026-07-22,LM-FOR,11824,11031,11681,11824,10971,7938,10642,815.5,793,7,13,377,174073.88
2026-07-23,LM-FOR,12063,11243,11907,12063,11285,8060,10857,832.0,820,6,17,332,179781.43
2026-07-24,LM-FOR,11369,10636,11261,11369,10714,7551,10232,784.1,733,8,7,346,170174.94
2026-07-25,LM-FOR,9799,9140,9679,9799,9047,6426,8819,675.8,659,10,9,347,140720.47
2026-07-26,LM-FOR,9325,8703,9216,9325,8723,5891,8392,643.1,622,4,12,295,135738.24
2026-07-27,LM-FOR,13867,12910,13672,13867,12601,9178,12480,956.4,957,16,18,555,208180.68
2026-07-28,LM-FOR,13370,12473,13209,13370,12534,8767,12033,922.1,897,17,15,389,196684.82
2026-07-29,LM-FOR,12866,12039,12746,12866,11854,8419,11579,887.3,827,18,19,454,176202.47
2026-07-30,LM-FOR,12043,11262,11924,12043,10948,7918,10839,830.6,781,10,22,481,167473.85
2026-07-31,LM-FOR,11778,10996,11644,11778,11108,7848,10600,812.3,782,11,11,355,179136.27
2026-08-01,LM-FOR,9650,8998,9529,9650,8849,6267,8685,665.5,652,7,8,374,138746.46
2026-08-02,LM-FOR,9671,9075,9607,9671,8865,6275,8704,667.0,596,11,9,341,131198.29
2026-08-03,LM-FOR,13527,12580,13324,13527,12793,8850,12174,932.9,947,7,26,382,193971.11
2026-08-04,LM-FOR,13562,12510,13256,13562,12427,8927,12206,935.3,1052,11,10,511,203074.83
2026-08-05,LM-FOR,13303,12426,13157,13303,12153,8896,11973,917.5,877,16,15,464,190051.58
2026-08-06,LM-FOR,12064,11353,12017,12064,11313,8012,10858,832.0,711,9,7,348,181861.78
2026-08-07,LM-FOR,10636,9981,10566,10636,9964,7077,9572,733.5,655,9,8,322,149113.68
2026-08-08,LM-FOR,9761,9182,9719,9761,8971,6406,8785,673.2,579,7,11,386,143142.83
2026-08-09,LM-FOR,9883,9214,9757,9883,9206,6490,8895,681.6,669,2,13,328,146982.14
2026-08-10,LM-FOR,14251,13371,14155,14251,13405,9363,12826,982.8,880,8,21,400,207775.31
2026-08-11,LM-FOR,13256,12591,13229,13256,12370,8722,11930,914.2,665,6,14,418,194216.74
2026-08-12,LM-FOR,12860,11923,12630,12860,12000,8331,11574,886.9,937,8,15,386,196571.46
2026-08-13,LM-FOR,12395,11638,12320,12395,11645,8388,11156,854.8,757,8,18,342,181871.87
2026-08-14,LM-FOR,12082,11273,11937,12082,11253,8030,10874,833.3,809,12,9,354,165006.02
2026-08-15,LM-FOR,10334,9763,10313,10334,9624,6863,9301,712.7,571,7,14,339,148213.92
2026-08-16,LM-FOR,10039,9394,9946,10039,9341,6684,9035,692.4,645,10,6,343,146934.67
2026-08-17,LM-FOR,14241,13300,14083,14241,13417,9406,12817,982.2,941,9,11,388,212956.09
2026-08-18,LM-FOR,13638,12631,13381,13638,12297,8987,12274,940.6,1007,11,10,552,199579.61
2026-08-19,LM-FOR,12361,11490,12169,12361,11528,8113,11125,852.5,871,13,14,376,179938.72
2026-08-20,LM-FOR,12003,11206,11866,12003,11348,7929,10803,827.8,797,11,18,351,176499.86
2026-08-21,LM-FOR,12354,11647,12327,12354,11660,8219,11119,852.0,707,4,9,319,178754.1
2026-08-22,LM-FOR,10147,9611,10127,10147,9653,6778,9132,699.8,536,6,12,247,140998.97
2026-08-23,LM-FOR,9858,9222,9765,9858,9200,6686,8872,679.9,636,3,14,286,146469.83
2026-08-24,LM-FOR,14209,13274,14055,14209,13054,9252,12788,979.9,935,14,14,554,199478.21
2026-08-25,LM-FOR,13025,12233,12949,13025,12085,8503,11722,898.3,792,9,9,430,177391.98
2026-08-26,LM-FOR,12575,11798,12490,12575,11782,8303,11318,867.3,777,10,13,347,181627.02
2026-08-27,LM-FOR,12954,12121,12833,12954,11868,8685,11659,893.4,833,9,10,490,181463.59
2026-08-28,LM-FOR,11955,11199,11856,11955,10746,7882,10760,824.5,756,4,13,522,171755.74
2026-08-29,LM-FOR,9524,8944,9468,9524,8906,6545,8572,656.8,580,4,13,286,130158.73
2026-08-30,LM-FOR,9572,9049,9553,9572,8933,6352,8615,660.1,523,4,15,298,136753.64
2026-08-31,LM-FOR,15120,14094,14926,15120,13814,10036,13608,1042.8,1026,7,18,569,214187.34
2026-09-01,LM-FOR,13277,12321,13051,13277,12558,8872,11949,915.7,956,10,13,375,189708.77
2026-09-02,LM-FOR,11848,11118,11769,11848,11173,7934,10663,817.1,730,7,12,318,169873.77
2026-09-03,LM-FOR,13229,12312,13039,13229,12427,8713,11906,912.4,917,14,12,380,188342.72
2026-09-04,LM-FOR,12079,11439,12055,12079,10945,7969,10871,833.0,640,6,7,466,168053.42
2026-09-05,LM-FOR,10166,9552,10111,10166,9385,6624,9149,701.1,614,11,14,364,139661.92
2026-09-06,LM-FOR,9576,8964,9491,9576,8892,6393,8618,660.4,612,6,9,292,138753.03
2026-09-07,LM-FOR,14859,13919,14737,14859,13853,9949,13373,1024.8,940,10,15,442,207854.83
2026-09-08,LM-FOR,13201,12408,13134,13201,11905,8665,11881,910.4,793,7,15,550,179656.94
2026-09-09,LM-FOR,13231,12455,13183,13231,12315,8712,11908,912.5,776,11,16,462,185896.29
2026-09-10,LM-FOR,12718,12139,12693,12718,12030,8407,11446,877.1,579,5,12,339,176464.2
2026-09-11,LM-FOR,11968,11126,11784,11968,11027,7824,10771,825.4,842,8,10,411,168728.1
2026-09-12,LM-FOR,10304,9726,10283,10304,9558,6774,9274,710.6,578,9,7,313,150897.09
2026-09-13,LM-FOR,9700,9242,9681,9700,8921,6674,8730,669.0,458,6,15,353,133655.75
2026-09-14,LM-FOR,14928,14029,14850,14928,13738,9945,13435,1029.5,899,10,9,543,224104.21
2026-09-15,LM-FOR,13126,12307,13029,13126,12313,8728,11813,905.2,819,15,22,402,187421.2
2026-09-16,LM-FOR,12069,11279,11943,12069,11126,7925,10862,832.4,790,8,11,457,170458.89
2026-09-17,LM-FOR,12825,12011,12716,12825,11781,8488,11542,884.5,814,11,12,456,190155.62
2026-09-18,LM-FOR,12201,11430,12101,12201,11383,8206,10981,841.5,771,11,13,394,173516.54
2026-09-19,LM-FOR,10485,9912,10464,10485,9598,7006,9436,723.1,573,10,13,394,147046.72
2026-09-20,LM-FOR,9958,9420,9938,9958,9259,6730,8962,686.8,538,5,7,322,140814.35
2026-09-21,LM-FOR,14324,13372,14160,14324,13315,9689,12892,987.9,952,10,19,501,227831.16
2026-09-22,LM-FOR,13991,13238,13963,13991,13044,9329,12592,964.9,753,5,18,439,182806.14
2026-09-23,LM-FOR,12850,12059,12765,12850,11997,8486,11565,886.2,791,7,14,391,183538.55
2026-09-24,LM-FOR,12413,11653,12336,12413,11662,8273,11172,856.1,760,8,14,361,183124.43
2026-09-25,LM-FOR,11876,11208,11852,11876,11066,8018,10688,819.0,668,7,6,365,171317.69
2026-09-26,LM-FOR,11106,10391,11002,11106,10196,7305,9995,765.9,715,4,12,431,160811.9
2026-09-27,LM-FOR,9276,8702,9212,9276,8765,6415,8348,639.7,574,4,9,250,135790.18
2026-09-28,LM-FOR,14827,13931,14747,14827,12935,9599,13344,1022.6,896,9,15,823,216461.69
2026-09-29,LM-FOR,12891,12214,12865,12891,11791,8624,11602,889.0,677,7,21,509,181976.24
2026-09-30,LM-FOR,12897,11916,12626,12897,11960,8639,11607,889.5,981,6,18,414,189963.35
2025-08-01,LM-MAO,1747,1451,1547,1747,1664,363,1572,174.4,296,6,2,50,44784.13
2025-08-02,LM-MAO,1532,1268,1352,1532,1466,331,1379,152.8,264,3,2,37,35252.1
2025-08-03,LM-MAO,1427,1191,1270,1427,1375,286,1284,142.1,236,2,4,30,36345.65
2025-08-04,LM-MAO,2433,2005,2138,2433,1939,440,2190,242.1,428,4,1,205,58911.08
2025-08-05,LM-MAO,2259,1883,2008,2259,2172,459,2033,224.5,376,6,3,59,54606.83
2025-08-06,LM-MAO,2170,1807,1926,2170,2051,505,1953,215.4,363,6,3,72,54800.76
2025-08-07,LM-MAO,2181,1830,1950,2181,2116,490,1963,216.3,351,5,5,67,54405.66
2025-08-08,LM-MAO,2081,1741,1855,2081,1963,428,1873,206.1,340,10,1,71,50901.52
2025-08-09,LM-MAO,1777,1485,1582,1777,1688,380,1599,175.8,292,7,2,50,43963.34
2025-08-10,LM-MAO,1723,1451,1545,1723,1662,351,1551,170.3,272,0,0,55,39575.56
2025-08-11,LM-MAO,2560,2154,2295,2560,2068,533,2304,252.8,406,5,0,204,60023.67
2025-08-12,LM-MAO,2708,2281,2430,2708,2175,512,2437,267.1,427,7,1,198,66722.11
2025-08-13,LM-MAO,2425,2011,2144,2425,2320,507,2182,239.0,414,7,7,65,57311.65
2025-08-14,LM-MAO,2330,1961,2089,2330,1847,445,2097,229.4,369,3,2,179,56594.7
2025-08-15,LM-MAO,2321,1968,2096,2321,2185,486,2089,228.3,353,5,1,78,55492.35
2025-08-16,LM-MAO,1929,1593,1699,1929,1851,417,1736,189.6,336,3,2,37,45266.85
2025-08-17,LM-MAO,2031,1684,1795,2031,1954,433,1828,199.4,347,8,3,56,51137.62
2025-08-18,LM-MAO,2818,2398,2553,2818,2263,591,2536,276.4,420,3,1,238,69567.93
2025-08-19,LM-MAO,2795,2351,2505,2795,2659,567,2516,273.9,444,5,4,90,67523.16
2025-08-20,LM-MAO,2727,2275,2425,2727,2224,480,2454,267.0,452,6,3,197,69672.44
2025-08-21,LM-MAO,2646,2197,2342,2646,2538,569,2381,258.9,449,6,4,78,61631.08
2025-08-22,LM-MAO,2521,2104,2243,2521,2019,545,2269,246.4,417,7,2,188,59743.22
2025-08-23,LM-MAO,2197,1812,1933,2197,2106,447,1977,214.6,385,5,2,59,52516.88
2025-08-24,LM-MAO,2110,1777,1893,2110,2047,465,1899,205.9,333,4,3,44,50734.13
2025-08-25,LM-MAO,3091,2616,2786,3091,2562,612,2782,301.4,475,8,7,215,74430.53
2025-08-26,LM-MAO,2950,2507,2669,2950,2797,605,2655,287.4,443,3,2,79,73171.25
2025-08-27,LM-MAO,3013,2493,2659,3013,2869,619,2712,293.4,520,8,4,88,78562.99
2025-08-28,LM-MAO,2829,2389,2545,2829,2697,618,2546,275.2,440,5,4,94,69824.13
2025-08-29,LM-MAO,2653,2232,2378,2653,2550,604,2388,257.9,421,6,1,68,64463.46
2025-08-30,LM-MAO,2337,1978,2106,2337,2241,528,2103,227.0,359,5,7,67,59103.08
2025-08-31,LM-MAO,2376,1959,2089,2376,2286,530,2138,230.7,417,4,2,60,58437.46
2025-09-01,LM-MAO,3489,2936,3127,3489,2930,716,3140,338.5,553,5,2,242,84838.87
2025-09-02,LM-MAO,3297,2750,2932,3297,2737,648,2967,319.6,547,4,8,289,81065.9
2025-09-03,LM-MAO,3057,2551,2719,3057,2497,645,2751,296.2,506,4,4,238,75188.68
2025-09-04,LM-MAO,3116,2664,2835,3116,2587,674,2804,301.7,452,4,4,203,77256.6
2025-09-05,LM-MAO,2864,2446,2604,2864,2313,564,2578,277.1,418,2,3,243,64702.5
2025-09-06,LM-MAO,2529,2134,2274,2529,2026,496,2276,244.5,395,5,7,209,62290.77
2025-09-07,LM-MAO,2534,2100,2239,2534,2393,551,2281,244.8,434,4,4,104,62249.9
2025-09-08,LM-MAO,3759,3151,3358,3759,3118,726,3383,363.0,608,9,5,241,90782.56
2025-09-09,LM-MAO,3337,2856,3040,3337,3238,727,3003,322.0,481,12,4,79,82741.62
2025-09-10,LM-MAO,3195,2690,2866,3195,2626,584,2876,308.1,505,6,0,232,79379.38
2025-09-11,LM-MAO,3269,2731,2911,3269,3160,738,2942,315.1,538,6,1,60,78204.95
2025-09-12,LM-MAO,3308,2795,2977,3308,3117,709,2977,318.7,513,5,6,104,80306.98
2025-09-13,LM-MAO,2534,2137,2276,2534,2420,547,2281,244.0,397,3,2,79,62543.02
2025-09-14,LM-MAO,2630,2200,2345,2630,2538,580,2367,253.1,430,3,1,63,63674.87
2025-09-15,LM-MAO,3686,3095,3298,3686,3008,728,3317,354.5,591,7,2,285,87164.01
2025-09-16,LM-MAO,3584,2992,3189,3584,2967,764,3226,344.5,592,5,3,224,87575.06
2025-09-17,LM-MAO,3445,2969,3158,3445,2890,745,3100,330.9,476,3,7,222,86407.63
2025-09-18,LM-MAO,3396,2849,3036,3396,2809,717,3056,326.1,547,2,2,261,81962.48
2025-09-19,LM-MAO,3238,2725,2903,3238,2688,685,2914,310.7,513,5,4,224,79826.48
2025-09-20,LM-MAO,2870,2419,2577,2870,2737,708,2583,275.3,451,2,2,76,74599.14
2025-09-21,LM-MAO,2698,2294,2443,2698,2117,583,2428,258.7,404,3,2,228,60919.6
2025-09-22,LM-MAO,3875,3224,3437,3875,3313,775,3488,371.3,651,7,5,232,96857.56
2025-09-23,LM-MAO,3968,3354,3572,3968,3403,826,3571,380.0,614,4,7,242,93790.17
2025-09-24,LM-MAO,3771,3193,3401,3771,3133,706,3394,361.0,578,6,5,247,89493.99
2025-09-25,LM-MAO,3734,3170,3376,3734,3151,794,3361,357.3,564,8,7,246,89485.5
2025-09-26,LM-MAO,3282,2781,2961,3282,2729,652,2954,313.9,501,4,11,209,77623.82
2025-09-27,LM-MAO,3046,2555,2723,3046,2915,710,2741,291.2,491,1,6,68,75331.11
2025-09-28,LM-MAO,2955,2499,2662,2955,2845,658,2660,282.4,456,0,2,78,68876.63
2025-09-29,LM-MAO,4130,3512,3739,4130,3529,833,3717,394.5,618,9,2,233,102186.66
2025-09-30,LM-MAO,4051,3432,3655,4051,3422,837,3646,386.8,619,9,5,258,101163.61
2025-10-01,LM-MAO,3833,3244,3455,3833,3149,823,3450,365.8,589,13,5,258,88301.5
2025-10-02,LM-MAO,4041,3463,3685,4041,3444,867,3637,385.5,578,6,2,265,92936.56
2025-10-03,LM-MAO,3873,3303,3516,3873,3321,774,3486,369.3,570,8,5,234,91917.85
2025-10-04,LM-MAO,2968,2501,2664,2968,2830,681,2671,282.9,467,7,2,78,74266.15
2025-10-05,LM-MAO,3279,2772,2952,3279,2751,601,2951,312.4,507,4,4,236,77646.89
2025-10-06,LM-MAO,4329,3681,3919,4329,3730,838,3896,412.3,648,5,3,265,105158.27
2025-10-07,LM-MAO,4370,3670,3911,4370,3757,904,3933,416.1,700,10,8,278,101362.38
2025-10-08,LM-MAO,4150,3518,3747,4150,3494,837,3735,395.0,632,4,3,281,97894.48
2025-10-09,LM-MAO,3819,3249,3459,3819,3158,792,3437,363.3,570,3,4,294,89303.49
2025-10-10,LM-MAO,3846,3233,3444,3846,3245,749,3461,365.8,613,14,1,270,91085.33
2025-10-11,LM-MAO,3269,2791,2971,3269,2714,646,2942,310.8,478,6,5,244,78573.56
2025-10-12,LM-MAO,3199,2732,2908,3199,2660,622,2879,304.0,467,4,6,223,77525.28
2025-10-13,LM-MAO,4689,3911,4169,4689,4040,920,4220,445.5,778,10,9,276,115177.79
2025-10-14,LM-MAO,4576,3898,4150,4576,3875,941,4118,434.6,678,11,3,280,106380.58
2025-10-15,LM-MAO,4180,3591,3821,4180,3545,820,3762,396.8,589,6,5,273,104770.22
2025-10-16,LM-MAO,4085,3467,3691,4085,3464,825,3676,387.7,618,10,6,273,97904.62
2025-10-17,LM-MAO,4074,3421,3645,4074,3442,823,3667,386.5,653,9,4,274,102402.2
2025-10-18,LM-MAO,3473,2963,3154,3473,3340,753,3126,329.4,510,4,3,68,85743.96
2025-10-19,LM-MAO,3337,2821,3004,3337,2760,628,3003,316.4,516,5,3,243,82307.54
2025-10-20,LM-MAO,4709,4016,4275,4709,4089,1002,4238,446.4,693,10,6,274,118331.76
2025-10-21,LM-MAO,4383,3742,3984,4383,3709,879,3945,415.3,641,11,1,291,103331.76
2025-10-22,LM-MAO,4231,3558,3791,4231,3597,890,3808,400.8,673,3,6,269,104344.64
2025-10-23,LM-MAO,4160,3540,3769,4160,3551,857,3744,394.0,620,7,8,244,92838.34
2025-10-24,LM-MAO,4170,3513,3743,4170,3464,871,3753,394.8,657,7,7,289,101964.3
2025-10-25,LM-MAO,3640,3060,3260,3640,3071,760,3276,344.5,580,9,6,229,89636.58
2025-10-26,LM-MAO,3345,2860,3044,3345,2792,748,3010,316.5,485,8,8,232,78704.98
2025-10-27,LM-MAO,5230,4448,4735,5230,4045,972,4707,494.8,782,14,4,425,126801.95
2025-10-28,LM-MAO,4923,4096,4367,4923,4225,1110,4431,465.6,827,11,5,274,113613.92
2025-10-29,LM-MAO,4495,3841,4088,4495,3827,989,4046,425.0,654,13,4,253,104782.28
2025-10-30,LM-MAO,4262,3588,3822,4262,3513,861,3836,402.9,674,19,5,320,103297.67
2025-10-31,LM-MAO,4418,3756,3999,4418,3814,957,3976,417.5,662,9,7,241,102627.55
2025-11-01,LM-MAO,3622,3069,3268,3622,2993,824,3260,342.2,553,2,4,271,92797.32
2025-11-02,LM-MAO,3482,2984,3175,3482,3373,711,3134,328.9,498,4,4,76,85235.14
2025-11-03,LM-MAO,5071,4330,4609,5071,4408,1074,4564,478.9,741,7,9,293,121956.01
2025-11-04,LM-MAO,4689,3996,4254,4689,4054,928,4220,442.7,693,10,5,299,113947.43
2025-11-05,LM-MAO,4353,3719,3959,4353,3730,924,3918,410.9,634,9,1,259,106228.05
2025-11-06,LM-MAO,4617,3923,4177,4617,3905,1004,4155,435.7,694,6,7,314,107674.05
2025-11-07,LM-MAO,4191,3590,3821,4191,3564,831,3772,395.4,601,5,4,220,102476.66
2025-11-08,LM-MAO,4134,3525,3752,4134,3568,843,3721,389.9,609,6,6,262,100940.89
2025-11-09,LM-MAO,3429,2940,3129,3429,2874,709,3086,323.4,489,4,5,255,81072.42
2025-11-10,LM-MAO,5045,4343,4621,5045,4412,1109,4540,475.7,702,15,4,294,123025.73
2025-11-11,LM-MAO,5063,4347,4625,5063,4399,1118,4557,477.3,716,5,9,282,120917.2
2025-11-12,LM-MAO,4968,4230,4503,4968,4271,1066,4471,468.2,738,9,7,345,121806.47
2025-11-13,LM-MAO,4651,4010,4266,4651,4033,992,4186,438.3,641,8,3,259,115779.23
2025-11-14,LM-MAO,4513,3819,4067,4513,3808,941,4062,425.2,694,10,2,313,109145.06
2025-11-15,LM-MAO,3585,3050,3247,3585,2947,773,3226,337.7,535,6,2,263,91441.69
2025-11-16,LM-MAO,3572,3054,3250,3572,3422,800,3215,336.4,518,6,4,98,85004.88
2025-11-17,LM-MAO,5211,4426,4713,5211,4504,1135,4690,490.6,785,13,3,297,121968.54
2025-11-18,LM-MAO,4763,4085,4347,4763,4141,1014,4287,448.4,678,8,5,259,115433.34
2025-11-19,LM-MAO,4855,4135,4402,4855,4194,959,4370,456.9,720,8,3,290,113576.22
2025-11-20,LM-MAO,4384,3682,3923,4384,3655,860,3946,412.5,702,13,1,312,107775.34
2025-11-21,LM-MAO,4325,3644,3882,4325,3698,928,3892,406.9,681,10,4,280,101217.59
2025-11-22,LM-MAO,3853,3306,3518,3853,3301,790,3468,362.4,547,4,3,229,94733.92
2025-11-23,LM-MAO,3639,3075,3275,3639,3035,774,3275,342.3,564,3,4,269,87516.09
2025-11-24,LM-MAO,14615,11695,12499,14615,9284,2715,13154,1374.4,2920,42,16,2009,380503.59
2025-11-25,LM-MAO,13727,11167,11922,13727,9647,2587,12354,1290.6,2560,22,14,1640,353234.88
2025-11-26,LM-MAO,13271,11000,11729,13271,9385,2704,11944,1247.6,2271,30,13,1523,334293.07
2025-11-27,LM-MAO,12990,10788,11503,12990,9608,2421,11691,1220.9,2202,27,13,1374,307183.35
2025-11-28,LM-MAO,12544,10451,11141,12544,9506,2597,11290,1178.8,2093,34,9,1232,297810.09
2025-11-29,LM-MAO,10444,8789,9364,10444,8966,2157,9400,981.3,1655,21,12,698,254241.25
2025-11-30,LM-MAO,10071,8640,9194,10071,8672,2044,9064,946.1,1431,26,8,651,246684.12
2025-12-01,LM-MAO,15002,11874,12699,15002,9158,2763,13502,1409.2,3128,49,15,2182,372228.8
2025-12-02,LM-MAO,5366,4519,4814,5366,4698,1144,4829,504.0,847,6,7,325,129344.13
2025-12-03,LM-MAO,4988,4258,4533,4988,4317,1140,4489,468.4,730,8,6,290,122326.0
2025-12-04,LM-MAO,4916,4201,4471,4916,4299,1066,4424,461.6,715,10,10,257,123653.17
2025-12-05,LM-MAO,4603,3911,4164,4603,3977,1022,4143,432.1,692,7,6,286,117392.33
2025-12-06,LM-MAO,4163,3545,3774,4163,3528,902,3747,390.8,618,7,3,261,105779.2
2025-12-07,LM-MAO,3901,3353,3568,3901,3269,822,3511,366.1,548,6,1,261,88847.02
2025-12-08,LM-MAO,8762,7179,7661,8762,6409,1711,7886,822.2,1583,6,5,926,195418.48
2025-12-09,LM-MAO,8252,6796,7250,8252,6329,1637,7427,774.3,1456,19,3,762,205729.27
2025-12-10,LM-MAO,7663,6527,6949,7663,6309,1576,6897,718.9,1136,12,10,518,190845.49
2025-12-11,LM-MAO,8136,6870,7317,8136,6207,1731,7322,763.2,1266,21,9,758,202972.09
2025-12-12,LM-MAO,7514,6336,6749,7514,6318,1747,6763,704.8,1178,10,8,527,187405.15
2025-12-13,LM-MAO,6290,5394,5740,6290,5595,1323,5661,589.9,896,13,7,327,156252.74
2025-12-14,LM-MAO,6362,5421,5771,6362,5320,1343,5726,596.6,941,12,5,427,153630.08
2025-12-15,LM-MAO,8966,7197,7690,8966,6632,1804,8069,840.6,1769,26,8,911,224010.55
2025-12-16,LM-MAO,8188,6898,7348,8188,6178,1619,7369,767.6,1290,14,15,771,202658.25
2025-12-17,LM-MAO,8447,6952,7416,8447,6259,1528,7602,791.8,1495,14,6,862,211272.31
2025-12-18,LM-MAO,7865,6651,7084,7865,6656,1764,7078,737.2,1214,12,5,511,188843.75
2025-12-19,LM-MAO,7526,6434,6848,7526,6255,1612,6773,705.3,1092,13,11,512,175842.15
2025-12-20,LM-MAO,6617,5648,6012,6617,5462,1418,5955,620.1,969,11,12,409,152264.43
2025-12-21,LM-MAO,4228,3583,3816,4228,3650,874,3805,396.1,645,4,1,237,101061.74
2025-12-22,LM-MAO,6013,5025,5356,6013,4496,1251,5412,563.3,988,12,8,591,140840.3
2025-12-23,LM-MAO,5420,4585,4883,5420,4312,1054,4878,507.7,835,8,5,425,131088.98
2025-12-24,LM-MAO,5458,4628,4928,5458,4278,1135,4912,511.2,830,11,4,490,135279.77
2025-12-25,LM-MAO,5175,4445,4729,5175,4427,1041,4658,484.7,730,10,2,337,125730.43
2025-12-26,LM-MAO,5345,4554,4848,5345,4568,1077,4810,500.6,791,6,5,317,128820.19
2025-12-27,LM-MAO,4338,3689,3928,4338,3699,914,3904,406.2,649,7,6,276,106540.71
2025-12-28,LM-MAO,3813,3244,3453,3813,3156,785,3432,357.0,569,2,6,293,89448.32
2025-12-29,LM-MAO,6189,4995,5335,6189,4725,1358,5570,579.4,1194,17,8,594,156193.32
2025-12-30,LM-MAO,6146,5093,5431,6146,4583,1135,5531,575.3,1053,9,4,598,151044.92
2025-12-31,LM-MAO,5747,4770,5086,5747,4511,1210,5172,537.9,977,11,5,447,137729.32
2026-01-01,LM-MAO,5696,4788,5101,5696,4594,1241,5126,533.1,908,12,4,454,141661.28
2026-01-02,LM-MAO,4915,4114,4384,4915,4251,1011,4424,460.0,801,10,2,288,108428.04
2026-01-03,LM-MAO,4550,3884,4135,4550,3857,947,4095,425.8,666,11,3,310,109836.69
2026-01-04,LM-MAO,4098,3459,3684,4098,3464,893,3688,383.5,639,9,4,280,97997.67
2026-01-05,LM-MAO,6261,5066,5410,6261,4665,1206,5635,585.8,1195,8,6,638,150748.63
2026-01-06,LM-MAO,5587,4709,5016,5587,4409,1151,5028,522.7,878,11,5,491,133315.75
2026-01-07,LM-MAO,5410,4552,4849,5410,4743,1150,4869,506.1,858,9,5,294,133323.55
2026-01-08,LM-MAO,5309,4523,4815,5309,4594,1150,4778,496.6,786,8,5,324,126781.06
2026-01-09,LM-MAO,5341,4557,4851,5341,4699,1153,4807,499.6,784,7,10,283,133683.1
2026-01-10,LM-MAO,4604,3923,4176,4604,3929,971,4144,430.6,681,9,5,308,106651.76
2026-01-11,LM-MAO,4311,3657,3894,4311,3726,916,3880,403.2,654,11,4,253,104680.25
2026-01-12,LM-MAO,6010,5071,5401,6010,4642,1204,5409,562.0,939,12,2,536,141130.01
2026-01-13,LM-MAO,5872,4947,5270,5872,4539,1249,5285,549.1,925,8,11,508,148511.6
2026-01-14,LM-MAO,5472,4711,5012,5472,4837,1187,4925,511.6,761,4,4,278,133807.58
2026-01-15,LM-MAO,5688,4765,5078,5688,4611,1192,5119,531.8,923,9,4,431,133882.79
2026-01-16,LM-MAO,5472,4676,4977,5472,4748,1252,4925,511.6,796,11,9,317,134523.49
2026-01-17,LM-MAO,4713,4027,4286,4713,3995,1036,4242,440.6,686,11,5,322,117809.3
2026-01-18,LM-MAO,4218,3574,3806,4218,3522,866,3796,394.3,644,12,3,285,101473.4
2026-01-19,LM-MAO,5787,4979,5297,5787,4684,1332,5208,540.9,808,14,5,443,139044.88
2026-01-20,LM-MAO,5650,4818,5128,5650,4953,1190,5085,528.1,832,15,5,329,137805.41
2026-01-21,LM-MAO,5983,5071,5400,5983,5191,1435,5385,559.1,912,12,5,368,144646.67
2026-01-22,LM-MAO,5521,4724,5028,5521,4877,998,4969,515.9,797,6,5,287,137870.07
2026-01-23,LM-MAO,5190,4494,4779,5190,4473,1081,4671,485.0,696,5,6,311,125385.4
2026-01-24,LM-MAO,4874,4144,4412,4874,4142,1029,4387,455.4,730,9,4,320,119362.21
2026-01-25,LM-MAO,4587,3918,4170,4587,3890,965,4128,428.6,669,4,4,296,112655.73
2026-01-26,LM-MAO,6495,5454,5811,6495,5221,1334,5846,606.8,1041,14,5,516,159195.97
2026-01-27,LM-MAO,6043,5127,5459,6043,4841,1288,5439,564.6,916,13,6,510,146463.11
2026-01-28,LM-MAO,5751,4949,5265,5751,5065,1208,5176,537.2,802,6,7,264,136945.58
2026-01-29,LM-MAO,5720,4879,5194,5720,5015,1235,5148,534.3,841,12,10,319,139421.98
2026-01-30,LM-MAO,5704,4880,5194,5704,5021,1246,5134,532.8,824,9,10,320,139128.72
2026-01-31,LM-MAO,4740,4038,4299,4740,4158,1172,4266,442.7,702,4,5,255,115804.7
2026-02-01,LM-MAO,4564,3884,4135,4564,3906,1046,4108,426.3,680,7,4,302,104483.87
2026-02-02,LM-MAO,6844,5644,6020,6844,5241,1447,6160,639.2,1200,22,8,657,170052.43
2026-02-03,LM-MAO,5933,5028,5354,5933,4757,1325,5340,554.1,905,14,6,509,144962.32
2026-02-04,LM-MAO,6008,5093,5423,6008,5317,1167,5407,561.0,915,14,8,331,148215.11
2026-02-05,LM-MAO,5689,4848,5161,5689,5015,1143,5120,531.2,841,13,6,298,132114.76
2026-02-06,LM-MAO,4989,4258,4533,4989,4325,1060,4490,465.8,731,9,6,299,120070.17
2026-02-07,LM-MAO,4378,3755,3996,4378,3720,886,3940,408.8,623,8,6,274,106601.59
2026-02-08,LM-MAO,4347,3698,3937,4347,3696,951,3912,405.9,649,11,7,295,105518.88
2026-02-09,LM-MAO,6782,5719,6092,6782,5334,1467,6104,633.2,1063,8,8,587,167944.05
2026-02-10,LM-MAO,6288,5302,5648,6288,5034,1299,5659,587.0,986,11,9,507,152088.55
2026-02-11,LM-MAO,5964,5054,5382,5964,5199,1237,5368,556.8,910,6,8,335,137988.14
2026-02-12,LM-MAO,6217,5322,5664,6217,5047,1391,5595,580.3,895,9,9,454,137771.14
2026-02-13,LM-MAO,5292,4564,4855,5292,4609,1041,4763,494.0,728,6,5,287,123238.95
2026-02-14,LM-MAO,4783,4058,4321,4783,4113,1011,4305,446.4,725,9,7,297,112426.46
2026-02-15,LM-MAO,4611,3984,4237,4611,4034,948,4150,430.4,627,9,8,260,114218.21
2026-02-16,LM-MAO,6565,5592,5953,6565,5314,1374,5908,612.7,973,12,4,489,163894.34
2026-02-17,LM-MAO,6345,5437,5786,6345,5645,1356,5710,592.2,908,14,7,319,157095.12
2026-02-18,LM-MAO,5660,4850,5161,5660,4894,1205,5094,528.2,810,7,3,321,136033.81
2026-02-19,LM-MAO,6179,5293,5633,6179,5470,1357,5561,576.6,886,14,7,327,141625.6
2026-02-20,LM-MAO,5469,4650,4950,5469,4765,1285,4922,510.4,819,12,3,314,130136.07
2026-02-21,LM-MAO,5188,4410,4696,5188,4445,1168,4669,484.1,778,2,6,328,131763.09
2026-02-22,LM-MAO,4610,3919,4173,4610,3932,973,4149,430.2,691,11,4,297,108033.54
2026-02-23,LM-MAO,7061,5871,6259,7061,5707,1446,6355,658.8,1190,19,5,566,174912.54
2026-02-24,LM-MAO,6399,5492,5844,6399,5699,1420,5759,597.0,907,10,9,322,153912.1
2026-02-25,LM-MAO,6058,5223,5556,6058,5229,1211,5452,565.2,835,9,6,347,143993.78
2026-02-26,LM-MAO,5834,4939,5259,5834,5045,1132,5251,544.3,895,11,6,365,140271.97
2026-02-27,LM-MAO,5690,4822,5135,5690,4998,1241,5121,530.8,868,8,5,345,141437.28
2026-02-28,LM-MAO,4953,4275,4547,4953,4263,1060,4458,462.1,678,10,5,292,113133.02
2026-03-01,LM-MAO,4539,3873,4122,4539,3820,1033,4085,423.4,666,8,4,318,110137.09
2026-03-02,LM-MAO,6861,5842,6219,6861,5552,1434,6175,640.0,1019,8,12,561,155210.5
2026-03-03,LM-MAO,6343,5397,5745,6343,5687,1437,5709,591.7,946,15,8,311,151834.17
2026-03-04,LM-MAO,6625,5744,6108,6625,5782,1466,5962,618.0,881,9,6,384,161700.22
2026-03-05,LM-MAO,6001,5127,5458,6001,5324,1305,5401,559.7,874,8,9,331,147865.3
2026-03-06,LM-MAO,6038,5188,5521,6038,5280,1241,5434,563.2,850,12,2,329,146994.03
2026-03-07,LM-MAO,4917,4229,4500,4917,4269,1060,4425,458.6,688,8,4,325,117547.27
2026-03-08,LM-MAO,4759,4009,4271,4759,4171,977,4283,443.9,750,14,4,283,117287.14
2026-03-09,LM-MAO,9300,7724,8235,9300,7802,1921,8370,867.4,1576,16,9,660,238828.53
2026-03-10,LM-MAO,9027,7637,8133,9027,7600,1814,8124,841.9,1390,18,10,622,221907.19
2026-03-11,LM-MAO,8738,7463,7944,8738,7833,2019,7864,814.9,1275,9,7,396,196115.8
2026-03-12,LM-MAO,8989,7662,8157,8989,7665,1922,8090,838.3,1327,25,13,538,219162.61
2026-03-13,LM-MAO,8165,7029,7479,8165,7391,1713,7348,761.4,1136,6,10,391,202697.58
2026-03-14,LM-MAO,7343,6221,6624,7343,6437,1504,6609,684.7,1122,11,12,386,178549.95
2026-03-15,LM-MAO,6822,5776,6151,6822,6005,1552,6140,636.1,1046,6,8,362,161527.9
2026-03-16,LM-MAO,7437,6186,6595,7437,6076,1632,6693,693.5,1251,13,6,580,187950.33
2026-03-17,LM-MAO,6604,5691,6054,6604,5893,1360,5944,615.8,913,17,4,340,158113.32
2026-03-18,LM-MAO,6783,5828,6201,6783,6025,1522,6105,632.5,955,10,7,354,157012.61
2026-03-19,LM-MAO,6040,5103,5435,6040,5353,1281,5436,563.2,937,11,4,315,146228.16
2026-03-20,LM-MAO,5689,4887,5200,5689,4975,1281,5120,530.4,802,14,11,321,140570.05
2026-03-21,LM-MAO,4839,4114,4380,4839,4169,971,4355,451.2,725,3,8,295,116968.99
2026-03-22,LM-MAO,5206,4395,4681,5206,4488,1126,4685,485.4,811,14,3,300,123723.44
2026-03-23,LM-MAO,7310,6192,6594,7310,5895,1569,6579,681.5,1118,21,12,602,180035.28
2026-03-24,LM-MAO,6604,5635,5998,6604,5835,1543,5944,615.7,969,11,8,315,162441.85
2026-03-25,LM-MAO,6597,5669,6032,6597,5841,1395,5937,615.0,928,8,5,324,154175.89
2026-03-26,LM-MAO,6354,5422,5771,6354,5676,1331,5719,592.3,932,13,8,289,151617.78
2026-03-27,LM-MAO,6309,5438,5785,6309,5664,1311,5678,588.1,871,13,5,320,147897.03
2026-03-28,LM-MAO,4826,4164,4429,4826,4180,1004,4343,449.9,662,7,2,284,116549.16
2026-03-29,LM-MAO,4815,4093,4358,4815,4182,1108,4334,448.8,722,11,4,295,122163.75
2026-03-30,LM-MAO,7058,6019,6407,7058,6325,1480,6352,657.9,1039,10,7,353,177664.11
2026-03-31,LM-MAO,6281,5407,5753,6281,5609,1396,5653,585.5,874,5,9,302,151196.61
2026-04-01,LM-MAO,6617,5653,6017,6617,5832,1463,5955,616.8,964,13,5,331,152014.56
2026-04-02,LM-MAO,6204,5345,5686,6204,5479,1285,5584,578.3,859,10,11,325,149149.52
2026-04-03,LM-MAO,6112,5269,5605,6112,5392,1369,5501,569.7,843,5,3,335,145607.83
2026-04-04,LM-MAO,5575,4704,5010,5575,4977,1276,5018,519.6,871,8,4,274,130773.76
2026-04-05,LM-MAO,4844,4163,4429,4844,4237,1030,4360,451.5,681,9,9,261,119624.87
2026-04-06,LM-MAO,7134,6126,6519,7134,5906,1512,6421,664.9,1008,13,9,528,175909.23
2026-04-07,LM-MAO,6837,5875,6251,6837,6067,1474,6153,637.2,962,13,10,343,164029.73
2026-04-08,LM-MAO,6662,5723,6089,6662,5931,1385,5996,620.9,939,10,10,325,158597.8
2026-04-09,LM-MAO,6195,5323,5664,6195,5420,1378,5576,577.4,872,12,4,333,144010.32
2026-04-10,LM-MAO,5879,5114,5438,5879,5100,1277,5291,547.9,765,11,10,334,141293.87
2026-04-11,LM-MAO,5389,4637,4934,5389,4705,1187,4850,502.2,752,6,8,343,131398.72
2026-04-12,LM-MAO,5015,4287,4563,5015,4842,1028,4514,467.4,728,9,7,122,122095.56
2026-04-13,LM-MAO,6783,5804,6177,6783,6008,1513,6105,632.1,979,9,15,324,163062.33
2026-04-14,LM-MAO,6575,5635,5996,6575,5815,1528,5918,612.7,940,13,12,324,165276.01
2026-04-15,LM-MAO,6838,5935,6311,6838,6062,1461,6154,637.2,903,12,6,364,164277.81
2026-04-16,LM-MAO,6467,5511,5866,6467,5673,1359,5820,602.7,956,16,10,344,153198.08
2026-04-17,LM-MAO,5904,5139,5464,5904,5112,1329,5314,550.2,765,7,4,357,137316.72
2026-04-18,LM-MAO,5211,4490,4776,5211,5086,1124,4690,485.6,721,8,5,80,119785.36
2026-04-19,LM-MAO,4995,4223,4498,4995,4739,1004,4496,465.5,772,6,7,131,127161.78
2026-04-20,LM-MAO,7559,6514,6930,7559,6698,1675,6803,704.4,1045,11,9,389,183685.3
2026-04-21,LM-MAO,6601,5722,6086,6601,5824,1410,5941,615.1,879,12,7,325,162215.27
2026-04-22,LM-MAO,6360,5464,5814,6360,5682,1444,5724,592.6,896,8,4,313,151585.75
2026-04-23,LM-MAO,6494,5607,5964,6494,5797,1438,5845,605.1,887,14,7,324,154875.48
2026-04-24,LM-MAO,6097,5297,5632,6097,5727,1412,5487,568.1,800,9,2,196,139960.47
2026-04-25,LM-MAO,5393,4697,4993,5393,4738,1191,4854,502.5,696,7,5,288,125857.42
2026-04-26,LM-MAO,4819,4154,4419,4819,4560,1129,4337,449.0,665,10,4,135,112771.31
2026-04-27,LM-MAO,7526,6514,6928,7526,6565,1885,6773,701.2,1012,15,10,420,172024.96
2026-04-28,LM-MAO,7256,6258,6657,7256,6535,1579,6530,676.1,998,8,12,356,173734.84
2026-04-29,LM-MAO,6721,5864,6233,6721,5926,1466,6049,626.2,857,18,12,331,174882.68
2026-04-30,LM-MAO,6519,5563,5921,6519,5737,1361,5867,607.4,956,14,7,340,148253.12
2026-05-01,LM-MAO,8301,7267,7724,8301,7504,1824,7471,773.4,1034,11,11,362,197343.86
2026-05-02,LM-MAO,6988,5960,6344,6988,6842,1602,6289,651.1,1028,7,6,121,162515.6
2026-05-03,LM-MAO,6837,5879,6255,6837,6066,1482,6153,637.0,958,9,7,331,162245.61
2026-05-04,LM-MAO,10564,8870,9451,10564,8512,2263,9508,984.2,1694,16,13,850,263375.93
2026-05-05,LM-MAO,9473,8149,8670,9473,8530,2116,8526,882.6,1324,9,6,409,211145.44
2026-05-06,LM-MAO,8715,7594,8074,8715,7927,1965,7844,811.9,1121,12,6,382,196612.28
2026-05-07,LM-MAO,8677,7449,7926,8677,7922,1902,7809,808.4,1228,11,9,372,201865.01
2026-05-08,LM-MAO,8456,7283,7748,8456,7538,1737,7610,787.8,1173,14,9,415,198354.76
2026-05-09,LM-MAO,7162,6198,6592,7162,6503,1646,6446,667.2,964,13,5,292,164140.72
2026-05-10,LM-MAO,7028,6022,6409,7028,6278,1535,6325,654.7,1006,10,6,307,163505.37
2026-05-11,LM-MAO,7694,6644,7068,7694,6672,1747,6925,716.8,1050,10,9,457,184693.32
2026-05-12,LM-MAO,7325,6350,6753,7325,6527,1595,6592,682.4,975,12,7,359,164839.18
2026-05-13,LM-MAO,7051,6070,6458,7051,6328,1468,6346,656.9,981,19,15,314,161683.52
2026-05-14,LM-MAO,6822,5926,6302,6822,6059,1489,6140,635.5,896,13,5,352,155232.14
2026-05-15,LM-MAO,6065,5273,5607,6065,5809,1267,5458,565.0,792,9,6,154,145901.31
2026-05-16,LM-MAO,5247,4582,4870,5247,5076,1150,4722,488.8,665,6,5,114,120292.84
2026-05-17,LM-MAO,5146,4473,4756,5146,4960,1161,4631,479.4,673,7,4,115,117394.29
2026-05-18,LM-MAO,7495,6437,6849,7495,6623,1566,6746,698.2,1058,8,11,356,173316.15
2026-05-19,LM-MAO,6875,5976,6355,6875,6062,1504,6188,640.4,899,11,5,345,159476.74
2026-05-20,LM-MAO,6665,5904,6271,6665,6031,1425,5998,620.9,761,7,7,285,159026.28
2026-05-21,LM-MAO,6534,5710,6069,6534,5798,1486,5881,608.6,824,7,6,315,152878.96
2026-05-22,LM-MAO,6171,5338,5678,6171,5829,1278,5554,574.8,833,12,5,168,151266.6
2026-05-23,LM-MAO,5400,4748,5045,5400,5158,1246,4860,503.0,652,7,3,152,122282.79
2026-05-24,LM-MAO,5415,4813,5111,5415,5171,1228,4874,504.4,602,9,6,125,127188.87
2026-05-25,LM-MAO,7729,6670,7095,7729,6270,1605,6956,719.9,1059,10,10,557,186521.25
2026-05-26,LM-MAO,7840,6709,7141,7840,6494,1682,7056,730.3,1131,14,5,553,175113.94
2026-05-27,LM-MAO,6863,5924,6301,6863,6025,1543,6177,639.3,939,6,4,359,151946.86
2026-05-28,LM-MAO,6628,5787,6152,6628,6421,1362,5965,617.4,841,10,8,109,150413.45
2026-05-29,LM-MAO,6369,5513,5863,6369,5592,1447,5732,593.2,856,11,1,325,154824.11
2026-05-30,LM-MAO,5552,4867,5172,5552,5309,1358,4997,517.1,685,12,5,109,127928.82
2026-05-31,LM-MAO,5319,4576,4868,5319,4664,1104,4787,495.4,743,15,2,264,123868.11
2026-06-01,LM-MAO,8296,7034,7490,8296,6518,1913,7466,772.7,1262,14,12,729,191172.34
2026-06-02,LM-MAO,7055,6085,6473,7055,6261,1633,6350,657.1,970,6,5,358,164999.74
2026-06-03,LM-MAO,7081,6199,6589,7081,6322,1526,6373,659.5,882,11,7,312,162956.67
2026-06-04,LM-MAO,6795,6019,6393,6795,6030,1519,6116,632.9,776,11,7,302,148593.47
2026-06-05,LM-MAO,6063,5265,5598,6063,5886,1360,5457,564.7,798,7,9,108,129904.57
2026-06-06,LM-MAO,5693,4954,5267,5693,5378,1306,5124,530.2,739,7,3,166,135754.98
2026-06-07,LM-MAO,5513,4837,5141,5513,5234,1352,4962,513.5,676,10,7,141,117106.43
2026-06-08,LM-MAO,7557,6520,6936,7557,6780,1731,6801,703.8,1037,12,10,312,171585.56
2026-06-09,LM-MAO,7323,6460,6863,7323,6539,1613,6591,682.1,863,9,15,346,164341.51
2026-06-10,LM-MAO,6507,5680,6038,6507,6235,1519,5856,606.0,827,13,5,144,148250.75
2026-06-11,LM-MAO,6497,5728,6086,6497,5800,1361,5847,605.1,769,6,8,310,148133.41
2026-06-12,LM-MAO,6700,5884,6253,6700,5934,1600,6030,624.0,816,5,12,294,159617.08
2026-06-13,LM-MAO,5493,4808,5110,5493,5299,1253,4944,511.6,685,6,7,105,127150.33
2026-06-14,LM-MAO,5111,4477,4758,5111,4919,1164,4600,476.0,634,10,2,101,121707.0
2026-06-15,LM-MAO,7912,6790,7225,7912,6831,1765,7121,736.9,1122,15,6,422,180419.61
2026-06-16,LM-MAO,7244,6318,6717,7244,6365,1575,6520,674.7,926,6,8,377,165374.6
2026-06-17,LM-MAO,6861,6059,6436,6861,6137,1478,6175,639.0,802,7,5,293,151086.96
2026-06-18,LM-MAO,7023,6081,6468,7023,6388,1606,6321,654.1,942,8,9,274,159572.81
2026-06-19,LM-MAO,6246,5535,5878,6246,5608,1380,5621,581.7,711,7,6,270,144292.33
2026-06-20,LM-MAO,5447,4717,5016,5447,5085,1178,4902,507.3,730,6,11,196,117712.7
2026-06-21,LM-MAO,5385,4750,5046,5385,4723,1252,4846,501.5,635,9,7,265,124221.22
2026-06-22,LM-MAO,8173,7039,7489,8173,6536,1558,7356,761.2,1134,17,10,623,181175.37
2026-06-23,LM-MAO,7754,6767,7193,7754,6775,1630,6979,722.1,987,16,12,381,174017.23
2026-06-24,LM-MAO,6862,5905,6283,6862,6043,1585,6176,639.1,957,11,7,331,163249.93
2026-06-25,LM-MAO,7121,6233,6624,7121,6332,1573,6409,663.2,888,7,8,367,158255.29
2026-06-26,LM-MAO,6377,5580,5931,6377,6081,1545,5739,593.9,797,5,7,159,142516.74
2026-06-27,LM-MAO,6028,5342,5674,6028,5299,1413,5425,561.4,686,7,9,309,140561.61
2026-06-28,LM-MAO,5180,4482,4767,5180,4593,1208,4662,482.4,698,8,4,258,119667.41
2026-06-29,LM-MAO,8332,7020,7478,8332,6450,1903,7499,775.9,1312,12,14,744,184321.79
2026-06-30,LM-MAO,7313,6345,6747,7313,6538,1624,6582,681.0,968,5,6,326,166434.68
2026-07-01,LM-MAO,7574,6572,6988,7574,6571,1673,6817,705.3,1002,8,9,403,172070.67
2026-07-02,LM-MAO,7087,6173,6563,7087,6257,1588,6378,660.0,914,13,6,314,162649.63
2026-07-03,LM-MAO,6368,5579,5929,6368,5589,1486,5731,593.0,789,7,9,321,146400.97
2026-07-04,LM-MAO,5601,4886,5194,5601,5265,1252,5041,521.6,715,11,12,157,126061.71
2026-07-05,LM-MAO,5581,4826,5133,5581,4918,1299,5023,519.7,755,13,6,265,140244.73
2026-07-06,LM-MAO,8313,7068,7525,8313,6973,1833,7482,774.2,1245,13,9,558,190646.62
2026-07-07,LM-MAO,7518,6419,6833,7518,6546,1751,6766,700.1,1099,14,8,391,176089.86
2026-07-08,LM-MAO,7136,6251,6643,7136,6369,1670,6422,664.5,885,9,7,317,153869.58
2026-07-09,LM-MAO,7178,6264,6659,7178,6381,1602,6460,668.4,914,13,9,352,161608.15
2026-07-10,LM-MAO,6680,5875,6243,6680,5902,1607,6012,622.1,805,7,9,343,152893.37
2026-07-11,LM-MAO,5485,4882,5184,5485,5224,1317,4936,510.8,603,6,7,121,120048.24
2026-07-12,LM-MAO,5314,4581,4873,5314,5095,1134,4783,494.9,733,12,2,142,120995.7
2026-07-13,LM-MAO,8139,6872,7320,8139,6975,1637,7325,757.9,1267,16,7,470,190417.71
2026-07-14,LM-MAO,7912,6758,7193,7912,6313,1631,7121,736.8,1154,9,9,632,175470.89
2026-07-15,LM-MAO,7580,6524,6941,7580,6756,1705,6822,705.9,1056,8,5,379,171375.03
2026-07-16,LM-MAO,7232,6363,6761,7232,6455,1712,6509,673.5,869,18,9,339,165461.15
2026-07-17,LM-MAO,6762,5915,6287,6762,6047,1502,6086,629.7,847,9,4,298,158016.56
2026-07-18,LM-MAO,5936,5163,5489,5936,5700,1357,5342,552.8,773,7,10,131,138996.49
2026-07-19,LM-MAO,5379,4668,4964,5379,5192,1265,4841,500.9,711,8,11,108,123693.55
2026-07-20,LM-MAO,8084,6758,7203,8084,6363,1863,7276,752.8,1326,14,7,630,187737.9
2026-07-21,LM-MAO,7420,6494,6903,7420,6532,1693,6678,691.0,926,12,8,350,177154.01
2026-07-22,LM-MAO,6908,6013,6393,6908,6093,1535,6217,643.3,895,11,9,334,166927.16
2026-07-23,LM-MAO,7171,6368,6763,7171,6331,1531,6454,667.8,803,11,7,366,171898.46
2026-07-24,LM-MAO,6784,5995,6368,6784,5988,1439,6106,631.7,789,13,6,321,155835.3
2026-07-25,LM-MAO,5964,5206,5534,5964,5698,1293,5368,555.4,758,9,9,142,135827.86
2026-07-26,LM-MAO,5650,4938,5249,5650,5378,1336,5085,526.1,712,10,7,157,129873.77
2026-07-27,LM-MAO,8252,6924,7378,8252,6553,1814,7427,768.4,1328,16,6,699,186018.06
2026-07-28,LM-MAO,7842,6718,7149,7842,6848,1804,7058,730.2,1124,17,13,442,177868.18
2026-07-29,LM-MAO,7261,6329,6729,7261,6355,1693,6535,676.1,932,11,9,357,165181.97
2026-07-30,LM-MAO,7239,6329,6728,7239,6517,1654,6515,674.1,910,9,12,297,167672.75
2026-07-31,LM-MAO,6613,5823,6187,6613,5906,1433,5952,615.8,790,14,5,299,154640.27
2026-08-01,LM-MAO,5939,5277,5604,5939,5143,1289,5345,553.0,662,8,6,340,141067.58
2026-08-02,LM-MAO,5713,4971,5285,5713,5437,1331,5142,532.0,742,10,6,130,137766.58
2026-08-03,LM-MAO,8045,6761,7203,8045,6422,1717,7240,749.1,1284,17,5,578,185330.03
2026-08-04,LM-MAO,7757,6658,7084,7757,6287,1553,6981,722.3,1099,15,6,584,180075.51
2026-08-05,LM-MAO,7160,6268,6661,7160,6467,1577,6444,666.7,892,7,11,285,170335.24
2026-08-06,LM-MAO,7051,6195,6583,7051,6220,1689,6346,656.6,856,9,5,327,162173.34
2026-08-07,LM-MAO,6561,5790,6151,6561,5692,1485,5905,610.9,771,14,4,375,144905.16
2026-08-08,LM-MAO,6163,5329,5668,6163,5864,1437,5547,573.9,834,10,9,161,146218.44
2026-08-09,LM-MAO,5828,5111,5431,5828,5566,1308,5245,542.7,717,5,10,151,131325.36
2026-08-10,LM-MAO,8448,7201,7665,8448,6544,1699,7603,786.6,1247,13,13,711,187516.19
2026-08-11,LM-MAO,8333,7043,7501,8333,6539,1809,7500,775.9,1290,11,10,679,189007.69
2026-08-12,LM-MAO,7319,6339,6742,7319,6445,1678,6587,681.5,980,11,8,371,170929.9
2026-08-13,LM-MAO,7998,6736,7176,7998,7000,1686,7198,744.7,1262,11,7,434,187443.94
2026-08-14,LM-MAO,6821,5959,6334,6821,5991,1596,6139,635.1,862,13,6,313,154155.06
2026-08-15,LM-MAO,5993,5309,5638,5993,5709,1365,5394,558.0,684,8,4,159,146740.2
2026-08-16,LM-MAO,5577,4875,5182,5577,4865,1275,5019,519.3,702,12,10,277,123411.68
2026-08-17,LM-MAO,8455,7048,7513,8455,6693,1842,7610,787.3,1407,18,11,680,194005.44
2026-08-18,LM-MAO,8075,6802,7247,8075,6411,1751,7268,751.9,1273,15,9,619,186318.65
2026-08-19,LM-MAO,7387,6546,6952,7387,6542,1869,6648,687.8,841,6,6,377,161572.13
2026-08-20,LM-MAO,7730,6545,6970,7730,6749,1785,6957,719.8,1185,11,6,383,177523.25
2026-08-21,LM-MAO,6978,6085,6469,6978,6229,1588,6280,649.7,893,10,8,314,152544.58
2026-08-22,LM-MAO,6035,5232,5564,6035,5815,1451,5432,561.9,803,8,6,124,141478.05
2026-08-23,LM-MAO,5512,4816,5119,5512,5303,1268,4961,513.2,696,11,9,113,127236.84
2026-08-24,LM-MAO,8523,7126,7595,8523,6721,1923,7671,793.6,1397,18,15,691,200115.72
2026-08-25,LM-MAO,7859,6785,7217,7859,6342,1745,7073,731.8,1074,11,9,557,188094.31
2026-08-26,LM-MAO,7305,6312,6713,7305,6507,1650,6574,680.2,993,12,10,322,168096.26
2026-08-27,LM-MAO,7125,6233,6625,7125,6378,1603,6412,663.4,892,9,8,364,155294.93
2026-08-28,LM-MAO,7616,6496,6915,7616,6629,1706,6854,709.1,1120,14,6,407,174259.29
2026-08-29,LM-MAO,5962,5144,5472,5962,5658,1390,5366,555.1,818,6,5,158,140631.56
2026-08-30,LM-MAO,5437,4745,5044,5437,4782,1297,4893,506.3,692,8,7,276,121719.76
2026-08-31,LM-MAO,8248,6998,7452,8248,6617,1843,7423,768.0,1250,13,4,638,192190.36
2026-09-01,LM-MAO,7933,6824,7260,7933,6891,1623,7140,738.7,1109,16,10,406,178824.1
2026-09-02,LM-MAO,7656,6639,7060,7656,6588,1848,6890,712.9,1017,11,10,421,171652.81
2026-09-03,LM-MAO,7515,6521,6934,7515,6623,1746,6764,699.7,994,14,5,365,173109.81
2026-09-04,LM-MAO,7176,6294,6689,7176,6472,1823,6458,668.2,882,6,10,310,169458.19
2026-09-05,LM-MAO,5920,5162,5487,5920,5191,1338,5328,551.2,758,14,3,278,133557.53
2026-09-06,LM-MAO,5835,5067,5388,5835,5543,1430,5252,543.3,768,9,4,162,139335.93
2026-09-07,LM-MAO,8248,6922,7375,8248,6783,1889,7423,768.0,1326,15,6,588,191371.52
2026-09-08,LM-MAO,7825,6704,7135,7825,6963,1799,7042,728.6,1121,14,5,376,178326.22
2026-09-09,LM-MAO,7317,6356,6758,7317,6551,1770,6585,681.3,961,10,8,331,163663.29
2026-09-10,LM-MAO,7110,6304,6695,7110,6387,1615,6399,662.0,806,8,10,284,162436.31
2026-09-11,LM-MAO,7317,6363,6765,7317,6496,1678,6585,681.3,954,6,8,327,168329.62
2026-09-12,LM-MAO,6242,5376,5720,6242,5950,1394,5618,581.2,866,10,6,153,142252.42
2026-09-13,LM-MAO,6001,5280,5610,6001,5788,1399,5401,558.8,721,7,10,122,133061.84
2026-09-14,LM-MAO,8574,7206,7677,8574,6784,1800,7717,798.3,1368,19,8,725,186533.22
2026-09-15,LM-MAO,8267,6989,7444,8267,7073,1865,7440,769.7,1278,10,10,507,190229.23
2026-09-16,LM-MAO,7139,6247,6640,7139,6338,1674,6425,664.7,892,6,12,326,163474.79
2026-09-17,LM-MAO,7691,6621,7044,7691,6827,1786,6922,716.1,1070,12,11,332,185054.94
2026-09-18,LM-MAO,7143,6235,6628,7143,6316,1644,6429,665.1,908,12,6,356,163975.3
2026-09-19,LM-MAO,6268,5476,5820,6268,5549,1476,5641,583.6,792,8,7,335,148376.64
2026-09-20,LM-MAO,5917,5178,5504,5917,5580,1528,5325,550.9,739,13,6,155,133038.48
2026-09-21,LM-MAO,8319,7000,7458,8319,6558,1785,7487,774.6,1319,14,10,683,188125.43
2026-09-22,LM-MAO,7674,6523,6945,7674,6702,1930,6907,714.5,1151,13,4,416,161302.09
2026-09-23,LM-MAO,7465,6434,6845,7465,6689,1608,6718,695.1,1031,11,11,311,170463.09
2026-09-24,LM-MAO,7661,6624,7045,7661,6700,1563,6895,713.3,1037,10,9,405,181904.42
2026-09-25,LM-MAO,7316,6338,6740,7316,6622,1775,6584,681.2,978,13,9,271,157557.81
2026-09-26,LM-MAO,5876,5104,5427,5876,5168,1344,5288,547.1,772,15,2,265,134669.23
2026-09-27,LM-MAO,5673,4991,5303,5673,5394,1245,5106,528.2,682,11,4,153,132382.45
2026-09-28,LM-MAO,8451,6990,7454,8451,6590,1851,7606,786.9,1461,17,9,684,190909.02
2026-09-29,LM-MAO,8048,6792,7234,8048,6285,1727,7243,749.3,1256,13,5,672,190135.95
2026-09-30,LM-MAO,7337,6438,6841,7337,6537,1712,6603,683.1,899,14,10,338,164201.12
2025-08-01,LM-BEL,1602,1354,1442,1602,1506,328,1442,159.9,248,3,1,60,37198.84
2025-08-02,LM-BEL,1405,1165,1242,1405,1327,278,1264,140.1,240,3,1,38,34574.02
2025-08-03,LM-BEL,1309,1091,1163,1309,1265,265,1178,130.4,218,2,2,25,31478.49
2025-08-04,LM-BEL,2231,1882,2005,2231,1778,406,2008,222.0,349,6,3,184,52281.08
2025-08-05,LM-BEL,2070,1724,1837,2070,1978,443,1863,205.7,346,5,1,55,47673.45
2025-08-06,LM-BEL,1989,1674,1784,1989,1899,396,1790,197.4,315,3,5,46,47399.98
2025-08-07,LM-BEL,1999,1680,1790,1999,1936,402,1799,198.2,319,3,0,41,48274.92
2025-08-08,LM-BEL,1908,1611,1716,1908,1808,401,1717,189.0,297,0,1,63,47633.57
2025-08-09,LM-BEL,1628,1353,1443,1628,1555,342,1465,161.1,275,3,1,42,39637.3
2025-08-10,LM-BEL,1580,1314,1401,1580,1522,338,1422,156.2,266,2,2,50,38681.15
2025-08-11,LM-BEL,2346,1932,2061,2346,1882,513,2111,231.7,414,5,4,195,55349.72
2025-08-12,LM-BEL,2483,2067,2203,2483,1992,479,2235,244.9,416,5,7,193,59568.7
2025-08-13,LM-BEL,2223,1864,1987,2223,2125,407,2001,219.1,359,3,3,67,54057.25
2025-08-14,LM-BEL,2135,1805,1922,2135,1692,443,1922,210.2,330,2,2,178,51336.74
2025-08-15,LM-BEL,2128,1785,1902,2128,2046,427,1915,209.3,343,4,0,59,52199.44
2025-08-16,LM-BEL,1769,1488,1585,1769,1686,389,1592,173.8,281,1,1,46,41856.42
2025-08-17,LM-BEL,1862,1547,1649,1862,1788,380,1676,182.8,315,6,2,49,46344.99
2025-08-18,LM-BEL,2584,2129,2271,2584,2071,516,2326,253.5,455,5,1,209,65818.73
2025-08-19,LM-BEL,2562,2171,2312,2562,2366,529,2306,251.1,391,4,3,79,58447.75
2025-08-20,LM-BEL,2500,2108,2246,2500,2003,487,2250,244.8,392,5,3,217,60254.39
2025-08-21,LM-BEL,2425,2049,2183,2425,2317,473,2182,237.3,376,5,3,62,61849.13
2025-08-22,LM-BEL,2311,1914,2041,2311,1805,444,2080,225.9,397,2,3,239,53321.52
2025-08-23,LM-BEL,2013,1680,1790,2013,1903,404,1812,196.6,333,4,1,61,47793.07
2025-08-24,LM-BEL,1934,1611,1718,1934,1841,418,1741,188.7,323,3,2,71,48582.15
2025-08-25,LM-BEL,2834,2373,2529,2834,2356,632,2551,276.4,461,7,4,223,69237.62
2025-08-26,LM-BEL,2705,2285,2434,2705,2601,576,2434,263.6,420,3,2,73,65414.53
2025-08-27,LM-BEL,2761,2338,2489,2761,2659,638,2485,268.8,423,1,1,58,64080.11
2025-08-28,LM-BEL,2593,2191,2333,2593,2460,505,2334,252.3,402,3,3,73,63748.36
2025-08-29,LM-BEL,2431,2033,2167,2431,2304,522,2188,236.3,398,3,3,79,61206.04
2025-08-30,LM-BEL,2142,1801,1918,2142,2051,449,1928,208.1,341,6,4,63,52521.56
2025-08-31,LM-BEL,2178,1839,1959,2178,2100,451,1960,211.4,339,3,4,39,51837.16
2025-09-01,LM-BEL,3199,2664,2840,3199,2656,583,2879,310.3,535,7,7,221,77487.21
2025-09-02,LM-BEL,3022,2535,2701,3022,2537,629,2720,293.0,487,6,6,212,71386.63
2025-09-03,LM-BEL,2803,2358,2512,2803,2275,588,2523,271.5,445,5,3,212,67203.27
2025-09-04,LM-BEL,2856,2411,2568,2856,2386,583,2570,276.5,445,5,6,214,65923.72
2025-09-05,LM-BEL,2625,2218,2363,2625,2104,485,2362,254.0,407,7,0,197,62633.14
2025-09-06,LM-BEL,2319,1928,2055,2319,1839,441,2087,224.2,391,7,5,215,57795.99
2025-09-07,LM-BEL,2323,1937,2065,2323,2217,486,2091,224.5,386,6,2,65,56596.98
2025-09-08,LM-BEL,3445,2875,3064,3445,2849,738,3100,332.7,570,6,2,262,83347.6
2025-09-09,LM-BEL,3059,2595,2763,3059,2969,620,2753,295.2,464,7,5,77,71979.99
2025-09-10,LM-BEL,2928,2451,2612,2928,2467,618,2635,282.4,477,7,1,189,71410.31
2025-09-11,LM-BEL,2996,2514,2679,2996,2863,680,2696,288.8,482,4,4,84,73436.89
2025-09-12,LM-BEL,3033,2523,2689,3033,2898,647,2730,292.2,510,11,2,70,72184.39
2025-09-13,LM-BEL,2322,1971,2099,2322,2186,501,2090,223.6,351,3,3,80,55220.37
2025-09-14,LM-BEL,2411,2034,2167,2411,2294,511,2170,232.0,377,0,1,92,55690.95
2025-09-15,LM-BEL,3378,2897,3082,3378,2854,646,3040,324.9,481,6,2,218,83266.98
2025-09-16,LM-BEL,3285,2708,2889,3285,2750,672,2956,315.7,577,6,1,216,84293.0
2025-09-17,LM-BEL,3157,2637,2811,3157,2612,613,2841,303.3,520,4,3,240,75568.06
2025-09-18,LM-BEL,3113,2638,2810,3113,2599,664,2802,298.9,475,2,3,230,76680.18
2025-09-19,LM-BEL,2969,2546,2709,2969,2463,632,2672,284.9,423,4,2,201,73619.73
2025-09-20,LM-BEL,2631,2200,2345,2631,2514,566,2368,252.4,431,3,3,73,63759.39
2025-09-21,LM-BEL,2474,2056,2192,2474,1966,485,2227,237.2,418,6,0,203,61150.33
2025-09-22,LM-BEL,3552,3001,3196,3552,3079,755,3197,340.4,551,3,4,199,83879.34
2025-09-23,LM-BEL,3638,3058,3258,3638,3016,715,3274,348.4,580,8,2,247,90405.19
2025-09-24,LM-BEL,3456,2929,3119,3456,2846,612,3110,330.8,527,6,3,256,82056.43
2025-09-25,LM-BEL,3423,2937,3125,3423,2791,660,3081,327.5,486,3,2,260,83065.91
2025-09-26,LM-BEL,3009,2535,2700,3009,2497,600,2708,287.8,474,8,4,220,74195.73
2025-09-27,LM-BEL,2793,2359,2512,2793,2664,568,2514,267.0,434,8,5,63,68134.86
2025-09-28,LM-BEL,2709,2287,2436,2709,2600,618,2438,258.9,422,4,2,71,67269.95
2025-09-29,LM-BEL,3785,3219,3427,3785,3193,719,3406,361.5,566,7,4,246,88055.65
2025-09-30,LM-BEL,3713,3141,3345,3713,3142,776,3342,354.5,572,7,1,256,91286.95
2025-10-01,LM-BEL,3513,2952,3145,3513,2926,719,3162,335.3,561,8,3,254,84777.46
2025-10-02,LM-BEL,3705,3166,3369,3705,3169,723,3334,353.4,539,8,6,246,89314.62
2025-10-03,LM-BEL,3551,2974,3170,3551,3012,730,3196,338.6,577,3,4,211,86034.81
2025-10-04,LM-BEL,2720,2295,2445,2720,2546,551,2448,259.3,425,5,2,102,65524.81
2025-10-05,LM-BEL,3006,2541,2707,3006,2497,616,2705,286.4,465,5,1,187,75867.6
2025-10-06,LM-BEL,3969,3324,3543,3969,3367,819,3572,378.0,645,6,3,262,98192.11
2025-10-07,LM-BEL,4006,3426,3647,4006,3411,753,3605,381.4,580,6,1,269,89085.83
2025-10-08,LM-BEL,3804,3207,3416,3804,3166,707,3424,362.0,597,7,6,274,94253.47
2025-10-09,LM-BEL,3501,2943,3136,3501,2871,764,3151,333.1,558,5,7,251,86273.41
2025-10-10,LM-BEL,3525,3026,3220,3525,2960,738,3172,335.2,499,3,5,258,82965.28
2025-10-11,LM-BEL,2996,2546,2710,2996,2519,597,2696,284.8,450,3,4,192,73133.77
2025-10-12,LM-BEL,2932,2472,2634,2932,2457,592,2639,278.6,460,8,3,225,70994.9
2025-10-13,LM-BEL,4298,3642,3878,4298,3692,871,3868,408.3,656,7,7,233,104592.24
2025-10-14,LM-BEL,4194,3562,3793,4194,3568,906,3775,398.3,632,6,2,255,98958.27
2025-10-15,LM-BEL,3832,3254,3465,3832,3248,774,3449,363.8,578,3,5,274,88659.77
2025-10-16,LM-BEL,3744,3187,3393,3744,3202,721,3370,355.3,557,10,5,249,93958.22
2025-10-17,LM-BEL,3735,3172,3378,3735,3204,756,3362,354.4,563,11,3,241,88929.86
2025-10-18,LM-BEL,3183,2739,2914,3183,3065,664,2865,301.9,444,7,0,83,74977.39
2025-10-19,LM-BEL,3059,2605,2774,3059,2554,622,2753,290.1,454,8,4,225,74945.83
2025-10-20,LM-BEL,4316,3677,3914,4316,3722,956,3884,409.1,639,5,5,286,102753.25
2025-10-21,LM-BEL,4017,3380,3601,4017,3403,773,3615,380.7,637,6,2,279,98127.19
2025-10-22,LM-BEL,3879,3294,3507,3879,3292,759,3491,367.5,585,4,2,249,91559.46
2025-10-23,LM-BEL,3813,3199,3409,3813,3271,816,3432,361.1,614,7,2,232,93913.31
2025-10-24,LM-BEL,3823,3266,3477,3823,3260,758,3441,362.0,557,6,3,231,94870.19
2025-10-25,LM-BEL,3336,2839,3023,3336,2805,724,3002,315.8,497,7,3,208,81009.09
2025-10-26,LM-BEL,3066,2609,2777,3066,2572,662,2759,290.1,457,6,3,212,71730.43
2025-10-27,LM-BEL,4794,4104,4368,4794,3712,994,4315,453.5,690,11,7,420,116838.42
2025-10-28,LM-BEL,4513,3874,4122,4513,3860,992,4062,426.8,639,10,5,255,106182.27
2025-10-29,LM-BEL,4120,3453,3680,4120,3570,898,3708,389.6,667,6,3,220,100734.26
2025-10-30,LM-BEL,3907,3307,3522,3907,3298,784,3516,369.3,600,7,5,258,89076.01
2025-10-31,LM-BEL,4049,3445,3667,4049,3458,938,3644,382.6,604,5,4,248,100505.73
2025-11-01,LM-BEL,3320,2796,2979,3320,2811,644,2988,313.7,524,8,5,224,81155.11
2025-11-02,LM-BEL,3192,2724,2900,3192,3072,694,2873,301.5,468,2,3,87,77440.83
2025-11-03,LM-BEL,4649,3973,4229,4649,3981,955,4184,439.0,676,11,10,302,115431.26
2025-11-04,LM-BEL,4299,3644,3881,4299,3722,967,3869,405.9,655,6,3,265,98690.38
2025-11-05,LM-BEL,3991,3413,3632,3991,3443,859,3592,376.7,578,6,3,263,93834.49
2025-11-06,LM-BEL,4233,3600,3833,4233,3614,912,3810,399.5,633,9,5,270,101055.67
2025-11-07,LM-BEL,3841,3239,3450,3841,3379,833,3457,362.4,602,8,5,192,86718.7
2025-11-08,LM-BEL,3789,3219,3427,3789,3154,753,3410,357.4,570,7,4,241,92223.82
2025-11-09,LM-BEL,3144,2640,2813,3144,2609,624,2830,296.5,504,10,3,227,73853.21
2025-11-10,LM-BEL,4624,3934,4188,4624,3962,1054,4162,436.0,690,10,8,268,115802.27
2025-11-11,LM-BEL,4642,3971,4226,4642,4061,1046,4178,437.6,671,2,8,273,108891.26
2025-11-12,LM-BEL,4554,3896,4146,4554,3901,945,4099,429.2,658,6,9,273,113384.57
2025-11-13,LM-BEL,4263,3620,3855,4263,3676,861,3837,401.7,643,9,5,256,99946.98
2025-11-14,LM-BEL,4137,3513,3740,4137,3510,872,3723,389.7,624,9,8,263,103492.32
2025-11-15,LM-BEL,3287,2818,2999,3287,2746,724,2958,309.6,469,4,2,228,78542.33
2025-11-16,LM-BEL,3275,2773,2953,3275,3131,728,2948,308.4,502,3,4,101,77576.41
2025-11-17,LM-BEL,4776,4034,4296,4776,4195,985,4298,449.7,742,8,9,286,121868.44
2025-11-18,LM-BEL,4367,3767,4008,4367,3744,915,3930,411.1,600,6,4,309,107854.51
2025-11-19,LM-BEL,4451,3769,4014,4451,3881,942,4006,418.9,682,8,5,240,107137.95
2025-11-20,LM-BEL,4018,3388,3609,4018,3400,903,3616,378.1,630,6,5,284,92422.83
2025-11-21,LM-BEL,3964,3387,3605,3964,3306,784,3568,373.0,577,7,4,277,92780.19
2025-11-22,LM-BEL,3532,2983,3177,3532,3039,746,3179,332.3,549,7,2,222,85841.81
2025-11-23,LM-BEL,3335,2865,3048,3335,2748,715,3002,313.7,470,2,2,245,78814.37
2025-11-24,LM-BEL,13397,10672,11409,13397,8570,2411,12057,1259.8,2725,33,21,1789,322022.62
2025-11-25,LM-BEL,12583,10241,10933,12583,8633,2381,11325,1183.1,2342,29,17,1557,307629.67
2025-11-26,LM-BEL,12165,10080,10749,12165,8889,2520,10948,1143.6,2085,19,15,1329,304626.19
2025-11-27,LM-BEL,11908,10030,10685,11908,8953,2427,10717,1119.2,1878,21,21,1175,304310.64
2025-11-28,LM-BEL,11498,9678,10310,11498,8622,2379,10348,1080.5,1820,27,10,1164,271215.66
2025-11-29,LM-BEL,9573,8175,8702,9573,8335,2143,8616,899.5,1398,16,13,584,226336.04
2025-11-30,LM-BEL,9232,7864,8372,9232,7971,1934,8309,867.3,1368,7,9,559,229901.6
2025-12-01,LM-BEL,13752,11089,11846,13752,8251,2824,12377,1291.8,2663,29,18,2128,328354.45
2025-12-02,LM-BEL,4919,4209,4480,4919,4312,1119,4427,462.0,710,11,3,293,116625.37
2025-12-03,LM-BEL,4572,3864,4115,4572,3945,959,4115,429.3,708,11,6,263,111159.27
2025-12-04,LM-BEL,4507,3803,4051,4507,3937,984,4056,423.2,704,8,5,251,112880.76
2025-12-05,LM-BEL,4220,3612,3844,4220,3587,897,3798,396.2,608,9,4,275,96907.01
2025-12-06,LM-BEL,3817,3263,3473,3817,3209,737,3435,358.3,554,5,6,257,91488.26
2025-12-07,LM-BEL,3576,3041,3238,3576,3030,806,3218,335.6,535,8,6,235,83652.4
2025-12-08,LM-BEL,8031,6495,6937,8031,5932,1527,7228,753.6,1536,22,11,829,204691.35
2025-12-09,LM-BEL,7565,6325,6741,7565,5744,1593,6808,709.8,1240,21,12,708,186059.87
2025-12-10,LM-BEL,7024,5950,6337,7024,5882,1462,6322,659.0,1074,10,12,486,168828.75
2025-12-11,LM-BEL,7458,6202,6613,7458,5624,1413,6712,699.6,1256,13,9,687,180424.96
2025-12-12,LM-BEL,6888,5922,6301,6888,5757,1512,6199,646.0,966,13,7,491,168072.46
2025-12-13,LM-BEL,5766,4902,5219,5766,5152,1272,5189,540.7,864,12,3,299,136303.98
2025-12-14,LM-BEL,5831,4943,5263,5831,4794,1169,5248,546.8,888,7,10,428,139837.02
2025-12-15,LM-BEL,8219,6678,7130,8219,5931,1531,7397,770.6,1541,27,15,946,199274.54
2025-12-16,LM-BEL,7505,6263,6675,7505,5799,1534,6754,703.6,1242,8,5,684,182279.61
2025-12-17,LM-BEL,7743,6450,6876,7743,5798,1577,6969,725.8,1293,19,7,732,194384.59
2025-12-18,LM-BEL,7210,6091,6487,7210,5956,1552,6489,675.8,1119,13,8,537,170384.54
2025-12-19,LM-BEL,6898,5867,6246,6898,5719,1284,6208,646.5,1031,12,9,516,169880.37
2025-12-20,LM-BEL,6066,5230,5563,6066,4944,1338,5459,568.4,836,12,3,445,146636.5
2025-12-21,LM-BEL,3875,3317,3530,3875,3282,806,3488,363.1,558,5,2,278,92735.62
2025-12-22,LM-BEL,5512,4592,4896,5512,4240,1153,4961,516.4,920,11,7,547,136986.38
2025-12-23,LM-BEL,4968,4262,4535,4968,4003,1020,4471,465.4,706,7,4,382,119581.79
2025-12-24,LM-BEL,5004,4244,4519,5004,3974,1069,4504,468.7,760,6,8,432,122362.26
2025-12-25,LM-BEL,4744,4044,4305,4744,4170,949,4270,444.3,700,8,6,253,118355.75
2025-12-26,LM-BEL,4899,4180,4450,4899,4235,975,4409,458.8,719,5,3,267,116638.57
2025-12-27,LM-BEL,3976,3440,3659,3976,3468,868,3578,372.3,536,6,7,208,94004.16
2025-12-28,LM-BEL,3495,2939,3131,3495,2910,777,3146,327.2,556,8,5,253,86075.33
2025-12-29,LM-BEL,5674,4648,4960,5674,4396,1182,5107,531.2,1026,8,4,505,138667.88
2025-12-30,LM-BEL,5634,4638,4948,5634,4120,1073,5071,527.4,996,15,7,627,141833.18
2025-12-31,LM-BEL,5269,4371,4661,5269,4127,1146,4742,493.2,898,12,6,457,136300.12
2026-01-01,LM-BEL,5222,4327,4614,5222,4076,1073,4700,488.8,895,5,8,486,133159.5
2026-01-02,LM-BEL,4505,3825,4073,4505,3912,943,4054,421.6,680,10,5,276,105786.79
2026-01-03,LM-BEL,4171,3568,3798,4171,3567,901,3754,390.3,603,4,2,262,102487.0
2026-01-04,LM-BEL,3757,3225,3432,3757,3221,795,3381,351.6,532,11,4,231,85481.52
2026-01-05,LM-BEL,5740,4764,5080,5740,4428,1117,5166,537.1,976,9,3,462,141274.66
2026-01-06,LM-BEL,5121,4366,4647,5121,4090,1078,4609,479.1,755,6,4,407,122620.54
2026-01-07,LM-BEL,4959,4215,4488,4959,4343,1014,4463,463.9,744,7,2,287,121403.39
2026-01-08,LM-BEL,4867,4153,4421,4867,4236,1076,4380,455.3,714,9,6,260,117221.0
2026-01-09,LM-BEL,4895,4160,4429,4895,4204,1037,4406,457.9,735,11,5,282,116585.33
2026-01-10,LM-BEL,4220,3612,3844,4220,3650,897,3798,394.7,608,10,5,244,102147.88
2026-01-11,LM-BEL,3951,3362,3579,3951,3356,869,3556,369.5,589,7,5,267,98627.06
2026-01-12,LM-BEL,5509,4613,4916,5509,4309,1072,4958,515.2,896,12,9,548,142793.64
2026-01-13,LM-BEL,5383,4570,4866,5383,4283,1101,4845,503.3,813,13,5,468,135075.26
2026-01-14,LM-BEL,5016,4253,4529,5016,4426,1120,4514,469.0,763,8,2,268,124132.12
2026-01-15,LM-BEL,5214,4489,4776,5214,4164,1065,4693,487.5,725,9,6,408,128620.14
2026-01-16,LM-BEL,5016,4238,4514,5016,4365,884,4514,468.9,778,8,2,286,120842.58
2026-01-17,LM-BEL,4321,3696,3934,4321,3770,931,3889,403.9,625,12,3,254,103865.36
2026-01-18,LM-BEL,3866,3278,3491,3866,3294,847,3479,361.4,588,5,4,260,95451.32
2026-01-19,LM-BEL,5304,4572,4864,5304,4233,1126,4774,495.8,732,8,9,461,121060.11
2026-01-20,LM-BEL,5180,4415,4700,5180,4503,1133,4662,484.1,765,10,4,301,126500.3
2026-01-21,LM-BEL,5485,4650,4951,5485,4736,1147,4936,512.6,835,9,7,352,132059.54
2026-01-22,LM-BEL,5060,4312,4591,5060,4448,1046,4554,472.9,748,4,4,280,121235.22
2026-01-23,LM-BEL,4757,4075,4336,4757,4202,1050,4281,444.5,682,8,8,269,110841.43
2026-01-24,LM-BEL,4468,3809,4055,4468,3815,951,4021,417.5,659,9,3,259,108417.7
2026-01-25,LM-BEL,4205,3546,3777,4205,3509,872,3784,392.9,659,8,2,309,99714.48
2026-01-26,LM-BEL,5953,4944,5271,5953,4651,1201,5358,556.2,1009,8,11,509,145982.49
2026-01-27,LM-BEL,5540,4746,5050,5540,4356,1151,4986,517.6,794,5,6,490,133702.49
2026-01-28,LM-BEL,5272,4504,4794,5272,4613,1145,4745,492.5,768,11,9,270,124619.78
2026-01-29,LM-BEL,5244,4410,4698,5244,4580,1093,4720,489.9,834,8,4,283,131329.09
2026-01-30,LM-BEL,5228,4469,4757,5228,4637,1129,4705,488.3,759,6,5,293,125139.35
2026-01-31,LM-BEL,4345,3710,3949,4345,3757,864,3910,405.8,635,10,2,275,106396.06
2026-02-01,LM-BEL,4184,3591,3821,4184,3583,917,3766,390.8,593,7,1,229,97552.58
2026-02-02,LM-BEL,6273,5215,5560,6273,4883,1311,5646,585.8,1058,13,7,569,151653.35
2026-02-03,LM-BEL,5438,4615,4914,5438,4366,1143,4894,507.8,823,7,10,462,127653.99
2026-02-04,LM-BEL,5507,4694,4997,5507,4787,1165,4956,514.3,813,13,10,353,132975.24
2026-02-05,LM-BEL,5215,4421,4708,5215,4590,1203,4694,487.0,794,11,10,289,127318.73
2026-02-06,LM-BEL,4574,3902,4154,4574,3969,958,4117,427.1,672,9,3,305,111357.46
2026-02-07,LM-BEL,4013,3414,3634,4013,3432,796,3612,374.7,599,5,7,267,101732.82
2026-02-08,LM-BEL,3985,3398,3617,3985,3406,833,3586,372.1,587,5,4,253,98725.28
2026-02-09,LM-BEL,6216,5165,5507,6216,4884,1211,5594,580.3,1051,16,5,561,144812.47
2026-02-10,LM-BEL,5764,4935,5252,5764,4674,1036,5188,538.1,829,6,4,481,142183.08
2026-02-11,LM-BEL,5467,4738,5039,5467,4800,1279,4920,510.4,729,9,3,323,128241.64
2026-02-12,LM-BEL,5699,4855,5168,5699,4676,1164,5129,532.0,844,11,5,434,140729.63
2026-02-13,LM-BEL,4851,4165,4431,4851,4218,1097,4366,452.8,686,13,2,261,110813.54
2026-02-14,LM-BEL,4385,3728,3969,4385,3699,949,3946,409.3,657,6,4,270,105316.12
2026-02-15,LM-BEL,4227,3510,3742,4227,3576,950,3804,394.5,717,3,3,273,104103.8
2026-02-16,LM-BEL,6017,5105,5436,6017,4814,1203,5415,561.6,912,10,11,494,141330.15
2026-02-17,LM-BEL,5816,4975,5295,5816,5183,1385,5234,542.8,841,8,6,276,145670.17
2026-02-18,LM-BEL,5189,4498,4783,5189,4521,1063,4670,484.3,691,7,8,294,131802.6
2026-02-19,LM-BEL,5664,4861,5172,5664,4996,1236,5098,528.6,803,11,6,310,135976.08
2026-02-20,LM-BEL,5014,4271,4546,5014,4393,1061,4513,467.9,743,14,6,283,123860.57
2026-02-21,LM-BEL,4756,4005,4266,4756,4067,1073,4280,443.8,751,13,7,303,118378.36
2026-02-22,LM-BEL,4226,3618,3850,4226,3580,925,3803,394.3,608,9,4,268,99912.35
2026-02-23,LM-BEL,6473,5448,5804,6473,5272,1236,5826,604.0,1025,17,7,528,153954.74
2026-02-24,LM-BEL,5866,5117,5440,5866,5210,1260,5279,547.3,749,7,4,293,141706.62
2026-02-25,LM-BEL,5553,4748,5053,5553,4936,1282,4998,518.1,805,5,7,281,139721.32
2026-02-26,LM-BEL,5347,4597,4891,5347,4689,1116,4812,498.9,750,10,8,332,132476.74
2026-02-27,LM-BEL,5215,4457,4744,5215,4600,1113,4694,486.5,758,8,8,294,120049.41
2026-02-28,LM-BEL,4540,3900,4149,4540,3913,975,4086,423.5,640,5,2,268,113143.55
2026-03-01,LM-BEL,4160,3563,3792,4160,3553,874,3744,388.1,597,9,4,258,103679.35
2026-03-02,LM-BEL,6290,5273,5619,6290,5098,1402,5661,586.8,1017,16,6,497,139712.01
2026-03-03,LM-BEL,5815,4970,5290,5815,5132,1225,5234,542.4,845,18,10,318,143328.23
2026-03-04,LM-BEL,6072,5177,5511,6072,5402,1326,5465,566.4,895,10,10,284,146696.52
2026-03-05,LM-BEL,5501,4707,5009,5501,4823,1236,4951,513.1,794,4,4,268,137745.79
2026-03-06,LM-BEL,5534,4762,5066,5534,4882,1219,4981,516.2,772,9,9,285,137020.28
2026-03-07,LM-BEL,4508,3877,4125,4508,3955,1016,4057,420.5,631,9,4,239,110237.41
2026-03-08,LM-BEL,4363,3716,3956,4363,3837,931,3927,406.9,647,7,7,210,105883.56
2026-03-09,LM-BEL,8525,7197,7666,8525,7281,1791,7672,795.1,1328,12,5,504,208812.35
2026-03-10,LM-BEL,8275,6998,7453,8275,6972,1783,7448,771.7,1277,17,9,507,191120.97
2026-03-11,LM-BEL,8009,6775,7216,8009,7325,1757,7208,746.9,1234,15,5,311,184478.66
2026-03-12,LM-BEL,8240,6993,7446,8240,7065,1781,7416,768.4,1247,16,5,518,202851.35
2026-03-13,LM-BEL,7485,6384,6795,7485,6719,1644,6736,698.0,1101,15,8,336,181245.38
2026-03-14,LM-BEL,6731,5771,6141,6731,5923,1487,6058,627.7,960,9,11,344,165224.75
2026-03-15,LM-BEL,6253,5468,5812,6253,5461,1368,5628,583.1,785,8,4,376,147329.2
2026-03-16,LM-BEL,6817,5738,6113,6817,5589,1485,6135,635.7,1079,14,13,513,161745.36
2026-03-17,LM-BEL,6053,5126,5458,6053,5297,1294,5448,564.4,927,11,6,332,144325.49
2026-03-18,LM-BEL,6217,5321,5663,6217,5502,1401,5595,579.7,896,13,6,292,146199.3
2026-03-19,LM-BEL,5537,4724,5029,5537,4881,1187,4983,516.3,813,7,3,299,137800.18
2026-03-20,LM-BEL,5214,4501,4788,5214,4543,1249,4693,486.1,713,12,7,293,127839.98
2026-03-21,LM-BEL,4436,3772,4016,4436,3895,1020,3992,413.6,664,4,5,262,108920.43
2026-03-22,LM-BEL,4772,4090,4352,4772,4239,1130,4295,444.9,682,8,5,246,119799.09
2026-03-23,LM-BEL,6700,5733,6101,6700,5492,1422,6030,624.6,967,16,6,509,157712.51
2026-03-24,LM-BEL,6054,5171,5504,6054,5375,1271,5449,564.4,883,12,6,315,140286.46
2026-03-25,LM-BEL,6047,5141,5473,6047,5322,1157,5442,563.7,906,8,8,342,145063.18
2026-03-26,LM-BEL,5825,5015,5335,5825,5195,1217,5242,543.0,810,8,6,285,141713.09
2026-03-27,LM-BEL,5783,4933,5251,5783,5039,1263,5205,539.1,850,10,6,341,136587.79
2026-03-28,LM-BEL,4423,3830,4074,4423,3831,1024,3981,412.3,593,6,3,296,102601.99
2026-03-29,LM-BEL,4413,3767,4010,4413,3838,934,3972,411.4,646,5,7,264,103773.95
2026-03-30,LM-BEL,6469,5523,5879,6469,5718,1388,5822,603.0,946,13,8,319,159832.19
2026-03-31,LM-BEL,5757,4944,5261,5757,5109,1301,5181,536.6,813,12,6,274,140935.49
2026-04-01,LM-BEL,6066,5194,5527,6066,5400,1208,5459,565.4,872,11,3,329,152259.93
2026-04-02,LM-BEL,5687,4816,5129,5687,5069,1293,5118,530.1,871,11,11,304,143422.04
2026-04-03,LM-BEL,5603,4768,5076,5603,4923,1290,5043,522.3,835,13,8,296,136314.26
2026-04-04,LM-BEL,5110,4351,4632,5110,4505,1204,4599,476.3,759,4,6,276,116114.31
2026-04-05,LM-BEL,4441,3760,4004,4441,3822,973,3997,413.9,681,6,4,273,108021.91
2026-04-06,LM-BEL,6540,5565,5924,6540,5382,1399,5886,609.6,975,13,6,443,157773.26
2026-04-07,LM-BEL,6268,5380,5725,6268,5528,1402,5641,584.2,888,7,7,328,151471.06
2026-04-08,LM-BEL,6106,5261,5597,6106,5435,1397,5495,569.1,845,10,9,299,143196.64
2026-04-09,LM-BEL,5679,4864,5176,5679,4942,1297,5111,529.3,815,11,2,340,131196.19
2026-04-10,LM-BEL,5390,4656,4952,5390,4658,1177,4851,502.3,734,7,6,311,129592.95
2026-04-11,LM-BEL,4940,4210,4482,4940,4251,1048,4446,460.4,730,13,5,274,113028.8
2026-04-12,LM-BEL,4597,4005,4258,4597,4417,1003,4137,428.4,592,6,8,118,112343.22
2026-04-13,LM-BEL,6218,5396,5738,6218,5474,1388,5596,579.5,822,9,4,361,141504.69
2026-04-14,LM-BEL,6028,5209,5540,6028,5300,1346,5425,561.8,819,10,8,333,134866.87
2026-04-15,LM-BEL,6268,5402,5747,6268,5472,1328,5641,584.1,866,10,7,337,151029.97
2026-04-16,LM-BEL,5928,5026,5352,5928,5202,1295,5335,552.4,902,10,3,325,140417.73
2026-04-17,LM-BEL,5412,4710,5008,5412,4701,1310,4871,504.3,702,5,8,283,120736.76
2026-04-18,LM-BEL,4777,4085,4348,4777,4506,1144,4299,445.1,692,10,8,132,111369.57
2026-04-19,LM-BEL,4579,3937,4188,4579,4379,1130,4121,426.7,642,9,4,107,110993.14
2026-04-20,LM-BEL,6930,5886,6267,6930,6082,1576,6237,645.8,1044,13,9,355,166490.31
2026-04-21,LM-BEL,6051,5205,5537,6051,5415,1431,5446,563.8,846,6,8,278,141834.71
2026-04-22,LM-BEL,5830,5023,5344,5830,5259,1254,5247,543.2,807,13,11,286,138015.37
2026-04-23,LM-BEL,5953,5223,5551,5953,5261,1378,5358,554.7,730,14,2,295,138978.82
2026-04-24,LM-BEL,5589,4813,5120,5589,5342,1294,5030,520.8,776,5,8,157,127670.64
2026-04-25,LM-BEL,4943,4259,4531,4943,4371,1143,4449,460.6,684,6,7,228,111315.53
2026-04-26,LM-BEL,4417,3830,4073,4417,4225,1007,3975,411.6,587,7,4,99,103492.15
2026-04-27,LM-BEL,6898,5919,6298,6898,6027,1437,6208,642.7,979,12,10,409,166244.74
2026-04-28,LM-BEL,6651,5777,6143,6651,5936,1436,5986,619.7,874,7,5,337,154822.87
2026-04-29,LM-BEL,6161,5389,5728,6161,5409,1452,5545,574.0,772,9,7,349,145746.23
2026-04-30,LM-BEL,5975,5150,5478,5975,5311,1265,5378,556.7,825,8,5,283,145383.52
2026-05-01,LM-BEL,7610,6651,7070,7610,6831,1714,6849,709.0,959,15,5,369,170967.59
2026-05-02,LM-BEL,6405,5542,5894,6405,6131,1441,5764,596.7,863,8,6,168,153686.41
2026-05-03,LM-BEL,6268,5398,5743,6268,5588,1457,5641,584.0,870,9,5,299,140403.33
2026-05-04,LM-BEL,9684,8008,8540,9684,7969,1940,8716,902.2,1676,24,12,686,246263.34
2026-05-05,LM-BEL,8684,7499,7977,8684,7779,1874,7816,809.1,1185,13,0,434,200485.11
2026-05-06,LM-BEL,7989,6946,7385,7989,7274,1663,7190,744.3,1043,9,2,300,192901.72
2026-05-07,LM-BEL,7954,6885,7322,7954,7201,1726,7159,741.0,1069,12,10,358,186688.63
2026-05-08,LM-BEL,7752,6747,7173,7752,7080,1796,6977,722.2,1005,12,10,328,175563.57
2026-05-09,LM-BEL,6565,5671,6033,6565,5799,1336,5908,611.6,894,8,7,358,144038.28
2026-05-10,LM-BEL,6442,5665,6019,6442,5720,1364,5798,600.1,777,12,11,319,150717.2
2026-05-11,LM-BEL,7053,6003,6391,7053,6182,1497,6348,657.1,1050,12,13,366,166184.8
2026-05-12,LM-BEL,6714,5826,6195,6714,5994,1469,6043,625.5,888,6,4,342,157670.92
2026-05-13,LM-BEL,6464,5533,5888,6464,5697,1396,5818,602.2,931,15,4,313,148492.7
2026-05-14,LM-BEL,6254,5497,5841,6254,5522,1390,5629,582.6,757,9,8,289,144865.38
2026-05-15,LM-BEL,5559,4889,5195,5559,5293,1307,5003,517.9,670,3,8,149,130462.04
2026-05-16,LM-BEL,4809,4177,4441,4809,4643,1013,4328,448.0,632,10,3,108,114783.2
2026-05-17,LM-BEL,4717,4104,4363,4717,4530,1096,4245,439.4,613,4,4,89,109373.69
2026-05-18,LM-BEL,6871,5875,6253,6871,6040,1502,6184,640.1,996,15,12,371,151395.06
2026-05-19,LM-BEL,6302,5468,5814,6302,5612,1417,5672,587.0,834,13,11,306,145495.73
2026-05-20,LM-BEL,6110,5323,5659,6110,5424,1332,5499,569.2,787,12,10,321,138685.48
2026-05-21,LM-BEL,5990,5214,5543,5990,5360,1400,5391,558.0,776,10,6,270,139463.38
2026-05-22,LM-BEL,5656,4855,5166,5656,5354,1271,5090,526.9,801,10,5,147,132058.86
2026-05-23,LM-BEL,4950,4317,4589,4950,4695,1197,4455,461.1,633,7,6,136,116444.38
2026-05-24,LM-BEL,4963,4312,4585,4963,4719,1207,4467,462.3,651,10,4,124,112184.66
2026-05-25,LM-BEL,7084,6024,6414,7084,5834,1514,6376,659.9,1060,8,2,506,161368.18
2026-05-26,LM-BEL,7186,6094,6489,7186,5886,1583,6467,669.4,1092,13,10,517,172366.74
2026-05-27,LM-BEL,6291,5443,5789,6291,5653,1418,5662,586.0,848,8,7,277,140547.43
2026-05-28,LM-BEL,6075,5335,5669,6075,5901,1413,5468,565.9,740,5,9,126,138728.38
2026-05-29,LM-BEL,5838,5179,5500,5838,5210,1180,5254,543.8,659,9,3,250,133239.63
2026-05-30,LM-BEL,5089,4571,4851,5089,4826,1010,4580,474.0,518,10,2,124,108220.32
2026-05-31,LM-BEL,4876,4246,4514,4876,4263,1085,4388,454.2,630,4,7,246,112096.83
2026-06-01,LM-BEL,7604,6331,6749,7604,5987,1699,6844,708.3,1273,17,9,653,177768.82
2026-06-02,LM-BEL,6468,5630,5985,6468,5785,1470,5821,602.4,838,15,13,328,148866.6
2026-06-03,LM-BEL,6490,5626,5983,6490,5782,1484,5841,604.5,864,7,9,297,145107.99
2026-06-04,LM-BEL,6229,5338,5681,6229,5457,1398,5606,580.2,891,13,6,340,138833.3
2026-06-05,LM-BEL,5558,4881,5187,5558,5300,1276,5002,517.7,677,10,8,131,122068.02
2026-06-06,LM-BEL,5219,4542,4829,5219,4930,1243,4697,486.1,677,13,2,133,123944.76
2026-06-07,LM-BEL,5054,4420,4698,5054,4764,1130,4549,470.7,634,6,3,153,116540.81
2026-06-08,LM-BEL,6928,5998,6379,6928,6115,1602,6235,645.3,930,14,4,317,156111.68
2026-06-09,LM-BEL,6712,5837,6206,6712,6061,1490,6041,625.1,875,7,7,248,148665.67
2026-06-10,LM-BEL,5964,5110,5438,5964,5715,1367,5368,555.5,854,9,10,145,132402.17
2026-06-11,LM-BEL,5955,5165,5492,5955,5313,1411,5360,554.6,790,9,11,290,137005.99
2026-06-12,LM-BEL,6142,5314,5652,6142,5534,1388,5528,572.0,828,12,11,261,140982.82
2026-06-13,LM-BEL,5036,4370,4647,5036,4767,1175,4532,469.0,666,6,7,137,110033.35
2026-06-14,LM-BEL,4686,4078,4335,4686,4544,1126,4217,436.4,608,3,8,95,103826.39
2026-06-15,LM-BEL,7252,6220,6619,7252,6330,1431,6527,675.4,1032,9,5,377,163390.91
2026-06-16,LM-BEL,6640,5795,6160,6640,5914,1511,5976,618.4,845,12,10,337,156066.62
2026-06-17,LM-BEL,6289,5469,5815,6289,5518,1406,5660,585.7,820,10,5,307,140580.09
2026-06-18,LM-BEL,6438,5628,5982,6438,5784,1351,5794,599.6,810,10,3,251,147062.44
2026-06-19,LM-BEL,5725,5004,5319,5725,5197,1268,5152,533.2,721,11,6,233,134944.22
2026-06-20,LM-BEL,4994,4409,4684,4994,4789,1166,4495,465.1,585,7,1,126,117120.74
2026-06-21,LM-BEL,4937,4415,4686,4937,4249,1043,4443,459.8,522,9,3,265,114119.11
2026-06-22,LM-BEL,7492,6256,6668,7492,5995,1633,6743,697.7,1236,6,8,538,182336.43
2026-06-23,LM-BEL,7107,6144,6534,7107,6193,1523,6396,661.9,963,13,7,377,164625.62
2026-06-24,LM-BEL,6291,5427,5773,6291,5637,1365,5662,585.9,864,12,10,285,141470.81
2026-06-25,LM-BEL,6528,5734,6093,6528,5793,1422,5875,608.0,794,14,6,291,156534.81
2026-06-26,LM-BEL,5846,5037,5359,5846,5579,1391,5261,544.4,809,11,9,127,136708.36
2026-06-27,LM-BEL,5525,4816,5120,5525,4855,1309,4972,514.5,709,10,4,284,123762.43
2026-06-28,LM-BEL,4749,4119,4380,4749,4057,1076,4274,442.3,630,10,4,273,110884.25
2026-06-29,LM-BEL,7637,6433,6853,7637,6011,1598,6873,711.2,1204,9,6,638,167368.0
2026-06-30,LM-BEL,6703,5819,6188,6703,5956,1536,6033,624.2,884,17,6,297,154665.2
2026-07-01,LM-BEL,6943,6005,6387,6943,6050,1599,6249,646.6,938,15,8,357,149278.65
2026-07-02,LM-BEL,6497,5668,6025,6497,5745,1448,5847,605.0,829,10,7,323,145374.35
2026-07-03,LM-BEL,5838,5138,5459,5838,5150,1251,5254,543.7,700,11,5,271,130953.65
2026-07-04,LM-BEL,5134,4481,4764,5134,4883,1272,4621,478.1,653,9,5,118,113619.58
2026-07-05,LM-BEL,5116,4541,4822,5116,4492,1127,4604,476.4,575,10,4,298,116397.66
2026-07-06,LM-BEL,7620,6399,6818,7620,6400,1671,6858,709.6,1221,12,11,457,173122.12
2026-07-07,LM-BEL,6892,5999,6378,6892,6013,1496,6203,641.8,893,13,13,360,158202.61
2026-07-08,LM-BEL,6541,5659,6019,6541,5813,1581,5887,609.1,882,9,6,287,155742.5
2026-07-09,LM-BEL,6580,5749,6111,6580,5862,1566,5922,612.8,831,8,7,312,146272.52
2026-07-10,LM-BEL,6123,5327,5664,6123,5416,1396,5511,570.2,796,8,5,306,143428.72
2026-07-11,LM-BEL,5027,4424,4700,5027,4808,1213,4524,468.1,603,4,2,119,122464.57
2026-07-12,LM-BEL,4872,4274,4542,4872,4615,1115,4385,453.7,598,6,10,131,111639.9
2026-07-13,LM-BEL,7461,6332,6743,7461,6276,1721,6715,694.8,1129,14,7,508,164592.93
2026-07-14,LM-BEL,7252,6165,6564,7252,5877,1577,6527,675.3,1087,12,9,561,169825.05
2026-07-15,LM-BEL,6949,6051,6433,6949,6120,1575,6254,647.1,898,11,9,343,158279.45
2026-07-16,LM-BEL,6630,5817,6182,6630,5813,1442,5967,617.4,813,11,6,367,157936.5
2026-07-17,LM-BEL,6199,5484,5825,6199,5492,1273,5579,577.3,715,11,4,302,136356.89
2026-07-18,LM-BEL,5441,4627,4926,5441,5210,1222,4897,506.7,814,11,11,128,125228.57
2026-07-19,LM-BEL,4931,4335,4606,4931,4675,1139,4438,459.2,596,8,5,127,111753.41
2026-07-20,LM-BEL,7411,6324,6731,7411,6022,1563,6670,690.1,1087,8,3,559,170553.16
2026-07-21,LM-BEL,6802,5917,6291,6802,5957,1693,6122,633.4,885,3,12,365,153183.34
2026-07-22,LM-BEL,6332,5582,5930,6332,5660,1487,5699,589.6,750,8,7,298,144486.51
2026-07-23,LM-BEL,6574,5781,6143,6574,5819,1503,5917,612.2,793,8,9,297,153673.81
2026-07-24,LM-BEL,6219,5413,5755,6219,5415,1397,5597,579.1,806,12,5,340,142623.48
2026-07-25,LM-BEL,5467,4733,5034,5467,5225,1283,4920,509.1,734,6,3,135,128136.97
2026-07-26,LM-BEL,5180,4548,4833,5180,4927,1258,4662,482.4,632,10,5,131,122114.99
2026-07-27,LM-BEL,7565,6432,6848,7565,6046,1644,6808,704.4,1133,11,8,637,173320.78
2026-07-28,LM-BEL,7188,6096,6491,7188,6294,1571,6469,669.3,1092,12,10,364,157977.24
2026-07-29,LM-BEL,6656,5815,6181,6656,5915,1472,5990,619.8,841,10,5,309,150602.89
2026-07-30,LM-BEL,6636,5760,6125,6636,5931,1423,5972,617.9,876,16,8,311,146835.01
2026-07-31,LM-BEL,6062,5341,5675,6062,5415,1319,5456,564.5,721,5,9,252,142768.82
2026-08-01,LM-BEL,5444,4790,5089,5444,4732,1264,4900,506.9,654,11,4,266,124391.34
2026-08-02,LM-BEL,5236,4570,4858,5236,5069,1262,4712,487.6,666,7,10,106,122164.56
2026-08-03,LM-BEL,7374,6257,6662,7374,5885,1664,6637,686.6,1117,10,4,621,173993.11
2026-08-04,LM-BEL,7111,6142,6533,7111,5810,1478,6400,662.2,969,17,5,539,169231.07
2026-08-05,LM-BEL,6564,5743,6104,6564,5835,1552,5908,611.2,821,10,8,328,154578.76
2026-08-06,LM-BEL,6464,5635,5990,6464,5695,1431,5818,601.9,829,12,5,325,143374.54
2026-08-07,LM-BEL,6015,5179,5509,6015,5299,1333,5414,560.1,836,12,7,315,135125.96
2026-08-08,LM-BEL,5650,4905,5215,5650,5405,1261,5085,526.1,745,5,4,150,129603.33
2026-08-09,LM-BEL,5343,4718,5012,5343,5149,1173,4809,497.5,625,9,5,114,127538.26
2026-08-10,LM-BEL,7744,6587,7013,7744,5970,1589,6970,721.1,1157,14,9,705,171730.55
2026-08-11,LM-BEL,7638,6417,6837,7638,5964,1583,6874,711.2,1221,20,6,643,177748.45
2026-08-12,LM-BEL,6710,5874,6243,6710,5928,1484,6039,624.8,836,5,7,329,156775.45
2026-08-13,LM-BEL,7331,6241,6644,7331,6250,1701,6598,682.6,1090,8,12,458,167958.76
2026-08-14,LM-BEL,6253,5446,5790,6253,5580,1472,5628,582.2,807,6,5,277,150849.95
2026-08-15,LM-BEL,5494,4782,5085,5494,5219,1323,4945,511.6,712,8,10,152,123356.37
2026-08-16,LM-BEL,5112,4412,4693,5112,4425,1122,4601,476.0,700,6,5,279,116388.77
2026-08-17,LM-BEL,7750,6501,6927,7750,6061,1638,6975,721.6,1249,14,2,668,183867.4
2026-08-18,LM-BEL,7402,6312,6719,7402,5888,1689,6662,689.2,1090,15,7,592,169520.52
2026-08-19,LM-BEL,6771,5886,6259,6771,5987,1430,6094,630.5,885,6,14,329,157910.45
2026-08-20,LM-BEL,7086,6158,6547,7086,6106,1443,6377,659.8,928,7,6,416,169365.66
2026-08-21,LM-BEL,6397,5552,5904,6397,5719,1374,5757,595.6,845,6,1,284,145334.41
2026-08-22,LM-BEL,5533,4809,5113,5533,5342,1312,4980,515.2,724,8,5,110,117601.15
2026-08-23,LM-BEL,5052,4374,4652,5052,4859,1179,4547,470.4,678,6,5,116,120920.75
2026-08-24,LM-BEL,7813,6622,7052,7813,6190,1603,7032,727.5,1191,17,8,639,188462.34
2026-08-25,LM-BEL,7205,6135,6531,7205,5797,1590,6484,670.9,1070,9,10,600,157584.45
2026-08-26,LM-BEL,6697,5851,6219,6697,5943,1563,6027,623.6,846,11,8,328,153098.61
2026-08-27,LM-BEL,6532,5673,6032,6532,5837,1655,5879,608.2,859,13,4,296,150259.99
2026-08-28,LM-BEL,6982,6078,6462,6982,6092,1669,6284,650.1,904,14,8,340,158248.76
2026-08-29,LM-BEL,5465,4808,5109,5465,5217,1292,4918,508.9,657,4,12,151,126239.73
2026-08-30,LM-BEL,4983,4361,4635,4983,4333,1169,4485,464.0,622,6,6,252,114289.04
2026-08-31,LM-BEL,7561,6392,6808,7561,6093,1853,6805,704.0,1169,15,8,569,175040.1
2026-09-01,LM-BEL,7271,6232,6632,7271,6299,1576,6544,677.0,1039,9,10,431,169305.9
2026-09-02,LM-BEL,7018,6074,6460,7018,6015,1478,6316,653.5,944,16,6,410,170490.9
2026-09-03,LM-BEL,6889,6018,6397,6889,6065,1642,6200,641.4,871,13,10,352,153877.5
2026-09-04,LM-BEL,6578,5705,6067,6578,5930,1494,5920,612.5,873,12,6,279,147685.62
2026-09-05,LM-BEL,5426,4781,5079,5426,4874,1183,4883,505.2,645,5,6,238,127090.33
2026-09-06,LM-BEL,5348,4645,4939,5348,5079,1244,4813,498.0,703,10,2,129,125713.65
2026-09-07,LM-BEL,7560,6391,6807,7560,6050,1594,6804,703.9,1169,17,8,574,169634.88
2026-09-08,LM-BEL,7172,6115,6510,7172,6298,1549,6455,667.8,1057,18,7,383,162370.47
2026-09-09,LM-BEL,6708,5861,6230,6708,5972,1575,6037,624.6,847,6,12,307,151583.0
2026-09-10,LM-BEL,6518,5712,6071,6518,5835,1452,5866,606.9,806,14,7,258,146536.14
2026-09-11,LM-BEL,6708,5898,6267,6708,5954,1428,6037,624.6,810,11,6,323,148323.45
2026-09-12,LM-BEL,5721,5058,5372,5721,5431,1340,5149,532.7,663,9,5,142,136050.11
2026-09-13,LM-BEL,5500,4820,5123,5500,5269,1270,4950,512.1,680,4,10,114,123147.97
2026-09-14,LM-BEL,7860,6503,6935,7860,6172,1748,7074,731.8,1357,21,10,673,185744.15
2026-09-15,LM-BEL,7579,6365,6781,7579,6486,1689,6821,705.7,1214,12,9,455,176441.61
2026-09-16,LM-BEL,6544,5687,6047,6544,5867,1462,5890,609.3,857,10,4,266,150689.62
2026-09-17,LM-BEL,7050,6126,6514,7050,6050,1678,6345,656.4,924,9,15,429,163645.42
2026-09-18,LM-BEL,6547,5631,5991,6547,5796,1419,5892,609.6,916,8,5,340,148180.6
2026-09-19,LM-BEL,5745,5022,5338,5745,5145,1380,5170,534.9,723,5,8,246,131924.63
2026-09-20,LM-BEL,5423,4741,5039,5423,5134,1272,4881,504.9,682,12,10,135,115944.13
2026-09-21,LM-BEL,7625,6482,6901,7625,5935,1738,6862,710.0,1143,14,6,669,169891.09
2026-09-22,LM-BEL,7035,6054,6441,7035,6055,1591,6332,655.0,981,8,10,396,163133.63
2026-09-23,LM-BEL,6843,5925,6302,6843,6119,1591,6159,637.1,918,16,7,318,156039.35
2026-09-24,LM-BEL,7022,6099,6485,7022,6125,1621,6320,653.8,923,15,6,351,155329.66
2026-09-25,LM-BEL,6706,5880,6249,6706,5928,1627,6035,624.4,826,14,5,328,151588.44
2026-09-26,LM-BEL,5386,4765,5061,5386,4707,1244,4847,501.5,621,8,6,289,126031.73
2026-09-27,LM-BEL,5201,4541,4827,5201,4924,1154,4681,484.3,660,7,2,139,126670.04
2026-09-28,LM-BEL,7746,6472,6898,7746,6131,1719,6971,721.2,1274,12,8,668,172648.73
2026-09-29,LM-BEL,7377,6246,6652,7377,5922,1709,6639,686.9,1131,20,14,585,165167.23
2026-09-30,LM-BEL,6725,5900,6270,6725,6032,1625,6052,626.2,825,7,8,308,162719.63
