data,unidade_id,volumes_triados,dwell_time_p90_h,volumes_missort,backlog_fechamento_onda
2025-01-01,HUB-SP,58421,5.34,34,0
2025-01-02,HUB-SP,54654,5.3,39,238
2025-01-03,HUB-SP,55344,5.54,23,462
2025-01-04,HUB-SP,48121,3.6,31,223
2025-01-05,HUB-SP,41321,4.45,26,410
2025-01-06,HUB-SP,62459,4.37,34,231
2025-01-07,HUB-SP,61783,5.78,35,274
2025-01-08,HUB-SP,57494,3.91,33,218
2025-01-09,HUB-SP,57012,4.51,26,235
2025-01-10,HUB-SP,52619,4.38,21,249
2025-01-11,HUB-SP,48298,3.75,31,339
2025-01-12,HUB-SP,45820,6.1,20,106
2025-01-13,HUB-SP,65971,4.5,30,265
2025-01-14,HUB-SP,64304,6.64,32,336
2025-01-15,HUB-SP,59432,3.76,34,390
2025-01-16,HUB-SP,55649,3.81,28,0
2025-01-17,HUB-SP,55255,5.19,27,66
2025-01-18,HUB-SP,45544,4.49,29,186
2025-01-19,HUB-SP,46243,3.59,24,288
2025-01-20,HUB-SP,66083,3.95,32,201
2025-01-21,HUB-SP,61818,4.04,36,330
2025-01-22,HUB-SP,57410,4.02,32,457
2025-01-23,HUB-SP,60175,4.26,33,242
2025-01-24,HUB-SP,54570,3.95,32,193
2025-01-25,HUB-SP,46686,5.57,25,231
2025-01-26,HUB-SP,44565,4.36,28,194
2025-01-27,HUB-SP,67822,4.32,29,306
2025-01-28,HUB-SP,63379,4.68,42,231
2025-01-29,HUB-SP,60006,3.69,28,209
2025-01-30,HUB-SP,58914,4.23,24,117
2025-01-31,HUB-SP,59321,3.71,28,310
2025-02-01,HUB-SP,46993,4.32,24,90
2025-02-02,HUB-SP,44569,3.95,22,105
2025-02-03,HUB-SP,65059,4.96,30,104
2025-02-04,HUB-SP,64298,3.98,41,215
2025-02-05,HUB-SP,61844,4.35,29,251
2025-02-06,HUB-SP,58141,4.31,20,105
2025-02-07,HUB-SP,53870,4.32,28,187
2025-02-08,HUB-SP,46563,4.32,34,201
2025-02-09,HUB-SP,46683,4.7,21,40
2025-02-10,HUB-SP,69105,3.76,32,171
2025-02-11,HUB-SP,64506,3.68,33,491
2025-02-12,HUB-SP,58443,3.83,40,151
2025-02-13,HUB-SP,59189,5.22,31,321
2025-02-14,HUB-SP,56048,4.51,26,167
2025-02-15,HUB-SP,48592,4.55,28,214
2025-02-16,HUB-SP,47308,3.63,27,114
2025-02-17,HUB-SP,68272,3.87,41,13
2025-02-18,HUB-SP,65183,6.89,30,203
2025-02-19,HUB-SP,60324,5.09,30,295
2025-02-20,HUB-SP,59648,3.71,39,320
2025-02-21,HUB-SP,57384,4.37,34,246
2025-02-22,HUB-SP,46028,4.57,29,113
2025-02-23,HUB-SP,45657,5.07,25,267
2025-02-24,HUB-SP,67010,5.13,43,171
2025-02-25,HUB-SP,62605,3.99,36,168
2025-02-26,HUB-SP,59947,4.0,30,122
2025-02-27,HUB-SP,62498,3.85,39,197
2025-02-28,HUB-SP,54758,4.02,26,187
2025-03-01,HUB-SP,50434,4.55,35,231
2025-03-02,HUB-SP,43704,3.75,28,57
2025-03-03,HUB-SP,67722,3.61,35,209
2025-03-04,HUB-SP,64775,6.29,35,155
2025-03-05,HUB-SP,62128,4.52,35,302
2025-03-06,HUB-SP,61223,4.2,33,282
2025-03-07,HUB-SP,58372,4.39,39,113
2025-03-08,HUB-SP,48464,5.49,24,242
2025-03-09,HUB-SP,45951,4.35,19,179
2025-03-10,HUB-SP,95835,4.11,50,535
2025-03-11,HUB-SP,86865,4.09,54,235
2025-03-12,HUB-SP,78969,5.2,51,409
2025-03-13,HUB-SP,77890,3.62,44,446
2025-03-14,HUB-SP,74632,4.84,37,309
2025-03-15,HUB-SP,67776,3.77,37,555
2025-03-16,HUB-SP,63736,6.27,31,318
2025-03-17,HUB-SP,70993,3.95,24,534
2025-03-18,HUB-SP,64178,4.25,30,580
2025-03-19,HUB-SP,61925,4.53,37,41
2025-03-20,HUB-SP,61750,4.01,32,389
2025-03-21,HUB-SP,56830,5.57,30,286
2025-03-22,HUB-SP,50424,4.28,33,226
2025-03-23,HUB-SP,46154,4.27,21,124
2025-03-24,HUB-SP,68833,3.71,32,153
2025-03-25,HUB-SP,64653,4.2,37,122
2025-03-26,HUB-SP,59347,5.98,29,501
2025-03-27,HUB-SP,61812,3.93,30,307
2025-03-28,HUB-SP,56834,3.72,39,73
2025-03-29,HUB-SP,49940,3.95,23,95
2025-03-30,HUB-SP,48320,4.22,23,0
2025-03-31,HUB-SP,71215,4.81,42,455
2025-04-01,HUB-SP,67443,6.46,37,276
2025-04-02,HUB-SP,62082,4.18,26,312
2025-04-03,HUB-SP,60219,4.58,43,241
2025-04-04,HUB-SP,57954,5.02,28,342
2025-04-05,HUB-SP,47240,4.66,25,151
2025-04-06,HUB-SP,45375,5.21,27,208
2025-04-07,HUB-SP,67262,4.52,50,306
2025-04-08,HUB-SP,63973,4.96,33,107
2025-04-09,HUB-SP,63533,4.39,30,162
2025-04-10,HUB-SP,59529,4.0,35,202
2025-04-11,HUB-SP,57679,4.33,43,268
2025-04-12,HUB-SP,52790,4.21,30,358
2025-04-13,HUB-SP,47473,6.15,25,201
2025-04-14,HUB-SP,72763,3.76,43,278
2025-04-15,HUB-SP,64491,5.02,23,298
2025-04-16,HUB-SP,62564,4.09,31,231
2025-04-17,HUB-SP,59777,4.56,23,236
2025-04-18,HUB-SP,58092,4.26,30,408
2025-04-19,HUB-SP,52280,4.88,26,186
2025-04-20,HUB-SP,45427,4.07,14,206
2025-04-21,HUB-SP,72427,3.96,41,196
2025-04-22,HUB-SP,67613,3.76,41,441
2025-04-23,HUB-SP,62064,4.45,33,135
2025-04-24,HUB-SP,59042,4.77,24,228
2025-04-25,HUB-SP,59279,3.82,39,354
2025-04-26,HUB-SP,50132,4.23,36,114
2025-04-27,HUB-SP,49024,5.65,29,281
2025-04-28,HUB-SP,71809,4.11,37,0
2025-04-29,HUB-SP,71223,3.79,37,129
2025-04-30,HUB-SP,63213,4.09,37,241
2025-05-01,HUB-SP,78400,4.07,44,691
2025-05-02,HUB-SP,77796,4.85,46,334
2025-05-03,HUB-SP,67301,4.37,40,292
2025-05-04,HUB-SP,66605,3.64,32,419
2025-05-05,HUB-SP,96561,5.27,46,176
2025-05-06,HUB-SP,89282,3.89,47,0
2025-05-07,HUB-SP,87620,3.77,52,654
2025-05-08,HUB-SP,78380,4.26,32,408
2025-05-09,HUB-SP,76017,3.96,40,236
2025-05-10,HUB-SP,64994,4.94,36,267
2025-05-11,HUB-SP,63076,4.42,32,385
2025-05-12,HUB-SP,69087,4.09,47,258
2025-05-13,HUB-SP,69739,3.9,46,299
2025-05-14,HUB-SP,63983,5.72,38,516
2025-05-15,HUB-SP,60015,5.35,43,91
2025-05-16,HUB-SP,58020,4.24,36,292
2025-05-17,HUB-SP,52539,3.62,30,82
2025-05-18,HUB-SP,50925,4.09,26,363
2025-05-19,HUB-SP,78105,5.01,40,358
2025-05-20,HUB-SP,75612,3.84,44,199
2025-05-21,HUB-SP,65798,5.84,34,66
2025-05-22,HUB-SP,61434,5.63,25,203
2025-05-23,HUB-SP,55991,3.98,29,245
2025-05-24,HUB-SP,52759,3.88,34,333
2025-05-25,HUB-SP,48345,4.99,15,88
2025-05-26,HUB-SP,72359,4.62,49,170
2025-05-27,HUB-SP,67534,4.13,41,203
2025-05-28,HUB-SP,64911,5.07,34,159
2025-05-29,HUB-SP,66394,3.75,38,197
2025-05-30,HUB-SP,61190,4.2,39,129
2025-05-31,HUB-SP,52280,5.37,29,253
2025-06-01,HUB-SP,48232,4.77,31,146
2025-06-02,HUB-SP,69520,4.98,44,280
2025-06-03,HUB-SP,68230,7.22,39,314
2025-06-04,HUB-SP,65485,4.53,29,81
2025-06-05,HUB-SP,68359,4.55,37,355
2025-06-06,HUB-SP,61486,3.77,23,272
2025-06-07,HUB-SP,54692,4.09,32,242
2025-06-08,HUB-SP,49458,4.72,25,185
2025-06-09,HUB-SP,71194,4.67,35,246
2025-06-10,HUB-SP,67453,5.04,41,277
2025-06-11,HUB-SP,64310,4.33,28,270
2025-06-12,HUB-SP,69569,4.32,39,114
2025-06-13,HUB-SP,59789,4.21,31,428
2025-06-14,HUB-SP,54740,3.63,29,143
2025-06-15,HUB-SP,49028,3.79,28,203
2025-06-16,HUB-SP,77140,4.26,55,488
2025-06-17,HUB-SP,71161,5.2,42,236
2025-06-18,HUB-SP,66004,4.36,44,295
2025-06-19,HUB-SP,65028,4.22,44,0
2025-06-20,HUB-SP,60496,4.27,37,2
2025-06-21,HUB-SP,54321,4.16,21,215
2025-06-22,HUB-SP,50110,4.15,26,219
2025-06-23,HUB-SP,71912,3.92,32,447
2025-06-24,HUB-SP,67460,4.44,54,378
2025-06-25,HUB-SP,67154,5.22,31,55
2025-06-26,HUB-SP,69116,4.31,29,452
2025-06-27,HUB-SP,62621,4.51,19,101
2025-06-28,HUB-SP,53572,4.36,24,307
2025-06-29,HUB-SP,51726,4.67,29,160
2025-06-30,HUB-SP,79022,4.48,51,745
2025-07-01,HUB-SP,71572,3.63,32,202
2025-07-02,HUB-SP,66171,3.89,43,255
2025-07-03,HUB-SP,68424,4.24,37,295
2025-07-04,HUB-SP,63571,5.95,32,223
2025-07-05,HUB-SP,57012,3.92,32,114
2025-07-06,HUB-SP,51839,4.01,35,436
2025-07-07,HUB-SP,72747,3.99,40,202
2025-07-08,HUB-SP,68016,3.66,31,184
2025-07-09,HUB-SP,71426,4.25,42,270
2025-07-10,HUB-SP,70251,3.6,41,308
2025-07-11,HUB-SP,62599,4.46,33,165
2025-07-12,HUB-SP,53689,4.69,34,317
2025-07-13,HUB-SP,54457,3.59,19,234
2025-07-14,HUB-SP,73482,7.22,43,297
2025-07-15,HUB-SP,69599,3.7,43,356
2025-07-16,HUB-SP,69442,3.82,29,160
2025-07-17,HUB-SP,65715,6.41,27,186
2025-07-18,HUB-SP,63345,3.69,41,251
2025-07-19,HUB-SP,54420,4.33,36,319
2025-07-20,HUB-SP,52721,4.55,35,185
2025-07-21,HUB-SP,80672,4.58,39,272
2025-07-22,HUB-SP,72494,4.12,41,0
2025-07-23,HUB-SP,69847,4.54,41,183
2025-07-24,HUB-SP,62213,5.3,25,43
2025-07-25,HUB-SP,63615,4.33,36,76
2025-07-26,HUB-SP,53423,6.07,30,253
2025-07-27,HUB-SP,50170,3.69,31,534
2025-07-28,HUB-SP,74952,6.01,37,329
2025-07-29,HUB-SP,71831,4.07,48,335
2025-07-30,HUB-SP,70902,6.0,40,176
2025-07-31,HUB-SP,64279,4.74,45,122
2025-08-01,HUB-SP,64159,3.84,40,520
2025-08-02,HUB-SP,54428,4.46,31,130
2025-08-03,HUB-SP,52104,3.62,23,0
2025-08-04,HUB-SP,80504,4.38,35,362
2025-08-05,HUB-SP,74478,4.12,52,234
2025-08-06,HUB-SP,72330,4.26,45,376
2025-08-07,HUB-SP,67432,5.34,35,481
2025-08-08,HUB-SP,62890,4.0,32,298
2025-08-09,HUB-SP,55248,3.88,31,246
2025-08-10,HUB-SP,53462,3.86,23,284
2025-08-11,HUB-SP,78707,4.66,40,741
2025-08-12,HUB-SP,70732,4.88,43,605
2025-08-13,HUB-SP,69716,3.95,43,235
2025-08-14,HUB-SP,68733,4.42,36,405
2025-08-15,HUB-SP,70544,4.03,49,534
2025-08-16,HUB-SP,59686,3.64,38,322
2025-08-17,HUB-SP,51726,5.84,25,200
2025-08-18,HUB-SP,77883,6.05,34,234
2025-08-19,HUB-SP,70159,4.4,42,294
2025-08-20,HUB-SP,68450,3.67,35,118
2025-08-21,HUB-SP,69339,3.72,34,402
2025-08-22,HUB-SP,67957,4.36,39,461
2025-08-23,HUB-SP,54892,4.34,34,176
2025-08-24,HUB-SP,52397,3.62,33,162
2025-08-25,HUB-SP,73182,3.99,41,138
2025-08-26,HUB-SP,73950,4.21,25,365
2025-08-27,HUB-SP,67687,5.37,43,269
2025-08-28,HUB-SP,67700,4.59,32,75
2025-08-29,HUB-SP,63570,4.03,37,625
2025-08-30,HUB-SP,56467,5.49,30,25
2025-08-31,HUB-SP,50618,5.76,38,57
2025-09-01,HUB-SP,75499,4.84,56,444
2025-09-02,HUB-SP,80378,4.1,41,427
2025-09-03,HUB-SP,67519,4.15,29,174
2025-09-04,HUB-SP,66713,3.99,29,163
2025-09-05,HUB-SP,70204,3.94,40,345
2025-09-06,HUB-SP,62776,5.54,31,299
2025-09-07,HUB-SP,52023,5.69,23,135
2025-09-08,HUB-SP,79014,4.29,40,473
2025-09-09,HUB-SP,76134,4.11,45,392
2025-09-10,HUB-SP,75416,3.72,41,503
2025-09-11,HUB-SP,67366,5.38,34,263
2025-09-12,HUB-SP,65774,5.07,34,370
2025-09-13,HUB-SP,58871,3.9,32,209
2025-09-14,HUB-SP,55390,3.95,32,281
2025-09-15,HUB-SP,79447,4.87,46,375
2025-09-16,HUB-SP,75313,4.53,30,429
2025-09-17,HUB-SP,68081,4.27,38,343
2025-09-18,HUB-SP,69595,4.99,36,15
2025-09-19,HUB-SP,66104,4.66,30,182
2025-09-20,HUB-SP,58110,4.43,30,242
2025-09-21,HUB-SP,53809,4.0,35,265
2025-09-22,HUB-SP,82309,5.33,51,465
2025-09-23,HUB-SP,78803,4.69,44,402
2025-09-24,HUB-SP,72328,4.03,34,187
2025-09-25,HUB-SP,71454,4.07,31,417
2025-09-26,HUB-SP,67236,3.9,31,160
2025-09-27,HUB-SP,57975,4.37,32,378
2025-09-28,HUB-SP,53798,4.85,30,358
2025-09-29,HUB-SP,82341,4.42,40,328
2025-09-30,HUB-SP,76284,4.05,48,206
2025-10-01,HUB-SP,77653,5.04,45,203
2025-10-02,HUB-SP,74902,4.12,23,136
2025-10-03,HUB-SP,68408,4.29,38,147
2025-10-04,HUB-SP,56752,3.84,35,207
2025-10-05,HUB-SP,53349,3.81,30,154
2025-10-06,HUB-SP,85324,5.01,51,67
2025-10-07,HUB-SP,77696,4.29,41,236
2025-10-08,HUB-SP,73992,4.52,40,310
2025-10-09,HUB-SP,67041,5.53,37,223
2025-10-10,HUB-SP,70091,3.81,40,155
2025-10-11,HUB-SP,59578,3.69,30,0
2025-10-12,HUB-SP,53660,3.67,35,338
2025-10-13,HUB-SP,81024,4.86,55,318
2025-10-14,HUB-SP,78146,4.71,39,363
2025-10-15,HUB-SP,73324,3.93,33,320
2025-10-16,HUB-SP,71080,4.31,30,355
2025-10-17,HUB-SP,68032,5.01,40,305
2025-10-18,HUB-SP,58463,4.12,35,245
2025-10-19,HUB-SP,56452,4.08,33,312
2025-10-20,HUB-SP,87124,4.94,52,708
2025-10-21,HUB-SP,70883,4.49,35,480
2025-10-22,HUB-SP,73002,3.9,27,171
2025-10-23,HUB-SP,72675,4.67,37,327
2025-10-24,HUB-SP,69386,4.11,48,55
2025-10-25,HUB-SP,58552,4.16,34,178
2025-10-26,HUB-SP,53006,3.63,31,191
2025-10-27,HUB-SP,84293,5.9,53,462
2025-10-28,HUB-SP,83063,5.54,39,313
2025-10-29,HUB-SP,70063,3.89,40,375
2025-10-30,HUB-SP,74842,4.68,45,248
2025-10-31,HUB-SP,68276,3.8,32,194
2025-11-01,HUB-SP,59539,4.69,35,143
2025-11-02,HUB-SP,54710,4.54,36,294
2025-11-03,HUB-SP,82836,6.14,43,269
2025-11-04,HUB-SP,82366,5.17,33,0
2025-11-05,HUB-SP,75984,3.86,43,401
2025-11-06,HUB-SP,77494,4.43,38,166
2025-11-07,HUB-SP,72330,4.09,41,317
2025-11-08,HUB-SP,60934,5.36,29,106
2025-11-09,HUB-SP,60618,3.7,34,244
2025-11-10,HUB-SP,85595,5.3,57,0
2025-11-11,HUB-SP,81529,4.4,45,321
2025-11-12,HUB-SP,74116,5.69,30,167
2025-11-13,HUB-SP,73656,4.36,43,108
2025-11-14,HUB-SP,68164,4.59,38,377
2025-11-15,HUB-SP,62448,4.1,36,235
2025-11-16,HUB-SP,55091,4.71,35,193
2025-11-17,HUB-SP,87109,5.04,44,409
2025-11-18,HUB-SP,79160,4.18,41,458
2025-11-19,HUB-SP,78415,5.56,36,245
2025-11-20,HUB-SP,75852,6.73,43,529
2025-11-21,HUB-SP,74751,3.64,42,483
2025-11-22,HUB-SP,62259,3.97,33,427
2025-11-23,HUB-SP,54612,4.99,34,324
2025-11-24,HUB-SP,221200,6.82,127,4013
2025-11-25,HUB-SP,199848,5.14,112,1394
2025-11-26,HUB-SP,193406,5.0,117,695
2025-11-27,HUB-SP,203498,5.35,102,2174
2025-11-28,HUB-SP,187863,5.3,80,747
2025-11-29,HUB-SP,154864,3.9,62,544
2025-11-30,HUB-SP,145766,4.08,82,1066
2025-12-01,HUB-SP,223254,7.17,186,4443
2025-12-02,HUB-SP,77183,4.5,38,212
2025-12-03,HUB-SP,74409,5.13,44,238
2025-12-04,HUB-SP,75582,3.89,25,464
2025-12-05,HUB-SP,73960,4.06,43,324
2025-12-06,HUB-SP,62719,3.85,28,308
2025-12-07,HUB-SP,53773,4.0,28,240
2025-12-08,HUB-SP,135134,5.65,84,1451
2025-12-09,HUB-SP,125991,4.78,50,570
2025-12-10,HUB-SP,120512,4.49,100,415
2025-12-11,HUB-SP,123150,5.83,61,573
2025-12-12,HUB-SP,102817,3.71,62,209
2025-12-13,HUB-SP,93753,4.51,64,185
2025-12-14,HUB-SP,93023,4.02,54,314
2025-12-15,HUB-SP,127038,5.4,56,1306
2025-12-16,HUB-SP,132928,5.49,79,1167
2025-12-17,HUB-SP,121016,4.78,47,0
2025-12-18,HUB-SP,120702,5.18,63,902
2025-12-19,HUB-SP,109231,3.72,77,103
2025-12-20,HUB-SP,99028,3.92,42,316
2025-12-21,HUB-SP,61351,4.27,29,61
2025-12-22,HUB-SP,87973,5.8,63,589
2025-12-23,HUB-SP,82693,4.8,44,308
2025-12-24,HUB-SP,78259,5.93,37,565
2025-12-25,HUB-SP,73770,4.24,43,401
2025-12-26,HUB-SP,71951,4.68,37,103
2025-12-27,HUB-SP,62144,4.37,19,11
2025-12-28,HUB-SP,60278,4.03,26,301
2025-12-29,HUB-SP,90838,5.21,68,915
2025-12-30,HUB-SP,79436,5.12,46,203
2025-12-31,HUB-SP,77633,4.91,53,494
2026-01-01,HUB-SP,80474,6.12,37,39
2026-01-02,HUB-SP,70849,4.03,39,231
2026-01-03,HUB-SP,61031,6.25,33,321
2026-01-04,HUB-SP,60247,4.73,30,99
2026-01-05,HUB-SP,90882,6.58,52,1083
2026-01-06,HUB-SP,83000,4.3,37,164
2026-01-07,HUB-SP,82071,4.71,54,317
2026-01-08,HUB-SP,79258,5.53,47,207
2026-01-09,HUB-SP,75317,3.75,40,0
2026-01-10,HUB-SP,64428,3.52,36,204
2026-01-11,HUB-SP,65070,4.0,34,363
2026-01-12,HUB-SP,88145,6.65,35,170
2026-01-13,HUB-SP,77596,5.25,36,213
2026-01-14,HUB-SP,83304,4.54,44,247
2026-01-15,HUB-SP,76153,3.93,39,386
2026-01-16,HUB-SP,73862,4.6,45,242
2026-01-17,HUB-SP,66480,5.26,40,269
2026-01-18,HUB-SP,57121,4.73,29,233
2026-01-19,HUB-SP,85383,5.8,40,252
2026-01-20,HUB-SP,79224,5.44,49,585
2026-01-21,HUB-SP,77127,4.53,44,150
2026-01-22,HUB-SP,79037,4.78,39,427
2026-01-23,HUB-SP,75366,4.37,34,494
2026-01-24,HUB-SP,64552,3.63,32,240
2026-01-25,HUB-SP,57856,4.39,34,238
2026-01-26,HUB-SP,82548,3.75,58,418
2026-01-27,HUB-SP,84573,3.75,45,275
2026-01-28,HUB-SP,78472,4.99,37,16
2026-01-29,HUB-SP,79548,3.97,59,279
2026-01-30,HUB-SP,76265,4.13,39,556
2026-01-31,HUB-SP,64614,3.82,31,332
2026-02-01,HUB-SP,62844,3.87,32,261
2026-02-02,HUB-SP,91054,4.7,46,502
2026-02-03,HUB-SP,86475,4.45,57,321
2026-02-04,HUB-SP,78270,4.17,31,318
2026-02-05,HUB-SP,78245,4.58,47,245
2026-02-06,HUB-SP,75380,4.84,41,374
2026-02-07,HUB-SP,66531,3.66,33,195
2026-02-08,HUB-SP,60721,4.62,32,205
2026-02-09,HUB-SP,92508,4.81,49,533
2026-02-10,HUB-SP,84596,4.38,47,306
2026-02-11,HUB-SP,80381,3.77,41,412
2026-02-12,HUB-SP,81496,4.05,44,432
2026-02-13,HUB-SP,70045,4.69,34,269
2026-02-14,HUB-SP,62094,3.73,46,205
2026-02-15,HUB-SP,58712,6.6,38,80
2026-02-16,HUB-SP,83912,5.0,50,152
2026-02-17,HUB-SP,83844,3.84,43,438
2026-02-18,HUB-SP,83308,4.09,52,432
2026-02-19,HUB-SP,78858,3.7,45,159
2026-02-20,HUB-SP,76256,5.04,43,365
2026-02-21,HUB-SP,67916,4.18,34,301
2026-02-22,HUB-SP,65176,4.41,37,383
2026-02-23,HUB-SP,91681,4.28,64,764
2026-02-24,HUB-SP,90472,4.75,50,466
2026-02-25,HUB-SP,81910,3.84,43,214
2026-02-26,HUB-SP,77763,7.16,43,427
2026-02-27,HUB-SP,74583,4.75,41,143
2026-02-28,HUB-SP,62392,4.86,31,527
2026-03-01,HUB-SP,60694,4.47,29,94
2026-03-02,HUB-SP,91276,3.83,57,445
2026-03-03,HUB-SP,89320,4.09,59,358
2026-03-04,HUB-SP,87064,4.03,66,276
2026-03-05,HUB-SP,76676,5.22,45,234
2026-03-06,HUB-SP,77663,3.87,44,522
2026-03-07,HUB-SP,63769,4.31,40,327
2026-03-08,HUB-SP,64051,3.75,30,237
2026-03-09,HUB-SP,129555,4.88,79,967
2026-03-10,HUB-SP,114492,3.94,74,431
2026-03-11,HUB-SP,119386,4.82,77,653
2026-03-12,HUB-SP,111054,5.1,78,147
2026-03-13,HUB-SP,105855,6.13,53,151
2026-03-14,HUB-SP,89697,4.2,45,486
2026-03-15,HUB-SP,86682,4.46,46,400
2026-03-16,HUB-SP,94903,4.27,43,787
2026-03-17,HUB-SP,87302,4.08,52,226
2026-03-18,HUB-SP,84025,4.97,51,450
2026-03-19,HUB-SP,82540,4.06,50,290
2026-03-20,HUB-SP,81078,4.76,46,462
2026-03-21,HUB-SP,66143,3.54,42,366
2026-03-22,HUB-SP,60440,3.94,36,238
2026-03-23,HUB-SP,97555,4.99,48,246
2026-03-24,HUB-SP,87366,4.3,25,290
2026-03-25,HUB-SP,86808,5.15,45,154
2026-03-26,HUB-SP,83078,4.32,46,393
2026-03-27,HUB-SP,77586,4.92,43,0
2026-03-28,HUB-SP,68153,3.93,36,193
2026-03-29,HUB-SP,68479,4.77,34,398
2026-03-30,HUB-SP,101461,4.61,48,584
2026-03-31,HUB-SP,89117,4.24,41,69
2026-04-01,HUB-SP,84502,4.93,50,437
2026-04-02,HUB-SP,85557,5.09,55,147
2026-04-03,HUB-SP,76073,4.84,33,247
2026-04-04,HUB-SP,68510,4.97,37,379
2026-04-05,HUB-SP,64413,4.62,40,132
2026-04-06,HUB-SP,96177,3.8,51,659
2026-04-07,HUB-SP,86806,4.38,53,392
2026-04-08,HUB-SP,79813,4.25,52,393
2026-04-09,HUB-SP,76910,4.53,45,473
2026-04-10,HUB-SP,75762,5.11,38,438
2026-04-11,HUB-SP,67019,4.87,45,376
2026-04-12,HUB-SP,64177,4.82,34,172
2026-04-13,HUB-SP,102166,3.58,54,182
2026-04-14,HUB-SP,93411,4.26,56,321
2026-04-15,HUB-SP,82143,4.08,43,407
2026-04-16,HUB-SP,84422,4.71,45,121
2026-04-17,HUB-SP,78172,5.38,40,404
2026-04-18,HUB-SP,67824,4.49,36,322
2026-04-19,HUB-SP,65640,3.74,37,239
2026-04-20,HUB-SP,98317,4.32,37,405
2026-04-21,HUB-SP,89375,3.51,48,369
2026-04-22,HUB-SP,88677,5.0,35,433
2026-04-23,HUB-SP,80535,4.07,41,442
2026-04-24,HUB-SP,79776,5.22,46,777
2026-04-25,HUB-SP,75165,5.26,39,326
2026-04-26,HUB-SP,66106,5.51,41,179
2026-04-27,HUB-SP,101643,4.06,59,19
2026-04-28,HUB-SP,91263,6.36,32,108
2026-04-29,HUB-SP,87737,5.21,58,218
2026-04-30,HUB-SP,84204,4.09,48,453
2026-05-01,HUB-SP,107649,5.35,54,346
2026-05-02,HUB-SP,91000,4.07,46,438
2026-05-03,HUB-SP,90405,4.56,33,229
2026-05-04,HUB-SP,127501,4.78,73,626
2026-05-05,HUB-SP,126398,4.71,77,726
2026-05-06,HUB-SP,121187,3.95,59,387
2026-05-07,HUB-SP,116028,5.46,54,565
2026-05-08,HUB-SP,107829,5.05,61,336
2026-05-09,HUB-SP,95586,5.86,63,147
2026-05-10,HUB-SP,88609,5.43,57,453
2026-05-11,HUB-SP,101115,5.2,63,488
2026-05-12,HUB-SP,86126,5.21,63,447
2026-05-13,HUB-SP,85962,4.78,54,508
2026-05-14,HUB-SP,79401,4.28,52,278
2026-05-15,HUB-SP,76901,4.82,43,281
2026-05-16,HUB-SP,73447,3.92,38,252
2026-05-17,HUB-SP,68827,5.34,45,323
2026-05-18,HUB-SP,95995,6.91,44,357
2026-05-19,HUB-SP,87688,4.85,52,373
2026-05-20,HUB-SP,78409,4.13,39,201
2026-05-21,HUB-SP,84208,3.88,49,164
2026-05-22,HUB-SP,88529,4.25,51,193
2026-05-23,HUB-SP,71578,5.22,40,346
2026-05-24,HUB-SP,65807,4.72,36,258
2026-05-25,HUB-SP,100653,4.56,60,303
2026-05-26,HUB-SP,88003,4.32,54,469
2026-05-27,HUB-SP,87074,4.66,37,602
2026-05-28,HUB-SP,86635,3.73,47,261
2026-05-29,HUB-SP,81840,4.18,42,150
2026-05-30,HUB-SP,72876,4.15,41,429
2026-05-31,HUB-SP,68323,4.17,35,275
2026-06-01,HUB-SP,101944,5.03,68,370
2026-06-02,HUB-SP,91371,3.71,50,551
2026-06-03,HUB-SP,91279,4.17,58,317
2026-06-04,HUB-SP,91785,4.43,43,440
2026-06-05,HUB-SP,79756,4.31,42,345
2026-06-06,HUB-SP,69105,4.33,34,725
2026-06-07,HUB-SP,71074,3.7,42,265
2026-06-08,HUB-SP,99518,4.64,44,585
2026-06-09,HUB-SP,98794,3.76,39,346
2026-06-10,HUB-SP,87630,3.86,43,429
2026-06-11,HUB-SP,91784,5.02,55,331
2026-06-12,HUB-SP,83420,4.43,40,466
2026-06-13,HUB-SP,72380,4.07,42,276
2026-06-14,HUB-SP,72032,6.38,35,361
2026-06-15,HUB-SP,99491,4.18,39,248
2026-06-16,HUB-SP,91591,3.85,57,220
2026-06-17,HUB-SP,88117,3.65,54,21
2026-06-18,HUB-SP,89230,5.22,49,422
2026-06-19,HUB-SP,78939,4.93,44,213
2026-06-20,HUB-SP,73756,4.38,39,619
2026-06-21,HUB-SP,67390,3.97,31,206
2026-06-22,HUB-SP,105419,4.94,70,684
2026-06-23,HUB-SP,87275,4.89,47,549
2026-06-24,HUB-SP,87560,3.54,51,307
2026-06-25,HUB-SP,83133,3.85,42,210
2026-06-26,HUB-SP,81570,5.04,48,304
2026-06-27,HUB-SP,73193,3.77,48,459
2026-06-28,HUB-SP,68646,4.15,39,588
2026-06-29,HUB-SP,101030,4.32,59,155
2026-06-30,HUB-SP,95275,3.95,60,384
2026-07-01,HUB-SP,91204,4.46,56,255
2026-07-02,HUB-SP,85719,3.96,55,281
2026-07-03,HUB-SP,86574,3.85,50,642
2026-07-04,HUB-SP,74675,3.75,43,184
2026-07-05,HUB-SP,70416,3.74,40,55
2026-07-06,HUB-SP,104518,5.3,66,460
2026-07-07,HUB-SP,97359,4.83,50,463
2026-07-08,HUB-SP,97570,4.42,58,308
2026-07-09,HUB-SP,89097,4.31,67,235
2026-07-10,HUB-SP,84057,6.35,49,363
2026-07-11,HUB-SP,71468,5.06,32,93
2026-07-12,HUB-SP,67356,5.54,35,326
2026-07-13,HUB-SP,98623,4.35,60,326
2026-07-14,HUB-SP,93902,3.94,46,636
2026-07-15,HUB-SP,91381,3.84,42,424
2026-07-16,HUB-SP,90936,3.88,39,336
2026-07-17,HUB-SP,85614,3.99,45,303
2026-07-18,HUB-SP,71848,4.33,50,10
2026-07-19,HUB-SP,72499,4.43,36,272
2026-07-20,HUB-SP,106393,4.42,67,382
2026-07-21,HUB-SP,96933,4.09,51,398
2026-07-22,HUB-SP,90032,3.78,46,326
2026-07-23,HUB-SP,92141,6.42,55,632
2026-07-24,HUB-SP,86520,3.72,36,300
2026-07-25,HUB-SP,70491,5.85,49,163
2026-07-26,HUB-SP,70521,4.17,42,47
2026-07-27,HUB-SP,105264,4.31,68,327
2026-07-28,HUB-SP,94951,3.96,50,181
2026-07-29,HUB-SP,93284,4.78,55,131
2026-07-30,HUB-SP,86295,3.86,55,291
2026-07-31,HUB-SP,90494,4.35,49,568
2026-08-01,HUB-SP,77944,4.68,37,458
2026-08-02,HUB-SP,70469,3.6,33,101
2026-08-03,HUB-SP,106243,4.26,54,433
2026-08-04,HUB-SP,90288,6.53,52,438
2026-08-05,HUB-SP,89432,3.98,48,462
2026-08-06,HUB-SP,90511,3.9,46,652
2026-08-07,HUB-SP,83688,4.07,51,139
2026-08-08,HUB-SP,76991,6.98,39,172
2026-08-09,HUB-SP,76507,5.88,38,205
2026-08-10,HUB-SP,101171,4.27,64,479
2026-08-11,HUB-SP,96267,5.17,58,0
2026-08-12,HUB-SP,94513,4.26,42,335
2026-08-13,HUB-SP,97166,4.36,42,42
2026-08-14,HUB-SP,83710,4.59,38,334
2026-08-15,HUB-SP,76204,4.91,42,620
2026-08-16,HUB-SP,76505,4.07,50,444
2026-08-17,HUB-SP,99989,3.88,68,155
2026-08-18,HUB-SP,95275,4.64,59,301
2026-08-19,HUB-SP,92884,3.78,67,206
2026-08-20,HUB-SP,90824,4.25,52,598
2026-08-21,HUB-SP,90458,4.2,59,0
2026-08-22,HUB-SP,76627,3.64,38,239
2026-08-23,HUB-SP,67842,3.89,28,177
2026-08-24,HUB-SP,108662,4.71,57,180
2026-08-25,HUB-SP,98295,3.52,53,719
2026-08-26,HUB-SP,99057,5.04,78,86
2026-08-27,HUB-SP,91000,3.85,50,147
2026-08-28,HUB-SP,86494,4.75,40,622
2026-08-29,HUB-SP,77870,4.0,50,296
2026-08-30,HUB-SP,74696,4.3,36,273
2026-08-31,HUB-SP,109038,5.39,61,300
2026-09-01,HUB-SP,94948,4.0,60,379
2026-09-02,HUB-SP,97170,5.68,45,305
2026-09-03,HUB-SP,90194,7.45,62,228
2026-09-04,HUB-SP,89708,3.87,58,107
2026-09-05,HUB-SP,73033,3.95,42,298
2026-09-06,HUB-SP,74318,4.14,53,209
2026-09-07,HUB-SP,104924,5.6,54,321
2026-09-08,HUB-SP,96928,3.76,60,516
2026-09-09,HUB-SP,98321,3.78,57,294
2026-09-10,HUB-SP,94918,3.74,47,359
2026-09-11,HUB-SP,87565,3.7,43,643
2026-09-12,HUB-SP,81232,3.88,60,387
2026-09-13,HUB-SP,72462,4.36,47,212
2026-09-14,HUB-SP,108717,8.1,68,196
2026-09-15,HUB-SP,103030,3.74,51,385
2026-09-16,HUB-SP,94385,4.33,58,526
2026-09-17,HUB-SP,96225,4.61,50,271
2026-09-18,HUB-SP,88324,4.16,62,346
2026-09-19,HUB-SP,76633,4.42,51,212
2026-09-20,HUB-SP,77551,4.04,49,247
2026-09-21,HUB-SP,105244,4.09,66,152
2026-09-22,HUB-SP,93990,4.09,51,416
2026-09-23,HUB-SP,102506,5.2,61,427
2026-09-24,HUB-SP,103708,4.86,71,708
2026-09-25,HUB-SP,89240,4.23,53,365
2026-09-26,HUB-SP,72900,3.74,35,178
2026-09-27,HUB-SP,73639,3.66,49,499
2026-09-28,HUB-SP,108752,4.53,53,500
2026-09-29,HUB-SP,102565,4.73,56,436
2026-09-30,HUB-SP,93792,4.63,48,360
2025-01-01,HUB-PR,20514,3.73,12,100
2025-01-02,HUB-PR,20091,4.13,10,80
2025-01-03,HUB-PR,17777,6.88,11,87
2025-01-04,HUB-PR,16601,4.71,8,98
2025-01-05,HUB-PR,16535,5.45,9,82
2025-01-06,HUB-PR,22900,4.12,14,133
2025-01-07,HUB-PR,21141,4.05,12,109
2025-01-08,HUB-PR,20122,4.04,8,117
2025-01-09,HUB-PR,20270,5.07,11,96
2025-01-10,HUB-PR,17723,4.22,9,84
2025-01-11,HUB-PR,16391,3.72,7,90
2025-01-12,HUB-PR,15303,4.27,9,61
2025-01-13,HUB-PR,24375,4.26,11,122
2025-01-14,HUB-PR,21386,5.14,12,50
2025-01-15,HUB-PR,21526,6.27,15,10
2025-01-16,HUB-PR,19186,3.73,11,82
2025-01-17,HUB-PR,19365,4.74,10,48
2025-01-18,HUB-PR,16575,5.3,9,132
2025-01-19,HUB-PR,15130,4.91,10,38
2025-01-20,HUB-PR,23168,4.05,12,130
2025-01-21,HUB-PR,22560,4.16,11,60
2025-01-22,HUB-PR,20225,4.35,9,82
2025-01-23,HUB-PR,18883,3.98,9,35
2025-01-24,HUB-PR,19072,4.48,12,32
2025-01-25,HUB-PR,15966,5.54,8,74
2025-01-26,HUB-PR,15506,4.73,9,51
2025-01-27,HUB-PR,23092,3.67,14,129
2025-01-28,HUB-PR,20467,4.28,9,135
2025-01-29,HUB-PR,19411,6.08,9,17
2025-01-30,HUB-PR,20528,3.93,12,127
2025-01-31,HUB-PR,18843,4.91,11,39
2025-02-01,HUB-PR,15093,3.81,8,50
2025-02-02,HUB-PR,16219,4.72,10,19
2025-02-03,HUB-PR,23514,4.16,15,30
2025-02-04,HUB-PR,21345,5.72,12,2
2025-02-05,HUB-PR,19740,5.71,10,63
2025-02-06,HUB-PR,20898,3.73,12,86
2025-02-07,HUB-PR,19541,4.26,9,64
2025-02-08,HUB-PR,18068,4.11,10,8
2025-02-09,HUB-PR,16110,4.88,9,1
2025-02-10,HUB-PR,23745,4.23,11,95
2025-02-11,HUB-PR,21890,5.56,11,122
2025-02-12,HUB-PR,21408,4.19,11,96
2025-02-13,HUB-PR,20868,4.44,13,161
2025-02-14,HUB-PR,20266,4.24,10,80
2025-02-15,HUB-PR,16467,4.89,8,76
2025-02-16,HUB-PR,15725,5.81,8,62
2025-02-17,HUB-PR,23167,5.1,14,56
2025-02-18,HUB-PR,22758,4.15,14,84
2025-02-19,HUB-PR,22030,3.8,13,125
2025-02-20,HUB-PR,20209,3.98,12,116
2025-02-21,HUB-PR,19238,5.44,13,91
2025-02-22,HUB-PR,17055,4.47,10,122
2025-02-23,HUB-PR,15922,4.54,8,78
2025-02-24,HUB-PR,24488,5.28,13,114
2025-02-25,HUB-PR,20518,4.37,9,144
2025-02-26,HUB-PR,20444,5.17,12,53
2025-02-27,HUB-PR,20092,4.24,10,138
2025-02-28,HUB-PR,18045,4.12,10,37
2025-03-01,HUB-PR,16395,3.84,9,57
2025-03-02,HUB-PR,15635,3.6,8,5
2025-03-03,HUB-PR,23667,4.48,13,107
2025-03-04,HUB-PR,23275,4.97,13,155
2025-03-05,HUB-PR,20993,4.96,10,45
2025-03-06,HUB-PR,20028,5.49,9,69
2025-03-07,HUB-PR,19715,4.32,11,70
2025-03-08,HUB-PR,17692,5.47,8,63
2025-03-09,HUB-PR,15691,4.4,11,30
2025-03-10,HUB-PR,31331,4.07,21,128
2025-03-11,HUB-PR,31013,4.86,13,221
2025-03-12,HUB-PR,28529,3.85,17,86
2025-03-13,HUB-PR,28850,4.32,19,129
2025-03-14,HUB-PR,26809,5.26,13,119
2025-03-15,HUB-PR,23740,3.56,14,76
2025-03-16,HUB-PR,21260,4.43,11,97
2025-03-17,HUB-PR,24100,4.1,15,78
2025-03-18,HUB-PR,22494,5.26,11,109
2025-03-19,HUB-PR,20508,5.95,13,79
2025-03-20,HUB-PR,19868,4.2,11,24
2025-03-21,HUB-PR,20462,4.84,11,8
2025-03-22,HUB-PR,17051,3.74,10,0
2025-03-23,HUB-PR,15846,4.57,10,50
2025-03-24,HUB-PR,24168,4.01,8,137
2025-03-25,HUB-PR,23692,3.93,7,60
2025-03-26,HUB-PR,19824,4.28,12,70
2025-03-27,HUB-PR,20031,3.93,10,54
2025-03-28,HUB-PR,19449,4.61,8,45
2025-03-29,HUB-PR,18250,4.37,9,153
2025-03-30,HUB-PR,16692,4.02,14,40
2025-03-31,HUB-PR,25044,4.43,11,32
2025-04-01,HUB-PR,22009,4.74,14,49
2025-04-02,HUB-PR,20820,4.95,10,86
2025-04-03,HUB-PR,21594,4.43,9,62
2025-04-04,HUB-PR,20255,4.87,10,93
2025-04-05,HUB-PR,17798,3.84,8,45
2025-04-06,HUB-PR,16516,3.89,7,47
2025-04-07,HUB-PR,24770,4.38,12,64
2025-04-08,HUB-PR,23184,3.82,10,88
2025-04-09,HUB-PR,22387,3.57,12,121
2025-04-10,HUB-PR,21988,4.22,12,124
2025-04-11,HUB-PR,19179,3.96,9,131
2025-04-12,HUB-PR,16182,4.12,10,22
2025-04-13,HUB-PR,17306,3.92,8,33
2025-04-14,HUB-PR,25697,4.78,14,56
2025-04-15,HUB-PR,22361,4.36,8,89
2025-04-16,HUB-PR,20493,4.83,11,38
2025-04-17,HUB-PR,21581,5.38,16,57
2025-04-18,HUB-PR,21114,4.19,13,113
2025-04-19,HUB-PR,18776,3.95,10,115
2025-04-20,HUB-PR,17120,3.67,8,92
2025-04-21,HUB-PR,24492,6.78,17,114
2025-04-22,HUB-PR,22594,4.93,12,60
2025-04-23,HUB-PR,22055,4.46,11,89
2025-04-24,HUB-PR,21404,3.75,11,134
2025-04-25,HUB-PR,19836,3.58,15,106
2025-04-26,HUB-PR,19041,3.66,10,110
2025-04-27,HUB-PR,17970,4.05,11,106
2025-04-28,HUB-PR,25950,4.74,14,87
2025-04-29,HUB-PR,22702,3.94,12,120
2025-04-30,HUB-PR,22837,4.0,12,74
2025-05-01,HUB-PR,28916,5.09,20,150
2025-05-02,HUB-PR,27308,3.75,15,176
2025-05-03,HUB-PR,24246,3.83,10,172
2025-05-04,HUB-PR,22607,3.84,13,117
2025-05-05,HUB-PR,33478,5.18,18,217
2025-05-06,HUB-PR,31356,4.2,18,212
2025-05-07,HUB-PR,29337,4.68,15,67
2025-05-08,HUB-PR,26671,3.95,13,184
2025-05-09,HUB-PR,27125,4.23,17,116
2025-05-10,HUB-PR,22910,4.33,16,98
2025-05-11,HUB-PR,21246,4.12,8,66
2025-05-12,HUB-PR,26733,5.99,15,59
2025-05-13,HUB-PR,25165,5.83,13,175
2025-05-14,HUB-PR,23496,3.78,11,113
2025-05-15,HUB-PR,22204,3.93,8,72
2025-05-16,HUB-PR,21914,3.86,13,103
2025-05-17,HUB-PR,18084,3.72,9,60
2025-05-18,HUB-PR,17331,4.79,9,10
2025-05-19,HUB-PR,24420,4.83,16,89
2025-05-20,HUB-PR,24198,4.09,12,29
2025-05-21,HUB-PR,22607,3.93,11,101
2025-05-22,HUB-PR,21125,4.44,9,152
2025-05-23,HUB-PR,21008,4.15,10,57
2025-05-24,HUB-PR,18129,4.46,12,101
2025-05-25,HUB-PR,18397,4.01,11,50
2025-05-26,HUB-PR,26338,5.29,18,104
2025-05-27,HUB-PR,24014,5.07,11,54
2025-05-28,HUB-PR,22887,4.23,13,120
2025-05-29,HUB-PR,22297,5.67,14,149
2025-05-30,HUB-PR,21017,4.47,13,92
2025-05-31,HUB-PR,17593,3.6,12,89
2025-06-01,HUB-PR,17316,4.18,10,88
2025-06-02,HUB-PR,25015,5.16,14,88
2025-06-03,HUB-PR,23087,4.55,8,153
2025-06-04,HUB-PR,23229,4.71,14,69
2025-06-05,HUB-PR,22698,4.36,14,19
2025-06-06,HUB-PR,19958,5.6,13,43
2025-06-07,HUB-PR,18312,4.82,9,96
2025-06-08,HUB-PR,18118,4.31,10,58
2025-06-09,HUB-PR,26793,5.54,11,134
2025-06-10,HUB-PR,25154,6.84,10,89
2025-06-11,HUB-PR,22984,5.48,14,100
2025-06-12,HUB-PR,21855,4.17,15,135
2025-06-13,HUB-PR,20600,4.49,14,145
2025-06-14,HUB-PR,18721,5.59,11,39
2025-06-15,HUB-PR,17843,3.83,13,105
2025-06-16,HUB-PR,27154,5.26,14,184
2025-06-17,HUB-PR,25362,5.62,16,39
2025-06-18,HUB-PR,22978,3.92,10,115
2025-06-19,HUB-PR,21664,4.16,6,167
2025-06-20,HUB-PR,21295,4.45,11,54
2025-06-21,HUB-PR,18745,4.91,10,66
2025-06-22,HUB-PR,17586,3.75,10,14
2025-06-23,HUB-PR,25605,5.63,14,96
2025-06-24,HUB-PR,24781,4.74,14,107
2025-06-25,HUB-PR,22808,4.43,16,181
2025-06-26,HUB-PR,22280,3.68,14,47
2025-06-27,HUB-PR,21896,4.27,11,130
2025-06-28,HUB-PR,18448,3.79,6,85
2025-06-29,HUB-PR,17966,5.72,8,152
2025-06-30,HUB-PR,26536,5.1,18,115
2025-07-01,HUB-PR,23719,5.4,12,92
2025-07-02,HUB-PR,22959,4.41,14,131
2025-07-03,HUB-PR,24065,5.52,15,120
2025-07-04,HUB-PR,20899,3.62,11,123
2025-07-05,HUB-PR,17425,3.89,9,89
2025-07-06,HUB-PR,16748,5.33,8,18
2025-07-07,HUB-PR,26463,6.98,20,133
2025-07-08,HUB-PR,24874,4.58,12,124
2025-07-09,HUB-PR,23390,4.01,15,59
2025-07-10,HUB-PR,24024,3.81,15,110
2025-07-11,HUB-PR,19861,3.65,12,7
2025-07-12,HUB-PR,19190,3.64,10,87
2025-07-13,HUB-PR,19004,4.32,8,102
2025-07-14,HUB-PR,25539,4.91,11,151
2025-07-15,HUB-PR,24659,4.09,12,133
2025-07-16,HUB-PR,22999,3.95,13,51
2025-07-17,HUB-PR,22453,4.13,14,24
2025-07-18,HUB-PR,21785,3.61,13,128
2025-07-19,HUB-PR,19989,4.45,11,96
2025-07-20,HUB-PR,19289,4.54,12,96
2025-07-21,HUB-PR,26428,5.67,10,195
2025-07-22,HUB-PR,26812,5.73,9,45
2025-07-23,HUB-PR,23788,4.23,10,181
2025-07-24,HUB-PR,24743,6.04,16,71
2025-07-25,HUB-PR,22092,4.03,8,125
2025-07-26,HUB-PR,19235,4.64,11,76
2025-07-27,HUB-PR,18461,3.77,9,61
2025-07-28,HUB-PR,29889,5.95,20,451
2025-07-29,HUB-PR,26033,5.37,14,69
2025-07-30,HUB-PR,23304,3.85,13,115
2025-07-31,HUB-PR,24241,4.72,12,114
2025-08-01,HUB-PR,22010,4.61,14,130
2025-08-02,HUB-PR,18928,5.86,13,50
2025-08-03,HUB-PR,18917,3.75,13,104
2025-08-04,HUB-PR,27082,4.89,14,168
2025-08-05,HUB-PR,25674,5.03,12,135
2025-08-06,HUB-PR,24045,5.38,14,121
2025-08-07,HUB-PR,23859,4.35,17,73
2025-08-08,HUB-PR,22754,7.63,12,102
2025-08-09,HUB-PR,18056,4.55,11,89
2025-08-10,HUB-PR,18870,4.49,12,105
2025-08-11,HUB-PR,26273,5.01,16,184
2025-08-12,HUB-PR,24282,4.84,16,66
2025-08-13,HUB-PR,24123,5.37,10,40
2025-08-14,HUB-PR,23788,4.42,11,156
2025-08-15,HUB-PR,22004,5.14,12,31
2025-08-16,HUB-PR,20047,4.41,13,122
2025-08-17,HUB-PR,17675,3.73,12,39
2025-08-18,HUB-PR,26975,4.82,15,117
2025-08-19,HUB-PR,25194,5.34,16,97
2025-08-20,HUB-PR,24273,4.6,12,27
2025-08-21,HUB-PR,24088,5.31,11,50
2025-08-22,HUB-PR,21880,4.88,9,14
2025-08-23,HUB-PR,20089,3.68,11,107
2025-08-24,HUB-PR,18694,4.05,10,74
2025-08-25,HUB-PR,25701,4.54,16,104
2025-08-26,HUB-PR,24096,4.4,14,93
2025-08-27,HUB-PR,24442,4.47,14,97
2025-08-28,HUB-PR,23807,3.67,13,72
2025-08-29,HUB-PR,22729,4.01,12,134
2025-08-30,HUB-PR,19686,4.01,8,9
2025-08-31,HUB-PR,18908,4.61,8,21
2025-09-01,HUB-PR,28600,5.98,19,437
2025-09-02,HUB-PR,25006,4.38,13,113
2025-09-03,HUB-PR,23585,3.89,10,0
2025-09-04,HUB-PR,23208,3.66,16,108
2025-09-05,HUB-PR,23175,4.84,16,19
2025-09-06,HUB-PR,20683,4.86,14,137
2025-09-07,HUB-PR,18584,5.32,11,109
2025-09-08,HUB-PR,25404,4.56,15,208
2025-09-09,HUB-PR,24608,5.99,13,84
2025-09-10,HUB-PR,24014,4.93,14,38
2025-09-11,HUB-PR,23797,4.98,14,69
2025-09-12,HUB-PR,22746,4.1,14,67
2025-09-13,HUB-PR,19961,4.06,12,95
2025-09-14,HUB-PR,18770,4.74,5,6
2025-09-15,HUB-PR,29032,7.23,21,418
2025-09-16,HUB-PR,25697,6.39,15,51
2025-09-17,HUB-PR,24127,5.62,10,72
2025-09-18,HUB-PR,24819,4.96,14,168
2025-09-19,HUB-PR,21961,3.77,13,132
2025-09-20,HUB-PR,20322,4.93,8,111
2025-09-21,HUB-PR,19155,3.88,9,101
2025-09-22,HUB-PR,28019,7.73,13,268
2025-09-23,HUB-PR,27943,6.94,13,270
2025-09-24,HUB-PR,24476,4.56,15,21
2025-09-25,HUB-PR,26321,5.29,13,40
2025-09-26,HUB-PR,23158,4.76,13,99
2025-09-27,HUB-PR,19264,4.37,12,34
2025-09-28,HUB-PR,19244,4.82,10,104
2025-09-29,HUB-PR,27260,5.55,17,183
2025-09-30,HUB-PR,25924,4.82,17,88
2025-10-01,HUB-PR,25516,4.5,16,71
2025-10-02,HUB-PR,25173,4.58,15,123
2025-10-03,HUB-PR,22967,4.45,14,123
2025-10-04,HUB-PR,20982,3.86,12,47
2025-10-05,HUB-PR,20091,5.08,13,59
2025-10-06,HUB-PR,29923,6.65,16,535
2025-10-07,HUB-PR,27274,5.42,15,205
2025-10-08,HUB-PR,26519,4.81,16,122
2025-10-09,HUB-PR,23201,5.18,13,88
2025-10-10,HUB-PR,23350,5.64,18,126
2025-10-11,HUB-PR,19779,3.56,11,74
2025-10-12,HUB-PR,19500,4.4,8,24
2025-10-13,HUB-PR,28082,6.92,16,366
2025-10-14,HUB-PR,26776,5.83,17,180
2025-10-15,HUB-PR,27134,4.88,13,96
2025-10-16,HUB-PR,24830,4.51,14,108
2025-10-17,HUB-PR,24093,3.91,13,159
2025-10-18,HUB-PR,20349,3.85,11,69
2025-10-19,HUB-PR,19583,4.34,10,109
2025-10-20,HUB-PR,28827,6.45,20,454
2025-10-21,HUB-PR,27513,5.33,20,232
2025-10-22,HUB-PR,26648,5.3,13,226
2025-10-23,HUB-PR,26571,5.65,11,141
2025-10-24,HUB-PR,24145,3.82,12,102
2025-10-25,HUB-PR,21060,3.85,14,77
2025-10-26,HUB-PR,18853,3.91,10,74
2025-10-27,HUB-PR,28897,5.92,18,367
2025-10-28,HUB-PR,28141,5.71,13,236
2025-10-29,HUB-PR,26533,5.33,19,58
2025-10-30,HUB-PR,25455,4.59,13,95
2025-10-31,HUB-PR,24770,5.07,14,139
2025-11-01,HUB-PR,21110,4.04,10,98
2025-11-02,HUB-PR,20588,3.77,10,89
2025-11-03,HUB-PR,29449,5.97,18,602
2025-11-04,HUB-PR,27060,4.97,15,253
2025-11-05,HUB-PR,26205,4.44,16,57
2025-11-06,HUB-PR,22807,6.03,9,123
2025-11-07,HUB-PR,24487,3.83,11,40
2025-11-08,HUB-PR,18208,4.07,9,83
2025-11-09,HUB-PR,18673,4.27,10,23
2025-11-10,HUB-PR,29785,6.39,16,490
2025-11-11,HUB-PR,28020,5.08,15,318
2025-11-12,HUB-PR,24991,4.76,12,77
2025-11-13,HUB-PR,24923,5.58,13,46
2025-11-14,HUB-PR,25468,4.29,12,67
2025-11-15,HUB-PR,20638,4.32,9,44
2025-11-16,HUB-PR,21556,4.34,12,104
2025-11-17,HUB-PR,29490,6.22,22,554
2025-11-18,HUB-PR,28115,7.82,18,284
2025-11-19,HUB-PR,27683,5.56,18,296
2025-11-20,HUB-PR,25826,4.69,17,74
2025-11-21,HUB-PR,23585,3.64,13,90
2025-11-22,HUB-PR,21034,5.35,15,159
2025-11-23,HUB-PR,20077,3.8,12,73
2025-11-24,HUB-PR,73436,7.42,51,2216
2025-11-25,HUB-PR,71836,8.25,49,1695
2025-11-26,HUB-PR,66735,6.54,42,1028
2025-11-27,HUB-PR,69402,6.05,53,1300
2025-11-28,HUB-PR,63995,6.29,34,667
2025-11-29,HUB-PR,54669,4.01,25,245
2025-11-30,HUB-PR,52371,4.7,33,289
2025-12-01,HUB-PR,78170,9.76,61,2797
2025-12-02,HUB-PR,28645,6.35,18,356
2025-12-03,HUB-PR,25576,4.87,14,163
2025-12-04,HUB-PR,25058,4.34,11,40
2025-12-05,HUB-PR,25682,4.46,18,0
2025-12-06,HUB-PR,21052,4.61,12,57
2025-12-07,HUB-PR,19326,5.41,9,101
2025-12-08,HUB-PR,47230,7.74,38,1452
2025-12-09,HUB-PR,44421,6.84,24,902
2025-12-10,HUB-PR,39105,5.52,23,255
2025-12-11,HUB-PR,40867,5.85,26,445
2025-12-12,HUB-PR,39538,6.57,31,180
2025-12-13,HUB-PR,33734,4.83,19,112
2025-12-14,HUB-PR,32402,5.63,16,178
2025-12-15,HUB-PR,44477,8.02,32,970
2025-12-16,HUB-PR,44474,9.11,37,860
2025-12-17,HUB-PR,41116,6.71,26,651
2025-12-18,HUB-PR,40086,6.3,25,293
2025-12-19,HUB-PR,39949,5.65,25,385
2025-12-20,HUB-PR,35225,4.58,21,200
2025-12-21,HUB-PR,21861,5.13,9,106
2025-12-22,HUB-PR,31749,6.94,20,813
2025-12-23,HUB-PR,28419,6.97,12,232
2025-12-24,HUB-PR,27299,5.49,12,255
2025-12-25,HUB-PR,27169,5.59,12,112
2025-12-26,HUB-PR,25263,6.42,18,150
2025-12-27,HUB-PR,21831,4.88,11,136
2025-12-28,HUB-PR,21286,4.41,12,33
2025-12-29,HUB-PR,30464,8.72,20,551
2025-12-30,HUB-PR,27961,5.49,16,253
2025-12-31,HUB-PR,26728,4.96,15,171
2026-01-01,HUB-PR,27201,5.1,12,146
2026-01-02,HUB-PR,25304,5.0,15,106
2026-01-03,HUB-PR,22118,4.37,11,66
2026-01-04,HUB-PR,21296,4.63,10,119
2026-01-05,HUB-PR,30300,5.81,19,503
2026-01-06,HUB-PR,29623,5.54,20,388
2026-01-07,HUB-PR,27639,5.06,14,102
2026-01-08,HUB-PR,25608,4.9,14,48
2026-01-09,HUB-PR,26732,4.85,16,164
2026-01-10,HUB-PR,21598,3.79,12,71
2026-01-11,HUB-PR,19715,3.86,11,41
2026-01-12,HUB-PR,29752,6.61,13,266
2026-01-13,HUB-PR,27988,6.69,16,114
2026-01-14,HUB-PR,27485,4.98,13,65
2026-01-15,HUB-PR,26662,4.33,10,53
2026-01-16,HUB-PR,25293,4.57,13,62
2026-01-17,HUB-PR,22589,6.12,11,96
2026-01-18,HUB-PR,21299,4.42,17,36
2026-01-19,HUB-PR,31403,6.46,22,476
2026-01-20,HUB-PR,29612,5.6,18,295
2026-01-21,HUB-PR,28188,5.53,14,82
2026-01-22,HUB-PR,25077,4.48,13,47
2026-01-23,HUB-PR,25414,4.67,20,155
2026-01-24,HUB-PR,20541,4.42,10,79
2026-01-25,HUB-PR,21197,3.83,12,77
2026-01-26,HUB-PR,31233,5.65,23,407
2026-01-27,HUB-PR,30436,5.07,15,252
2026-01-28,HUB-PR,28906,5.65,16,120
2026-01-29,HUB-PR,27424,5.39,15,24
2026-01-30,HUB-PR,25437,4.54,12,59
2026-01-31,HUB-PR,22746,4.11,14,176
2026-02-01,HUB-PR,20899,4.35,9,40
2026-02-02,HUB-PR,31417,6.0,19,310
2026-02-03,HUB-PR,30550,5.68,18,291
2026-02-04,HUB-PR,27368,5.03,17,147
2026-02-05,HUB-PR,28160,4.35,15,129
2026-02-06,HUB-PR,26657,4.42,16,64
2026-02-07,HUB-PR,21744,3.9,14,60
2026-02-08,HUB-PR,22146,4.8,9,75
2026-02-09,HUB-PR,32372,5.47,14,361
2026-02-10,HUB-PR,29807,7.05,18,195
2026-02-11,HUB-PR,27325,4.36,17,116
2026-02-12,HUB-PR,26718,4.11,15,76
2026-02-13,HUB-PR,25697,4.02,16,98
2026-02-14,HUB-PR,23055,4.35,12,116
2026-02-15,HUB-PR,20819,5.92,14,97
2026-02-16,HUB-PR,32269,5.11,18,220
2026-02-17,HUB-PR,28575,4.95,14,50
2026-02-18,HUB-PR,28035,3.91,19,173
2026-02-19,HUB-PR,27812,3.79,17,97
2026-02-20,HUB-PR,28596,4.68,15,128
2026-02-21,HUB-PR,21659,4.13,11,57
2026-02-22,HUB-PR,22780,4.31,14,59
2026-02-23,HUB-PR,32134,5.58,15,166
2026-02-24,HUB-PR,30477,6.41,18,45
2026-02-25,HUB-PR,28516,4.79,15,48
2026-02-26,HUB-PR,28299,4.12,16,199
2026-02-27,HUB-PR,26351,4.9,10,149
2026-02-28,HUB-PR,24052,3.75,11,116
2026-03-01,HUB-PR,21440,4.21,12,40
2026-03-02,HUB-PR,33424,5.23,22,220
2026-03-03,HUB-PR,29537,6.71,16,114
2026-03-04,HUB-PR,28503,3.91,18,89
2026-03-05,HUB-PR,26974,4.78,11,103
2026-03-06,HUB-PR,27070,4.02,14,31
2026-03-07,HUB-PR,24183,3.88,14,0
2026-03-08,HUB-PR,21855,3.95,12,100
2026-03-09,HUB-PR,44958,5.56,28,275
2026-03-10,HUB-PR,40890,4.53,22,184
2026-03-11,HUB-PR,39897,4.13,21,221
2026-03-12,HUB-PR,37262,5.1,23,187
2026-03-13,HUB-PR,36322,4.17,18,253
2026-03-14,HUB-PR,32670,5.01,15,208
2026-03-15,HUB-PR,32282,4.32,19,133
2026-03-16,HUB-PR,35720,5.24,17,328
2026-03-17,HUB-PR,29941,4.39,20,133
2026-03-18,HUB-PR,30345,4.38,12,28
2026-03-19,HUB-PR,28592,7.12,15,167
2026-03-20,HUB-PR,26813,5.49,19,139
2026-03-21,HUB-PR,23639,5.73,17,16
2026-03-22,HUB-PR,22216,4.28,12,158
2026-03-23,HUB-PR,32837,4.43,21,103
2026-03-24,HUB-PR,30305,4.18,19,114
2026-03-25,HUB-PR,27638,4.15,14,103
2026-03-26,HUB-PR,26974,5.04,16,99
2026-03-27,HUB-PR,27730,4.04,13,244
2026-03-28,HUB-PR,23193,4.91,9,81
2026-03-29,HUB-PR,21831,5.21,13,73
2026-03-30,HUB-PR,32909,4.95,20,133
2026-03-31,HUB-PR,31782,3.77,14,73
2026-04-01,HUB-PR,29412,4.64,16,135
2026-04-02,HUB-PR,28020,3.75,12,66
2026-04-03,HUB-PR,28438,4.36,14,142
2026-04-04,HUB-PR,24857,4.2,13,48
2026-04-05,HUB-PR,22813,4.74,14,64
2026-04-06,HUB-PR,34217,4.64,17,68
2026-04-07,HUB-PR,32452,4.12,14,95
2026-04-08,HUB-PR,30559,4.1,22,13
2026-04-09,HUB-PR,29464,4.14,18,0
2026-04-10,HUB-PR,27999,3.74,18,94
2026-04-11,HUB-PR,24123,5.26,15,22
2026-04-12,HUB-PR,21688,4.17,14,162
2026-04-13,HUB-PR,34096,5.43,20,112
2026-04-14,HUB-PR,29795,4.61,18,161
2026-04-15,HUB-PR,28745,4.19,16,133
2026-04-16,HUB-PR,30334,4.07,15,57
2026-04-17,HUB-PR,28394,3.72,18,90
2026-04-18,HUB-PR,25068,3.99,13,137
2026-04-19,HUB-PR,22468,3.78,13,120
2026-04-20,HUB-PR,32123,3.86,19,184
2026-04-21,HUB-PR,31195,4.89,18,84
2026-04-22,HUB-PR,29844,4.07,14,154
2026-04-23,HUB-PR,29259,3.94,17,82
2026-04-24,HUB-PR,28842,4.09,13,174
2026-04-25,HUB-PR,23662,3.78,13,141
2026-04-26,HUB-PR,23097,3.82,14,29
2026-04-27,HUB-PR,32500,5.11,23,148
2026-04-28,HUB-PR,32141,5.6,19,58
2026-04-29,HUB-PR,29912,4.29,19,169
2026-04-30,HUB-PR,28577,3.64,13,50
2026-05-01,HUB-PR,37356,5.51,22,174
2026-05-02,HUB-PR,32330,6.2,15,177
2026-05-03,HUB-PR,30686,4.5,20,127
2026-05-04,HUB-PR,48544,5.5,22,588
2026-05-05,HUB-PR,42815,5.26,20,196
2026-05-06,HUB-PR,40263,4.25,25,287
2026-05-07,HUB-PR,36921,4.8,26,66
2026-05-08,HUB-PR,36700,3.69,24,119
2026-05-09,HUB-PR,32426,4.05,17,5
2026-05-10,HUB-PR,30409,3.77,14,104
2026-05-11,HUB-PR,35702,4.81,18,58
2026-05-12,HUB-PR,31824,3.68,18,39
2026-05-13,HUB-PR,31620,3.87,17,28
2026-05-14,HUB-PR,29751,5.24,14,91
2026-05-15,HUB-PR,28262,3.91,19,127
2026-05-16,HUB-PR,24307,3.67,16,120
2026-05-17,HUB-PR,23215,3.9,17,139
2026-05-18,HUB-PR,36313,4.8,15,260
2026-05-19,HUB-PR,29579,4.31,14,52
2026-05-20,HUB-PR,28298,3.92,16,71
2026-05-21,HUB-PR,29290,4.15,16,128
2026-05-22,HUB-PR,28402,3.97,14,125
2026-05-23,HUB-PR,25116,4.14,12,170
2026-05-24,HUB-PR,23733,3.67,11,81
2026-05-25,HUB-PR,33986,4.37,25,188
2026-05-26,HUB-PR,33534,5.01,14,125
2026-05-27,HUB-PR,31709,4.71,13,150
2026-05-28,HUB-PR,30223,4.17,13,144
2026-05-29,HUB-PR,29514,4.21,17,117
2026-05-30,HUB-PR,24901,3.62,13,51
2026-05-31,HUB-PR,23019,4.48,14,105
2026-06-01,HUB-PR,35494,6.12,17,188
2026-06-02,HUB-PR,32692,3.84,18,138
2026-06-03,HUB-PR,30783,4.84,17,0
2026-06-04,HUB-PR,31760,3.69,22,116
2026-06-05,HUB-PR,26254,4.3,19,141
2026-06-06,HUB-PR,23576,3.66,13,48
2026-06-07,HUB-PR,22635,3.72,14,139
2026-06-08,HUB-PR,34405,4.46,19,95
2026-06-09,HUB-PR,32462,3.89,20,109
2026-06-10,HUB-PR,29326,5.1,17,129
2026-06-11,HUB-PR,29331,4.34,18,63
2026-06-12,HUB-PR,28012,3.82,18,163
2026-06-13,HUB-PR,27096,4.64,16,177
2026-06-14,HUB-PR,25252,4.78,14,45
2026-06-15,HUB-PR,34544,5.15,22,125
2026-06-16,HUB-PR,32524,4.52,17,253
2026-06-17,HUB-PR,29886,4.42,15,185
2026-06-18,HUB-PR,28513,3.8,12,22
2026-06-19,HUB-PR,28931,4.29,17,183
2026-06-20,HUB-PR,24218,5.11,15,0
2026-06-21,HUB-PR,23819,5.81,9,125
2026-06-22,HUB-PR,33277,4.52,16,76
2026-06-23,HUB-PR,32249,3.98,20,159
2026-06-24,HUB-PR,31481,3.85,17,141
2026-06-25,HUB-PR,31124,5.03,17,133
2026-06-26,HUB-PR,29644,3.85,19,153
2026-06-27,HUB-PR,24073,4.12,13,72
2026-06-28,HUB-PR,24746,4.11,14,69
2026-06-29,HUB-PR,34462,5.37,16,202
2026-06-30,HUB-PR,34063,4.98,20,137
2026-07-01,HUB-PR,31488,6.19,14,90
2026-07-02,HUB-PR,29418,4.45,13,107
2026-07-03,HUB-PR,29061,5.06,15,101
2026-07-04,HUB-PR,25710,4.01,15,85
2026-07-05,HUB-PR,24685,4.45,14,121
2026-07-06,HUB-PR,35484,6.02,17,80
2026-07-07,HUB-PR,35314,5.82,22,249
2026-07-08,HUB-PR,32798,3.91,19,146
2026-07-09,HUB-PR,30806,3.81,20,10
2026-07-10,HUB-PR,30331,4.48,14,138
2026-07-11,HUB-PR,27260,4.13,19,58
2026-07-12,HUB-PR,25974,4.26,18,102
2026-07-13,HUB-PR,34325,4.69,22,127
2026-07-14,HUB-PR,32617,5.03,19,175
2026-07-15,HUB-PR,33519,4.74,20,179
2026-07-16,HUB-PR,30107,4.18,17,134
2026-07-17,HUB-PR,28349,6.79,12,222
2026-07-18,HUB-PR,25243,5.11,13,64
2026-07-19,HUB-PR,24806,5.36,13,167
2026-07-20,HUB-PR,35943,4.79,16,248
2026-07-21,HUB-PR,33133,7.23,23,155
2026-07-22,HUB-PR,31292,6.68,19,154
2026-07-23,HUB-PR,30661,4.88,22,181
2026-07-24,HUB-PR,28977,4.35,18,98
2026-07-25,HUB-PR,27890,3.92,12,83
2026-07-26,HUB-PR,24844,4.99,17,77
2026-07-27,HUB-PR,37407,7.65,19,349
2026-07-28,HUB-PR,33517,4.75,23,103
2026-07-29,HUB-PR,32023,3.81,22,82
2026-07-30,HUB-PR,30837,4.28,21,59
2026-07-31,HUB-PR,27279,4.03,18,55
2026-08-01,HUB-PR,24724,3.86,15,67
2026-08-02,HUB-PR,23163,3.67,13,64
2026-08-03,HUB-PR,33617,6.43,24,142
2026-08-04,HUB-PR,32862,5.67,19,80
2026-08-05,HUB-PR,33921,4.57,17,169
2026-08-06,HUB-PR,31760,3.57,19,252
2026-08-07,HUB-PR,31610,4.6,21,205
2026-08-08,HUB-PR,26503,5.59,17,50
2026-08-09,HUB-PR,25554,6.22,12,87
2026-08-10,HUB-PR,35543,5.49,23,52
2026-08-11,HUB-PR,35128,4.72,21,154
2026-08-12,HUB-PR,33438,4.82,17,151
2026-08-13,HUB-PR,31347,4.2,15,136
2026-08-14,HUB-PR,31014,4.12,21,59
2026-08-15,HUB-PR,26798,5.29,18,72
2026-08-16,HUB-PR,24535,4.63,17,145
2026-08-17,HUB-PR,35463,4.62,15,170
2026-08-18,HUB-PR,33256,5.6,18,75
2026-08-19,HUB-PR,32893,6.25,18,47
2026-08-20,HUB-PR,32546,4.01,22,125
2026-08-21,HUB-PR,29745,4.61,19,112
2026-08-22,HUB-PR,26453,4.18,14,38
2026-08-23,HUB-PR,25663,3.66,14,87
2026-08-24,HUB-PR,37929,6.01,23,358
2026-08-25,HUB-PR,36790,6.17,23,207
2026-08-26,HUB-PR,34457,5.1,24,108
2026-08-27,HUB-PR,31229,5.52,21,142
2026-08-28,HUB-PR,32583,4.55,22,136
2026-08-29,HUB-PR,26087,3.66,13,170
2026-08-30,HUB-PR,26230,3.96,13,115
2026-08-31,HUB-PR,37429,6.57,17,390
2026-09-01,HUB-PR,34590,4.19,20,47
2026-09-02,HUB-PR,31074,3.99,16,134
2026-09-03,HUB-PR,32355,4.51,20,105
2026-09-04,HUB-PR,29259,5.18,18,159
2026-09-05,HUB-PR,27639,5.67,16,125
2026-09-06,HUB-PR,26803,4.17,17,192
2026-09-07,HUB-PR,36509,5.47,18,147
2026-09-08,HUB-PR,35672,4.95,15,92
2026-09-09,HUB-PR,32518,4.47,16,152
2026-09-10,HUB-PR,32017,3.78,20,120
2026-09-11,HUB-PR,31970,4.66,23,68
2026-09-12,HUB-PR,26853,3.55,18,127
2026-09-13,HUB-PR,27157,4.57,15,82
2026-09-14,HUB-PR,37135,5.52,24,326
2026-09-15,HUB-PR,36744,6.43,16,119
2026-09-16,HUB-PR,33672,5.32,23,115
2026-09-17,HUB-PR,33844,4.55,20,146
2026-09-18,HUB-PR,30816,4.85,19,134
2026-09-19,HUB-PR,26998,3.8,10,146
2026-09-20,HUB-PR,25642,3.68,15,90
2026-09-21,HUB-PR,36878,5.81,27,294
2026-09-22,HUB-PR,36534,4.83,21,213
2026-09-23,HUB-PR,34520,6.44,19,189
2026-09-24,HUB-PR,33805,4.06,18,31
2026-09-25,HUB-PR,33181,5.39,16,0
2026-09-26,HUB-PR,28580,4.19,16,186
2026-09-27,HUB-PR,25555,4.69,11,73
2026-09-28,HUB-PR,38708,6.12,24,367
2026-09-29,HUB-PR,35130,4.78,23,129
2026-09-30,HUB-PR,33974,4.41,18,101
2025-01-01,HUB-DF,0,,0,0
2025-01-02,HUB-DF,0,,0,0
2025-01-03,HUB-DF,0,,0,0
2025-01-04,HUB-DF,0,,0,0
2025-01-05,HUB-DF,0,,0,0
2025-01-06,HUB-DF,0,,0,0
2025-01-07,HUB-DF,0,,0,0
2025-01-08,HUB-DF,0,,0,0
2025-01-09,HUB-DF,0,,0,0
2025-01-10,HUB-DF,0,,0,0
2025-01-11,HUB-DF,0,,0,0
2025-01-12,HUB-DF,0,,0,0
2025-01-13,HUB-DF,0,,0,0
2025-01-14,HUB-DF,0,,0,0
2025-01-15,HUB-DF,0,,0,0
2025-01-16,HUB-DF,0,,0,0
2025-01-17,HUB-DF,0,,0,0
2025-01-18,HUB-DF,0,,0,0
2025-01-19,HUB-DF,0,,0,0
2025-01-20,HUB-DF,0,,0,0
2025-01-21,HUB-DF,0,,0,0
2025-01-22,HUB-DF,0,,0,0
2025-01-23,HUB-DF,0,,0,0
2025-01-24,HUB-DF,0,,0,0
2025-01-25,HUB-DF,0,,0,0
2025-01-26,HUB-DF,0,,0,0
2025-01-27,HUB-DF,0,,0,0
2025-01-28,HUB-DF,0,,0,0
2025-01-29,HUB-DF,0,,0,0
2025-01-30,HUB-DF,0,,0,0
2025-01-31,HUB-DF,0,,0,0
2025-02-01,HUB-DF,0,,0,0
2025-02-02,HUB-DF,0,,0,0
2025-02-03,HUB-DF,0,,0,0
2025-02-04,HUB-DF,0,,0,0
2025-02-05,HUB-DF,0,,0,0
2025-02-06,HUB-DF,0,,0,0
2025-02-07,HUB-DF,0,,0,0
2025-02-08,HUB-DF,0,,0,0
2025-02-09,HUB-DF,0,,0,0
2025-02-10,HUB-DF,0,,0,0
2025-02-11,HUB-DF,0,,0,0
2025-02-12,HUB-DF,0,,0,0
2025-02-13,HUB-DF,0,,0,0
2025-02-14,HUB-DF,0,,0,0
2025-02-15,HUB-DF,0,,0,0
2025-02-16,HUB-DF,0,,0,0
2025-02-17,HUB-DF,0,,0,0
2025-02-18,HUB-DF,0,,0,0
2025-02-19,HUB-DF,0,,0,0
2025-02-20,HUB-DF,0,,0,0
2025-02-21,HUB-DF,0,,0,0
2025-02-22,HUB-DF,0,,0,0
2025-02-23,HUB-DF,0,,0,0
2025-02-24,HUB-DF,0,,0,0
2025-02-25,HUB-DF,0,,0,0
2025-02-26,HUB-DF,0,,0,0
2025-02-27,HUB-DF,0,,0,0
2025-02-28,HUB-DF,0,,0,0
2025-03-01,HUB-DF,0,,0,0
2025-03-02,HUB-DF,0,,0,0
2025-03-03,HUB-DF,0,,0,0
2025-03-04,HUB-DF,0,,0,0
2025-03-05,HUB-DF,0,,0,0
2025-03-06,HUB-DF,0,,0,0
2025-03-07,HUB-DF,0,,0,0
2025-03-08,HUB-DF,0,,0,0
2025-03-09,HUB-DF,0,,0,0
2025-03-10,HUB-DF,0,,0,0
2025-03-11,HUB-DF,0,,0,0
2025-03-12,HUB-DF,0,,0,0
2025-03-13,HUB-DF,0,,0,0
2025-03-14,HUB-DF,0,,0,0
2025-03-15,HUB-DF,0,,0,0
2025-03-16,HUB-DF,0,,0,0
2025-03-17,HUB-DF,0,,0,0
2025-03-18,HUB-DF,0,,0,0
2025-03-19,HUB-DF,0,,0,0
2025-03-20,HUB-DF,0,,0,0
2025-03-21,HUB-DF,0,,0,0
2025-03-22,HUB-DF,0,,0,0
2025-03-23,HUB-DF,0,,0,0
2025-03-24,HUB-DF,0,,0,0
2025-03-25,HUB-DF,0,,0,0
2025-03-26,HUB-DF,0,,0,0
2025-03-27,HUB-DF,0,,0,0
2025-03-28,HUB-DF,0,,0,0
2025-03-29,HUB-DF,0,,0,0
2025-03-30,HUB-DF,0,,0,0
2025-03-31,HUB-DF,0,,0,0
2025-04-01,HUB-DF,0,,0,0
2025-04-02,HUB-DF,0,,0,0
2025-04-03,HUB-DF,0,,0,0
2025-04-04,HUB-DF,0,,0,0
2025-04-05,HUB-DF,0,,0,0
2025-04-06,HUB-DF,0,,0,0
2025-04-07,HUB-DF,0,,0,0
2025-04-08,HUB-DF,0,,0,0
2025-04-09,HUB-DF,0,,0,0
2025-04-10,HUB-DF,0,,0,0
2025-04-11,HUB-DF,0,,0,0
2025-04-12,HUB-DF,0,,0,0
2025-04-13,HUB-DF,0,,0,0
2025-04-14,HUB-DF,0,,0,0
2025-04-15,HUB-DF,0,,0,0
2025-04-16,HUB-DF,0,,0,0
2025-04-17,HUB-DF,0,,0,0
2025-04-18,HUB-DF,0,,0,0
2025-04-19,HUB-DF,0,,0,0
2025-04-20,HUB-DF,0,,0,0
2025-04-21,HUB-DF,0,,0,0
2025-04-22,HUB-DF,0,,0,0
2025-04-23,HUB-DF,0,,0,0
2025-04-24,HUB-DF,0,,0,0
2025-04-25,HUB-DF,0,,0,0
2025-04-26,HUB-DF,0,,0,0
2025-04-27,HUB-DF,0,,0,0
2025-04-28,HUB-DF,0,,0,0
2025-04-29,HUB-DF,0,,0,0
2025-04-30,HUB-DF,0,,0,0
2025-05-01,HUB-DF,0,,0,0
2025-05-02,HUB-DF,0,,0,0
2025-05-03,HUB-DF,0,,0,0
2025-05-04,HUB-DF,0,,0,0
2025-05-05,HUB-DF,0,,0,0
2025-05-06,HUB-DF,0,,0,0
2025-05-07,HUB-DF,0,,0,0
2025-05-08,HUB-DF,0,,0,0
2025-05-09,HUB-DF,0,,0,0
2025-05-10,HUB-DF,0,,0,0
2025-05-11,HUB-DF,0,,0,0
2025-05-12,HUB-DF,0,,0,0
2025-05-13,HUB-DF,0,,0,0
2025-05-14,HUB-DF,0,,0,0
2025-05-15,HUB-DF,0,,0,0
2025-05-16,HUB-DF,0,,0,0
2025-05-17,HUB-DF,0,,0,0
2025-05-18,HUB-DF,0,,0,0
2025-05-19,HUB-DF,0,,0,0
2025-05-20,HUB-DF,0,,0,0
2025-05-21,HUB-DF,0,,0,0
2025-05-22,HUB-DF,0,,0,0
2025-05-23,HUB-DF,0,,0,0
2025-05-24,HUB-DF,0,,0,0
2025-05-25,HUB-DF,0,,0,0
2025-05-26,HUB-DF,0,,0,0
2025-05-27,HUB-DF,0,,0,0
2025-05-28,HUB-DF,0,,0,0
2025-05-29,HUB-DF,0,,0,0
2025-05-30,HUB-DF,0,,0,0
2025-05-31,HUB-DF,0,,0,0
2025-06-01,HUB-DF,3538,7.36,3,9
2025-06-02,HUB-DF,5279,6.72,5,32
2025-06-03,HUB-DF,5076,8.62,5,16
2025-06-04,HUB-DF,4721,6.83,4,13
2025-06-05,HUB-DF,4609,8.85,4,24
2025-06-06,HUB-DF,4472,7.18,4,4
2025-06-07,HUB-DF,3823,6.39,3,15
2025-06-08,HUB-DF,3958,7.92,3,0
2025-06-09,HUB-DF,5872,6.93,5,15
2025-06-10,HUB-DF,5538,7.94,4,17
2025-06-11,HUB-DF,4843,6.53,5,33
2025-06-12,HUB-DF,5146,6.78,5,19
2025-06-13,HUB-DF,5396,7.5,4,12
2025-06-14,HUB-DF,4445,7.63,4,17
2025-06-15,HUB-DF,4450,7.11,3,31
2025-06-16,HUB-DF,6254,7.26,5,0
2025-06-17,HUB-DF,6578,7.6,6,36
2025-06-18,HUB-DF,5967,6.85,6,28
2025-06-19,HUB-DF,6021,6.94,5,23
2025-06-20,HUB-DF,6206,8.8,6,21
2025-06-21,HUB-DF,5284,6.54,4,36
2025-06-22,HUB-DF,4782,6.22,5,26
2025-06-23,HUB-DF,7067,6.95,7,14
2025-06-24,HUB-DF,6783,6.93,5,27
2025-06-25,HUB-DF,6675,6.3,6,43
2025-06-26,HUB-DF,6481,6.88,6,33
2025-06-27,HUB-DF,6164,6.22,5,28
2025-06-28,HUB-DF,5737,6.51,5,8
2025-06-29,HUB-DF,5227,7.17,4,45
2025-06-30,HUB-DF,8452,6.24,7,46
2025-07-01,HUB-DF,7448,6.7,6,56
2025-07-02,HUB-DF,7528,6.1,6,35
2025-07-03,HUB-DF,7105,6.55,7,28
2025-07-04,HUB-DF,6961,7.92,6,19
2025-07-05,HUB-DF,5721,9.66,6,34
2025-07-06,HUB-DF,5469,6.76,5,38
2025-07-07,HUB-DF,8527,7.13,8,52
2025-07-08,HUB-DF,8230,6.31,7,70
2025-07-09,HUB-DF,7592,7.09,6,32
2025-07-10,HUB-DF,7162,8.15,7,20
2025-07-11,HUB-DF,6845,6.89,6,31
2025-07-12,HUB-DF,5946,7.76,5,33
2025-07-13,HUB-DF,5632,6.51,5,20
2025-07-14,HUB-DF,8961,6.15,9,35
2025-07-15,HUB-DF,8786,6.65,7,39
2025-07-16,HUB-DF,8045,6.49,7,40
2025-07-17,HUB-DF,7325,7.68,7,31
2025-07-18,HUB-DF,7566,7.7,7,33
2025-07-19,HUB-DF,6588,6.29,6,35
2025-07-20,HUB-DF,6816,7.21,6,38
2025-07-21,HUB-DF,8951,7.47,7,27
2025-07-22,HUB-DF,8802,6.57,8,3
2025-07-23,HUB-DF,8997,6.95,8,17
2025-07-24,HUB-DF,8515,7.35,8,42
2025-07-25,HUB-DF,8178,7.81,7,21
2025-07-26,HUB-DF,6999,6.96,6,32
2025-07-27,HUB-DF,6754,7.16,6,26
2025-07-28,HUB-DF,10179,7.46,10,42
2025-07-29,HUB-DF,9102,6.29,9,45
2025-07-30,HUB-DF,9180,6.07,7,59
2025-07-31,HUB-DF,8365,7.32,8,33
2025-08-01,HUB-DF,8497,6.98,7,16
2025-08-02,HUB-DF,7343,6.26,6,34
2025-08-03,HUB-DF,6833,7.39,7,37
2025-08-04,HUB-DF,10351,6.26,9,0
2025-08-05,HUB-DF,9574,6.92,9,24
2025-08-06,HUB-DF,8950,7.34,7,36
2025-08-07,HUB-DF,9055,7.7,8,28
2025-08-08,HUB-DF,8422,6.65,7,36
2025-08-09,HUB-DF,7691,7.62,7,21
2025-08-10,HUB-DF,6982,6.72,6,41
2025-08-11,HUB-DF,11053,6.39,10,45
2025-08-12,HUB-DF,9762,6.51,10,4
2025-08-13,HUB-DF,9477,6.58,8,52
2025-08-14,HUB-DF,9322,6.02,6,52
2025-08-15,HUB-DF,9523,7.45,10,37
2025-08-16,HUB-DF,7988,7.13,7,3
2025-08-17,HUB-DF,7494,6.51,6,43
2025-08-18,HUB-DF,11383,7.19,10,22
2025-08-19,HUB-DF,9780,6.25,8,32
2025-08-20,HUB-DF,10006,7.23,9,29
2025-08-21,HUB-DF,10563,7.4,9,12
2025-08-22,HUB-DF,9467,6.21,9,38
2025-08-23,HUB-DF,8192,7.53,7,36
2025-08-24,HUB-DF,7960,6.73,5,34
2025-08-25,HUB-DF,11931,6.73,9,43
2025-08-26,HUB-DF,10151,6.21,10,25
2025-08-27,HUB-DF,9744,7.72,8,68
2025-08-28,HUB-DF,10272,7.73,10,45
2025-08-29,HUB-DF,9485,8.35,8,20
2025-08-30,HUB-DF,8821,7.86,9,43
2025-08-31,HUB-DF,7969,6.98,7,38
2025-09-01,HUB-DF,11122,7.07,9,58
2025-09-02,HUB-DF,10751,6.08,9,42
2025-09-03,HUB-DF,9643,6.06,7,27
2025-09-04,HUB-DF,10417,6.77,10,13
2025-09-05,HUB-DF,9952,6.75,8,29
2025-09-06,HUB-DF,8553,6.37,7,6
2025-09-07,HUB-DF,8605,6.8,8,40
2025-09-08,HUB-DF,12787,6.46,12,10
2025-09-09,HUB-DF,11501,7.74,10,38
2025-09-10,HUB-DF,10149,6.91,8,55
2025-09-11,HUB-DF,11029,6.49,9,39
2025-09-12,HUB-DF,10493,7.74,8,41
2025-09-13,HUB-DF,9015,6.25,6,44
2025-09-14,HUB-DF,8807,9.03,8,44
2025-09-15,HUB-DF,12085,7.01,11,73
2025-09-16,HUB-DF,12709,6.76,10,65
2025-09-17,HUB-DF,10876,6.16,11,51
2025-09-18,HUB-DF,11362,6.84,10,1
2025-09-19,HUB-DF,9932,6.71,10,45
2025-09-20,HUB-DF,8845,7.32,9,65
2025-09-21,HUB-DF,9188,6.75,8,49
2025-09-22,HUB-DF,12790,6.29,9,76
2025-09-23,HUB-DF,12520,6.67,11,33
2025-09-24,HUB-DF,11621,6.44,11,45
2025-09-25,HUB-DF,11294,6.25,10,58
2025-09-26,HUB-DF,11320,7.93,10,55
2025-09-27,HUB-DF,9278,6.13,8,52
2025-09-28,HUB-DF,8371,7.78,7,14
2025-09-29,HUB-DF,12833,6.93,11,31
2025-09-30,HUB-DF,12678,7.4,11,18
2025-10-01,HUB-DF,11947,8.05,11,54
2025-10-02,HUB-DF,10952,6.49,9,40
2025-10-03,HUB-DF,10762,6.91,9,39
2025-10-04,HUB-DF,9364,6.53,7,25
2025-10-05,HUB-DF,9004,6.71,10,21
2025-10-06,HUB-DF,12836,7.39,11,51
2025-10-07,HUB-DF,12422,6.81,10,77
2025-10-08,HUB-DF,11723,6.9,11,84
2025-10-09,HUB-DF,12148,6.35,11,87
2025-10-10,HUB-DF,11588,6.77,11,35
2025-10-11,HUB-DF,9704,6.57,9,16
2025-10-12,HUB-DF,9176,6.85,9,53
2025-10-13,HUB-DF,13822,7.04,11,91
2025-10-14,HUB-DF,12582,6.5,11,61
2025-10-15,HUB-DF,11773,7.02,9,47
2025-10-16,HUB-DF,11660,7.28,10,32
2025-10-17,HUB-DF,11230,6.95,11,59
2025-10-18,HUB-DF,9535,6.66,8,49
2025-10-19,HUB-DF,9533,6.47,10,44
2025-10-20,HUB-DF,14370,7.2,13,39
2025-10-21,HUB-DF,12460,7.97,9,25
2025-10-22,HUB-DF,12503,7.69,12,48
2025-10-23,HUB-DF,12182,8.17,13,74
2025-10-24,HUB-DF,11832,8.13,8,69
2025-10-25,HUB-DF,10112,7.05,10,32
2025-10-26,HUB-DF,9156,9.48,7,3
2025-10-27,HUB-DF,13628,7.31,12,91
2025-10-28,HUB-DF,13437,7.37,11,87
2025-10-29,HUB-DF,13164,6.76,13,56
2025-10-30,HUB-DF,11520,6.24,10,36
2025-10-31,HUB-DF,12034,6.57,12,41
2025-11-01,HUB-DF,10716,6.54,9,63
2025-11-02,HUB-DF,9756,7.41,9,50
2025-11-03,HUB-DF,14774,8.33,10,108
2025-11-04,HUB-DF,13308,7.55,15,112
2025-11-05,HUB-DF,12860,7.13,14,12
2025-11-06,HUB-DF,11969,7.08,13,33
2025-11-07,HUB-DF,11090,6.5,12,32
2025-11-08,HUB-DF,10797,7.03,9,45
2025-11-09,HUB-DF,9620,7.47,9,60
2025-11-10,HUB-DF,14487,9.06,13,109
2025-11-11,HUB-DF,13182,7.96,12,56
2025-11-12,HUB-DF,12467,7.31,10,17
2025-11-13,HUB-DF,12805,7.0,10,76
2025-11-14,HUB-DF,11952,6.61,9,21
2025-11-15,HUB-DF,10750,7.08,9,34
2025-11-16,HUB-DF,10273,8.24,9,40
2025-11-17,HUB-DF,15108,8.25,13,140
2025-11-18,HUB-DF,14177,9.53,13,33
2025-11-19,HUB-DF,14039,7.97,11,81
2025-11-20,HUB-DF,12582,7.97,10,87
2025-11-21,HUB-DF,12417,6.53,10,48
2025-11-22,HUB-DF,11187,6.48,11,5
2025-11-23,HUB-DF,10709,6.26,10,49
2025-11-24,HUB-DF,37430,10.66,40,746
2025-11-25,HUB-DF,36660,9.32,34,709
2025-11-26,HUB-DF,36740,9.7,37,717
2025-11-27,HUB-DF,35064,8.66,30,325
2025-11-28,HUB-DF,33015,8.13,28,167
2025-11-29,HUB-DF,28141,6.23,26,147
2025-11-30,HUB-DF,26662,7.12,22,102
2025-12-01,HUB-DF,40321,10.87,47,1181
2025-12-02,HUB-DF,14318,7.15,13,84
2025-12-03,HUB-DF,13647,7.21,11,9
2025-12-04,HUB-DF,13461,6.91,11,60
2025-12-05,HUB-DF,12473,7.29,11,36
2025-12-06,HUB-DF,11254,7.24,10,55
2025-12-07,HUB-DF,11601,7.46,9,41
2025-12-08,HUB-DF,22603,8.89,20,374
2025-12-09,HUB-DF,22931,8.25,25,461
2025-12-10,HUB-DF,20881,8.24,20,154
2025-12-11,HUB-DF,21494,7.69,19,231
2025-12-12,HUB-DF,20083,8.02,16,104
2025-12-13,HUB-DF,17798,6.25,16,10
2025-12-14,HUB-DF,17198,6.36,17,72
2025-12-15,HUB-DF,24559,10.7,31,663
2025-12-16,HUB-DF,23858,9.33,24,564
2025-12-17,HUB-DF,19929,7.53,16,76
2025-12-18,HUB-DF,22508,8.27,23,371
2025-12-19,HUB-DF,20554,8.71,19,47
2025-12-20,HUB-DF,18202,7.12,16,145
2025-12-21,HUB-DF,10322,7.06,9,53
2025-12-22,HUB-DF,15459,8.1,13,183
2025-12-23,HUB-DF,15054,8.45,15,198
2025-12-24,HUB-DF,14160,10.8,14,25
2025-12-25,HUB-DF,14050,7.34,12,56
2025-12-26,HUB-DF,13741,8.45,14,58
2025-12-27,HUB-DF,10737,6.08,10,34
2025-12-28,HUB-DF,11275,7.43,10,42
2025-12-29,HUB-DF,16106,9.39,15,306
2025-12-30,HUB-DF,15037,8.25,11,123
2025-12-31,HUB-DF,13588,7.67,12,62
2026-01-01,HUB-DF,14314,8.17,13,65
2026-01-02,HUB-DF,12253,7.12,14,97
2026-01-03,HUB-DF,11832,6.62,11,82
2026-01-04,HUB-DF,10446,6.56,10,26
2026-01-05,HUB-DF,16305,8.63,15,296
2026-01-06,HUB-DF,15243,7.67,14,125
2026-01-07,HUB-DF,15071,8.11,14,110
2026-01-08,HUB-DF,14127,8.3,12,81
2026-01-09,HUB-DF,13196,6.57,13,50
2026-01-10,HUB-DF,11483,6.3,10,34
2026-01-11,HUB-DF,11633,6.43,12,61
2026-01-12,HUB-DF,16752,9.11,17,245
2026-01-13,HUB-DF,15257,8.12,13,89
2026-01-14,HUB-DF,14506,7.1,12,98
2026-01-15,HUB-DF,13573,6.89,12,93
2026-01-16,HUB-DF,13848,6.93,14,92
2026-01-17,HUB-DF,11082,7.22,9,17
2026-01-18,HUB-DF,11545,8.1,11,18
2026-01-19,HUB-DF,16684,8.42,16,229
2026-01-20,HUB-DF,16924,8.47,17,273
2026-01-21,HUB-DF,14203,7.17,13,36
2026-01-22,HUB-DF,14450,7.43,11,9
2026-01-23,HUB-DF,14664,7.77,13,86
2026-01-24,HUB-DF,12422,6.17,14,69
2026-01-25,HUB-DF,11081,8.92,10,31
2026-01-26,HUB-DF,16901,8.42,17,248
2026-01-27,HUB-DF,15771,7.53,15,102
2026-01-28,HUB-DF,15061,6.88,15,0
2026-01-29,HUB-DF,14282,6.64,12,76
2026-01-30,HUB-DF,13884,6.19,12,54
2026-01-31,HUB-DF,11365,7.78,11,0
2026-02-01,HUB-DF,11519,6.72,10,70
2026-02-02,HUB-DF,17193,8.16,18,215
2026-02-03,HUB-DF,15790,8.38,13,13
2026-02-04,HUB-DF,14202,6.68,13,68
2026-02-05,HUB-DF,15288,6.93,13,67
2026-02-06,HUB-DF,14235,8.36,16,72
2026-02-07,HUB-DF,11840,6.57,10,2
2026-02-08,HUB-DF,11456,6.1,11,39
2026-02-09,HUB-DF,16183,7.67,12,33
2026-02-10,HUB-DF,15484,7.16,12,57
2026-02-11,HUB-DF,14902,6.54,14,9
2026-02-12,HUB-DF,15550,6.83,14,27
2026-02-13,HUB-DF,13863,6.86,12,98
2026-02-14,HUB-DF,12531,6.58,11,79
2026-02-15,HUB-DF,11453,6.65,10,68
2026-02-16,HUB-DF,17380,8.32,13,189
2026-02-17,HUB-DF,16122,7.21,14,4
2026-02-18,HUB-DF,15789,6.87,14,61
2026-02-19,HUB-DF,14757,7.28,15,66
2026-02-20,HUB-DF,13517,6.57,13,44
2026-02-21,HUB-DF,11764,6.47,8,3
2026-02-22,HUB-DF,11554,6.24,10,67
2026-02-23,HUB-DF,16620,7.07,18,87
2026-02-24,HUB-DF,16576,6.92,16,46
2026-02-25,HUB-DF,15200,6.22,14,87
2026-02-26,HUB-DF,16427,6.91,14,70
2026-02-27,HUB-DF,13549,7.02,13,71
2026-02-28,HUB-DF,12555,6.78,10,27
2026-03-01,HUB-DF,11404,6.61,10,51
2026-03-02,HUB-DF,17222,7.88,16,77
2026-03-03,HUB-DF,16559,6.87,16,59
2026-03-04,HUB-DF,14312,6.97,13,0
2026-03-05,HUB-DF,15419,7.25,14,67
2026-03-06,HUB-DF,15513,6.11,14,69
2026-03-07,HUB-DF,12369,6.78,11,26
2026-03-08,HUB-DF,12078,7.06,12,62
2026-03-09,HUB-DF,25622,8.51,27,268
2026-03-10,HUB-DF,23122,7.28,21,111
2026-03-11,HUB-DF,21542,6.53,17,70
2026-03-12,HUB-DF,19864,6.67,17,12
2026-03-13,HUB-DF,20988,7.86,19,13
2026-03-14,HUB-DF,17668,6.14,12,95
2026-03-15,HUB-DF,16294,6.44,17,30
2026-03-16,HUB-DF,17889,7.1,15,43
2026-03-17,HUB-DF,16402,6.23,14,93
2026-03-18,HUB-DF,15539,6.64,14,0
2026-03-19,HUB-DF,15868,7.29,14,12
2026-03-20,HUB-DF,14086,7.15,13,79
2026-03-21,HUB-DF,13238,6.77,13,55
2026-03-22,HUB-DF,11565,6.88,12,0
2026-03-23,HUB-DF,17532,6.05,17,55
2026-03-24,HUB-DF,18011,6.3,15,78
2026-03-25,HUB-DF,16584,6.48,15,30
2026-03-26,HUB-DF,15712,6.6,14,17
2026-03-27,HUB-DF,14402,7.34,13,9
2026-03-28,HUB-DF,12630,8.45,12,72
2026-03-29,HUB-DF,12285,6.66,11,75
2026-03-30,HUB-DF,18110,6.64,16,100
2026-03-31,HUB-DF,16949,6.76,17,110
2026-04-01,HUB-DF,16059,6.41,14,105
2026-04-02,HUB-DF,15660,8.02,15,15
2026-04-03,HUB-DF,14248,6.37,14,86
2026-04-04,HUB-DF,12731,6.38,13,54
2026-04-05,HUB-DF,12741,6.5,12,99
2026-04-06,HUB-DF,17350,8.21,18,187
2026-04-07,HUB-DF,17017,7.06,15,61
2026-04-08,HUB-DF,15732,6.76,15,53
2026-04-09,HUB-DF,15958,6.61,15,52
2026-04-10,HUB-DF,14911,6.72,12,62
2026-04-11,HUB-DF,13737,6.31,12,61
2026-04-12,HUB-DF,12658,6.09,11,117
2026-04-13,HUB-DF,17513,7.42,16,75
2026-04-14,HUB-DF,17662,6.26,15,55
2026-04-15,HUB-DF,15873,7.96,14,64
2026-04-16,HUB-DF,15689,7.08,14,37
2026-04-17,HUB-DF,15394,6.66,13,10
2026-04-18,HUB-DF,12930,7.01,12,48
2026-04-19,HUB-DF,12919,6.84,11,112
2026-04-20,HUB-DF,17988,6.73,15,104
2026-04-21,HUB-DF,17006,6.78,13,52
2026-04-22,HUB-DF,16056,7.44,12,75
2026-04-23,HUB-DF,15809,7.03,13,143
2026-04-24,HUB-DF,15926,6.69,15,70
2026-04-25,HUB-DF,13543,7.27,12,30
2026-04-26,HUB-DF,13373,8.12,12,55
2026-04-27,HUB-DF,20101,6.68,17,106
2026-04-28,HUB-DF,16875,6.44,18,82
2026-04-29,HUB-DF,16592,7.33,15,115
2026-04-30,HUB-DF,15574,6.69,13,65
2026-05-01,HUB-DF,20284,7.62,16,0
2026-05-02,HUB-DF,17619,6.31,19,87
2026-05-03,HUB-DF,16520,6.54,13,79
2026-05-04,HUB-DF,24385,8.57,20,114
2026-05-05,HUB-DF,23679,6.52,20,55
2026-05-06,HUB-DF,21542,7.66,19,172
2026-05-07,HUB-DF,22732,6.43,21,41
2026-05-08,HUB-DF,20322,7.27,18,41
2026-05-09,HUB-DF,19926,6.36,17,71
2026-05-10,HUB-DF,17000,7.36,13,113
2026-05-11,HUB-DF,18931,6.62,20,128
2026-05-12,HUB-DF,16947,6.53,16,89
2026-05-13,HUB-DF,17783,6.64,17,103
2026-05-14,HUB-DF,17114,6.78,14,24
2026-05-15,HUB-DF,15823,6.89,14,10
2026-05-16,HUB-DF,12893,6.28,13,42
2026-05-17,HUB-DF,12979,6.97,9,75
2026-05-18,HUB-DF,18267,6.22,18,106
2026-05-19,HUB-DF,18788,7.5,16,42
2026-05-20,HUB-DF,17375,7.02,16,36
2026-05-21,HUB-DF,16636,7.02,17,105
2026-05-22,HUB-DF,14423,7.35,12,63
2026-05-23,HUB-DF,13154,7.04,9,0
2026-05-24,HUB-DF,13283,8.18,11,23
2026-05-25,HUB-DF,19955,6.36,18,99
2026-05-26,HUB-DF,18693,6.27,20,30
2026-05-27,HUB-DF,16063,8.23,14,33
2026-05-28,HUB-DF,16869,7.04,18,35
2026-05-29,HUB-DF,16437,7.13,11,95
2026-05-30,HUB-DF,12918,6.34,11,51
2026-05-31,HUB-DF,13055,7.09,13,96
2026-06-01,HUB-DF,19454,6.72,19,61
2026-06-02,HUB-DF,17923,7.25,13,64
2026-06-03,HUB-DF,16014,6.82,13,75
2026-06-04,HUB-DF,16613,6.72,15,46
2026-06-05,HUB-DF,15796,6.82,13,13
2026-06-06,HUB-DF,13735,6.48,14,45
2026-06-07,HUB-DF,12886,6.57,12,32
2026-06-08,HUB-DF,19097,7.71,15,72
2026-06-09,HUB-DF,18209,7.1,17,51
2026-06-10,HUB-DF,17504,6.68,17,86
2026-06-11,HUB-DF,16735,7.1,13,55
2026-06-12,HUB-DF,15854,6.98,13,12
2026-06-13,HUB-DF,13942,6.58,12,38
2026-06-14,HUB-DF,12341,6.48,13,20
2026-06-15,HUB-DF,19851,6.57,18,156
2026-06-16,HUB-DF,18353,7.54,13,75
2026-06-17,HUB-DF,17375,6.68,14,93
2026-06-18,HUB-DF,17599,7.68,17,67
2026-06-19,HUB-DF,15083,6.53,13,116
2026-06-20,HUB-DF,13021,6.44,10,19
2026-06-21,HUB-DF,13444,6.71,12,32
2026-06-22,HUB-DF,19647,6.94,19,122
2026-06-23,HUB-DF,18583,6.82,20,55
2026-06-24,HUB-DF,17181,7.02,15,43
2026-06-25,HUB-DF,17535,7.05,17,50
2026-06-26,HUB-DF,16826,7.21,15,132
2026-06-27,HUB-DF,14316,6.34,13,116
2026-06-28,HUB-DF,13281,6.5,11,64
2026-06-29,HUB-DF,18320,6.86,19,80
2026-06-30,HUB-DF,19093,6.58,16,106
2026-07-01,HUB-DF,18327,6.72,15,88
2026-07-02,HUB-DF,17636,6.78,15,77
2026-07-03,HUB-DF,15894,6.66,15,49
2026-07-04,HUB-DF,14502,6.58,12,40
2026-07-05,HUB-DF,13895,6.41,14,69
2026-07-06,HUB-DF,20991,6.67,20,90
2026-07-07,HUB-DF,18137,6.56,18,126
2026-07-08,HUB-DF,17547,7.3,15,61
2026-07-09,HUB-DF,17810,7.13,15,38
2026-07-10,HUB-DF,16537,6.34,15,18
2026-07-11,HUB-DF,13700,8.01,11,34
2026-07-12,HUB-DF,13772,6.57,13,15
2026-07-13,HUB-DF,20438,6.26,20,129
2026-07-14,HUB-DF,18888,6.52,16,59
2026-07-15,HUB-DF,17937,6.23,17,44
2026-07-16,HUB-DF,17308,6.25,16,86
2026-07-17,HUB-DF,17468,9.51,17,138
2026-07-18,HUB-DF,13896,7.26,15,44
2026-07-19,HUB-DF,13380,6.31,13,23
2026-07-20,HUB-DF,20166,6.18,18,65
2026-07-21,HUB-DF,19532,6.71,20,6
2026-07-22,HUB-DF,16972,6.15,15,85
2026-07-23,HUB-DF,16770,6.69,15,86
2026-07-24,HUB-DF,15520,6.99,13,48
2026-07-25,HUB-DF,14455,7.04,13,25
2026-07-26,HUB-DF,13208,6.31,13,116
2026-07-27,HUB-DF,20012,6.89,16,31
2026-07-28,HUB-DF,19508,7.5,15,49
2026-07-29,HUB-DF,17619,6.59,14,72
2026-07-30,HUB-DF,17829,6.3,18,102
2026-07-31,HUB-DF,16640,6.57,16,62
2026-08-01,HUB-DF,14870,6.34,15,61
2026-08-02,HUB-DF,14062,10.18,12,73
2026-08-03,HUB-DF,19917,7.34,16,207
2026-08-04,HUB-DF,19072,7.15,20,54
2026-08-05,HUB-DF,18798,6.18,16,56
2026-08-06,HUB-DF,18041,6.62,17,68
2026-08-07,HUB-DF,16093,6.54,13,86
2026-08-08,HUB-DF,14954,6.46,14,135
2026-08-09,HUB-DF,13390,7.63,12,51
2026-08-10,HUB-DF,21553,9.02,17,110
2026-08-11,HUB-DF,19996,6.46,21,0
2026-08-12,HUB-DF,18433,6.11,15,76
2026-08-13,HUB-DF,18004,6.48,15,72
2026-08-14,HUB-DF,16901,7.58,14,102
2026-08-15,HUB-DF,15058,7.34,11,45
2026-08-16,HUB-DF,13822,6.78,12,21
2026-08-17,HUB-DF,20834,7.14,18,93
2026-08-18,HUB-DF,20016,6.58,20,18
2026-08-19,HUB-DF,18000,6.44,17,43
2026-08-20,HUB-DF,17628,6.37,14,72
2026-08-21,HUB-DF,16414,6.75,14,0
2026-08-22,HUB-DF,14248,6.49,16,50
2026-08-23,HUB-DF,13188,6.32,11,94
2026-08-24,HUB-DF,21321,6.85,21,17
2026-08-25,HUB-DF,20779,6.54,17,55
2026-08-26,HUB-DF,19394,7.62,16,100
2026-08-27,HUB-DF,17095,6.98,15,96
2026-08-28,HUB-DF,17672,8.45,18,73
2026-08-29,HUB-DF,15631,7.05,12,57
2026-08-30,HUB-DF,13948,6.7,13,102
2026-08-31,HUB-DF,20992,7.45,21,93
2026-09-01,HUB-DF,18280,8.26,16,34
2026-09-02,HUB-DF,18759,6.15,19,80
2026-09-03,HUB-DF,17558,7.46,17,65
2026-09-04,HUB-DF,17461,6.75,14,55
2026-09-05,HUB-DF,14161,7.06,12,9
2026-09-06,HUB-DF,14533,8.38,13,58
2026-09-07,HUB-DF,21800,6.79,20,113
2026-09-08,HUB-DF,19239,6.3,17,106
2026-09-09,HUB-DF,17955,6.21,17,72
2026-09-10,HUB-DF,16962,8.33,14,69
2026-09-11,HUB-DF,17283,6.97,14,50
2026-09-12,HUB-DF,14764,6.79,13,88
2026-09-13,HUB-DF,13569,8.15,12,22
2026-09-14,HUB-DF,21508,6.42,22,64
2026-09-15,HUB-DF,19588,6.42,18,47
2026-09-16,HUB-DF,18104,8.65,17,68
2026-09-17,HUB-DF,18100,6.37,16,120
2026-09-18,HUB-DF,18209,6.25,16,30
2026-09-19,HUB-DF,15482,8.62,13,71
2026-09-20,HUB-DF,14370,7.42,13,66
2026-09-21,HUB-DF,21762,6.74,20,45
2026-09-22,HUB-DF,19207,9.5,17,69
2026-09-23,HUB-DF,18946,6.52,17,42
2026-09-24,HUB-DF,18666,7.21,17,78
2026-09-25,HUB-DF,17366,7.11,18,65
2026-09-26,HUB-DF,15486,8.19,14,109
2026-09-27,HUB-DF,14125,6.41,13,35
2026-09-28,HUB-DF,21811,8.62,21,80
2026-09-29,HUB-DF,20531,9.26,18,67
2026-09-30,HUB-DF,17095,7.93,16,115
2025-01-01,HUB-BA,0,,0,0
2025-01-02,HUB-BA,0,,0,0
2025-01-03,HUB-BA,0,,0,0
2025-01-04,HUB-BA,0,,0,0
2025-01-05,HUB-BA,0,,0,0
2025-01-06,HUB-BA,0,,0,0
2025-01-07,HUB-BA,0,,0,0
2025-01-08,HUB-BA,0,,0,0
2025-01-09,HUB-BA,0,,0,0
2025-01-10,HUB-BA,0,,0,0
2025-01-11,HUB-BA,0,,0,0
2025-01-12,HUB-BA,0,,0,0
2025-01-13,HUB-BA,0,,0,0
2025-01-14,HUB-BA,0,,0,0
2025-01-15,HUB-BA,0,,0,0
2025-01-16,HUB-BA,0,,0,0
2025-01-17,HUB-BA,0,,0,0
2025-01-18,HUB-BA,0,,0,0
2025-01-19,HUB-BA,0,,0,0
2025-01-20,HUB-BA,0,,0,0
2025-01-21,HUB-BA,0,,0,0
2025-01-22,HUB-BA,0,,0,0
2025-01-23,HUB-BA,0,,0,0
2025-01-24,HUB-BA,0,,0,0
2025-01-25,HUB-BA,0,,0,0
2025-01-26,HUB-BA,0,,0,0
2025-01-27,HUB-BA,0,,0,0
2025-01-28,HUB-BA,0,,0,0
2025-01-29,HUB-BA,0,,0,0
2025-01-30,HUB-BA,0,,0,0
2025-01-31,HUB-BA,0,,0,0
2025-02-01,HUB-BA,0,,0,0
2025-02-02,HUB-BA,0,,0,0
2025-02-03,HUB-BA,0,,0,0
2025-02-04,HUB-BA,0,,0,0
2025-02-05,HUB-BA,0,,0,0
2025-02-06,HUB-BA,0,,0,0
2025-02-07,HUB-BA,0,,0,0
2025-02-08,HUB-BA,0,,0,0
2025-02-09,HUB-BA,0,,0,0
2025-02-10,HUB-BA,0,,0,0
2025-02-11,HUB-BA,0,,0,0
2025-02-12,HUB-BA,0,,0,0
2025-02-13,HUB-BA,0,,0,0
2025-02-14,HUB-BA,0,,0,0
2025-02-15,HUB-BA,0,,0,0
2025-02-16,HUB-BA,0,,0,0
2025-02-17,HUB-BA,0,,0,0
2025-02-18,HUB-BA,0,,0,0
2025-02-19,HUB-BA,0,,0,0
2025-02-20,HUB-BA,0,,0,0
2025-02-21,HUB-BA,0,,0,0
2025-02-22,HUB-BA,0,,0,0
2025-02-23,HUB-BA,0,,0,0
2025-02-24,HUB-BA,0,,0,0
2025-02-25,HUB-BA,0,,0,0
2025-02-26,HUB-BA,0,,0,0
2025-02-27,HUB-BA,0,,0,0
2025-02-28,HUB-BA,0,,0,0
2025-03-01,HUB-BA,0,,0,0
2025-03-02,HUB-BA,0,,0,0
2025-03-03,HUB-BA,0,,0,0
2025-03-04,HUB-BA,0,,0,0
2025-03-05,HUB-BA,0,,0,0
2025-03-06,HUB-BA,0,,0,0
2025-03-07,HUB-BA,0,,0,0
2025-03-08,HUB-BA,0,,0,0
2025-03-09,HUB-BA,0,,0,0
2025-03-10,HUB-BA,0,,0,0
2025-03-11,HUB-BA,0,,0,0
2025-03-12,HUB-BA,0,,0,0
2025-03-13,HUB-BA,0,,0,0
2025-03-14,HUB-BA,0,,0,0
2025-03-15,HUB-BA,0,,0,0
2025-03-16,HUB-BA,0,,0,0
2025-03-17,HUB-BA,0,,0,0
2025-03-18,HUB-BA,0,,0,0
2025-03-19,HUB-BA,0,,0,0
2025-03-20,HUB-BA,0,,0,0
2025-03-21,HUB-BA,0,,0,0
2025-03-22,HUB-BA,0,,0,0
2025-03-23,HUB-BA,0,,0,0
2025-03-24,HUB-BA,0,,0,0
2025-03-25,HUB-BA,0,,0,0
2025-03-26,HUB-BA,0,,0,0
2025-03-27,HUB-BA,0,,0,0
2025-03-28,HUB-BA,0,,0,0
2025-03-29,HUB-BA,0,,0,0
2025-03-30,HUB-BA,0,,0,0
2025-03-31,HUB-BA,0,,0,0
2025-04-01,HUB-BA,10490,6.68,9,23
2025-04-02,HUB-BA,11060,7.71,9,43
2025-04-03,HUB-BA,10614,7.41,10,56
2025-04-04,HUB-BA,9919,7.19,9,38
2025-04-05,HUB-BA,9461,6.25,9,97
2025-04-06,HUB-BA,8996,6.49,8,13
2025-04-07,HUB-BA,12635,6.74,12,91
2025-04-08,HUB-BA,13424,7.56,13,0
2025-04-09,HUB-BA,12425,6.78,11,0
2025-04-10,HUB-BA,12105,7.27,13,50
2025-04-11,HUB-BA,12346,7.14,12,68
2025-04-12,HUB-BA,10315,7.27,9,72
2025-04-13,HUB-BA,9902,6.46,10,71
2025-04-14,HUB-BA,14496,7.43,10,64
2025-04-15,HUB-BA,14433,7.22,12,72
2025-04-16,HUB-BA,13783,8.27,12,62
2025-04-17,HUB-BA,13488,6.61,11,95
2025-04-18,HUB-BA,12628,6.96,12,19
2025-04-19,HUB-BA,11415,6.29,11,30
2025-04-20,HUB-BA,10927,6.19,11,62
2025-04-21,HUB-BA,15597,8.5,13,95
2025-04-22,HUB-BA,14760,7.11,14,99
2025-04-23,HUB-BA,15177,6.18,15,59
2025-04-24,HUB-BA,13424,7.2,12,40
2025-04-25,HUB-BA,14302,6.6,14,77
2025-04-26,HUB-BA,12193,7.26,11,22
2025-04-27,HUB-BA,12479,7.48,13,92
2025-04-28,HUB-BA,17485,7.04,15,52
2025-04-29,HUB-BA,17285,6.67,13,60
2025-04-30,HUB-BA,15905,6.85,14,88
2025-05-01,HUB-BA,20859,7.29,19,53
2025-05-02,HUB-BA,20459,7.42,19,35
2025-05-03,HUB-BA,17110,6.44,16,108
2025-05-04,HUB-BA,17293,6.24,14,33
2025-05-05,HUB-BA,24015,6.31,19,109
2025-05-06,HUB-BA,23836,6.7,25,96
2025-05-07,HUB-BA,23221,7.39,21,5
2025-05-08,HUB-BA,22774,6.73,20,43
2025-05-09,HUB-BA,22773,6.28,21,107
2025-05-10,HUB-BA,18090,7.02,15,117
2025-05-11,HUB-BA,16977,6.79,14,42
2025-05-12,HUB-BA,19696,7.46,19,44
2025-05-13,HUB-BA,19776,6.37,16,104
2025-05-14,HUB-BA,18730,7.08,15,105
2025-05-15,HUB-BA,18263,6.99,16,107
2025-05-16,HUB-BA,16744,7.24,15,74
2025-05-17,HUB-BA,15571,7.6,16,46
2025-05-18,HUB-BA,13915,6.12,13,77
2025-05-19,HUB-BA,22477,6.5,21,86
2025-05-20,HUB-BA,22485,6.75,18,120
2025-05-21,HUB-BA,19700,6.49,18,58
2025-05-22,HUB-BA,19602,6.94,16,70
2025-05-23,HUB-BA,18066,6.76,18,92
2025-05-24,HUB-BA,14969,6.28,14,0
2025-05-25,HUB-BA,14986,7.27,13,100
2025-05-26,HUB-BA,21858,6.35,21,85
2025-05-27,HUB-BA,20402,6.95,17,0
2025-05-28,HUB-BA,21665,6.31,19,94
2025-05-29,HUB-BA,20358,6.94,17,64
2025-05-30,HUB-BA,19540,6.75,21,37
2025-05-31,HUB-BA,16570,6.83,15,131
2025-06-01,HUB-BA,15939,6.99,14,90
2025-06-02,HUB-BA,24594,7.5,24,91
2025-06-03,HUB-BA,22456,6.58,20,92
2025-06-04,HUB-BA,21758,6.26,15,99
2025-06-05,HUB-BA,20924,6.7,23,16
2025-06-06,HUB-BA,19892,7.53,17,184
2025-06-07,HUB-BA,16620,6.06,14,68
2025-06-08,HUB-BA,15566,6.26,14,119
2025-06-09,HUB-BA,24569,6.73,21,57
2025-06-10,HUB-BA,23464,7.63,20,121
2025-06-11,HUB-BA,21237,6.52,19,35
2025-06-12,HUB-BA,21895,6.7,16,0
2025-06-13,HUB-BA,20978,6.47,20,122
2025-06-14,HUB-BA,16798,6.59,17,74
2025-06-15,HUB-BA,16817,7.32,13,49
2025-06-16,HUB-BA,26114,7.46,25,0
2025-06-17,HUB-BA,24632,7.38,20,75
2025-06-18,HUB-BA,22137,7.23,19,101
2025-06-19,HUB-BA,22855,6.33,21,42
2025-06-20,HUB-BA,22475,8.3,22,96
2025-06-21,HUB-BA,19332,8.16,18,53
2025-06-22,HUB-BA,17928,6.75,14,29
2025-06-23,HUB-BA,26210,7.59,24,97
2025-06-24,HUB-BA,24587,6.1,23,0
2025-06-25,HUB-BA,24245,7.7,20,121
2025-06-26,HUB-BA,23654,6.92,19,99
2025-06-27,HUB-BA,22913,6.36,20,119
2025-06-28,HUB-BA,19527,7.75,19,122
2025-06-29,HUB-BA,19103,6.13,16,67
2025-06-30,HUB-BA,27590,7.38,25,0
2025-07-01,HUB-BA,26648,7.73,21,93
2025-07-02,HUB-BA,25349,7.93,23,43
2025-07-03,HUB-BA,23537,6.1,17,162
2025-07-04,HUB-BA,21641,6.2,20,71
2025-07-05,HUB-BA,21105,6.23,21,120
2025-07-06,HUB-BA,19295,7.29,17,134
2025-07-07,HUB-BA,26610,8.24,25,67
2025-07-08,HUB-BA,26024,7.1,24,108
2025-07-09,HUB-BA,25991,6.55,20,106
2025-07-10,HUB-BA,24662,8.08,20,207
2025-07-11,HUB-BA,23326,8.14,20,152
2025-07-12,HUB-BA,21588,8.38,19,40
2025-07-13,HUB-BA,18929,6.36,16,53
2025-07-14,HUB-BA,28264,6.26,22,87
2025-07-15,HUB-BA,27610,6.18,18,66
2025-07-16,HUB-BA,26333,6.26,28,89
2025-07-17,HUB-BA,26004,6.12,27,76
2025-07-18,HUB-BA,25146,7.57,21,102
2025-07-19,HUB-BA,21255,7.08,16,80
2025-07-20,HUB-BA,20494,10.74,21,129
2025-07-21,HUB-BA,29538,6.8,21,73
2025-07-22,HUB-BA,28150,6.88,28,19
2025-07-23,HUB-BA,26718,7.77,26,81
2025-07-24,HUB-BA,26380,6.59,23,73
2025-07-25,HUB-BA,25631,6.37,26,178
2025-07-26,HUB-BA,22032,7.03,19,125
2025-07-27,HUB-BA,20656,6.75,20,136
2025-07-28,HUB-BA,29641,7.0,26,176
2025-07-29,HUB-BA,28806,8.39,23,2
2025-07-30,HUB-BA,27200,6.45,29,62
2025-07-31,HUB-BA,26957,6.46,23,27
2025-08-01,HUB-BA,27486,7.47,24,196
2025-08-02,HUB-BA,21687,6.47,21,123
2025-08-03,HUB-BA,21389,10.21,22,103
2025-08-04,HUB-BA,32333,7.2,25,93
2025-08-05,HUB-BA,29458,7.07,30,91
2025-08-06,HUB-BA,30083,7.79,27,69
2025-08-07,HUB-BA,26980,6.91,24,143
2025-08-08,HUB-BA,26345,6.75,23,111
2025-08-09,HUB-BA,21918,7.64,20,118
2025-08-10,HUB-BA,21245,6.43,16,103
2025-08-11,HUB-BA,32079,7.45,30,181
2025-08-12,HUB-BA,30836,6.42,28,155
2025-08-13,HUB-BA,28679,7.54,25,178
2025-08-14,HUB-BA,29111,6.71,27,160
2025-08-15,HUB-BA,26471,7.06,23,79
2025-08-16,HUB-BA,22719,7.89,20,113
2025-08-17,HUB-BA,23998,6.39,23,111
2025-08-18,HUB-BA,32854,7.82,29,119
2025-08-19,HUB-BA,29745,7.56,25,118
2025-08-20,HUB-BA,28190,7.41,27,170
2025-08-21,HUB-BA,27462,6.7,22,140
2025-08-22,HUB-BA,27934,6.23,28,164
2025-08-23,HUB-BA,23107,7.94,20,94
2025-08-24,HUB-BA,22418,6.23,22,141
2025-08-25,HUB-BA,32913,6.83,34,183
2025-08-26,HUB-BA,31851,7.17,28,76
2025-08-27,HUB-BA,28530,6.49,28,94
2025-08-28,HUB-BA,27806,7.12,27,64
2025-08-29,HUB-BA,27731,7.47,25,51
2025-08-30,HUB-BA,24307,6.7,23,227
2025-08-31,HUB-BA,22962,9.25,20,168
2025-09-01,HUB-BA,32593,6.96,34,206
2025-09-02,HUB-BA,32323,6.63,29,158
2025-09-03,HUB-BA,29110,6.81,24,85
2025-09-04,HUB-BA,28833,6.87,25,51
2025-09-05,HUB-BA,27040,7.26,26,97
2025-09-06,HUB-BA,25293,6.61,21,65
2025-09-07,HUB-BA,23574,6.22,25,128
2025-09-08,HUB-BA,34798,8.06,35,219
2025-09-09,HUB-BA,33472,7.92,26,191
2025-09-10,HUB-BA,33345,7.71,32,150
2025-09-11,HUB-BA,28041,7.15,23,17
2025-09-12,HUB-BA,27661,7.03,23,101
2025-09-13,HUB-BA,24032,6.95,21,115
2025-09-14,HUB-BA,22715,6.55,19,103
2025-09-15,HUB-BA,33285,7.26,32,96
2025-09-16,HUB-BA,32210,22.93,159,5895
2025-09-17,HUB-BA,29495,20.38,146,5388
2025-09-18,HUB-BA,30620,22.52,150,5532
2025-09-19,HUB-BA,28861,6.47,25,114
2025-09-20,HUB-BA,25337,8.11,22,141
2025-09-21,HUB-BA,24171,7.52,24,74
2025-09-22,HUB-BA,35824,8.74,31,248
2025-09-23,HUB-BA,32582,6.58,33,195
2025-09-24,HUB-BA,33560,7.36,28,226
2025-09-25,HUB-BA,30939,7.1,28,96
2025-09-26,HUB-BA,27306,7.61,25,58
2025-09-27,HUB-BA,24375,6.8,25,90
2025-09-28,HUB-BA,22607,6.26,22,103
2025-09-29,HUB-BA,35582,8.23,33,274
2025-09-30,HUB-BA,33317,7.9,30,29
2025-10-01,HUB-BA,31140,6.86,25,184
2025-10-02,HUB-BA,33284,9.12,29,149
2025-10-03,HUB-BA,30164,6.89,33,214
2025-10-04,HUB-BA,26243,7.69,21,107
2025-10-05,HUB-BA,23593,6.53,20,164
2025-10-06,HUB-BA,34761,8.56,27,188
2025-10-07,HUB-BA,33933,7.39,28,95
2025-10-08,HUB-BA,32257,7.89,26,97
2025-10-09,HUB-BA,29445,6.7,23,225
2025-10-10,HUB-BA,29779,6.27,28,108
2025-10-11,HUB-BA,25926,6.61,25,186
2025-10-12,HUB-BA,24506,6.39,23,75
2025-10-13,HUB-BA,35428,8.0,29,189
2025-10-14,HUB-BA,33657,7.12,25,182
2025-10-15,HUB-BA,32254,6.68,23,88
2025-10-16,HUB-BA,31974,6.75,25,147
2025-10-17,HUB-BA,30971,6.23,25,136
2025-10-18,HUB-BA,27215,7.85,23,119
2025-10-19,HUB-BA,24727,6.84,23,180
2025-10-20,HUB-BA,36308,8.5,32,419
2025-10-21,HUB-BA,35240,7.96,37,272
2025-10-22,HUB-BA,33536,7.14,37,110
2025-10-23,HUB-BA,31752,7.47,28,161
2025-10-24,HUB-BA,31528,7.3,23,154
2025-10-25,HUB-BA,27433,6.34,23,88
2025-10-26,HUB-BA,26413,7.46,23,155
2025-10-27,HUB-BA,39639,8.79,44,861
2025-10-28,HUB-BA,34036,7.84,27,176
2025-10-29,HUB-BA,33218,8.35,25,45
2025-10-30,HUB-BA,32614,8.64,30,190
2025-10-31,HUB-BA,30913,6.8,26,79
2025-11-01,HUB-BA,26207,6.42,22,140
2025-11-02,HUB-BA,24219,6.19,20,159
2025-11-03,HUB-BA,37845,8.64,36,642
2025-11-04,HUB-BA,34526,7.7,32,255
2025-11-05,HUB-BA,33660,8.54,23,62
2025-11-06,HUB-BA,32035,7.3,29,123
2025-11-07,HUB-BA,30144,6.27,29,82
2025-11-08,HUB-BA,27322,7.44,26,73
2025-11-09,HUB-BA,25953,7.64,28,22
2025-11-10,HUB-BA,38891,9.29,38,770
2025-11-11,HUB-BA,38593,9.69,39,792
2025-11-12,HUB-BA,34237,7.82,35,228
2025-11-13,HUB-BA,33856,8.27,31,64
2025-11-14,HUB-BA,30477,6.53,32,93
2025-11-15,HUB-BA,26144,8.13,25,66
2025-11-16,HUB-BA,27523,6.29,25,66
2025-11-17,HUB-BA,37259,11.74,35,507
2025-11-18,HUB-BA,34888,9.97,31,221
2025-11-19,HUB-BA,34200,9.18,31,117
2025-11-20,HUB-BA,33517,7.24,28,41
2025-11-21,HUB-BA,30976,6.75,30,184
2025-11-22,HUB-BA,27353,6.56,29,119
2025-11-23,HUB-BA,27468,6.45,20,131
2025-11-24,HUB-BA,98236,10.0,128,3391
2025-11-25,HUB-BA,90428,9.73,97,2119
2025-11-26,HUB-BA,92872,9.48,111,2422
2025-11-27,HUB-BA,89783,8.78,89,1759
2025-11-28,HUB-BA,82137,7.67,73,1077
2025-11-29,HUB-BA,68551,7.54,70,362
2025-11-30,HUB-BA,67320,6.95,60,148
2025-12-01,HUB-BA,101849,10.76,136,3782
2025-12-02,HUB-BA,38414,8.23,36,846
2025-12-03,HUB-BA,33637,7.19,30,124
2025-12-04,HUB-BA,34162,7.86,32,90
2025-12-05,HUB-BA,33363,7.92,31,98
2025-12-06,HUB-BA,25822,6.04,25,127
2025-12-07,HUB-BA,27801,6.84,24,85
2025-12-08,HUB-BA,58852,9.87,65,1559
2025-12-09,HUB-BA,58400,9.15,69,1741
2025-12-10,HUB-BA,55063,9.94,62,788
2025-12-11,HUB-BA,55624,8.5,52,998
2025-12-12,HUB-BA,51957,8.55,52,540
2025-12-13,HUB-BA,40389,6.57,34,19
2025-12-14,HUB-BA,40806,7.24,37,205
2025-12-15,HUB-BA,62238,10.32,76,2232
2025-12-16,HUB-BA,57844,10.35,60,1222
2025-12-17,HUB-BA,55994,8.64,56,1089
2025-12-18,HUB-BA,55554,8.79,47,1054
2025-12-19,HUB-BA,52516,8.89,52,668
2025-12-20,HUB-BA,44106,6.92,39,412
2025-12-21,HUB-BA,25540,7.27,23,64
2025-12-22,HUB-BA,39664,9.95,40,924
2025-12-23,HUB-BA,38452,9.57,41,689
2025-12-24,HUB-BA,34469,8.09,32,148
2025-12-25,HUB-BA,35954,8.9,29,355
2025-12-26,HUB-BA,34522,7.85,31,203
2025-12-27,HUB-BA,29043,7.2,23,117
2025-12-28,HUB-BA,24584,6.31,22,112
2025-12-29,HUB-BA,38828,9.22,42,748
2025-12-30,HUB-BA,40741,9.8,45,975
2025-12-31,HUB-BA,35446,9.64,33,347
2026-01-01,HUB-BA,33008,7.36,33,200
2026-01-02,HUB-BA,35195,7.47,29,311
2026-01-03,HUB-BA,29167,6.23,25,156
2026-01-04,HUB-BA,28838,8.29,21,71
2026-01-05,HUB-BA,41378,10.81,44,989
2026-01-06,HUB-BA,39150,9.24,37,777
2026-01-07,HUB-BA,36895,7.69,35,287
2026-01-08,HUB-BA,36632,8.49,34,275
2026-01-09,HUB-BA,36721,8.55,38,478
2026-01-10,HUB-BA,30389,6.85,26,152
2026-01-11,HUB-BA,26440,7.08,25,114
2026-01-12,HUB-BA,41956,9.3,48,856
2026-01-13,HUB-BA,40392,8.4,49,699
2026-01-14,HUB-BA,38269,9.15,37,501
2026-01-15,HUB-BA,35506,7.9,32,37
2026-01-16,HUB-BA,35678,8.86,33,171
2026-01-17,HUB-BA,30584,7.37,29,38
2026-01-18,HUB-BA,30748,6.42,31,85
2026-01-19,HUB-BA,40543,8.16,38,533
2026-01-20,HUB-BA,38450,8.57,32,367
2026-01-21,HUB-BA,36614,7.79,42,22
2026-01-22,HUB-BA,35702,7.57,29,137
2026-01-23,HUB-BA,33471,7.12,33,177
2026-01-24,HUB-BA,26965,6.11,25,119
2026-01-25,HUB-BA,27994,6.75,26,138
2026-01-26,HUB-BA,42500,8.68,38,831
2026-01-27,HUB-BA,38764,8.22,44,278
2026-01-28,HUB-BA,39820,7.95,37,398
2026-01-29,HUB-BA,36620,7.29,31,168
2026-01-30,HUB-BA,36383,7.17,28,66
2026-01-31,HUB-BA,30354,6.62,22,97
2026-02-01,HUB-BA,29471,7.46,28,238
2026-02-02,HUB-BA,42688,8.63,39,748
2026-02-03,HUB-BA,41647,9.31,38,647
2026-02-04,HUB-BA,37649,6.81,32,176
2026-02-05,HUB-BA,37518,7.13,36,95
2026-02-06,HUB-BA,35520,6.26,33,120
2026-02-07,HUB-BA,29997,7.31,29,15
2026-02-08,HUB-BA,29264,6.78,28,198
2026-02-09,HUB-BA,45918,9.25,46,1134
2026-02-10,HUB-BA,39658,7.54,31,108
2026-02-11,HUB-BA,38408,8.18,34,212
2026-02-12,HUB-BA,38784,7.75,37,207
2026-02-13,HUB-BA,36738,6.76,33,153
2026-02-14,HUB-BA,30538,8.9,22,151
2026-02-15,HUB-BA,26641,6.61,24,137
2026-02-16,HUB-BA,43674,7.96,37,623
2026-02-17,HUB-BA,37196,7.92,34,160
2026-02-18,HUB-BA,40089,7.41,40,167
2026-02-19,HUB-BA,37640,6.65,25,108
2026-02-20,HUB-BA,36829,7.33,38,214
2026-02-21,HUB-BA,29775,7.06,24,237
2026-02-22,HUB-BA,27685,6.5,27,49
2026-02-23,HUB-BA,43600,8.01,43,461
2026-02-24,HUB-BA,40570,8.24,35,109
2026-02-25,HUB-BA,37740,7.02,36,193
2026-02-26,HUB-BA,37797,7.55,32,183
2026-02-27,HUB-BA,39308,7.19,29,168
2026-02-28,HUB-BA,31868,6.32,32,90
2026-03-01,HUB-BA,30566,7.06,26,93
2026-03-02,HUB-BA,44798,8.72,48,410
2026-03-03,HUB-BA,43023,7.76,42,73
2026-03-04,HUB-BA,38413,6.76,32,248
2026-03-05,HUB-BA,35221,6.37,34,188
2026-03-06,HUB-BA,35850,6.21,34,236
2026-03-07,HUB-BA,32067,7.3,34,106
2026-03-08,HUB-BA,28681,6.3,25,143
2026-03-09,HUB-BA,60963,8.45,54,442
2026-03-10,HUB-BA,56269,8.09,53,161
2026-03-11,HUB-BA,57381,7.89,52,465
2026-03-12,HUB-BA,54901,7.62,43,179
2026-03-13,HUB-BA,52033,7.81,52,307
2026-03-14,HUB-BA,44911,6.15,47,202
2026-03-15,HUB-BA,41796,7.17,38,51
2026-03-16,HUB-BA,44423,7.53,35,166
2026-03-17,HUB-BA,39752,6.9,35,189
2026-03-18,HUB-BA,36206,7.18,30,196
2026-03-19,HUB-BA,38677,6.24,34,16
2026-03-20,HUB-BA,37001,8.0,34,77
2026-03-21,HUB-BA,32948,7.09,32,152
2026-03-22,HUB-BA,31753,6.13,33,67
2026-03-23,HUB-BA,46857,7.97,45,302
2026-03-24,HUB-BA,40295,6.15,32,156
2026-03-25,HUB-BA,38985,7.51,37,194
2026-03-26,HUB-BA,39386,7.48,34,260
2026-03-27,HUB-BA,40097,6.3,35,63
2026-03-28,HUB-BA,33472,6.17,30,165
2026-03-29,HUB-BA,31487,7.14,29,134
2026-03-30,HUB-BA,44109,6.15,44,191
2026-03-31,HUB-BA,40734,6.67,38,145
2026-04-01,HUB-BA,40833,8.19,32,176
2026-04-02,HUB-BA,37492,6.71,29,0
2026-04-03,HUB-BA,36770,7.46,35,239
2026-04-04,HUB-BA,31907,7.87,30,42
2026-04-05,HUB-BA,32202,7.7,33,243
2026-04-06,HUB-BA,44454,6.93,40,93
2026-04-07,HUB-BA,38700,6.41,36,78
2026-04-08,HUB-BA,40705,7.87,38,196
2026-04-09,HUB-BA,38292,6.05,29,174
2026-04-10,HUB-BA,37380,6.22,28,183
2026-04-11,HUB-BA,32150,6.9,31,152
2026-04-12,HUB-BA,30409,8.14,28,113
2026-04-13,HUB-BA,46563,7.82,48,152
2026-04-14,HUB-BA,40305,6.68,43,208
2026-04-15,HUB-BA,39534,7.5,35,103
2026-04-16,HUB-BA,40456,6.78,35,171
2026-04-17,HUB-BA,36762,6.58,29,22
2026-04-18,HUB-BA,30630,7.17,29,138
2026-04-19,HUB-BA,31627,6.7,23,133
2026-04-20,HUB-BA,47397,7.11,39,186
2026-04-21,HUB-BA,42801,7.6,40,317
2026-04-22,HUB-BA,37743,7.29,32,264
2026-04-23,HUB-BA,40749,6.29,37,238
2026-04-24,HUB-BA,35616,6.47,31,206
2026-04-25,HUB-BA,33021,8.17,26,139
2026-04-26,HUB-BA,30137,7.51,22,139
2026-04-27,HUB-BA,44036,6.93,42,214
2026-04-28,HUB-BA,42478,6.61,38,221
2026-04-29,HUB-BA,40524,7.47,38,168
2026-04-30,HUB-BA,39119,6.53,35,199
2026-05-01,HUB-BA,52434,7.13,47,217
2026-05-02,HUB-BA,43692,6.75,40,212
2026-05-03,HUB-BA,43709,6.95,39,255
2026-05-04,HUB-BA,62975,6.66,55,169
2026-05-05,HUB-BA,57187,7.35,46,244
2026-05-06,HUB-BA,53733,6.09,60,223
2026-05-07,HUB-BA,51240,6.27,51,101
2026-05-08,HUB-BA,52229,6.68,54,354
2026-05-09,HUB-BA,44115,6.88,45,104
2026-05-10,HUB-BA,38997,7.95,34,268
2026-05-11,HUB-BA,45616,7.57,40,60
2026-05-12,HUB-BA,42319,6.2,38,43
2026-05-13,HUB-BA,43585,6.96,38,145
2026-05-14,HUB-BA,38118,6.86,37,183
2026-05-15,HUB-BA,36597,6.15,30,175
2026-05-16,HUB-BA,34591,7.13,28,228
2026-05-17,HUB-BA,33207,6.98,26,82
2026-05-18,HUB-BA,45562,7.59,40,267
2026-05-19,HUB-BA,43000,6.89,37,29
2026-05-20,HUB-BA,42464,6.42,36,88
2026-05-21,HUB-BA,37466,6.89,34,130
2026-05-22,HUB-BA,36258,6.29,29,65
2026-05-23,HUB-BA,33178,6.69,32,169
2026-05-24,HUB-BA,33631,6.38,27,91
2026-05-25,HUB-BA,46357,7.91,37,278
2026-05-26,HUB-BA,44406,6.76,37,255
2026-05-27,HUB-BA,43487,6.37,39,115
2026-05-28,HUB-BA,44071,8.26,43,145
2026-05-29,HUB-BA,38239,6.82,34,146
2026-05-30,HUB-BA,33696,6.44,25,226
2026-05-31,HUB-BA,34147,6.62,32,72
2026-06-01,HUB-BA,44845,7.39,42,0
2026-06-02,HUB-BA,46126,7.15,39,145
2026-06-03,HUB-BA,40589,6.95,37,88
2026-06-04,HUB-BA,41448,6.26,43,39
2026-06-05,HUB-BA,38936,8.16,32,153
2026-06-06,HUB-BA,32788,7.54,32,54
2026-06-07,HUB-BA,31188,8.98,32,146
2026-06-08,HUB-BA,48124,6.77,44,77
2026-06-09,HUB-BA,46362,6.81,37,459
2026-06-10,HUB-BA,42157,6.08,43,258
2026-06-11,HUB-BA,41657,6.68,41,106
2026-06-12,HUB-BA,40302,6.17,38,99
2026-06-13,HUB-BA,32975,6.63,30,119
2026-06-14,HUB-BA,33340,7.76,33,182
2026-06-15,HUB-BA,49333,7.13,41,153
2026-06-16,HUB-BA,49185,7.86,48,82
2026-06-17,HUB-BA,42049,7.46,37,46
2026-06-18,HUB-BA,41141,6.68,31,163
2026-06-19,HUB-BA,40825,6.3,33,104
2026-06-20,HUB-BA,35330,7.51,33,161
2026-06-21,HUB-BA,32086,6.77,30,0
2026-06-22,HUB-BA,47571,7.68,45,235
2026-06-23,HUB-BA,46213,7.0,40,155
2026-06-24,HUB-BA,41630,7.14,38,20
2026-06-25,HUB-BA,41464,7.44,40,196
2026-06-26,HUB-BA,40125,8.0,45,201
2026-06-27,HUB-BA,35760,6.75,31,85
2026-06-28,HUB-BA,32202,6.77,32,170
2026-06-29,HUB-BA,45416,7.39,44,58
2026-06-30,HUB-BA,42570,6.44,39,0
2026-07-01,HUB-BA,41233,7.32,32,151
2026-07-02,HUB-BA,40379,7.47,41,90
2026-07-03,HUB-BA,40025,9.24,37,60
2026-07-04,HUB-BA,33320,7.28,28,171
2026-07-05,HUB-BA,32285,7.9,26,143
2026-07-06,HUB-BA,47519,6.66,44,346
2026-07-07,HUB-BA,45201,6.62,37,219
2026-07-08,HUB-BA,45405,6.82,39,232
2026-07-09,HUB-BA,43568,6.52,37,98
2026-07-10,HUB-BA,40510,7.31,37,0
2026-07-11,HUB-BA,34413,6.41,33,274
2026-07-12,HUB-BA,32795,6.39,29,163
2026-07-13,HUB-BA,49702,6.36,44,358
2026-07-14,HUB-BA,47132,7.15,43,77
2026-07-15,HUB-BA,42272,6.39,35,254
2026-07-16,HUB-BA,42895,6.39,36,196
2026-07-17,HUB-BA,37836,6.4,32,232
2026-07-18,HUB-BA,35450,6.08,33,183
2026-07-19,HUB-BA,34395,6.59,36,122
2026-07-20,HUB-BA,48951,7.34,39,223
2026-07-21,HUB-BA,49420,7.23,46,163
2026-07-22,HUB-BA,42568,7.26,37,242
2026-07-23,HUB-BA,43426,7.46,38,105
2026-07-24,HUB-BA,40927,7.36,35,106
2026-07-25,HUB-BA,35277,6.66,35,130
2026-07-26,HUB-BA,33569,7.38,23,176
2026-07-27,HUB-BA,49920,6.35,40,205
2026-07-28,HUB-BA,48133,6.94,48,161
2026-07-29,HUB-BA,46318,6.36,47,283
2026-07-30,HUB-BA,43354,6.54,46,224
2026-07-31,HUB-BA,42401,7.99,39,131
2026-08-01,HUB-BA,34739,6.67,33,67
2026-08-02,HUB-BA,34814,6.53,25,127
2026-08-03,HUB-BA,48698,7.59,44,134
2026-08-04,HUB-BA,48822,6.49,46,120
2026-08-05,HUB-BA,47891,7.2,41,263
2026-08-06,HUB-BA,43431,7.01,39,272
2026-08-07,HUB-BA,38289,6.8,39,149
2026-08-08,HUB-BA,35140,6.45,36,140
2026-08-09,HUB-BA,35579,8.36,33,90
2026-08-10,HUB-BA,51305,6.51,46,96
2026-08-11,HUB-BA,47720,8.06,46,267
2026-08-12,HUB-BA,46296,7.26,40,68
2026-08-13,HUB-BA,44622,7.57,44,123
2026-08-14,HUB-BA,43497,6.99,37,117
2026-08-15,HUB-BA,37201,8.42,36,180
2026-08-16,HUB-BA,36140,8.84,32,130
2026-08-17,HUB-BA,51268,6.73,43,147
2026-08-18,HUB-BA,49097,6.54,46,330
2026-08-19,HUB-BA,44501,6.92,38,323
2026-08-20,HUB-BA,43211,6.71,43,207
2026-08-21,HUB-BA,44475,7.85,36,191
2026-08-22,HUB-BA,36530,7.31,34,109
2026-08-23,HUB-BA,35489,6.32,30,141
2026-08-24,HUB-BA,51154,6.31,52,81
2026-08-25,HUB-BA,46891,7.03,45,280
2026-08-26,HUB-BA,45269,7.85,41,169
2026-08-27,HUB-BA,46635,6.47,42,122
2026-08-28,HUB-BA,43038,7.24,45,144
2026-08-29,HUB-BA,34287,7.46,33,186
2026-08-30,HUB-BA,34460,7.28,29,120
2026-08-31,HUB-BA,54432,6.37,54,132
2026-09-01,HUB-BA,47797,6.64,41,0
2026-09-02,HUB-BA,42652,6.64,39,164
2026-09-03,HUB-BA,47626,7.47,34,226
2026-09-04,HUB-BA,43483,6.59,42,131
2026-09-05,HUB-BA,36598,6.33,31,88
2026-09-06,HUB-BA,34474,7.4,30,60
2026-09-07,HUB-BA,53492,6.41,41,174
2026-09-08,HUB-BA,47524,6.19,44,84
2026-09-09,HUB-BA,47631,6.62,43,84
2026-09-10,HUB-BA,45783,6.21,36,139
2026-09-11,HUB-BA,43086,6.15,39,335
2026-09-12,HUB-BA,37093,6.07,32,322
2026-09-13,HUB-BA,34919,7.18,35,222
2026-09-14,HUB-BA,53742,6.88,45,284
2026-09-15,HUB-BA,47254,9.18,45,6
2026-09-16,HUB-BA,43447,6.54,33,406
2026-09-17,HUB-BA,46169,8.23,42,221
2026-09-18,HUB-BA,43922,7.22,41,79
2026-09-19,HUB-BA,37747,6.57,35,354
2026-09-20,HUB-BA,35847,6.35,32,136
2026-09-21,HUB-BA,51566,7.03,54,292
2026-09-22,HUB-BA,50369,6.4,44,170
2026-09-23,HUB-BA,46259,7.01,44,238
2026-09-24,HUB-BA,44688,6.39,39,240
2026-09-25,HUB-BA,42754,6.3,35,245
2026-09-26,HUB-BA,39983,6.14,32,263
2026-09-27,HUB-BA,33392,6.96,27,144
2026-09-28,HUB-BA,53376,6.81,51,236
2026-09-29,HUB-BA,46408,6.29,47,181
2026-09-30,HUB-BA,46430,6.75,44,89
2025-01-01,HUB-PA,0,,0,0
2025-01-02,HUB-PA,0,,0,0
2025-01-03,HUB-PA,0,,0,0
2025-01-04,HUB-PA,0,,0,0
2025-01-05,HUB-PA,0,,0,0
2025-01-06,HUB-PA,0,,0,0
2025-01-07,HUB-PA,0,,0,0
2025-01-08,HUB-PA,0,,0,0
2025-01-09,HUB-PA,0,,0,0
2025-01-10,HUB-PA,0,,0,0
2025-01-11,HUB-PA,0,,0,0
2025-01-12,HUB-PA,0,,0,0
2025-01-13,HUB-PA,0,,0,0
2025-01-14,HUB-PA,0,,0,0
2025-01-15,HUB-PA,0,,0,0
2025-01-16,HUB-PA,0,,0,0
2025-01-17,HUB-PA,0,,0,0
2025-01-18,HUB-PA,0,,0,0
2025-01-19,HUB-PA,0,,0,0
2025-01-20,HUB-PA,0,,0,0
2025-01-21,HUB-PA,0,,0,0
2025-01-22,HUB-PA,0,,0,0
2025-01-23,HUB-PA,0,,0,0
2025-01-24,HUB-PA,0,,0,0
2025-01-25,HUB-PA,0,,0,0
2025-01-26,HUB-PA,0,,0,0
2025-01-27,HUB-PA,0,,0,0
2025-01-28,HUB-PA,0,,0,0
2025-01-29,HUB-PA,0,,0,0
2025-01-30,HUB-PA,0,,0,0
2025-01-31,HUB-PA,0,,0,0
2025-02-01,HUB-PA,0,,0,0
2025-02-02,HUB-PA,0,,0,0
2025-02-03,HUB-PA,0,,0,0
2025-02-04,HUB-PA,0,,0,0
2025-02-05,HUB-PA,0,,0,0
2025-02-06,HUB-PA,0,,0,0
2025-02-07,HUB-PA,0,,0,0
2025-02-08,HUB-PA,0,,0,0
2025-02-09,HUB-PA,0,,0,0
2025-02-10,HUB-PA,0,,0,0
2025-02-11,HUB-PA,0,,0,0
2025-02-12,HUB-PA,0,,0,0
2025-02-13,HUB-PA,0,,0,0
2025-02-14,HUB-PA,0,,0,0
2025-02-15,HUB-PA,0,,0,0
2025-02-16,HUB-PA,0,,0,0
2025-02-17,HUB-PA,0,,0,0
2025-02-18,HUB-PA,0,,0,0
2025-02-19,HUB-PA,0,,0,0
2025-02-20,HUB-PA,0,,0,0
2025-02-21,HUB-PA,0,,0,0
2025-02-22,HUB-PA,0,,0,0
2025-02-23,HUB-PA,0,,0,0
2025-02-24,HUB-PA,0,,0,0
2025-02-25,HUB-PA,0,,0,0
2025-02-26,HUB-PA,0,,0,0
2025-02-27,HUB-PA,0,,0,0
2025-02-28,HUB-PA,0,,0,0
2025-03-01,HUB-PA,0,,0,0
2025-03-02,HUB-PA,0,,0,0
2025-03-03,HUB-PA,0,,0,0
2025-03-04,HUB-PA,0,,0,0
2025-03-05,HUB-PA,0,,0,0
2025-03-06,HUB-PA,0,,0,0
2025-03-07,HUB-PA,0,,0,0
2025-03-08,HUB-PA,0,,0,0
2025-03-09,HUB-PA,0,,0,0
2025-03-10,HUB-PA,0,,0,0
2025-03-11,HUB-PA,0,,0,0
2025-03-12,HUB-PA,0,,0,0
2025-03-13,HUB-PA,0,,0,0
2025-03-14,HUB-PA,0,,0,0
2025-03-15,HUB-PA,0,,0,0
2025-03-16,HUB-PA,0,,0,0
2025-03-17,HUB-PA,0,,0,0
2025-03-18,HUB-PA,0,,0,0
2025-03-19,HUB-PA,0,,0,0
2025-03-20,HUB-PA,0,,0,0
2025-03-21,HUB-PA,0,,0,0
2025-03-22,HUB-PA,0,,0,0
2025-03-23,HUB-PA,0,,0,0
2025-03-24,HUB-PA,0,,0,0
2025-03-25,HUB-PA,0,,0,0
2025-03-26,HUB-PA,0,,0,0
2025-03-27,HUB-PA,0,,0,0
2025-03-28,HUB-PA,0,,0,0
2025-03-29,HUB-PA,0,,0,0
2025-03-30,HUB-PA,0,,0,0
2025-03-31,HUB-PA,0,,0,0
2025-04-01,HUB-PA,0,,0,0
2025-04-02,HUB-PA,0,,0,0
2025-04-03,HUB-PA,0,,0,0
2025-04-04,HUB-PA,0,,0,0
2025-04-05,HUB-PA,0,,0,0
2025-04-06,HUB-PA,0,,0,0
2025-04-07,HUB-PA,0,,0,0
2025-04-08,HUB-PA,0,,0,0
2025-04-09,HUB-PA,0,,0,0
2025-04-10,HUB-PA,0,,0,0
2025-04-11,HUB-PA,0,,0,0
2025-04-12,HUB-PA,0,,0,0
2025-04-13,HUB-PA,0,,0,0
2025-04-14,HUB-PA,0,,0,0
2025-04-15,HUB-PA,0,,0,0
2025-04-16,HUB-PA,0,,0,0
2025-04-17,HUB-PA,0,,0,0
2025-04-18,HUB-PA,0,,0,0
2025-04-19,HUB-PA,0,,0,0
2025-04-20,HUB-PA,0,,0,0
2025-04-21,HUB-PA,0,,0,0
2025-04-22,HUB-PA,0,,0,0
2025-04-23,HUB-PA,0,,0,0
2025-04-24,HUB-PA,0,,0,0
2025-04-25,HUB-PA,0,,0,0
2025-04-26,HUB-PA,0,,0,0
2025-04-27,HUB-PA,0,,0,0
2025-04-28,HUB-PA,0,,0,0
2025-04-29,HUB-PA,0,,0,0
2025-04-30,HUB-PA,0,,0,0
2025-05-01,HUB-PA,0,,0,0
2025-05-02,HUB-PA,0,,0,0
2025-05-03,HUB-PA,0,,0,0
2025-05-04,HUB-PA,0,,0,0
2025-05-05,HUB-PA,0,,0,0
2025-05-06,HUB-PA,0,,0,0
2025-05-07,HUB-PA,0,,0,0
2025-05-08,HUB-PA,0,,0,0
2025-05-09,HUB-PA,0,,0,0
2025-05-10,HUB-PA,0,,0,0
2025-05-11,HUB-PA,0,,0,0
2025-05-12,HUB-PA,0,,0,0
2025-05-13,HUB-PA,0,,0,0
2025-05-14,HUB-PA,0,,0,0
2025-05-15,HUB-PA,0,,0,0
2025-05-16,HUB-PA,0,,0,0
2025-05-17,HUB-PA,0,,0,0
2025-05-18,HUB-PA,0,,0,0
2025-05-19,HUB-PA,0,,0,0
2025-05-20,HUB-PA,0,,0,0
2025-05-21,HUB-PA,0,,0,0
2025-05-22,HUB-PA,0,,0,0
2025-05-23,HUB-PA,0,,0,0
2025-05-24,HUB-PA,0,,0,0
2025-05-25,HUB-PA,0,,0,0
2025-05-26,HUB-PA,0,,0,0
2025-05-27,HUB-PA,0,,0,0
2025-05-28,HUB-PA,0,,0,0
2025-05-29,HUB-PA,0,,0,0
2025-05-30,HUB-PA,0,,0,0
2025-05-31,HUB-PA,0,,0,0
2025-06-01,HUB-PA,0,,0,0
2025-06-02,HUB-PA,0,,0,0
2025-06-03,HUB-PA,0,,0,0
2025-06-04,HUB-PA,0,,0,0
2025-06-05,HUB-PA,0,,0,0
2025-06-06,HUB-PA,0,,0,0
2025-06-07,HUB-PA,0,,0,0
2025-06-08,HUB-PA,0,,0,0
2025-06-09,HUB-PA,0,,0,0
2025-06-10,HUB-PA,0,,0,0
2025-06-11,HUB-PA,0,,0,0
2025-06-12,HUB-PA,0,,0,0
2025-06-13,HUB-PA,0,,0,0
2025-06-14,HUB-PA,0,,0,0
2025-06-15,HUB-PA,0,,0,0
2025-06-16,HUB-PA,0,,0,0
2025-06-17,HUB-PA,0,,0,0
2025-06-18,HUB-PA,0,,0,0
2025-06-19,HUB-PA,0,,0,0
2025-06-20,HUB-PA,0,,0,0
2025-06-21,HUB-PA,0,,0,0
2025-06-22,HUB-PA,0,,0,0
2025-06-23,HUB-PA,0,,0,0
2025-06-24,HUB-PA,0,,0,0
2025-06-25,HUB-PA,0,,0,0
2025-06-26,HUB-PA,0,,0,0
2025-06-27,HUB-PA,0,,0,0
2025-06-28,HUB-PA,0,,0,0
2025-06-29,HUB-PA,0,,0,0
2025-06-30,HUB-PA,0,,0,0
2025-07-01,HUB-PA,0,,0,0
2025-07-02,HUB-PA,0,,0,0
2025-07-03,HUB-PA,0,,0,0
2025-07-04,HUB-PA,0,,0,0
2025-07-05,HUB-PA,0,,0,0
2025-07-06,HUB-PA,0,,0,0
2025-07-07,HUB-PA,0,,0,0
2025-07-08,HUB-PA,0,,0,0
2025-07-09,HUB-PA,0,,0,0
2025-07-10,HUB-PA,0,,0,0
2025-07-11,HUB-PA,0,,0,0
2025-07-12,HUB-PA,0,,0,0
2025-07-13,HUB-PA,0,,0,0
2025-07-14,HUB-PA,0,,0,0
2025-07-15,HUB-PA,0,,0,0
2025-07-16,HUB-PA,0,,0,0
2025-07-17,HUB-PA,0,,0,0
2025-07-18,HUB-PA,0,,0,0
2025-07-19,HUB-PA,0,,0,0
2025-07-20,HUB-PA,0,,0,0
2025-07-21,HUB-PA,0,,0,0
2025-07-22,HUB-PA,0,,0,0
2025-07-23,HUB-PA,0,,0,0
2025-07-24,HUB-PA,0,,0,0
2025-07-25,HUB-PA,0,,0,0
2025-07-26,HUB-PA,0,,0,0
2025-07-27,HUB-PA,0,,0,0
2025-07-28,HUB-PA,0,,0,0
2025-07-29,HUB-PA,0,,0,0
2025-07-30,HUB-PA,0,,0,0
2025-07-31,HUB-PA,0,,0,0
2025-08-01,HUB-PA,3349,6.95,3,15
2025-08-02,HUB-PA,2937,6.63,3,14
2025-08-03,HUB-PA,2736,7.38,2,9
2025-08-04,HUB-PA,4664,7.04,4,25
2025-08-05,HUB-PA,4329,7.7,4,22
2025-08-06,HUB-PA,4159,6.28,3,24
2025-08-07,HUB-PA,4180,7.08,4,23
2025-08-08,HUB-PA,3989,6.93,4,22
2025-08-09,HUB-PA,3405,7.58,3,11
2025-08-10,HUB-PA,3303,6.44,3,12
2025-08-11,HUB-PA,4906,7.17,4,11
2025-08-12,HUB-PA,5191,6.02,5,23
2025-08-13,HUB-PA,4648,7.51,4,11
2025-08-14,HUB-PA,4465,7.27,4,22
2025-08-15,HUB-PA,4449,6.34,4,28
2025-08-16,HUB-PA,3698,6.78,3,15
2025-08-17,HUB-PA,3893,6.29,4,11
2025-08-18,HUB-PA,5402,6.93,4,27
2025-08-19,HUB-PA,5357,7.46,5,32
2025-08-20,HUB-PA,5227,7.39,5,13
2025-08-21,HUB-PA,5071,7.08,5,21
2025-08-22,HUB-PA,4832,6.19,4,22
2025-08-23,HUB-PA,4210,7.19,4,14
2025-08-24,HUB-PA,4044,7.14,3,20
2025-08-25,HUB-PA,5925,7.36,5,4
2025-08-26,HUB-PA,5655,6.41,5,27
2025-08-27,HUB-PA,5774,6.54,6,44
2025-08-28,HUB-PA,5422,8.96,4,28
2025-08-29,HUB-PA,5084,6.28,4,21
2025-08-30,HUB-PA,4479,6.99,4,7
2025-08-31,HUB-PA,4554,6.39,4,15
2025-09-01,HUB-PA,6688,6.7,6,31
2025-09-02,HUB-PA,6319,6.78,6,26
2025-09-03,HUB-PA,5860,7.17,5,9
2025-09-04,HUB-PA,5972,6.87,6,27
2025-09-05,HUB-PA,5489,6.1,5,13
2025-09-06,HUB-PA,4848,6.43,5,14
2025-09-07,HUB-PA,4857,6.65,4,28
2025-09-08,HUB-PA,7204,7.49,6,25
2025-09-09,HUB-PA,6396,6.54,6,17
2025-09-10,HUB-PA,6123,6.82,5,12
2025-09-11,HUB-PA,6265,6.96,6,16
2025-09-12,HUB-PA,6341,6.93,6,19
2025-09-13,HUB-PA,4856,6.84,4,28
2025-09-14,HUB-PA,5041,6.35,5,20
2025-09-15,HUB-PA,7064,6.54,6,45
2025-09-16,HUB-PA,6869,7.42,6,11
2025-09-17,HUB-PA,6602,7.62,6,43
2025-09-18,HUB-PA,6509,7.76,6,24
2025-09-19,HUB-PA,6207,6.48,5,22
2025-09-20,HUB-PA,5501,6.6,5,19
2025-09-21,HUB-PA,5172,7.07,5,44
2025-09-22,HUB-PA,7427,8.5,6,23
2025-09-23,HUB-PA,7606,9.56,7,62
2025-09-24,HUB-PA,7227,6.48,7,41
2025-09-25,HUB-PA,7157,6.42,7,13
2025-09-26,HUB-PA,6291,6.23,6,13
2025-09-27,HUB-PA,5839,7.22,5,26
2025-09-28,HUB-PA,5664,6.2,5,24
2025-09-29,HUB-PA,7915,7.13,8,25
2025-09-30,HUB-PA,7764,7.15,7,23
2025-10-01,HUB-PA,7346,8.24,6,52
2025-10-02,HUB-PA,7746,6.41,7,33
2025-10-03,HUB-PA,7424,6.1,7,37
2025-10-04,HUB-PA,5688,6.25,5,24
2025-10-05,HUB-PA,6285,6.66,5,26
2025-10-06,HUB-PA,8298,6.4,9,69
2025-10-07,HUB-PA,8376,6.55,7,43
2025-10-08,HUB-PA,7954,7.41,6,74
2025-10-09,HUB-PA,7320,6.57,6,41
2025-10-10,HUB-PA,7371,6.6,6,20
2025-10-11,HUB-PA,6265,6.96,6,41
2025-10-12,HUB-PA,6131,6.48,5,24
2025-10-13,HUB-PA,8987,7.14,8,63
2025-10-14,HUB-PA,8770,7.45,7,23
2025-10-15,HUB-PA,8012,6.42,7,7
2025-10-16,HUB-PA,7829,8.13,6,33
2025-10-17,HUB-PA,7809,6.21,7,54
2025-10-18,HUB-PA,6656,6.26,6,18
2025-10-19,HUB-PA,6396,6.6,5,33
2025-10-20,HUB-PA,9025,6.28,9,24
2025-10-21,HUB-PA,8400,6.96,6,49
2025-10-22,HUB-PA,8110,9.37,8,27
2025-10-23,HUB-PA,7973,6.61,8,36
2025-10-24,HUB-PA,7993,6.58,7,27
2025-10-25,HUB-PA,6976,6.26,6,17
2025-10-26,HUB-PA,6411,9.86,5,1
2025-10-27,HUB-PA,10024,8.72,9,14
2025-10-28,HUB-PA,9436,7.68,8,32
2025-10-29,HUB-PA,8615,6.71,8,42
2025-10-30,HUB-PA,8169,7.75,7,63
2025-10-31,HUB-PA,8467,7.23,7,25
2025-11-01,HUB-PA,6942,6.48,6,19
2025-11-02,HUB-PA,6674,9.79,6,9
2025-11-03,HUB-PA,9720,6.46,10,56
2025-11-04,HUB-PA,8988,6.65,10,46
2025-11-05,HUB-PA,8344,6.44,8,41
2025-11-06,HUB-PA,8850,6.05,8,42
2025-11-07,HUB-PA,8032,6.12,8,26
2025-11-08,HUB-PA,7923,8.5,7,53
2025-11-09,HUB-PA,6573,6.55,6,16
2025-11-10,HUB-PA,9669,6.97,10,30
2025-11-11,HUB-PA,9705,6.88,10,19
2025-11-12,HUB-PA,9522,6.74,8,36
2025-11-13,HUB-PA,8914,6.11,9,22
2025-11-14,HUB-PA,8650,7.07,8,24
2025-11-15,HUB-PA,6872,7.17,6,11
2025-11-16,HUB-PA,6847,6.5,6,14
2025-11-17,HUB-PA,9987,8.04,9,8
2025-11-18,HUB-PA,9130,8.54,6,43
2025-11-19,HUB-PA,9306,6.13,7,21
2025-11-20,HUB-PA,8402,6.7,8,61
2025-11-21,HUB-PA,8289,7.06,7,49
2025-11-22,HUB-PA,7385,6.15,7,31
2025-11-23,HUB-PA,6974,8.13,7,36
2025-11-24,HUB-PA,28012,10.01,25,721
2025-11-25,HUB-PA,26310,9.35,29,392
2025-11-26,HUB-PA,25436,9.78,23,287
2025-11-27,HUB-PA,24898,8.11,23,281
2025-11-28,HUB-PA,24042,7.79,26,176
2025-11-29,HUB-PA,20017,6.86,20,49
2025-11-30,HUB-PA,19303,7.13,17,166
2025-12-01,HUB-PA,28754,10.15,31,715
2025-12-02,HUB-PA,10285,7.21,9,0
2025-12-03,HUB-PA,9560,6.45,8,71
2025-12-04,HUB-PA,9423,7.32,10,51
2025-12-05,HUB-PA,8823,7.18,8,39
2025-12-06,HUB-PA,7980,7.78,7,45
2025-12-07,HUB-PA,7477,7.55,7,20
2025-12-08,HUB-PA,16793,8.3,18,231
2025-12-09,HUB-PA,15817,7.74,12,141
2025-12-10,HUB-PA,14687,7.18,16,38
2025-12-11,HUB-PA,15594,8.3,14,96
2025-12-12,HUB-PA,14402,8.61,12,40
2025-12-13,HUB-PA,12056,6.95,12,34
2025-12-14,HUB-PA,12193,6.77,12,37
2025-12-15,HUB-PA,17185,8.62,18,360
2025-12-16,HUB-PA,15693,8.15,16,157
2025-12-17,HUB-PA,16190,9.06,17,214
2025-12-18,HUB-PA,15075,7.61,14,0
2025-12-19,HUB-PA,14424,7.13,11,28
2025-12-20,HUB-PA,12683,7.68,12,25
2025-12-21,HUB-PA,8103,7.15,7,52
2025-12-22,HUB-PA,11525,9.52,11,162
2025-12-23,HUB-PA,10388,7.36,9,2
2025-12-24,HUB-PA,10462,9.44,10,58
2025-12-25,HUB-PA,9919,7.02,8,41
2025-12-26,HUB-PA,10244,7.48,10,92
2025-12-27,HUB-PA,8314,7.25,7,10
2025-12-28,HUB-PA,7308,6.51,6,26
2025-12-29,HUB-PA,11863,9.31,12,206
2025-12-30,HUB-PA,11780,9.26,12,194
2025-12-31,HUB-PA,11016,8.22,11,94
2026-01-01,HUB-PA,10918,8.52,11,75
2026-01-02,HUB-PA,9420,6.61,9,41
2026-01-03,HUB-PA,8721,7.15,8,36
2026-01-04,HUB-PA,7855,7.34,7,31
2026-01-05,HUB-PA,12001,9.08,14,257
2026-01-06,HUB-PA,10708,8.51,10,61
2026-01-07,HUB-PA,10369,7.14,9,59
2026-01-08,HUB-PA,10176,7.37,9,44
2026-01-09,HUB-PA,10236,9.18,9,47
2026-01-10,HUB-PA,8824,6.85,7,52
2026-01-11,HUB-PA,8262,6.72,8,14
2026-01-12,HUB-PA,11519,7.86,11,106
2026-01-13,HUB-PA,11255,7.74,11,84
2026-01-14,HUB-PA,10488,7.37,8,43
2026-01-15,HUB-PA,10902,8.59,8,13
2026-01-16,HUB-PA,10488,7.92,9,58
2026-01-17,HUB-PA,9034,6.38,8,62
2026-01-18,HUB-PA,8084,7.06,6,54
2026-01-19,HUB-PA,11091,7.77,9,29
2026-01-20,HUB-PA,10830,7.57,10,62
2026-01-21,HUB-PA,11468,8.51,10,60
2026-01-22,HUB-PA,10581,7.64,10,44
2026-01-23,HUB-PA,9947,7.19,8,62
2026-01-24,HUB-PA,9342,7.24,8,62
2026-01-25,HUB-PA,8792,6.13,9,27
2026-01-26,HUB-PA,12448,10.53,11,158
2026-01-27,HUB-PA,11583,7.94,10,90
2026-01-28,HUB-PA,11023,7.96,11,42
2026-01-29,HUB-PA,10964,8.18,11,0
2026-01-30,HUB-PA,10932,6.96,9,53
2026-01-31,HUB-PA,9085,6.76,8,22
2026-02-01,HUB-PA,8748,7.7,9,30
2026-02-02,HUB-PA,13117,10.13,13,242
2026-02-03,HUB-PA,11371,7.52,11,3
2026-02-04,HUB-PA,11515,6.93,11,64
2026-02-05,HUB-PA,10904,6.64,10,11
2026-02-06,HUB-PA,9563,6.59,9,24
2026-02-07,HUB-PA,8391,7.03,9,39
2026-02-08,HUB-PA,8332,7.11,7,13
2026-02-09,HUB-PA,12998,9.18,13,139
2026-02-10,HUB-PA,12052,8.62,11,56
2026-02-11,HUB-PA,11431,6.52,9,58
2026-02-12,HUB-PA,11916,7.46,10,43
2026-02-13,HUB-PA,10143,7.62,9,53
2026-02-14,HUB-PA,9168,8.25,9,111
2026-02-15,HUB-PA,8838,7.17,7,9
2026-02-16,HUB-PA,12582,7.54,9,25
2026-02-17,HUB-PA,12161,7.79,11,76
2026-02-18,HUB-PA,10849,7.84,9,18
2026-02-19,HUB-PA,11843,6.78,12,56
2026-02-20,HUB-PA,10483,6.35,10,55
2026-02-21,HUB-PA,9944,6.36,10,39
2026-02-22,HUB-PA,8836,7.24,8,40
2026-02-23,HUB-PA,13534,8.15,11,214
2026-02-24,HUB-PA,12265,6.75,12,34
2026-02-25,HUB-PA,11611,8.05,10,76
2026-02-26,HUB-PA,11181,6.82,11,15
2026-02-27,HUB-PA,10905,8.75,9,51
2026-02-28,HUB-PA,9493,7.37,9,47
2026-03-01,HUB-PA,8699,6.83,8,33
2026-03-02,HUB-PA,13151,8.69,12,109
2026-03-03,HUB-PA,12158,6.84,11,50
2026-03-04,HUB-PA,12697,7.87,11,59
2026-03-05,HUB-PA,11502,7.06,9,30
2026-03-06,HUB-PA,11572,6.77,11,23
2026-03-07,HUB-PA,9425,6.27,9,18
2026-03-08,HUB-PA,9122,7.03,8,25
2026-03-09,HUB-PA,17825,8.23,16,77
2026-03-10,HUB-PA,17302,7.43,16,134
2026-03-11,HUB-PA,16747,6.84,17,57
2026-03-12,HUB-PA,17229,7.27,15,69
2026-03-13,HUB-PA,15650,8.38,12,27
2026-03-14,HUB-PA,14074,6.54,13,114
2026-03-15,HUB-PA,13075,7.02,12,46
2026-03-16,HUB-PA,14254,8.54,13,136
2026-03-17,HUB-PA,12657,7.15,11,38
2026-03-18,HUB-PA,13000,9.08,12,47
2026-03-19,HUB-PA,11577,7.31,10,39
2026-03-20,HUB-PA,10903,7.2,9,14
2026-03-21,HUB-PA,9275,6.85,8,53
2026-03-22,HUB-PA,9978,6.54,9,18
2026-03-23,HUB-PA,14010,8.06,13,110
2026-03-24,HUB-PA,12658,7.56,11,17
2026-03-25,HUB-PA,12644,7.72,12,55
2026-03-26,HUB-PA,12179,7.34,11,24
2026-03-27,HUB-PA,12092,6.1,11,31
2026-03-28,HUB-PA,9249,6.18,9,46
2026-03-29,HUB-PA,9228,6.69,9,59
2026-03-30,HUB-PA,13527,6.84,13,103
2026-03-31,HUB-PA,12038,6.39,13,57
2026-04-01,HUB-PA,12683,6.33,13,51
2026-04-02,HUB-PA,11891,6.72,12,25
2026-04-03,HUB-PA,11715,6.86,9,5
2026-04-04,HUB-PA,10685,6.26,10,56
2026-04-05,HUB-PA,9285,8.0,9,32
2026-04-06,HUB-PA,13674,7.79,12,55
2026-04-07,HUB-PA,13105,7.15,9,42
2026-04-08,HUB-PA,12768,7.56,9,33
2026-04-09,HUB-PA,11874,6.81,10,64
2026-04-10,HUB-PA,11269,7.13,10,84
2026-04-11,HUB-PA,10329,6.55,8,17
2026-04-12,HUB-PA,9612,6.41,9,2
2026-04-13,HUB-PA,13001,6.56,10,46
2026-04-14,HUB-PA,12603,6.89,9,32
2026-04-15,HUB-PA,13106,7.37,14,83
2026-04-16,HUB-PA,12395,9.03,12,62
2026-04-17,HUB-PA,11316,6.1,10,88
2026-04-18,HUB-PA,9988,6.81,8,61
2026-04-19,HUB-PA,9574,7.49,8,40
2026-04-20,HUB-PA,14489,7.65,12,107
2026-04-21,HUB-PA,12652,7.76,11,61
2026-04-22,HUB-PA,12190,7.49,11,27
2026-04-23,HUB-PA,12447,7.82,10,61
2026-04-24,HUB-PA,11686,7.18,10,79
2026-04-25,HUB-PA,10336,6.42,8,28
2026-04-26,HUB-PA,9236,6.84,7,32
2026-04-27,HUB-PA,14424,8.82,11,114
2026-04-28,HUB-PA,13907,7.32,12,97
2026-04-29,HUB-PA,12882,6.36,11,32
2026-04-30,HUB-PA,12494,6.26,12,56
2026-05-01,HUB-PA,15911,7.33,15,63
2026-05-02,HUB-PA,13393,6.49,13,46
2026-05-03,HUB-PA,13105,7.07,11,4
2026-05-04,HUB-PA,20248,9.61,21,331
2026-05-05,HUB-PA,18157,7.64,13,39
2026-05-06,HUB-PA,16704,6.62,16,62
2026-05-07,HUB-PA,16631,6.61,15,51
2026-05-08,HUB-PA,16208,8.8,16,26
2026-05-09,HUB-PA,13727,6.39,9,48
2026-05-10,HUB-PA,13470,7.13,13,104
2026-05-11,HUB-PA,14747,8.98,11,116
2026-05-12,HUB-PA,14039,8.03,14,45
2026-05-13,HUB-PA,13515,7.32,11,48
2026-05-14,HUB-PA,13076,7.11,12,33
2026-05-15,HUB-PA,11624,6.95,10,10
2026-05-16,HUB-PA,10056,6.2,10,77
2026-05-17,HUB-PA,9863,7.24,9,3
2026-05-18,HUB-PA,14366,9.68,15,38
2026-05-19,HUB-PA,13177,6.39,11,72
2026-05-20,HUB-PA,12775,6.55,10,0
2026-05-21,HUB-PA,12524,6.81,11,69
2026-05-22,HUB-PA,11827,7.95,11,68
2026-05-23,HUB-PA,10350,8.36,10,25
2026-05-24,HUB-PA,10378,6.08,8,42
2026-05-25,HUB-PA,14813,8.91,12,142
2026-05-26,HUB-PA,15026,9.84,14,147
2026-05-27,HUB-PA,13154,6.49,13,36
2026-05-28,HUB-PA,12703,7.2,11,47
2026-05-29,HUB-PA,12207,8.23,9,37
2026-05-30,HUB-PA,10641,6.64,11,55
2026-05-31,HUB-PA,10195,7.04,8,38
2026-06-01,HUB-PA,15900,8.81,17,308
2026-06-02,HUB-PA,13523,7.75,10,44
2026-06-03,HUB-PA,13571,8.31,12,72
2026-06-04,HUB-PA,13024,8.16,11,75
2026-06-05,HUB-PA,11621,6.48,10,0
2026-06-06,HUB-PA,10912,6.27,11,52
2026-06-07,HUB-PA,10567,7.14,9,28
2026-06-08,HUB-PA,14485,8.59,13,89
2026-06-09,HUB-PA,14035,7.19,12,65
2026-06-10,HUB-PA,12471,6.67,10,53
2026-06-11,HUB-PA,12452,8.15,13,44
2026-06-12,HUB-PA,12842,6.81,11,68
2026-06-13,HUB-PA,10529,7.79,11,46
2026-06-14,HUB-PA,9797,6.52,8,24
2026-06-15,HUB-PA,15164,9.5,14,223
2026-06-16,HUB-PA,13884,7.67,12,85
2026-06-17,HUB-PA,13150,7.06,11,53
2026-06-18,HUB-PA,13461,7.43,12,39
2026-06-19,HUB-PA,11971,6.43,13,29
2026-06-20,HUB-PA,10441,6.25,11,77
2026-06-21,HUB-PA,10322,6.64,9,37
2026-06-22,HUB-PA,15665,9.39,13,264
2026-06-23,HUB-PA,14861,7.66,14,163
2026-06-24,HUB-PA,13153,8.27,11,0
2026-06-25,HUB-PA,13649,7.39,11,30
2026-06-26,HUB-PA,12223,7.37,12,103
2026-06-27,HUB-PA,11553,6.63,9,0
2026-06-28,HUB-PA,9929,7.27,9,10
2026-06-29,HUB-PA,15969,9.58,17,290
2026-06-30,HUB-PA,14016,9.07,13,28
2026-07-01,HUB-PA,14517,7.43,11,84
2026-07-02,HUB-PA,13584,7.43,14,23
2026-07-03,HUB-PA,12206,7.67,11,45
2026-07-04,HUB-PA,10735,6.8,10,51
2026-07-05,HUB-PA,10697,6.71,8,51
2026-07-06,HUB-PA,15933,8.88,15,273
2026-07-07,HUB-PA,14410,8.09,12,121
2026-07-08,HUB-PA,13677,8.02,12,59
2026-07-09,HUB-PA,13758,7.47,13,85
2026-07-10,HUB-PA,12803,7.81,11,59
2026-07-11,HUB-PA,10512,7.02,11,37
2026-07-12,HUB-PA,10186,6.75,9,36
2026-07-13,HUB-PA,15600,8.9,15,262
2026-07-14,HUB-PA,15164,9.37,16,228
2026-07-15,HUB-PA,14529,7.77,12,111
2026-07-16,HUB-PA,13862,7.5,11,61
2026-07-17,HUB-PA,12961,6.75,11,66
2026-07-18,HUB-PA,11377,6.67,11,5
2026-07-19,HUB-PA,10310,6.85,9,12
2026-07-20,HUB-PA,15495,9.59,16,242
2026-07-21,HUB-PA,14222,8.38,11,43
2026-07-22,HUB-PA,13240,7.25,10,46
2026-07-23,HUB-PA,13745,7.57,13,55
2026-07-24,HUB-PA,13003,7.42,12,115
2026-07-25,HUB-PA,11431,6.63,9,42
2026-07-26,HUB-PA,10830,6.47,9,0
2026-07-27,HUB-PA,15817,9.32,16,288
2026-07-28,HUB-PA,15030,8.11,14,203
2026-07-29,HUB-PA,13917,7.27,11,70
2026-07-30,HUB-PA,13875,10.05,12,68
2026-07-31,HUB-PA,12675,6.16,10,32
2026-08-01,HUB-PA,11383,6.1,10,36
2026-08-02,HUB-PA,10949,6.79,9,25
2026-08-03,HUB-PA,15419,9.13,15,202
2026-08-04,HUB-PA,14868,8.24,13,145
2026-08-05,HUB-PA,13724,7.38,14,80
2026-08-06,HUB-PA,13515,9.23,13,132
2026-08-07,HUB-PA,12576,6.52,10,54
2026-08-08,HUB-PA,11813,6.86,12,60
2026-08-09,HUB-PA,11171,6.68,10,0
2026-08-10,HUB-PA,16192,9.36,18,323
2026-08-11,HUB-PA,15971,8.95,14,353
2026-08-12,HUB-PA,14029,8.08,13,59
2026-08-13,HUB-PA,15329,8.69,17,209
2026-08-14,HUB-PA,13074,6.92,12,128
2026-08-15,HUB-PA,11487,6.27,10,73
2026-08-16,HUB-PA,10689,6.04,11,59
2026-08-17,HUB-PA,16205,9.62,16,337
2026-08-18,HUB-PA,15477,8.32,16,242
2026-08-19,HUB-PA,14158,7.9,16,123
2026-08-20,HUB-PA,14816,7.75,13,210
2026-08-21,HUB-PA,13375,7.99,13,39
2026-08-22,HUB-PA,11568,7.44,12,9
2026-08-23,HUB-PA,10564,6.43,10,43
2026-08-24,HUB-PA,16336,9.81,18,385
2026-08-25,HUB-PA,15064,9.12,11,231
2026-08-26,HUB-PA,14002,8.91,11,53
2026-08-27,HUB-PA,13657,6.99,13,45
2026-08-28,HUB-PA,14598,7.96,13,149
2026-08-29,HUB-PA,11427,6.79,10,25
2026-08-30,HUB-PA,10420,6.67,10,37
2026-08-31,HUB-PA,15809,10.36,17,281
2026-09-01,HUB-PA,15204,8.89,13,193
2026-09-02,HUB-PA,14674,7.76,14,163
2026-09-03,HUB-PA,14404,9.83,12,108
2026-09-04,HUB-PA,13754,8.0,10,40
2026-09-05,HUB-PA,11346,6.65,11,40
2026-09-06,HUB-PA,11183,6.19,9,107
2026-09-07,HUB-PA,15808,8.85,14,235
2026-09-08,HUB-PA,14997,9.51,12,111
2026-09-09,HUB-PA,14025,7.79,13,21
2026-09-10,HUB-PA,13628,7.35,13,63
2026-09-11,HUB-PA,14025,8.09,12,88
2026-09-12,HUB-PA,11963,6.75,9,45
2026-09-13,HUB-PA,11501,7.36,9,33
2026-09-14,HUB-PA,16434,10.1,15,351
2026-09-15,HUB-PA,15846,8.59,17,231
2026-09-16,HUB-PA,13683,8.45,11,99
2026-09-17,HUB-PA,14741,7.85,14,129
2026-09-18,HUB-PA,13690,7.66,10,61
2026-09-19,HUB-PA,12013,8.28,12,69
2026-09-20,HUB-PA,11340,6.91,10,77
2026-09-21,HUB-PA,15944,8.43,14,293
2026-09-22,HUB-PA,14709,8.4,12,103
2026-09-23,HUB-PA,14308,8.53,13,80
2026-09-24,HUB-PA,14683,8.81,12,123
2026-09-25,HUB-PA,14022,8.65,13,40
2026-09-26,HUB-PA,11262,6.97,11,17
2026-09-27,HUB-PA,10874,7.54,11,52
2026-09-28,HUB-PA,16197,8.79,17,381
2026-09-29,HUB-PA,15425,9.23,17,280
2026-09-30,HUB-PA,14062,7.58,13,35
