data,canal,investimento,impressoes,cliques,conversoes_atribuidas,receita_atribuida,lucro_bruto_atribuido,novos_clientes
2025-01-01,Google Search,315393.69,11264060,482336,13751,2268870.58,523374.08,4529
2025-01-02,Google Search,300333.47,10726195,485416,13500,2227436.48,455774.32,4288
2025-01-03,Google Search,321364.23,11477294,520321,13507,2228734.98,487463.82,4195
2025-01-04,Google Search,282973.21,10106186,487924,12073,1992114.3,428918.36,3713
2025-01-05,Google Search,297428.92,10622462,460791,10249,1691042.71,356737.1,3319
2025-01-06,Google Search,330106.94,11789534,554955,16451,2714466.91,576175.12,4897
2025-01-07,Google Search,326928.48,11676017,526740,14818,2444939.0,585737.6,4758
2025-01-08,Google Search,282903.6,10103700,495356,13692,2259123.83,473208.52,4453
2025-01-09,Google Search,298801.57,10671485,517411,13866,2287864.44,526137.39,4434
2025-01-10,Google Search,311946.6,11140950,507268,13670,2255473.13,508692.35,4036
2025-01-11,Google Search,301391.86,10763995,476757,11850,1955332.04,382097.59,3711
2025-01-12,Google Search,277951.8,9926850,460287,10881,1795335.77,411378.54,3507
2025-01-13,Google Search,309553.71,11055490,492111,17433,2876458.6,561260.84,5184
2025-01-14,Google Search,306524.89,10947318,542295,17496,2886843.24,667017.88,4916
2025-01-15,Google Search,337647.98,12058856,545203,15087,2489320.52,525429.41,4645
2025-01-16,Google Search,304205.43,10864480,477002,14652,2417657.14,532240.6,4294
2025-01-17,Google Search,326010.06,11643217,509496,14474,2388257.45,471013.74,4281
2025-01-18,Google Search,286163.98,10220142,426433,11109,1832981.0,407203.93,3564
2025-01-19,Google Search,287559.72,10269990,477582,11333,1870009.85,441910.12,3521
2025-01-20,Google Search,316913.09,11318325,484266,15404,2541700.25,523075.32,5121
2025-01-21,Google Search,324201.11,11578611,555368,15402,2541265.31,531922.05,4841
2025-01-22,Google Search,293232.76,10472599,434708,13869,2288410.51,521760.64,4454
2025-01-23,Google Search,308963.34,11034405,500339,14286,2357231.01,538488.87,4536
2025-01-24,Google Search,287067.46,10252409,493198,13072,2156856.33,382105.31,4225
2025-01-25,Google Search,303851.12,10851826,425271,11388,1879076.39,480049.81,3595
2025-01-26,Google Search,317424.53,11336590,571923,11373,1876599.98,430309.14,3447
2025-01-27,Google Search,300184.25,10720866,470129,16666,2749908.38,638709.58,5216
2025-01-28,Google Search,304166.19,10863078,492977,14022,2313550.29,503136.31,4811
2025-01-29,Google Search,290659.06,10380681,483147,14100,2326444.15,435849.49,4557
2025-01-30,Google Search,298641.27,10665760,500870,13538,2233733.27,517947.14,4558
2025-01-31,Google Search,336462.2,12016507,549629,14591,2407451.36,505691.64,4485
2025-02-01,Google Search,310073.51,11074054,528154,11738,1936776.47,444631.97,3562
2025-02-02,Google Search,293811.0,10493250,486902,11354,1873459.99,404946.69,3488
2025-02-03,Google Search,304838.22,10887079,541680,15691,2589097.02,580448.35,5082
2025-02-04,Google Search,285286.95,10188820,472866,15989,2638218.43,544422.92,4914
2025-02-05,Google Search,294797.94,10528498,529631,14692,2424190.1,570201.62,4681
2025-02-06,Google Search,331901.0,11853607,562251,13747,2268234.59,451570.41,4535
2025-02-07,Google Search,308929.06,11033181,442701,14041,2316689.76,601232.01,4212
2025-02-08,Google Search,340552.55,12162591,633063,12407,2047103.04,530993.75,3708
2025-02-09,Google Search,309862.21,11066508,480832,12130,2001427.44,497826.08,3603
2025-02-10,Google Search,311097.3,11110618,544842,16602,2739389.03,664160.57,5327
2025-02-11,Google Search,321735.82,11490565,517907,16873,2784051.68,608348.56,4957
2025-02-12,Google Search,269968.2,9641721,461500,14363,2369822.08,570016.2,4581
2025-02-13,Google Search,315457.36,11266334,486042,15246,2515656.28,549186.11,4593
2025-02-14,Google Search,311703.19,11132257,519760,13715,2262905.43,435967.04,4379
2025-02-15,Google Search,336078.24,12002794,531920,11864,1957511.93,482441.23,3733
2025-02-16,Google Search,328139.58,11719271,577330,10217,1685835.88,404376.92,3616
2025-02-17,Google Search,295552.17,10555435,487496,16608,2740384.55,601373.09,5246
2025-02-18,Google Search,333241.23,11901473,565642,16292,2688174.18,533432.57,5046
2025-02-19,Google Search,310218.41,11079229,433829,14876,2454612.58,514690.21,4725
2025-02-20,Google Search,300220.58,10722164,480020,16020,2643367.66,496815.24,4582
2025-02-21,Google Search,317913.06,11354038,523518,13309,2196048.01,519658.36,4396
2025-02-22,Google Search,311671.86,11131138,507622,11306,1865472.65,357763.63,3619
2025-02-23,Google Search,339285.91,12117354,576727,10843,1789016.49,402614.98,3533
2025-02-24,Google Search,320490.5,11446089,503766,16398,2705709.6,555079.02,5250
2025-02-25,Google Search,318273.24,11366901,513008,16120,2659812.34,518370.88,4769
2025-02-26,Google Search,329346.91,11762390,566821,15921,2627029.69,588967.05,4612
2025-02-27,Google Search,332787.99,11885285,461714,14698,2425088.79,519272.45,4739
2025-02-28,Google Search,327217.03,11686323,544480,12941,2135232.37,501250.34,4177
2025-03-01,Google Search,337858.53,12066376,532109,11611,1915877.39,378750.08,3834
2025-03-02,Google Search,324884.47,11603017,493555,11658,1923602.07,397553.27,3405
2025-03-03,Google Search,318284.32,11367297,521857,17799,2936756.28,522676.53,5243
2025-03-04,Google Search,335512.06,11982574,578927,16152,2665060.53,483856.39,5052
2025-03-05,Google Search,314691.0,11238964,537286,14259,2352744.98,592064.01,4769
2025-03-06,Google Search,316927.89,11318853,505219,14005,2310827.31,593123.12,4662
2025-03-07,Google Search,344267.43,12295265,582359,14524,2396381.61,531114.8,4480
2025-03-08,Google Search,342892.4,12246157,579779,12535,2068339.83,425045.1,3796
2025-03-09,Google Search,316898.64,11317809,506631,10194,1681959.18,361196.19,3537
2025-03-10,Google Search,445628.28,15915296,686406,23075,3807429.53,896173.37,7296
2025-03-11,Google Search,489502.4,17482229,756716,23498,3877166.54,817875.69,6763
2025-03-12,Google Search,474346.09,16940932,800666,19609,3235529.7,725348.67,6168
2025-03-13,Google Search,463110.23,16539651,742402,21151,3489914.77,766997.74,6124
2025-03-14,Google Search,448373.07,16013324,675367,19315,3186969.41,669228.19,5820
2025-03-15,Google Search,463759.73,16562847,669982,15962,2633766.35,555037.31,5251
2025-03-16,Google Search,455685.72,16274490,768904,15445,2548506.46,573827.95,4877
2025-03-17,Google Search,307240.26,10972867,477580,17424,2875006.43,583070.76,5456
2025-03-18,Google Search,319688.6,11417450,523970,15223,2511766.51,572558.27,4973
2025-03-19,Google Search,321864.46,11495159,555759,14465,2386737.54,505272.84,4730
2025-03-20,Google Search,311900.73,11139312,461902,16186,2670637.85,593527.0,4683
2025-03-21,Google Search,332318.61,11868522,532637,13558,2237011.64,546631.11,4435
2025-03-22,Google Search,339018.64,12107809,539271,13115,2163906.75,469653.93,3871
2025-03-23,Google Search,333994.41,11928372,549007,11184,1845434.32,435870.47,3557
2025-03-24,Google Search,314330.45,11226088,542733,17129,2826335.32,532651.78,5336
2025-03-25,Google Search,331449.65,11837488,490196,16750,2763809.58,585158.22,5069
2025-03-26,Google Search,320473.09,11445468,532654,14164,2337000.67,515279.01,4542
2025-03-27,Google Search,299417.48,10693482,510989,15522,2561097.6,650136.21,4696
2025-03-28,Google Search,330316.18,11797007,524929,12628,2083696.58,386535.81,4377
2025-03-29,Google Search,322071.78,11502564,513347,12852,2120556.59,462931.72,3912
2025-03-30,Google Search,361991.56,12928270,596379,10510,1734112.45,425963.44,3730
2025-03-31,Google Search,344433.2,12301186,565006,17551,2895914.95,597090.29,5523
2025-04-01,Google Search,333979.83,11927851,555508,19218,3171020.66,685746.02,5734
2025-04-02,Google Search,327886.79,11710242,544707,17867,2948132.86,665802.22,5391
2025-04-03,Google Search,327895.07,11710538,495926,15939,2629892.15,587116.45,5303
2025-04-04,Google Search,310088.3,11074582,527967,15302,2524844.74,625044.4,5056
2025-04-05,Google Search,299025.34,10679477,514220,13266,2188890.02,498833.02,4274
2025-04-06,Google Search,314302.97,11225106,510770,13194,2177088.17,529835.34,4067
2025-04-07,Google Search,329143.31,11755118,481558,17341,2861306.98,611357.87,6005
2025-04-08,Google Search,296657.42,10594908,473488,18537,3058598.14,633028.12,5771
2025-04-09,Google Search,324778.54,11599234,528054,18419,3039161.09,656541.68,5643
2025-04-10,Google Search,331497.49,11839196,496176,17021,2808527.53,560581.49,5372
2025-04-11,Google Search,333744.82,11919458,524785,16883,2785691.86,636557.91,5118
2025-04-12,Google Search,327579.72,11699276,481948,14786,2439667.26,520157.91,4549
2025-04-13,Google Search,334415.59,11943414,557037,13400,2210925.67,460262.8,4285
2025-04-14,Google Search,371926.08,13283074,603690,18815,3104428.4,710219.92,6481
2025-04-15,Google Search,355594.55,12699805,515058,18804,3102583.58,620115.25,5811
2025-04-16,Google Search,336267.27,12009545,551826,17008,2806333.85,655449.69,5556
2025-04-17,Google Search,346386.59,12370950,554805,16986,2802636.67,592985.4,5442
2025-04-18,Google Search,348853.6,12459057,578029,17342,2861395.56,687879.77,5269
2025-04-19,Google Search,337691.37,12060406,529969,16287,2687378.49,572647.62,4732
2025-04-20,Google Search,339014.07,12107645,518643,13524,2231476.67,515742.48,4216
2025-04-21,Google Search,372880.91,13317175,571556,21325,3518636.2,785219.9,6456
2025-04-22,Google Search,349474.07,12481217,543519,17960,2963361.08,690737.76,6022
2025-04-23,Google Search,339737.2,12133472,546623,18537,3058589.49,678808.26,5697
2025-04-24,Google Search,360089.72,12860347,583853,17260,2847854.1,543154.71,5386
2025-04-25,Google Search,365085.78,13038778,580031,18287,3017317.75,717381.68,5360
2025-04-26,Google Search,328583.06,11735109,514667,14600,2409025.47,526267.95,4668
2025-04-27,Google Search,365542.32,13055083,575092,14479,2389084.22,558796.01,4560
2025-04-28,Google Search,384578.7,13734953,711070,22379,3692459.83,857198.41,6612
2025-04-29,Google Search,378289.65,13510344,579851,20415,3368475.73,695219.65,6381
2025-04-30,Google Search,412260.14,14723576,640380,17760,2930401.01,597507.6,5850
2025-05-01,Google Search,542988.48,19392446,1045125,26654,4397872.02,1018258.0,7354
2025-05-02,Google Search,549546.99,19626678,905511,21908,3614738.9,775950.04,7204
2025-05-03,Google Search,585880.85,20924316,863631,19974,3295647.93,779358.63,6234
2025-05-04,Google Search,535308.3,19118154,903816,19982,3297053.49,715011.1,6111
2025-05-05,Google Search,522270.93,18652533,793533,28791,4750465.05,1130667.75,8839
2025-05-06,Google Search,545099.1,19467825,923835,26391,4354504.59,990432.76,8289
2025-05-07,Google Search,506781.24,18099330,804161,25613,4226073.94,951155.53,8043
2025-05-08,Google Search,524948.01,18748143,821404,23296,3843912.34,820357.79,7334
2025-05-09,Google Search,506449.72,18087490,892523,21926,3617709.53,810695.16,7224
2025-05-10,Google Search,534194.14,19078362,887703,21649,3572055.03,860844.57,6081
2025-05-11,Google Search,507216.59,18114878,862759,18476,3048528.07,667767.29,5812
2025-05-12,Google Search,368513.91,13161211,607709,21939,3620001.82,830242.6,6628
2025-05-13,Google Search,391151.26,13969688,611872,20795,3431239.5,757672.37,6580
2025-05-14,Google Search,381705.63,13632344,635958,19240,3174549.89,705362.86,6094
2025-05-15,Google Search,347920.2,12425722,599726,18109,2987960.6,747982.24,5765
2025-05-16,Google Search,357544.38,12769442,579270,16448,2713879.62,654453.29,5547
2025-05-17,Google Search,363908.77,12996742,648075,15768,2601756.42,576022.39,4945
2025-05-18,Google Search,370006.18,13214507,624997,14846,2449551.63,548146.93,4715
2025-05-19,Google Search,396642.56,14165806,645569,24403,4026561.97,836103.83,7172
2025-05-20,Google Search,394939.63,14104987,644302,21204,3498710.58,759065.21,7017
2025-05-21,Google Search,412580.15,14735005,668535,19361,3194614.65,720211.18,6203
2025-05-22,Google Search,407487.77,14553134,605726,17994,2969060.16,697642.44,5862
2025-05-23,Google Search,413960.71,14784311,661699,18796,3101383.25,723200.05,5454
2025-05-24,Google Search,405407.5,14478839,660195,15145,2498992.95,500990.71,4926
2025-05-25,Google Search,397835.93,14208426,623417,15496,2556825.76,606466.02,4689
2025-05-26,Google Search,416017.99,14857785,682147,23311,3846294.26,840175.22,6917
2025-05-27,Google Search,412562.38,14734371,663894,20495,3381652.68,685220.74,6423
2025-05-28,Google Search,402760.05,14384288,677341,18797,3101582.35,755298.48,6280
2025-05-29,Google Search,421776.19,15063435,704824,18739,3091940.53,759855.86,6257
2025-05-30,Google Search,350601.7,12521489,569118,19571,3229160.04,725404.8,5838
2025-05-31,Google Search,391755.16,13991256,577958,14937,2464593.9,572955.89,4960
2025-06-01,Google Search,391814.12,13993361,697358,15988,2637988.23,615989.0,4878
2025-06-02,Google Search,421574.25,15056223,671762,23074,3807265.67,931126.17,7138
2025-06-03,Google Search,430910.11,15389647,689173,22331,3684638.64,857835.48,6819
2025-06-04,Google Search,371364.3,13263011,584570,21745,3587890.1,705496.47,6609
2025-06-05,Google Search,430973.81,15391922,672339,20497,3382084.46,863691.76,6689
2025-06-06,Google Search,379991.58,13571128,667278,18561,3062632.35,731220.51,6071
2025-06-07,Google Search,381936.44,13640587,664874,17850,2945173.12,621526.88,5362
2025-06-08,Google Search,401381.01,14335036,662277,15557,2566958.27,518213.94,4997
2025-06-09,Google Search,401184.82,14328029,640603,20428,3370596.35,771477.99,7369
2025-06-10,Google Search,376662.85,13452245,627838,23155,3820523.39,821804.6,6977
2025-06-11,Google Search,422643.83,15094423,682257,19825,3271174.91,738657.2,6505
2025-06-12,Google Search,425451.66,15194702,675958,22358,3689020.28,859851.46,6797
2025-06-13,Google Search,434416.64,15514880,712333,21061,3474993.82,729855.12,6126
2025-06-14,Google Search,404709.93,14453926,633210,17480,2884181.25,577864.46,5434
2025-06-15,Google Search,413560.96,14770034,674712,17063,2815444.5,638515.8,5057
2025-06-16,Google Search,415127.33,14825976,675344,25397,4190477.41,882566.39,7841
2025-06-17,Google Search,451546.82,16126672,751953,25426,4195308.89,933755.29,7329
2025-06-18,Google Search,358304.15,12796577,554454,20446,3373630.03,662437.41,6718
2025-06-19,Google Search,398996.93,14249890,668567,21304,3515177.74,757737.28,6631
2025-06-20,Google Search,420982.12,15035076,639787,21059,3474698.26,808156.28,6338
2025-06-21,Google Search,399340.68,14262167,619749,17843,2944121.58,679104.07,5605
2025-06-22,Google Search,417816.18,14922006,650180,17633,2909449.71,599710.03,5187
2025-06-23,Google Search,421814.15,15064791,634310,23600,3894008.54,776615.41,7504
2025-06-24,Google Search,411859.28,14709260,702254,25155,4150613.35,914286.49,7092
2025-06-25,Google Search,428584.54,15306591,648748,24658,4068643.05,935275.97,6936
2025-06-26,Google Search,442139.54,15790698,680783,22729,3750293.3,851808.18,6973
2025-06-27,Google Search,424988.31,15178154,734465,21528,3552112.22,749445.9,6518
2025-06-28,Google Search,421568.49,15056017,654326,19010,3136636.45,706501.36,5582
2025-06-29,Google Search,428815.13,15314826,681387,16310,2691149.51,663210.81,5394
2025-06-30,Google Search,434255.37,15509120,655532,24401,4026138.18,900286.96,8124
2025-07-01,Google Search,397744.39,14205157,671179,25361,4184515.93,800316.27,7424
2025-07-02,Google Search,446524.26,15947295,754087,22809,3763412.25,841409.88,7000
2025-07-03,Google Search,427359.52,15262840,717280,22451,3704370.04,948221.09,7065
2025-07-04,Google Search,465701.87,16632210,772588,20864,3442603.87,679370.06,6487
2025-07-05,Google Search,451958.68,16141382,729569,16447,2713792.29,598454.03,5810
2025-07-06,Google Search,465442.57,16622949,724498,17052,2813564.66,607776.38,5356
2025-07-07,Google Search,418147.66,14933845,639162,23843,3934162.13,872154.72,7708
2025-07-08,Google Search,432868.06,15459574,749523,24524,4046511.95,904067.0,7295
2025-07-09,Google Search,415306.48,14832374,698085,24857,4101468.85,984613.0,7367
2025-07-10,Google Search,428062.96,15287963,659340,23926,3947757.05,874397.34,7235
2025-07-11,Google Search,472214.9,16864818,760731,21182,3495029.49,847473.94,6462
2025-07-12,Google Search,478161.66,17077202,754636,17132,2826720.24,616025.05,5761
2025-07-13,Google Search,420599.3,15021404,630205,18611,3070799.1,656652.29,5624
2025-07-14,Google Search,435943.09,15569396,708091,25917,4276324.71,890426.51,7817
2025-07-15,Google Search,444806.59,15885950,697046,25595,4223251.09,794052.58,7496
2025-07-16,Google Search,460751.04,16455394,698172,25865,4267743.4,959618.12,7276
2025-07-17,Google Search,408886.59,14603092,598819,20510,3384203.17,866865.01,6971
2025-07-18,Google Search,413192.65,14756880,601752,21310,3516189.4,801919.54,6761
2025-07-19,Google Search,460738.26,16454938,723970,18157,2995927.57,695315.1,5867
2025-07-20,Google Search,406839.38,14529978,650511,18474,3048280.42,648462.67,5698
2025-07-21,Google Search,442382.73,15799383,673633,26867,4433125.31,956223.94,8353
2025-07-22,Google Search,457642.96,16344392,764215,24834,4097668.38,972498.37,7818
2025-07-23,Google Search,464404.49,16585875,743429,25080,4138181.8,1056697.17,7421
2025-07-24,Google Search,451762.3,16134368,751177,21234,3503655.38,862557.5,6991
2025-07-25,Google Search,447341.81,15976493,711052,20894,3447441.55,807295.34,6857
2025-07-26,Google Search,475451.66,16980417,728032,17793,2935830.85,647699.04,5834
2025-07-27,Google Search,462931.25,16533259,749091,17393,2869806.27,641949.99,5510
2025-07-28,Google Search,442001.21,15785757,656542,24957,4117829.31,851312.91,8272
2025-07-29,Google Search,458383.71,16370847,760532,24978,4121439.41,801670.46,7790
2025-07-30,Google Search,467302.42,16689372,708793,23883,3940731.28,788809.67,7492
2025-07-31,Google Search,497999.8,17785707,844452,21941,3620247.91,799627.62,7105
2025-08-01,Google Search,478131.76,17076134,752821,24156,3985760.54,856384.24,7201
2025-08-02,Google Search,488481.78,17445778,835109,19366,3195316.97,620331.89,6043
2025-08-03,Google Search,447426.85,15979530,670644,19806,3267996.59,716812.53,5851
2025-08-04,Google Search,451747.07,16133824,696498,27933,4608953.29,988139.43,8776
2025-08-05,Google Search,460321.06,16440038,756711,26434,4361688.06,869536.8,8234
2025-08-06,Google Search,463743.94,16562284,797645,25015,4127433.47,881144.51,8008
2025-08-07,Google Search,444149.23,15862472,785190,24244,4000181.39,857443.79,7545
2025-08-08,Google Search,498777.26,17813474,803596,23759,3920221.69,819903.34,7137
2025-08-09,Google Search,490517.72,17518490,875257,19204,3168646.27,748780.88,6100
2025-08-10,Google Search,463254.68,16544810,731577,19651,3242364.88,604730.01,5959
2025-08-11,Google Search,487541.14,17412184,835205,27073,4466998.11,826617.72,8779
2025-08-12,Google Search,478835.09,17101253,726053,26952,4447138.38,978627.62,8079
2025-08-13,Google Search,491776.87,17563459,810282,24469,4037359.57,895049.67,7840
2025-08-14,Google Search,444284.85,15867316,613707,25914,4275738.04,971080.77,7733
2025-08-15,Google Search,474565.95,16948784,711369,24601,4059154.46,854509.11,7630
2025-08-16,Google Search,478027.32,17072404,789770,22650,3737259.05,761819.85,6549
2025-08-17,Google Search,495017.72,17679204,732916,18210,3004570.13,660618.55,6012
2025-08-18,Google Search,465959.19,16641400,768047,26389,4354242.28,924093.11,8864
2025-08-19,Google Search,421343.78,15047992,713989,25065,4135773.03,1022771.94,8046
2025-08-20,Google Search,456230.98,16293964,711173,23370,3856043.78,826325.51,7811
2025-08-21,Google Search,482529.04,17233180,730408,23437,3867091.83,847140.38,7833
2025-08-22,Google Search,487001.96,17392927,760413,25114,4143731.65,1092152.41,7578
2025-08-23,Google Search,527417.88,18836353,798516,20372,3361431.67,727992.72,6339
2025-08-24,Google Search,501758.93,17919962,801501,18992,3133707.47,720089.5,6054
2025-08-25,Google Search,490116.58,17504164,792512,27065,4465694.11,1033250.18,8586
2025-08-26,Google Search,488475.22,17445544,770635,26068,4301203.24,1001632.68,8360
2025-08-27,Google Search,516957.26,18462759,914290,27186,4485640.38,1009695.11,7813
2025-08-28,Google Search,476698.75,17024955,733054,23982,3957050.12,884050.89,7746
2025-08-29,Google Search,488099.44,17432123,849936,22148,3654498.02,810442.98,7378
2025-08-30,Google Search,465692.1,16631861,701676,21815,3599467.8,755393.34,6527
2025-08-31,Google Search,527830.2,18851079,852003,19157,3160906.01,713508.57,6025
2025-09-01,Google Search,502485.68,17945917,864892,31398,5180622.91,1324706.86,8865
2025-09-02,Google Search,476626.86,17022388,818005,27793,4585840.18,1106599.93,8880
2025-09-03,Google Search,490839.69,17529989,768958,26088,4304454.92,970004.43,7787
2025-09-04,Google Search,506672.51,18095447,841415,26272,4334800.76,1018949.56,7754
2025-09-05,Google Search,489185.64,17470916,806059,24402,4026334.57,824200.77,7795
2025-09-06,Google Search,483923.37,17282977,752538,21691,3578977.36,770965.36,7009
2025-09-07,Google Search,481363.96,17191570,802211,20587,3396918.22,803989.93,6176
2025-09-08,Google Search,506798.66,18099952,905518,30205,4983799.01,1226882.45,9134
2025-09-09,Google Search,490702.17,17525078,810948,26074,4302182.45,888111.38,8727
2025-09-10,Google Search,489698.6,17489236,813759,25936,4279502.81,905067.11,8552
2025-09-11,Google Search,467709.21,16703900,781990,21981,3626796.95,937136.09,7832
2025-09-12,Google Search,503138.6,17969236,737733,25261,4168024.48,924026.84,7632
2025-09-13,Google Search,496945.85,17748066,820717,21246,3505632.06,883738.89,6698
2025-09-14,Google Search,494092.88,17646174,745635,20254,3341906.9,747386.36,6353
2025-09-15,Google Search,507900.64,18139309,787379,27166,4482345.98,1005537.1,9232
2025-09-16,Google Search,523200.93,18685747,949932,26632,4394283.45,943115.88,8767
2025-09-17,Google Search,522389.05,18656752,826796,25055,4134035.14,978067.12,7986
2025-09-18,Google Search,519382.47,18549374,797651,25469,4202318.85,1024932.48,8199
2025-09-19,Google Search,499444.82,17837315,858188,24684,4072922.05,821850.34,7635
2025-09-20,Google Search,492042.55,17572948,745818,22418,3699009.67,790836.69,6777
2025-09-21,Google Search,480614.24,17164794,751680,22895,3777710.83,891937.86,6397
2025-09-22,Google Search,493894.07,17639074,853245,30651,5057424.13,1101102.1,9545
2025-09-23,Google Search,511059.76,18252134,823454,31047,5122677.32,1082505.81,9149
2025-09-24,Google Search,491913.73,17568347,716502,26376,4352019.84,1034770.8,8561
2025-09-25,Google Search,515895.67,18424845,856180,24867,4103078.76,982362.3,8444
2025-09-26,Google Search,489372.38,17477585,767782,24514,4044835.87,857854.27,7763
2025-09-27,Google Search,471800.29,16850010,828306,19808,3268242.79,731228.96,6697
2025-09-28,Google Search,536166.44,19148801,830355,20243,3340044.66,663769.89,6293
2025-09-29,Google Search,504116.49,18004160,861289,29407,4852133.26,990997.45,9520
2025-09-30,Google Search,494883.99,17674428,880087,25953,4282205.31,951443.11,8949
2025-10-01,Google Search,490174.99,17506250,747560,30786,5079713.92,1120344.92,8813
2025-10-02,Google Search,531466.24,18980937,844240,27289,4502608.85,913952.96,8724
2025-10-03,Google Search,556706.34,19882369,915569,23658,3903638.36,809610.14,8017
2025-10-04,Google Search,510051.16,18216113,777558,22937,3784623.16,761675.16,6829
2025-10-05,Google Search,515457.35,18409191,841849,19960,3293341.22,750911.61,6444
2025-10-06,Google Search,550421.94,19657927,872669,33282,5491608.32,1017976.96,9819
2025-10-07,Google Search,475921.56,16997199,753627,28372,4681374.94,946556.41,9163
2025-10-08,Google Search,575177.14,20542041,927106,27354,4513376.42,844959.26,8747
2025-10-09,Google Search,588011.3,21000404,949059,26105,4307404.58,979395.09,7984
2025-10-10,Google Search,453974.48,16213374,736776,26998,4454670.36,838689.21,8157
2025-10-11,Google Search,522968.86,18677459,810287,23221,3831386.57,845044.62,6957
2025-10-12,Google Search,506885.66,18103059,787502,20741,3422299.98,851658.59,6482
2025-10-13,Google Search,519545.12,18555183,829042,31677,5226660.77,1303803.27,9601
2025-10-14,Google Search,516292.82,18439029,827528,30594,5047993.04,950113.19,9176
2025-10-15,Google Search,550297.47,19653481,861119,28406,4686936.9,1055741.95,8750
2025-10-16,Google Search,526360.06,18798573,862378,26985,4452460.19,902042.19,8456
2025-10-17,Google Search,506211.24,18078973,724969,24318,4012534.51,798497.6,8155
2025-10-18,Google Search,526261.67,18795060,808709,23215,3830445.03,835048.23,7012
2025-10-19,Google Search,545098.65,19467809,861338,21566,3558361.02,859763.8,6695
2025-10-20,Google Search,500956.48,17891303,763753,30292,4998227.18,1152361.25,9623
2025-10-21,Google Search,488127.6,17433128,861176,30312,5001516.46,1037382.13,8864
2025-10-22,Google Search,585478.73,20909955,942013,26339,4345857.76,1010014.71,8824
2025-10-23,Google Search,515763.58,18420128,837697,30167,4977554.63,898502.04,8672
2025-10-24,Google Search,530296.56,18939163,827552,26690,4403776.03,910472.56,8313
2025-10-25,Google Search,524164.2,18720150,841609,23256,3837308.63,788565.04,7122
2025-10-26,Google Search,549939.81,19640708,819387,20579,3395579.84,751708.18,6531
2025-10-27,Google Search,584015.56,20857698,929033,29834,4922548.53,1065388.3,10126
2025-10-28,Google Search,553431.79,19765421,839439,30787,5079845.55,1104917.76,9645
2025-10-29,Google Search,496794.93,17742676,785131,28425,4690070.22,1017393.18,8698
2025-10-30,Google Search,500460.66,17873595,680774,28504,4703085.57,1036533.57,8578
2025-10-31,Google Search,527469.28,18838189,790345,26377,4352277.55,998875.14,8288
2025-11-01,Google Search,531598.52,18985662,929398,20445,3373497.98,751035.87,7144
2025-11-02,Google Search,492807.73,17600276,831474,19735,3256212.97,700070.84,6652
2025-11-03,Google Search,561734.67,20061952,974237,35508,5858890.98,1330382.89,10019
2025-11-04,Google Search,511016.24,18250580,889658,28984,4782431.38,1121670.38,9538
2025-11-05,Google Search,581272.02,20759715,971909,31030,5119964.72,1076287.98,9011
2025-11-06,Google Search,591848.03,21137430,925339,26926,4442745.06,972759.08,8787
2025-11-07,Google Search,536168.05,19148859,808071,26695,4404633.78,1059092.23,8381
2025-11-08,Google Search,555276.16,19831291,953810,23808,3928317.91,787986.84,7182
2025-11-09,Google Search,510776.78,18242028,824071,21477,3543665.97,892163.12,6967
2025-11-10,Google Search,562566.68,20091667,1039420,35525,5861680.06,1151414.93,10237
2025-11-11,Google Search,533184.25,19042295,838132,31661,5224040.8,1117535.08,9813
2025-11-12,Google Search,517381.75,18477920,929935,29307,4835608.33,982966.29,8912
2025-11-13,Google Search,539962.15,19284363,859633,28049,4628075.26,1196392.24,8845
2025-11-14,Google Search,535412.62,19121879,929464,27566,4548469.06,960368.49,8303
2025-11-15,Google Search,539779.22,19277829,955815,25241,4164728.39,879528.98,7278
2025-11-16,Google Search,575296.31,20546297,867835,22221,3666479.77,782701.12,6959
2025-11-17,Google Search,528008.74,18857455,823892,35857,5916336.03,1311548.81,10267
2025-11-18,Google Search,598608.25,21378866,902422,29583,4881184.09,1045644.45,9494
2025-11-19,Google Search,515364.0,18405857,767140,31332,5169780.66,1125260.62,9389
2025-11-20,Google Search,597122.45,21325802,998071,29507,4868683.12,768696.44,8961
2025-11-21,Google Search,524963.59,18748699,833738,26188,4321045.08,954976.95,8607
2025-11-22,Google Search,553617.04,19772037,892537,24085,3973998.9,875525.19,7414
2025-11-23,Google Search,540733.54,19311912,898040,22109,3648017.39,869245.25,6876
2025-11-24,Google Search,1634310.98,58368249,2333858,80917,13351244.97,3244879.54,26296
2025-11-25,Google Search,1727898.18,61710649,2991379,79796,13166407.31,2853112.25,24389
2025-11-26,Google Search,1788851.68,63887560,2814723,77129,12726314.84,2982610.82,23822
2025-11-27,Google Search,1766671.58,63095414,2929992,77661,12814069.79,2570661.16,24249
2025-11-28,Google Search,1635625.95,58415212,2726584,71870,11858628.55,2769051.73,22437
2025-11-29,Google Search,1685127.34,60183119,2930987,59895,9882601.58,2074599.46,18718
2025-11-30,Google Search,1605690.89,57346103,2564339,56376,9302100.92,1852507.12,17868
2025-12-01,Google Search,1590445.35,56801620,2230383,87720,14473743.1,3136947.02,27101
2025-12-02,Google Search,526107.27,18789546,848428,30136,4972393.96,1216487.8,9687
2025-12-03,Google Search,545859.65,19494988,887839,32764,5406131.23,1206571.17,8998
2025-12-04,Google Search,565549.16,20198184,852515,27031,4460145.3,1098704.13,9047
2025-12-05,Google Search,506017.14,18072041,820439,27624,4557996.13,942695.26,8853
2025-12-06,Google Search,558610.99,19950393,878321,23157,3820909.66,911066.03,7391
2025-12-07,Google Search,602174.47,21506231,889811,24384,4023307.13,838947.98,6884
2025-12-08,Google Search,998078.09,35645646,1668680,48334,7975177.59,1786166.91,16100
2025-12-09,Google Search,917704.31,32775154,1424996,50394,8315038.18,1861018.78,15351
2025-12-10,Google Search,880413.78,31443349,1380450,46723,7709371.83,1785816.27,14358
2025-12-11,Google Search,970505.44,34660909,1516451,48135,7942329.05,1782362.17,14730
2025-12-12,Google Search,839252.12,29973290,1448783,44803,7392496.19,1530175.39,13127
2025-12-13,Google Search,1002075.29,35788403,1606524,38682,6382555.26,1503049.65,11345
2025-12-14,Google Search,940159.21,33577115,1518141,35263,5818393.41,1457374.63,11224
2025-12-15,Google Search,1037072.64,37038309,1622659,51300,8464507.07,1775219.25,15807
2025-12-16,Google Search,870082.62,31074379,1437182,45955,7582512.32,1423236.92,15767
2025-12-17,Google Search,996107.73,35575276,1730494,47120,7774832.31,1778788.52,14587
2025-12-18,Google Search,949037.31,33894190,1584527,44970,7420005.53,1589151.67,14569
2025-12-19,Google Search,938539.62,33519272,1570530,43241,7134727.01,1553177.2,13579
2025-12-20,Google Search,889989.0,31785321,1482366,35337,5830586.52,1339803.06,12005
2025-12-21,Google Search,583890.51,20853232,860683,23929,3948244.07,836899.4,7297
2025-12-22,Google Search,587337.54,20976341,894315,31455,5190034.0,1117249.31,10693
2025-12-23,Google Search,620242.95,22151534,984559,32514,5364736.17,1170788.74,10041
2025-12-24,Google Search,598701.59,21382199,920293,28502,4702894.48,1156289.71,9447
2025-12-25,Google Search,552864.52,19745161,831780,28406,4686969.81,1033613.82,9229
2025-12-26,Google Search,541749.46,19348195,772866,30376,5012033.24,993646.34,8934
2025-12-27,Google Search,532037.31,19001333,785978,25072,4136938.33,823054.38,7578
2025-12-28,Google Search,613779.09,21920682,971248,24324,4013523.2,892810.03,7156
2025-12-29,Google Search,550116.48,19647017,880433,37394,6170061.41,1234765.44,10792
2025-12-30,Google Search,615483.89,21981568,942103,31018,5118033.8,985239.21,10038
2025-12-31,Google Search,588984.28,21035153,951064,32593,5377806.11,1243270.44,9433
2026-01-01,Google Search,584317.85,20868495,914638,28356,4678712.58,1085682.02,9519
2026-01-02,Google Search,565875.15,20209827,968951,29273,4830020.52,1031309.83,8780
2026-01-03,Google Search,594143.61,21219415,945614,23899,3943370.89,887922.53,7623
2026-01-04,Google Search,575670.47,20559660,963839,22627,3733536.1,833739.46,7383
2026-01-05,Google Search,566557.12,20234183,921640,36281,5986379.35,1380474.53,10951
2026-01-06,Google Search,597889.45,21353195,880059,34325,5663552.23,1306262.07,10197
2026-01-07,Google Search,574796.69,20528453,918755,33181,5474793.38,953370.23,9871
2026-01-08,Google Search,555872.1,19852575,827134,30905,5099343.78,1100271.22,9513
2026-01-09,Google Search,598023.28,21357974,954874,30111,4968241.38,1138299.19,9306
2026-01-10,Google Search,579769.51,20706054,890115,25879,4269971.56,908547.32,7844
2026-01-11,Google Search,596409.38,21300335,980482,24548,4050501.0,893691.06,7523
2026-01-12,Google Search,570096.84,20360601,842433,35042,5781938.09,1348419.19,10615
2026-01-13,Google Search,547565.8,19555922,880793,32134,5302175.97,1174030.52,9896
2026-01-14,Google Search,634572.74,22663312,1054876,33451,5519466.03,1360765.74,9986
2026-01-15,Google Search,628947.3,22462404,1065852,27580,4550732.4,1091424.72,9340
2026-01-16,Google Search,610352.07,21798288,935948,29161,4811561.53,1048503.11,9132
2026-01-17,Google Search,573709.33,20489619,923015,23993,3958793.1,857135.66,8019
2026-01-18,Google Search,576446.54,20587376,936668,24082,3973475.42,674832.4,7390
2026-01-19,Google Search,625532.88,22340460,1098642,36939,6094973.11,1305869.7,10620
2026-01-20,Google Search,574746.22,20526651,841601,31516,5200120.43,1020172.46,10043
2026-01-21,Google Search,566910.11,20246790,861299,31105,5132360.3,1149102.83,9616
2026-01-22,Google Search,640713.6,22882628,1202987,31551,5205908.68,1159306.54,9458
2026-01-23,Google Search,584821.48,20886481,924491,26268,4334274.1,1006622.42,9115
2026-01-24,Google Search,638265.33,22795190,909399,24035,3965799.92,969960.9,7678
2026-01-25,Google Search,545638.76,19487099,846268,23833,3932488.53,863329.32,7282
2026-01-26,Google Search,601575.71,21484847,806198,27922,4607053.73,1198457.43,10158
2026-01-27,Google Search,647863.19,23137971,1056260,31772,5242385.41,1174772.15,10392
2026-01-28,Google Search,588931.38,21033264,992484,33716,5563069.57,1095591.99,9942
2026-01-29,Google Search,580614.94,20736248,882089,32699,5395254.99,1133583.73,9687
2026-01-30,Google Search,555061.86,19823638,866869,30604,5049716.55,1077809.77,9346
2026-01-31,Google Search,622001.66,22214345,1055045,26604,4389683.73,1011477.24,7927
2026-02-01,Google Search,567860.35,20280727,816794,24881,4105428.7,834750.26,7659
2026-02-02,Google Search,588311.58,21011128,870528,36235,5978848.12,1283991.26,10969
2026-02-03,Google Search,555472.43,19838301,880505,33731,5565532.66,1208642.75,10662
2026-02-04,Google Search,637735.58,22776271,978667,31348,5172428.05,1097139.61,9697
2026-02-05,Google Search,626349.8,22369636,988885,30381,5012818.05,1174407.58,9760
2026-02-06,Google Search,591127.11,21111683,877990,31637,5220090.97,1207340.52,9258
2026-02-07,Google Search,558082.0,19931500,908451,27486,4535160.51,1090849.33,7947
2026-02-08,Google Search,637838.12,22779933,1015918,26007,4291163.52,919055.47,7569
2026-02-09,Google Search,582802.88,20814388,967511,36127,5961015.19,1437585.16,11474
2026-02-10,Google Search,561814.3,20064796,913772,31893,5262332.06,1031383.67,10419
2026-02-11,Google Search,542119.2,19361400,882068,33833,5582453.49,1091729.37,9894
2026-02-12,Google Search,576549.61,20591058,846189,33049,5453132.02,1083194.28,10010
2026-02-13,Google Search,552183.65,19720845,913667,29333,4839994.42,1065583.46,8978
2026-02-14,Google Search,576694.68,20596238,908431,24534,4048135.77,976255.93,7883
2026-02-15,Google Search,617116.72,22039883,981881,23819,3930095.65,822971.07,7256
2026-02-16,Google Search,584317.33,20868476,998146,33107,5462576.91,1155936.97,10891
2026-02-17,Google Search,606408.13,21657433,932515,33848,5584937.23,1207452.73,10207
2026-02-18,Google Search,575382.87,20549388,999691,35104,5792109.64,1332658.87,10217
2026-02-19,Google Search,599593.25,21414045,1047149,34090,5624779.49,1190168.44,9806
2026-02-20,Google Search,655875.61,23424129,1101696,31637,5220168.86,1099429.48,9506
2026-02-21,Google Search,588763.69,21027275,890554,24217,3995729.23,784445.73,8093
2026-02-22,Google Search,611751.09,21848253,854201,25334,4180152.12,877571.56,7805
2026-02-23,Google Search,554450.64,19801809,948761,40333,6655015.97,1602017.59,11335
2026-02-24,Google Search,648356.96,23155606,1048966,33581,5540928.94,1227871.5,10922
2026-02-25,Google Search,588365.17,21013042,903308,32174,5308646.17,1098775.94,10039
2026-02-26,Google Search,634713.69,22668346,1091903,33857,5586388.61,1350543.71,9838
2026-02-27,Google Search,599521.66,21411488,913709,31311,5166250.04,1083363.89,9449
2026-02-28,Google Search,621933.84,22211923,974099,29095,4800675.23,1176123.27,8053
2026-03-01,Google Search,623649.64,22273201,1033860,23594,3893044.09,952641.45,7620
2026-03-02,Google Search,590230.91,21079675,885205,34077,5622640.36,1242523.7,11154
2026-03-03,Google Search,637417.88,22764924,1017692,37301,6154705.3,1191708.07,10936
2026-03-04,Google Search,582758.18,20812792,997779,31382,5178073.07,1347827.62,10384
2026-03-05,Google Search,628810.35,22457513,1023389,30275,4995305.21,1133015.44,9512
2026-03-06,Google Search,594143.28,21219403,1026341,30820,5085244.11,1089765.72,9620
2026-03-07,Google Search,616929.49,22033196,1058931,27508,4538799.22,1074914.07,8137
2026-03-08,Google Search,592743.9,21169425,953066,25811,4258786.11,989573.79,7791
2026-03-09,Google Search,912289.64,32581773,1260615,52222,8616575.49,2094452.67,15884
2026-03-10,Google Search,860874.01,30745500,1291754,45552,7516110.82,1565926.66,14463
2026-03-11,Google Search,922643.41,32951550,1550733,49875,8229342.16,1856581.82,14628
2026-03-12,Google Search,912908.79,32603885,1330705,53239,8784403.43,1749226.69,13788
2026-03-13,Google Search,887651.42,31701836,1398619,44044,7267315.94,1684036.85,13245
2026-03-14,Google Search,910569.08,32520324,1493135,36886,6086228.01,1336512.31,11419
2026-03-15,Google Search,920758.44,32884230,1610270,32788,5410041.95,1216966.01,10909
2026-03-16,Google Search,592822.15,21172220,919879,36068,5951157.82,1293926.0,11590
2026-03-17,Google Search,608629.54,21736769,940389,33945,5600998.23,1207477.74,10675
2026-03-18,Google Search,581884.11,20781575,932228,32149,5304642.48,1085961.8,10277
2026-03-19,Google Search,685331.46,24476123,1124616,32663,5389385.77,1260639.7,10170
2026-03-20,Google Search,646359.86,23084281,1029179,34115,5628929.14,1385948.13,9747
2026-03-21,Google Search,622702.69,22239382,1063777,28456,4695226.29,986948.95,8333
2026-03-22,Google Search,650307.41,23225265,995024,24873,4104038.15,942871.22,7800
2026-03-23,Google Search,554628.32,19808154,897793,34164,5637050.31,1283028.91,11312
2026-03-24,Google Search,536659.99,19166428,885529,37114,6123841.84,1348117.98,10823
2026-03-25,Google Search,603899.17,21567827,947245,33603,5544528.78,1070825.46,10480
2026-03-26,Google Search,574329.67,20511774,969534,29880,4930194.89,971701.41,10174
2026-03-27,Google Search,610335.98,21797714,989664,32832,5417321.76,1117348.17,9863
2026-03-28,Google Search,624700.04,22310716,1051501,28442,4692860.43,855759.6,8417
2026-03-29,Google Search,648009.32,23143190,1053572,23223,3831827.06,937959.77,8222
2026-03-30,Google Search,585306.55,20903806,961916,37152,6130087.89,1388290.67,12055
2026-03-31,Google Search,633032.26,22608295,978771,34960,5768407.31,1266007.84,10937
2026-04-01,Google Search,621353.09,22191182,960810,35082,5788469.16,1050328.44,10528
2026-04-02,Google Search,633132.14,22611862,1092286,32092,5295105.17,996276.19,10248
2026-04-03,Google Search,606100.33,21646440,1011232,29560,4877332.33,1075672.96,9596
2026-04-04,Google Search,666116.15,23789862,1004836,28418,4689031.11,1198982.19,8531
2026-04-05,Google Search,620425.61,22158057,1007933,25476,4203539.85,877747.95,8116
2026-04-06,Google Search,679772.77,24277599,936892,38996,6434304.56,1523455.85,11812
2026-04-07,Google Search,600557.2,21448471,931944,32758,5405077.93,1152612.05,10791
2026-04-08,Google Search,648201.76,23150063,1101822,30878,5094920.43,1136343.63,10303
2026-04-09,Google Search,623217.18,22257757,994078,33013,5447200.46,1328861.65,9897
2026-04-10,Google Search,615101.75,21967920,995550,31247,5155744.31,1116106.18,9600
2026-04-11,Google Search,645710.28,23061082,849934,28429,4690747.74,987991.29,8455
2026-04-12,Google Search,616854.96,22030534,968042,24870,4103523.8,1019933.96,7949
2026-04-13,Google Search,543459.85,19409280,891145,35119,5794573.85,1299923.68,11378
2026-04-14,Google Search,531612.75,18986170,878230,38168,6297690.01,1532551.89,11118
2026-04-15,Google Search,667719.56,23847127,1135084,30565,5043295.82,1068276.77,10293
2026-04-16,Google Search,667100.93,23825033,1058601,35918,5926521.53,1479571.6,10517
2026-04-17,Google Search,687766.61,24563093,1094353,33429,5515726.91,1266476.6,9756
2026-04-18,Google Search,628041.33,22430048,928678,28168,4647688.5,1082039.42,8402
2026-04-19,Google Search,588610.46,21021802,934373,25328,4179042.93,951368.63,8160
2026-04-20,Google Search,616244.1,22008718,915425,36312,5991451.84,1296859.33,11778
2026-04-21,Google Search,630292.07,22510431,900659,35224,5812024.63,1312565.9,11075
2026-04-22,Google Search,598407.23,21371687,899107,31824,5250978.9,1145513.14,10586
2026-04-23,Google Search,682251.68,24366131,1195730,31388,5179071.3,1262847.79,10259
2026-04-24,Google Search,700867.44,25030980,1108109,32714,5397751.46,1204040.06,9860
2026-04-25,Google Search,646378.93,23084962,1052528,29652,4892542.92,977816.97,8935
2026-04-26,Google Search,630790.14,22528219,982536,24804,4092685.59,805400.47,8144
2026-04-27,Google Search,590534.02,21090501,847111,36492,6021251.03,1181266.48,10982
2026-04-28,Google Search,680954.5,24319804,1155860,37093,6120276.43,1463895.65,11284
2026-04-29,Google Search,634950.77,22676813,887459,37218,6140989.64,1272353.13,10766
2026-04-30,Google Search,623537.85,22269209,968756,34134,5632102.42,1317869.13,10326
2026-05-01,Google Search,932306.69,33296667,1493440,45367,7485601.79,1731418.65,13405
2026-05-02,Google Search,883435.77,31551278,1439443,37393,6169765.89,1406135.23,11362
2026-05-03,Google Search,917179.29,32756403,1409788,37612,6206051.47,1473514.04,11155
2026-05-04,Google Search,845446.09,30194503,1208913,47490,7835806.24,1822520.24,15791
2026-05-05,Google Search,962452.99,34373321,1472452,49167,8112552.02,1461233.58,15390
2026-05-06,Google Search,909349.18,32476756,1395798,46646,7696658.72,1726399.48,14541
2026-05-07,Google Search,968405.14,34585898,1484172,44368,7320774.92,1745279.64,13974
2026-05-08,Google Search,907018.82,32393529,1542553,43978,7256334.37,1894966.42,13385
2026-05-09,Google Search,910787.93,32528140,1357180,39154,6460375.05,1694764.34,11807
2026-05-10,Google Search,861605.33,30771619,1409729,35442,5847972.7,1205857.79,10814
2026-05-11,Google Search,662607.39,23664550,1075019,39503,6517939.07,1468165.08,12399
2026-05-12,Google Search,610138.1,21790647,1037087,33974,5605643.55,1137700.31,10973
2026-05-13,Google Search,623959.34,22284262,994782,37442,6177859.89,1609752.45,11043
2026-05-14,Google Search,638906.98,22818106,1075555,33299,5494385.65,1381627.24,10182
2026-05-15,Google Search,642654.48,22951946,1022165,29616,4886649.32,1170054.46,9708
2026-05-16,Google Search,585179.14,20899255,964978,28362,4679770.69,1105823.57,8910
2026-05-17,Google Search,633005.24,22607330,925591,24930,4113502.12,1066560.29,8497
2026-05-18,Google Search,665879.86,23781424,900761,38454,6344877.23,1627093.01,11942
2026-05-19,Google Search,628215.68,22436274,1032503,35100,5791462.6,1481259.27,11029
2026-05-20,Google Search,632571.1,22591825,1042933,32120,5299802.68,1287512.97,10288
2026-05-21,Google Search,645101.46,23039338,1066349,35851,5915335.98,1349350.17,10335
2026-05-22,Google Search,636701.67,22739346,991042,31179,5144570.88,1282950.47,10295
2026-05-23,Google Search,607478.2,21695650,1063570,29285,4831961.19,1210944.85,8800
2026-05-24,Google Search,639849.52,22851769,999955,30039,4956495.43,1149680.65,8424
2026-05-25,Google Search,673227.14,24043826,1109295,41935,6919233.2,1585977.62,12380
2026-05-26,Google Search,607952.26,21712581,1011926,36764,6065994.49,1562250.64,11456
2026-05-27,Google Search,630076.18,22502721,1117049,33312,5496451.37,1472510.21,10987
2026-05-28,Google Search,598815.54,21386269,944076,32740,5402078.54,1202115.04,10930
2026-05-29,Google Search,674122.79,24075814,1040951,32194,5312005.75,1232488.55,10226
2026-05-30,Google Search,641754.19,22919793,938680,27609,4555445.49,1111387.33,8895
2026-05-31,Google Search,617818.63,22064951,1085406,26444,4363191.45,1077050.64,8534
2026-06-01,Google Search,649051.56,23180413,1069493,39482,6514452.58,1484982.07,12487
2026-06-02,Google Search,607492.92,21696176,1002868,36996,6104258.09,1673036.91,11569
2026-06-03,Google Search,613458.36,21909227,1170284,36312,5991500.3,1477101.96,11030
2026-06-04,Google Search,601100.46,21467874,984895,33672,5555911.15,1382998.23,11167
2026-06-05,Google Search,613808.14,21921719,909395,30703,5066009.3,1381530.68,9889
2026-06-06,Google Search,692126.93,24718819,1099272,27463,4531442.69,1045680.29,8613
2026-06-07,Google Search,625300.77,22332170,946171,27091,4470009.37,1063674.01,8511
2026-06-08,Google Search,664171.1,23720397,1042064,43418,7163908.8,1546603.57,12372
2026-06-09,Google Search,623849.6,22280343,978397,39152,6460104.43,1530576.79,12041
2026-06-10,Google Search,675417.2,24122043,1047259,32058,5289635.09,1120780.56,10849
2026-06-11,Google Search,618824.13,22100862,911398,36141,5963301.28,1522042.2,11014
2026-06-12,Google Search,654796.2,23385579,1152903,34183,5640134.65,1405643.21,10352
2026-06-13,Google Search,655419.47,23407838,1072240,28759,4745179.23,1120157.81,9003
2026-06-14,Google Search,730344.41,26083729,1157889,26463,4366359.55,1046899.41,8765
2026-06-15,Google Search,675710.06,24132502,1135329,43814,7229332.3,1856073.16,12530
2026-06-16,Google Search,637050.69,22751811,1052769,35877,5919758.55,1303990.61,11793
2026-06-17,Google Search,680270.19,24295364,1111376,36307,5990706.87,1477002.42,10934
2026-06-18,Google Search,729244.16,26044434,1220169,35380,5837669.8,1497197.42,10898
2026-06-19,Google Search,604760.79,21598600,979748,33385,5508571.46,1148543.82,10084
2026-06-20,Google Search,631028.28,22536724,1054935,31378,5177392.31,1329592.83,8994
2026-06-21,Google Search,651000.2,23250007,1093527,27882,4600603.78,971253.9,8438
2026-06-22,Google Search,645685.3,23060189,1047840,39722,6554194.91,1584525.04,12713
2026-06-23,Google Search,648414.37,23157656,1028314,38764,6396123.11,1417412.91,11428
2026-06-24,Google Search,616336.37,22012013,1081496,34114,5628762.47,1534688.92,10959
2026-06-25,Google Search,705196.29,25185582,1100853,34751,5733837.8,1274402.4,10724
2026-06-26,Google Search,612287.17,21867399,1007137,31116,5134155.85,1092820.58,10350
2026-06-27,Google Search,652992.71,23321168,1075515,27790,4585270.73,1137785.64,9117
2026-06-28,Google Search,694094.53,24789090,1074711,27513,4539670.64,1078979.1,8538
2026-06-29,Google Search,658341.92,23512211,1006767,40417,6668791.96,1443681.4,12347
2026-06-30,Google Search,627399.72,22407133,986913,34591,5707433.51,1465468.42,11763
2026-07-01,Google Search,615679.5,21988554,960262,37190,6136386.31,1271112.97,11290
2026-07-02,Google Search,651756.72,23277026,955826,33027,5449472.06,1231436.92,10714
2026-07-03,Google Search,635576.89,22699175,981534,36057,5949441.92,1398483.54,10543
2026-07-04,Google Search,668330.78,23868957,1091260,28796,4751354.17,1245868.77,9119
2026-07-05,Google Search,615553.93,21984069,1064426,26453,4364740.74,1186931.33,8720
2026-07-06,Google Search,689845.73,24637347,1145559,41549,6855600.31,1838247.26,12878
2026-07-07,Google Search,666788.96,23813891,904482,37028,6109656.93,1486960.16,12073
2026-07-08,Google Search,671219.34,23972119,1120254,40596,6698409.82,1329988.69,11876
2026-07-09,Google Search,713176.67,25470595,1107792,35970,5935047.3,1508122.2,11190
2026-07-10,Google Search,651086.72,23253097,1074835,33720,5563732.45,1532184.87,10571
2026-07-11,Google Search,641545.64,22912344,1030181,29878,4929822.22,1334603.82,9028
2026-07-12,Google Search,647188.77,23113885,1028100,26287,4337414.51,1108320.67,8611
2026-07-13,Google Search,659040.69,23537168,1052675,37731,6225571.03,1388006.76,12547
2026-07-14,Google Search,662654.39,23666228,1063547,39086,6449250.25,1522314.23,11917
2026-07-15,Google Search,638977.87,22820638,1109765,34793,5740810.14,1633371.57,11454
2026-07-16,Google Search,599736.57,21419163,962725,34003,5610497.0,1225744.51,11194
2026-07-17,Google Search,649201.03,23185751,1111315,35012,5777032.56,1292748.26,10455
2026-07-18,Google Search,680067.26,24288116,1154602,29868,4928254.83,1305886.88,9055
2026-07-19,Google Search,673511.26,24053973,1125751,26860,4431935.18,1054361.76,8915
2026-07-20,Google Search,709694.48,25346231,1018313,40558,6692067.49,1493035.34,13021
2026-07-21,Google Search,736677.61,26309915,1263268,37548,6195467.37,1713166.72,12235
2026-07-22,Google Search,696892.06,24889002,1089234,38976,6430980.94,1643040.62,11137
2026-07-23,Google Search,718955.06,25676966,1205083,37927,6257893.01,1494847.53,11288
2026-07-24,Google Search,698765.69,24955918,1057486,33390,5509367.04,1233076.16,10611
2026-07-25,Google Search,730576.52,26092018,1090654,30271,4994633.36,1432253.46,9154
2026-07-26,Google Search,735814.19,26279078,1322790,26298,4339177.07,1067081.77,8777
2026-07-27,Google Search,707021.52,25250768,1071040,40708,6716866.82,1840046.24,13106
2026-07-28,Google Search,699449.25,24980330,1201416,39143,6458521.29,1705148.46,12114
2026-07-29,Google Search,669342.02,23905072,1083372,38314,6321794.22,1492777.84,11656
2026-07-30,Google Search,675474.42,24124087,1058219,35271,5819724.49,1375136.32,11027
2026-07-31,Google Search,666050.74,23787526,1067559,35379,5837487.89,1604782.39,10872
2026-08-01,Google Search,699067.32,24966690,1035794,30300,4999555.57,1376023.39,9390
2026-08-02,Google Search,653741.33,23347905,1049789,28069,4631382.12,969821.75,8805
2026-08-03,Google Search,671627.86,23986709,1009279,40679,6712065.21,1726593.32,12846
2026-08-04,Google Search,597822.9,21350818,937991,37165,6132202.52,1496322.5,11814
2026-08-05,Google Search,735617.36,26272048,1247878,38014,6272352.98,1417747.06,11691
2026-08-06,Google Search,670039.71,23929990,1093273,37125,6125697.99,1540977.76,11318
2026-08-07,Google Search,692721.42,24740051,1014296,33945,5600930.63,1231066.34,10457
2026-08-08,Google Search,727597.26,25985616,1229094,28706,4736416.48,1123502.77,9490
2026-08-09,Google Search,689682.39,24631514,1107946,28419,4689124.84,1081595.81,9306
2026-08-10,Google Search,729372.73,26049026,1134073,42465,7006804.87,1657446.48,12953
2026-08-11,Google Search,638763.04,22812966,1072575,42584,7026389.37,1721402.27,12340
2026-08-12,Google Search,763541.61,27269343,1214809,38412,6337946.13,1434791.53,11860
2026-08-13,Google Search,720171.07,25720395,1076468,37293,6153331.51,1706998.8,11846
2026-08-14,Google Search,690841.78,24672921,1233377,35096,5790892.62,1483184.26,10798
2026-08-15,Google Search,733442.31,26194368,1177524,29004,4785630.19,1348468.2,9567
2026-08-16,Google Search,645294.4,23046229,1032016,31771,5242144.53,1275122.84,9277
2026-08-17,Google Search,675109.84,24111066,1058626,41651,6872346.96,1619002.98,12838
2026-08-18,Google Search,734446.38,26230228,1263927,37988,6268015.09,1761700.16,12228
2026-08-19,Google Search,621854.87,22209103,967935,37022,6108620.37,1435558.08,11615
2026-08-20,Google Search,705358.78,25191385,1028528,35737,5896591.95,1432196.73,11419
2026-08-21,Google Search,705446.16,25194506,1087586,38216,6305563.4,1643189.31,11158
2026-08-22,Google Search,755519.5,26982839,1310888,30199,4982859.44,1106204.51,9491
2026-08-23,Google Search,633337.8,22619207,1068684,28388,4684039.16,1219822.35,8764
2026-08-24,Google Search,743942.81,26569386,1177328,44658,7368609.86,1900356.65,13506
2026-08-25,Google Search,669970.45,23927516,1165456,38682,6382566.13,1732362.1,12497
2026-08-26,Google Search,674799.49,24099982,1133168,39509,6518961.24,1720644.34,12174
2026-08-27,Google Search,648806.97,23171678,1026047,37318,6157491.97,1674992.82,11453
2026-08-28,Google Search,653942.6,23355093,1040517,33063,5455369.02,1332328.57,11153
2026-08-29,Google Search,705692.13,25203290,1156558,30870,5093530.78,1168430.71,9484
2026-08-30,Google Search,653906.44,23353801,998466,29395,4850121.07,1396796.22,9166
2026-08-31,Google Search,719592.03,25699715,1156800,44121,7279993.91,1574704.73,13638
2026-09-01,Google Search,671418.12,23979219,1099039,38948,6426481.98,1402776.18,12096
2026-09-02,Google Search,652375.89,23299139,942338,38171,6298160.39,1622026.99,11723
2026-09-03,Google Search,676683.21,24167258,1075173,39771,6562150.21,1827110.8,11598
2026-09-04,Google Search,707978.58,25284949,1117133,33609,5545494.66,1387130.22,11111
2026-09-05,Google Search,686322.15,24511505,1171056,29506,4868456.62,1295487.91,9339
2026-09-06,Google Search,697067.73,24895276,996305,30740,5072119.45,1050226.64,9255
2026-09-07,Google Search,720857.37,25744906,1132002,43915,7245923.37,1714044.69,13342
2026-09-08,Google Search,734227.16,26222399,1145899,40440,6672647.9,1397657.77,12299
2026-09-09,Google Search,686128.17,24504578,1166227,44155,7285514.63,1907227.23,12075
2026-09-10,Google Search,660223.06,23579395,1058300,38645,6376475.86,1376687.36,11665
2026-09-11,Google Search,699864.45,24995159,1245995,37787,6234805.7,1379211.56,11127
2026-09-12,Google Search,714188.43,25506730,1193408,31216,5150638.11,1321305.89,9863
2026-09-13,Google Search,646597.34,23092762,1013597,27973,4615596.92,1233890.67,9157
2026-09-14,Google Search,667901.69,23853632,1088849,43118,7114454.84,1730707.96,13629
2026-09-15,Google Search,674864.39,24102300,1061562,42487,7010297.47,1806127.72,12764
2026-09-16,Google Search,692854.31,24744797,1170933,38254,6311828.73,1622145.54,11664
2026-09-17,Google Search,674531.21,24090401,997416,39336,6490403.05,1571673.85,11996
2026-09-18,Google Search,726058.04,25930644,1109210,35569,5868924.36,1319458.42,11186
2026-09-19,Google Search,645327.32,23047404,1065490,30561,5042619.15,1298651.63,9689
2026-09-20,Google Search,647410.59,23121807,1117004,30110,4968127.06,1284188.02,9453
2026-09-21,Google Search,690772.5,24670447,963497,44219,7296208.17,1926366.83,13276
2026-09-22,Google Search,696008.9,24857461,1210834,41280,6811217.89,1720182.98,12325
2026-09-23,Google Search,651540.84,23269316,1038315,37925,6257592.5,1397736.72,12424
2026-09-24,Google Search,682994.09,24392646,973597,41267,6808986.01,1770390.73,12367
2026-09-25,Google Search,690468.6,24659593,909824,35071,5786666.77,1425677.16,11278
2026-09-26,Google Search,691048.76,24680313,1008701,31749,5238528.92,1240925.15,9651
2026-09-27,Google Search,710028.32,25358154,1139768,28783,4749169.94,1142612.95,9041
2026-09-28,Google Search,681486.32,24338797,1090915,47496,7836852.57,1824369.52,13704
2026-09-29,Google Search,757948.07,27069574,1264410,39735,6556243.86,1730329.71,12626
2026-09-30,Google Search,723137.0,25826321,1123868,38209,6304510.15,1377195.8,11782
2025-01-01,Meta Ads,269729.4,19266386,243993,6759,1115263.56,216267.57,1845
2025-01-02,Meta Ads,272850.59,19489328,206272,5708,941817.6,212288.76,1559
2025-01-03,Meta Ads,295677.74,21119838,249751,6540,1079125.97,241261.38,1888
2025-01-04,Meta Ads,279191.94,19942281,232480,5956,982738.94,238389.48,1758
2025-01-05,Meta Ads,234894.32,16778166,212885,5890,971862.62,231622.85,1609
2025-01-06,Meta Ads,281729.52,20123537,251230,7136,1177517.78,308732.51,1899
2025-01-07,Meta Ads,286639.0,20474214,255158,7228,1192565.03,260813.78,1929
2025-01-08,Meta Ads,254089.87,18149276,237934,6479,1068970.66,230271.97,1799
2025-01-09,Meta Ads,236763.52,16911680,198458,5543,914527.61,180268.04,1500
2025-01-10,Meta Ads,268593.12,19185223,248665,6300,1039572.36,241450.84,1880
2025-01-11,Meta Ads,281848.98,20132070,226449,6463,1066443.1,236842.3,1712
2025-01-12,Meta Ads,284683.98,20334570,228190,6418,1058949.5,245106.87,1725
2025-01-13,Meta Ads,256305.01,18307501,229612,7038,1161330.02,232209.58,1736
2025-01-14,Meta Ads,294302.83,21021631,229484,6405,1056826.77,239041.78,1735
2025-01-15,Meta Ads,241610.8,17257914,214212,5695,939645.38,210115.53,1619
2025-01-16,Meta Ads,266855.79,19061128,230124,6404,1056688.91,235057.3,1740
2025-01-17,Meta Ads,266114.17,19008155,242767,6662,1099261.24,228618.33,1835
2025-01-18,Meta Ads,285108.64,20364903,243507,6942,1145350.55,275951.73,1841
2025-01-19,Meta Ads,284840.99,20345785,244970,6844,1129237.92,289181.36,1852
2025-01-20,Meta Ads,282767.51,20197680,249778,6530,1077415.58,215976.51,1888
2025-01-21,Meta Ads,253031.97,18073712,208261,5335,880319.62,204832.6,1574
2025-01-22,Meta Ads,283463.56,20247397,232674,6577,1085193.16,183777.29,1759
2025-01-23,Meta Ads,279217.19,19944085,246142,7342,1211474.62,280780.49,1861
2025-01-24,Meta Ads,249354.2,17811014,213357,5976,986083.77,184481.76,1613
2025-01-25,Meta Ads,242593.34,17328096,202855,5890,971819.54,204821.24,1534
2025-01-26,Meta Ads,282783.11,20198794,241182,7070,1166504.48,229673.96,1823
2025-01-27,Meta Ads,268318.7,19165621,251991,7124,1175515.86,254152.69,1905
2025-01-28,Meta Ads,254302.46,18164461,212180,5679,936990.1,219970.39,1604
2025-01-29,Meta Ads,268989.61,19213543,224033,6312,1041406.02,195067.1,1694
2025-01-30,Meta Ads,277292.62,19806616,213330,6311,1041335.51,222505.45,1613
2025-01-31,Meta Ads,271759.41,19411387,232345,6654,1097937.37,231626.04,1757
2025-02-01,Meta Ads,251446.71,17960479,224020,6484,1069859.74,265139.55,1694
2025-02-02,Meta Ads,298653.18,21332370,268832,7327,1208945.86,275154.86,2032
2025-02-03,Meta Ads,286997.31,20499808,247595,6838,1128271.28,224843.0,1872
2025-02-04,Meta Ads,268987.02,19213358,243783,6761,1115592.64,236176.78,1843
2025-02-05,Meta Ads,269967.39,19283385,241553,6722,1109135.1,274386.09,1826
2025-02-06,Meta Ads,279131.97,19937998,255233,7537,1243579.53,289222.81,1930
2025-02-07,Meta Ads,259033.99,18502428,235142,5791,955437.27,194755.47,1778
2025-02-08,Meta Ads,278963.34,19925953,261635,7311,1206277.71,259711.06,1978
2025-02-09,Meta Ads,256438.74,18317053,217567,6046,997587.14,215341.23,1645
2025-02-10,Meta Ads,274022.49,19573035,216175,5618,926917.25,195145.3,1634
2025-02-11,Meta Ads,258998.06,18499861,230839,6657,1098360.6,208578.97,1745
2025-02-12,Meta Ads,259577.65,18541261,232915,6263,1033384.14,215020.22,1761
2025-02-13,Meta Ads,298193.07,21299505,279671,7664,1264481.84,309102.47,2114
2025-02-14,Meta Ads,276523.98,19751713,255242,7780,1283623.49,273786.44,1930
2025-02-15,Meta Ads,278892.58,19920898,266955,7824,1290985.5,281670.75,2018
2025-02-16,Meta Ads,248433.74,17745267,220863,6339,1045947.29,232695.3,1670
2025-02-17,Meta Ads,268199.78,19157127,233042,6626,1093231.71,283189.97,1762
2025-02-18,Meta Ads,283226.7,20230478,222592,6159,1016265.57,223737.16,1683
2025-02-19,Meta Ads,280052.19,20003728,244482,7503,1237985.88,296192.38,1848
2025-02-20,Meta Ads,247565.92,17683280,205165,5954,982358.1,205776.54,1551
2025-02-21,Meta Ads,280650.89,20046492,243611,6542,1079432.42,232547.06,1842
2025-02-22,Meta Ads,282913.16,20208083,243290,6313,1041581.43,229378.03,1839
2025-02-23,Meta Ads,295829.72,21130694,260745,7481,1234361.1,254741.59,1971
2025-02-24,Meta Ads,268940.88,19210063,229175,6376,1052057.92,227680.66,1733
2025-02-25,Meta Ads,246809.47,17629248,223419,5788,955026.58,225032.62,1689
2025-02-26,Meta Ads,264218.73,18872767,189470,5399,890915.91,183451.69,1432
2025-02-27,Meta Ads,263150.08,18796434,228128,6279,1036062.98,227935.48,1725
2025-02-28,Meta Ads,288069.44,20576388,264732,7582,1251027.52,290831.01,2001
2025-03-01,Meta Ads,240543.92,17181708,229315,6539,1078965.69,221716.01,1734
2025-03-02,Meta Ads,271959.57,19425683,243346,6583,1086172.1,259898.48,1840
2025-03-03,Meta Ads,298359.05,21311361,281589,8105,1337314.89,295924.71,2129
2025-03-04,Meta Ads,278868.51,19919179,241453,6569,1083857.1,235298.7,1825
2025-03-05,Meta Ads,291437.0,20816929,249846,6820,1125271.98,207788.9,1889
2025-03-06,Meta Ads,256260.46,18304318,226629,6155,1015521.23,216737.03,1713
2025-03-07,Meta Ads,257286.97,18377640,220489,6500,1072421.29,242946.35,1667
2025-03-08,Meta Ads,299967.9,21426279,245046,6741,1112243.9,278859.65,1853
2025-03-09,Meta Ads,281146.45,20081890,233533,6963,1148841.93,264227.73,1766
2025-03-10,Meta Ads,404402.68,28885906,323500,9831,1622035.8,388998.91,2446
2025-03-11,Meta Ads,379968.6,27140614,336013,9028,1489699.82,296032.79,2540
2025-03-12,Meta Ads,404462.76,28890197,346919,8265,1363795.34,296990.88,2623
2025-03-13,Meta Ads,379229.75,27087839,318027,9336,1540498.91,372007.59,2404
2025-03-14,Meta Ads,425956.16,30425440,352691,9672,1595853.01,326153.88,2666
2025-03-15,Meta Ads,457424.83,32673202,403960,10782,1779089.35,421622.68,3054
2025-03-16,Meta Ads,412252.15,29446582,369906,10017,1652735.58,384932.68,2796
2025-03-17,Meta Ads,271506.44,19393317,216934,5927,977943.86,219876.14,1640
2025-03-18,Meta Ads,244764.44,17483174,193589,5751,948988.38,203287.39,1464
2025-03-19,Meta Ads,256672.47,18333748,232605,6542,1079357.78,218722.36,1758
2025-03-20,Meta Ads,302275.57,21591112,237716,7058,1164559.71,292591.76,1797
2025-03-21,Meta Ads,266107.47,19007676,235585,6735,1111313.89,256847.73,1781
2025-03-22,Meta Ads,275813.74,19700982,259347,7124,1175445.07,265644.52,1961
2025-03-23,Meta Ads,290280.11,20734294,272985,7468,1232156.73,262121.44,2064
2025-03-24,Meta Ads,302078.52,21577037,270388,7756,1279682.05,282383.01,2044
2025-03-25,Meta Ads,278993.59,19928114,249308,7241,1194766.83,266312.36,1885
2025-03-26,Meta Ads,275973.22,19712373,268510,7865,1297689.88,294624.67,2030
2025-03-27,Meta Ads,282599.01,20185644,208300,5736,946371.3,220432.96,1575
2025-03-28,Meta Ads,273122.17,19508726,227583,6405,1056854.1,217953.44,1721
2025-03-29,Meta Ads,274025.37,19573241,246836,7088,1169494.22,227101.62,1866
2025-03-30,Meta Ads,288562.15,20611582,242334,6631,1094165.17,242339.36,1832
2025-03-31,Meta Ads,285895.88,20421134,263282,6929,1143241.73,216357.32,1990
2025-04-01,Meta Ads,314899.0,22492786,269276,7210,1189639.33,254943.95,2036
2025-04-02,Meta Ads,292021.92,20858708,252283,6954,1147388.34,242142.84,1907
2025-04-03,Meta Ads,303487.22,21677659,255845,7374,1216778.33,278222.17,1934
2025-04-04,Meta Ads,272633.73,19473838,226360,6713,1107643.25,282331.29,1711
2025-04-05,Meta Ads,296559.59,21182828,245850,6394,1055032.1,195998.8,1859
2025-04-06,Meta Ads,279494.86,19963919,243465,6590,1087315.16,282729.84,1841
2025-04-07,Meta Ads,296871.25,21205089,242635,6648,1096985.36,236836.81,1834
2025-04-08,Meta Ads,302627.4,21616243,274230,7955,1312582.52,296803.04,2073
2025-04-09,Meta Ads,295321.34,21094381,263054,7145,1178991.65,230020.04,1989
2025-04-10,Meta Ads,331812.72,23700908,303172,8277,1365664.73,324406.75,2292
2025-04-11,Meta Ads,318941.78,22781555,254861,6609,1090422.42,240688.85,1927
2025-04-12,Meta Ads,316527.21,22609086,243644,6962,1148725.17,251476.82,1842
2025-04-13,Meta Ads,311670.57,22262183,267079,7391,1219576.68,226721.77,2019
2025-04-14,Meta Ads,328766.27,23483305,330813,8928,1473093.35,325993.83,2501
2025-04-15,Meta Ads,281884.31,20134594,259971,7159,1181248.6,277459.44,1965
2025-04-16,Meta Ads,326172.74,23298053,270276,7966,1314326.95,283686.29,2043
2025-04-17,Meta Ads,291483.38,20820241,256207,6789,1120186.43,269590.69,1937
2025-04-18,Meta Ads,299550.55,21396468,267966,7162,1181670.54,283528.8,2026
2025-04-19,Meta Ads,318558.62,22754187,250632,7430,1226025.51,255892.02,1895
2025-04-20,Meta Ads,330275.99,23591142,306358,8580,1415660.77,351188.63,2316
2025-04-21,Meta Ads,295124.01,21080286,250422,7221,1191424.35,263063.15,1893
2025-04-22,Meta Ads,306898.64,21921331,261625,7446,1228582.71,271363.84,1978
2025-04-23,Meta Ads,318672.45,22762318,273538,7618,1257005.71,278731.05,2068
2025-04-24,Meta Ads,315445.98,22531856,288950,7921,1307016.59,289138.15,2184
2025-04-25,Meta Ads,333919.89,23851420,273248,7941,1310199.26,227594.26,2066
2025-04-26,Meta Ads,376911.23,26922230,289979,8561,1412498.8,306138.05,2192
2025-04-27,Meta Ads,329971.93,23569424,288314,8480,1399201.34,274235.83,2180
2025-04-28,Meta Ads,313264.9,22376064,235588,6183,1020244.87,253656.86,1781
2025-04-29,Meta Ads,305260.11,21804294,256924,7636,1259921.11,312353.42,1942
2025-04-30,Meta Ads,321949.21,22996372,295608,8100,1336476.95,314064.22,2235
2025-05-01,Meta Ads,429703.16,30693083,381114,10232,1688226.68,364324.34,2881
2025-05-02,Meta Ads,462708.32,33050595,421411,11658,1923543.26,389053.81,3186
2025-05-03,Meta Ads,463715.27,33122519,412265,11980,1976727.91,412002.63,3117
2025-05-04,Meta Ads,444540.85,31752918,436140,12497,2062028.44,524148.04,3297
2025-05-05,Meta Ads,502466.5,35890464,415485,11444,1888260.56,392413.26,3141
2025-05-06,Meta Ads,441774.71,31555336,387710,11270,1859574.97,332011.34,2931
2025-05-07,Meta Ads,457275.95,32662568,381648,10722,1769200.47,421301.32,2885
2025-05-08,Meta Ads,475432.21,33959444,430908,11678,1926854.7,474794.06,3258
2025-05-09,Meta Ads,482422.85,34458775,411978,11087,1829398.08,455890.02,3115
2025-05-10,Meta Ads,491673.0,35119500,464897,13237,2184050.6,520404.49,3515
2025-05-11,Meta Ads,472535.1,33752507,392130,10895,1797723.88,433515.27,2965
2025-05-12,Meta Ads,354418.03,25315574,329435,8559,1412252.11,312011.17,2491
2025-05-13,Meta Ads,326897.74,23349838,290170,8439,1392378.71,255441.9,2194
2025-05-14,Meta Ads,354701.87,25335848,303438,8263,1363332.68,300602.19,2294
2025-05-15,Meta Ads,355098.47,25364177,314276,9466,1561942.64,360714.54,2376
2025-05-16,Meta Ads,365979.86,26141419,318614,8266,1363850.63,296800.15,2409
2025-05-17,Meta Ads,312219.52,22301394,273332,7557,1246916.08,270352.96,2066
2025-05-18,Meta Ads,326062.57,23290184,276013,7431,1226156.24,248948.37,2087
2025-05-19,Meta Ads,356985.66,25498976,293107,7779,1283510.58,259743.26,2216
2025-05-20,Meta Ads,299006.08,21357577,251138,6836,1127976.24,284646.4,1899
2025-05-21,Meta Ads,354134.24,25295303,272889,8288,1367458.61,345951.3,2063
2025-05-22,Meta Ads,364866.93,26061924,328542,9232,1523284.58,335051.64,2484
2025-05-23,Meta Ads,336688.27,24049162,267203,7160,1181374.43,265755.87,2020
2025-05-24,Meta Ads,339685.13,24263223,287356,7284,1201895.94,243668.66,2172
2025-05-25,Meta Ads,328732.47,23480891,292727,7464,1231584.75,284877.03,2213
2025-05-26,Meta Ads,338875.2,24205372,305093,8284,1366824.21,343031.63,2307
2025-05-27,Meta Ads,339455.28,24246806,259980,7024,1158898.93,223766.62,1965
2025-05-28,Meta Ads,336907.76,24064840,287187,7923,1307253.3,298268.59,2171
2025-05-29,Meta Ads,337010.67,24072191,296835,7341,1211233.51,277962.09,2244
2025-05-30,Meta Ads,345710.84,24693631,297248,8255,1362110.18,312312.62,2247
2025-05-31,Meta Ads,345795.37,24699670,320299,9396,1550264.41,385881.88,2421
2025-06-01,Meta Ads,383985.38,27427527,312901,9438,1557322.16,398415.83,2366
2025-06-02,Meta Ads,344775.07,24626791,259189,6546,1080157.56,233195.96,1959
2025-06-03,Meta Ads,358583.53,25613110,322301,8632,1424260.35,330211.71,2437
2025-06-04,Meta Ads,343100.78,24507199,284609,7601,1254238.54,277791.9,2152
2025-06-05,Meta Ads,344736.65,24624047,264311,7428,1225620.32,256001.16,1998
2025-06-06,Meta Ads,325796.7,23271193,276598,7246,1195662.64,268744.7,2091
2025-06-07,Meta Ads,329316.03,23522573,303112,9168,1512745.2,350682.16,2292
2025-06-08,Meta Ads,336730.77,24052198,266750,7459,1230655.36,275442.75,2017
2025-06-09,Meta Ads,363013.58,25929541,354766,9837,1623108.6,331911.44,2682
2025-06-10,Meta Ads,379829.51,27130680,309201,9314,1536760.29,325549.35,2338
2025-06-11,Meta Ads,328918.93,23494210,283402,7901,1303596.01,276331.11,2143
2025-06-12,Meta Ads,353097.63,25221259,280517,7983,1317204.49,270254.78,2121
2025-06-13,Meta Ads,339233.43,24230960,291497,7827,1291533.43,291264.42,2204
2025-06-14,Meta Ads,360184.56,25727469,306252,7959,1313222.73,298572.71,2315
2025-06-15,Meta Ads,385297.06,27521219,300740,8135,1342205.14,318424.09,2274
2025-06-16,Meta Ads,358650.06,25617861,359536,11128,1836111.41,376229.96,2718
2025-06-17,Meta Ads,366541.08,26181506,304841,8774,1447750.81,303790.78,2305
2025-06-18,Meta Ads,395152.2,28225157,328653,9295,1533723.7,379382.54,2485
2025-06-19,Meta Ads,378212.89,27015206,343031,9103,1502052.16,326102.84,2593
2025-06-20,Meta Ads,357238.85,25517061,339537,9905,1634274.24,360407.0,2567
2025-06-21,Meta Ads,375543.11,26824508,343650,8937,1474598.42,319867.2,2598
2025-06-22,Meta Ads,358031.41,25573672,284767,7322,1208208.88,289899.26,2153
2025-06-23,Meta Ads,382424.62,27316044,332000,9004,1485651.1,357483.06,2510
2025-06-24,Meta Ads,385444.18,27531727,293087,8976,1481076.33,354854.73,2216
2025-06-25,Meta Ads,351180.37,25084312,317297,9693,1599288.1,352591.19,2399
2025-06-26,Meta Ads,381555.91,27253994,294961,8044,1327216.53,271608.4,2230
2025-06-27,Meta Ads,377241.73,26945838,307767,8297,1369045.58,347578.43,2327
2025-06-28,Meta Ads,390961.52,27925823,335046,8581,1415878.74,332832.08,2533
2025-06-29,Meta Ads,397387.62,28384830,349713,9795,1616183.02,342570.68,2644
2025-06-30,Meta Ads,392459.56,28032826,331127,9313,1536692.69,376580.7,2503
2025-07-01,Meta Ads,378572.49,27040892,354066,10268,1694291.42,356772.51,2677
2025-07-02,Meta Ads,403076.15,28791154,360486,10516,1735064.74,424793.09,2725
2025-07-03,Meta Ads,368940.76,26352911,328468,9074,1497176.36,368332.05,2483
2025-07-04,Meta Ads,361011.0,25786500,286613,8219,1356102.85,276349.22,2167
2025-07-05,Meta Ads,325457.0,23246928,307407,8276,1365571.86,314407.82,2324
2025-07-06,Meta Ads,386625.46,27616104,315425,9037,1491051.88,348558.06,2385
2025-07-07,Meta Ads,372634.95,26616782,352700,9591,1582475.04,420973.81,2666
2025-07-08,Meta Ads,396908.7,28350621,381485,10888,1796512.39,371762.19,2884
2025-07-09,Meta Ads,352209.68,25157835,311180,8846,1459628.04,357919.42,2353
2025-07-10,Meta Ads,378838.23,27059874,344825,9654,1592864.27,350916.42,2607
2025-07-11,Meta Ads,401331.85,28666561,280368,8133,1341946.29,265909.33,2120
2025-07-12,Meta Ads,372479.58,26605684,315533,8112,1338500.37,291643.47,2385
2025-07-13,Meta Ads,401775.74,28698267,367153,9698,1600193.29,352111.94,2776
2025-07-14,Meta Ads,382711.99,27336571,346235,9530,1572372.18,316618.42,2618
2025-07-15,Meta Ads,393331.08,28095077,312468,8089,1334642.76,300954.28,2362
2025-07-16,Meta Ads,406733.69,29052406,342485,9361,1544555.39,365839.44,2589
2025-07-17,Meta Ads,414436.36,29602597,301171,8245,1360472.39,305007.48,2277
2025-07-18,Meta Ads,398182.1,28441578,349756,10397,1715538.85,361058.39,2644
2025-07-19,Meta Ads,380668.36,27190597,289417,8132,1341825.41,291695.26,2188
2025-07-20,Meta Ads,388627.14,27759081,355703,10435,1721763.73,378650.34,2689
2025-07-21,Meta Ads,411972.5,29426607,378178,10710,1767201.72,395543.68,2859
2025-07-22,Meta Ads,380102.79,27150200,316529,8595,1418115.92,339685.59,2393
2025-07-23,Meta Ads,397851.69,28417978,351682,9878,1629790.09,366354.22,2659
2025-07-24,Meta Ads,393712.67,28122334,333072,9632,1589219.12,310394.42,2518
2025-07-25,Meta Ads,399988.37,28570598,347823,10283,1696749.2,356492.35,2630
2025-07-26,Meta Ads,382205.67,27300405,305054,8455,1395025.8,310981.9,2306
2025-07-27,Meta Ads,365434.47,26102462,324929,8319,1372590.49,329126.05,2456
2025-07-28,Meta Ads,413533.73,29538124,319554,8150,1344715.33,326553.49,2416
2025-07-29,Meta Ads,423155.53,30225395,322881,8861,1462125.25,367336.25,2441
2025-07-30,Meta Ads,368321.21,26308658,313394,7722,1274064.9,283223.12,2369
2025-07-31,Meta Ads,412111.82,29436558,348762,10604,1749627.9,408423.06,2637
2025-08-01,Meta Ads,427906.05,30564718,372769,10711,1767260.43,343558.04,2818
2025-08-02,Meta Ads,418444.39,29888885,344689,9311,1536343.75,349619.47,2606
2025-08-03,Meta Ads,398737.16,28481226,380444,10025,1654201.88,332619.22,2876
2025-08-04,Meta Ads,390018.51,27858465,337523,9901,1633661.09,357607.28,2552
2025-08-05,Meta Ads,412666.84,29476203,358657,9449,1559141.81,426152.68,2711
2025-08-06,Meta Ads,417250.63,29803616,361876,9582,1581082.11,356285.08,2736
2025-08-07,Meta Ads,414673.79,29619556,376823,10111,1668269.34,341656.37,2849
2025-08-08,Meta Ads,410171.26,29297947,363726,10206,1683964.95,382558.25,2750
2025-08-09,Meta Ads,392064.11,28004580,344967,9923,1637350.97,345316.46,2608
2025-08-10,Meta Ads,423871.32,30276523,379362,11215,1850536.98,375827.23,2868
2025-08-11,Meta Ads,426622.64,30473046,325643,9560,1577425.28,405422.36,2462
2025-08-12,Meta Ads,422040.31,30145737,322965,9011,1486828.9,355018.9,2442
2025-08-13,Meta Ads,421170.37,30083598,359356,10538,1738706.28,393089.23,2717
2025-08-14,Meta Ads,455550.68,32539335,385841,10404,1716626.25,365819.77,2917
2025-08-15,Meta Ads,408638.34,29188453,362447,9192,1516614.83,325359.54,2740
2025-08-16,Meta Ads,450119.78,32151413,386280,10416,1718569.82,424740.55,2920
2025-08-17,Meta Ads,408026.83,29144774,361947,9691,1599053.75,360419.94,2736
2025-08-18,Meta Ads,448014.64,32001046,355313,9600,1583997.3,262535.88,2686
2025-08-19,Meta Ads,451084.64,32220331,386395,10263,1693442.82,444712.51,2921
2025-08-20,Meta Ads,419338.16,29952726,330512,9009,1486430.68,331803.88,2499
2025-08-21,Meta Ads,462531.4,33037957,405658,11669,1925338.14,435209.78,3067
2025-08-22,Meta Ads,438384.73,31313195,333411,10100,1666493.62,398501.67,2521
2025-08-23,Meta Ads,410405.02,29314645,359127,9155,1510621.96,344710.47,2715
2025-08-24,Meta Ads,422145.78,30153270,329947,8613,1421112.19,331326.04,2494
2025-08-25,Meta Ads,455094.09,32506721,381104,10212,1684987.18,358131.33,2881
2025-08-26,Meta Ads,451631.39,32259385,407899,11816,1949656.6,386725.31,3084
2025-08-27,Meta Ads,409405.17,29243227,355706,9823,1620713.64,364550.52,2689
2025-08-28,Meta Ads,430386.63,30741902,332478,8940,1475145.54,361700.4,2514
2025-08-29,Meta Ads,438131.74,31295124,360391,10415,1718514.09,358479.76,2725
2025-08-30,Meta Ads,423543.33,30253095,330334,9657,1593410.26,330133.54,2497
2025-08-31,Meta Ads,486147.83,34724845,374326,10434,1721593.27,415747.45,2830
2025-09-01,Meta Ads,439916.35,31422597,379733,10162,1676760.09,355393.47,2871
2025-09-02,Meta Ads,434628.85,31044918,385063,10888,1796592.86,382268.51,2911
2025-09-03,Meta Ads,461522.54,32965896,406049,11197,1847443.52,394304.79,3070
2025-09-04,Meta Ads,427993.92,30570994,380116,10477,1728778.88,378354.21,2874
2025-09-05,Meta Ads,459132.06,32795147,393261,10691,1763992.99,339222.85,2973
2025-09-06,Meta Ads,402132.25,28723732,339031,9896,1632910.55,343740.1,2563
2025-09-07,Meta Ads,429137.48,30652677,344150,9722,1604086.69,359402.8,2602
2025-09-08,Meta Ads,462787.84,33056274,386201,11333,1869944.5,418734.78,2920
2025-09-09,Meta Ads,475477.47,33962676,375241,11169,1842841.97,442983.6,2837
2025-09-10,Meta Ads,425023.33,30358809,345832,9870,1628572.38,411008.19,2614
2025-09-11,Meta Ads,422551.56,30182254,364120,9902,1633775.84,402921.32,2753
2025-09-12,Meta Ads,454776.14,32484010,387053,11360,1874480.18,442560.8,2926
2025-09-13,Meta Ads,428706.77,30621912,435033,12420,2049304.96,445482.57,3289
2025-09-14,Meta Ads,437140.05,31224290,344436,10861,1792007.51,374590.47,2604
2025-09-15,Meta Ads,463182.21,33084444,394033,11164,1842057.92,405832.36,2979
2025-09-16,Meta Ads,432898.25,30921304,339359,9798,1616735.1,372344.1,2566
2025-09-17,Meta Ads,401549.51,28682108,336177,9516,1570064.09,368126.81,2541
2025-09-18,Meta Ads,416942.88,29781634,349937,9715,1602952.77,370228.08,2646
2025-09-19,Meta Ads,446276.24,31876874,401914,11068,1826268.45,397884.2,3038
2025-09-20,Meta Ads,405191.59,28942257,337937,9567,1578579.41,369148.86,2555
2025-09-21,Meta Ads,440777.24,31484089,373472,10691,1764081.27,427245.23,2823
2025-09-22,Meta Ads,417848.35,29846311,348908,10296,1698909.09,400077.5,2638
2025-09-23,Meta Ads,487431.48,34816535,382677,10842,1788857.88,392540.84,2893
2025-09-24,Meta Ads,500714.87,35765348,412392,11239,1854507.39,380775.36,3118
2025-09-25,Meta Ads,429056.69,30646907,359335,9862,1627165.28,333417.25,2717
2025-09-26,Meta Ads,459525.15,32823225,395623,10308,1700782.24,353780.68,2991
2025-09-27,Meta Ads,432197.68,30871263,382879,11570,1908985.13,428613.98,2895
2025-09-28,Meta Ads,447439.62,31959973,378121,10264,1693581.01,388081.63,2859
2025-09-29,Meta Ads,496700.71,35478622,419302,12264,2023625.85,394817.97,3170
2025-09-30,Meta Ads,445101.32,31792951,342124,9677,1596747.68,337120.84,2586
2025-10-01,Meta Ads,450987.24,32213374,399079,11303,1865059.87,418299.03,3017
2025-10-02,Meta Ads,437585.56,31256111,359413,9969,1644839.56,335819.71,2717
2025-10-03,Meta Ads,485955.36,34711097,435205,11664,1924550.95,438098.45,3290
2025-10-04,Meta Ads,384360.56,27454326,355474,9437,1557178.37,334153.76,2687
2025-10-05,Meta Ads,449591.53,32113681,381019,11549,1905610.34,394971.67,2881
2025-10-06,Meta Ads,459909.47,32850677,370004,10382,1713020.2,378468.54,2797
2025-10-07,Meta Ads,446465.53,31890395,382301,11266,1858943.44,421801.95,2890
2025-10-08,Meta Ads,482018.73,34429909,421803,12583,2076229.0,425763.75,3189
2025-10-09,Meta Ads,490120.87,35008634,412151,11263,1858359.3,400903.89,3116
2025-10-10,Meta Ads,430544.99,30753213,356549,10158,1676131.97,382545.51,2696
2025-10-11,Meta Ads,512241.63,36588688,453910,12693,2094276.71,432650.79,3432
2025-10-12,Meta Ads,430914.52,30779608,380382,9999,1649770.61,314814.97,2876
2025-10-13,Meta Ads,494505.57,35321826,415055,11473,1892986.6,365263.69,3138
2025-10-14,Meta Ads,468771.55,33483682,361928,10394,1715076.68,364697.86,2736
2025-10-15,Meta Ads,454865.75,32490411,400561,10897,1797972.63,353833.53,3028
2025-10-16,Meta Ads,457504.18,32678870,374092,10268,1694162.11,362347.55,2828
2025-10-17,Meta Ads,467186.72,33370480,405596,11218,1850974.54,461453.5,3066
2025-10-18,Meta Ads,473261.9,33804421,409332,12626,2083304.42,407779.07,3095
2025-10-19,Meta Ads,447327.25,31951946,339967,8615,1421521.77,305664.36,2570
2025-10-20,Meta Ads,464332.1,33166579,399935,11438,1887280.38,486028.6,3024
2025-10-21,Meta Ads,451247.27,32231948,398724,10983,1812276.03,411718.47,3014
2025-10-22,Meta Ads,441249.39,31517814,392673,10605,1749763.53,373623.63,2969
2025-10-23,Meta Ads,450974.06,32212433,389271,10710,1767112.41,383885.5,2943
2025-10-24,Meta Ads,444054.18,31718156,335465,9672,1595843.74,363145.06,2536
2025-10-25,Meta Ads,461970.27,32997876,426316,12325,2033641.27,508096.3,3223
2025-10-26,Meta Ads,482510.83,34465059,423780,11933,1969016.8,414787.12,3204
2025-10-27,Meta Ads,476207.22,34014802,378708,11143,1838633.34,379983.11,2863
2025-10-28,Meta Ads,521408.85,37243489,425798,12633,2084515.77,408008.46,3219
2025-10-29,Meta Ads,421933.49,30138107,366675,10648,1756888.65,389703.36,2772
2025-10-30,Meta Ads,485548.54,34682038,433159,11755,1939592.56,378724.65,3275
2025-10-31,Meta Ads,475039.68,33931406,395256,11300,1864542.62,394979.91,2988
2025-11-01,Meta Ads,494823.74,35344553,445143,12729,2100362.75,428489.06,3365
2025-11-02,Meta Ads,492839.69,35202835,376994,10089,1664717.9,397708.72,2850
2025-11-03,Meta Ads,472214.13,33729580,379439,9756,1609674.81,339725.45,2869
2025-11-04,Meta Ads,480910.21,34350729,361152,9057,1494412.84,339210.75,2730
2025-11-05,Meta Ads,459497.48,32821249,372648,10433,1721477.5,330124.26,2817
2025-11-06,Meta Ads,493333.65,35238118,461120,13057,2154397.06,478953.75,3486
2025-11-07,Meta Ads,434033.14,31002367,417962,10972,1810395.74,359950.81,3160
2025-11-08,Meta Ads,498048.36,35574883,432907,12710,2097120.42,445656.1,3273
2025-11-09,Meta Ads,479712.2,34265157,395431,11116,1834222.44,474911.67,2989
2025-11-10,Meta Ads,469648.49,33546320,397202,11830,1951896.87,461440.66,3003
2025-11-11,Meta Ads,476865.39,34061813,420350,11945,1970932.95,429150.82,3178
2025-11-12,Meta Ads,478914.17,34208155,372002,9825,1621205.11,447941.21,2812
2025-11-13,Meta Ads,514788.7,36770622,426091,12160,2006454.34,409101.84,3221
2025-11-14,Meta Ads,561886.6,40134757,523081,15083,2488685.92,598548.4,3954
2025-11-15,Meta Ads,513676.87,36691205,412669,11198,1847706.18,356653.36,3120
2025-11-16,Meta Ads,470905.54,33636110,385493,9980,1646660.75,355196.18,2914
2025-11-17,Meta Ads,500201.11,35728651,429083,12031,1985190.21,389650.95,3244
2025-11-18,Meta Ads,502383.48,35884534,437930,11607,1915124.74,429999.23,3311
2025-11-19,Meta Ads,464470.44,33176460,383188,11290,1862868.66,411666.17,2897
2025-11-20,Meta Ads,456765.1,32626079,393321,10750,1773789.98,380628.9,2974
2025-11-21,Meta Ads,486462.27,34747305,432177,13097,2161084.47,516975.07,3267
2025-11-22,Meta Ads,508239.05,36302790,486902,12142,2003392.89,420750.69,3681
2025-11-23,Meta Ads,449688.49,32120606,382528,10744,1772834.52,400221.98,2892
2025-11-24,Meta Ads,1414368.92,101026351,1209312,36151,5964945.5,1398432.36,9142
2025-11-25,Meta Ads,1507853.29,107703806,1410895,37612,6205924.7,1203299.67,10666
2025-11-26,Meta Ads,1471352.66,105096618,1219604,33756,5569757.02,1151981.19,9220
2025-11-27,Meta Ads,1575434.52,112531037,1243070,33983,5607155.86,1238889.61,9398
2025-11-28,Meta Ads,1369068.95,97790639,1191108,32096,5295799.53,1223810.02,9005
2025-11-29,Meta Ads,1646576.56,117612611,1502483,42432,7001279.31,1715409.94,11359
2025-11-30,Meta Ads,1361058.45,97218461,1191894,31100,5131491.97,1109431.21,9011
2025-12-01,Meta Ads,1326730.4,94766457,1130578,31368,5175737.99,1109834.06,8547
2025-12-02,Meta Ads,490985.77,35070412,384272,10998,1814635.76,371351.25,2905
2025-12-03,Meta Ads,464483.05,33177361,396734,10950,1806723.08,407972.02,2999
2025-12-04,Meta Ads,491907.84,35136274,452832,12002,1980359.3,425323.21,3423
2025-12-05,Meta Ads,491856.77,35132627,390374,11452,1889652.96,406609.91,2951
2025-12-06,Meta Ads,489201.09,34942935,413158,11948,1971417.6,430454.23,3123
2025-12-07,Meta Ads,473089.69,33792121,396078,10475,1728422.11,397033.52,2994
2025-12-08,Meta Ads,851919.34,60851382,699648,18257,3012424.8,632845.21,5289
2025-12-09,Meta Ads,820910.26,58636447,714104,18975,3130912.07,646251.62,5399
2025-12-10,Meta Ads,881253.99,62946714,775452,22225,3667118.34,834630.07,5862
2025-12-11,Meta Ads,829533.21,59252372,729494,20633,3404495.57,567690.25,5515
2025-12-12,Meta Ads,797168.78,56940627,643241,18655,3078138.06,644485.97,4863
2025-12-13,Meta Ads,766997.47,54785534,592500,16261,2683092.07,535912.63,4479
2025-12-14,Meta Ads,831291.23,59377945,723753,19259,3177745.6,766400.25,5472
2025-12-15,Meta Ads,785105.7,56078979,652520,19042,3141882.41,666831.81,4933
2025-12-16,Meta Ads,783559.32,55968523,745701,20229,3337841.35,701385.26,5638
2025-12-17,Meta Ads,862502.99,61607357,822880,23172,3823461.65,837889.61,6221
2025-12-18,Meta Ads,766809.63,54772117,735770,18937,3124628.73,654676.73,5562
2025-12-19,Meta Ads,901519.12,64394223,729144,19764,3260980.57,694306.44,5512
2025-12-20,Meta Ads,849757.27,60696948,753246,22076,3642574.67,807592.11,5695
2025-12-21,Meta Ads,499198.31,35657022,450244,12112,1998468.43,424818.61,3404
2025-12-22,Meta Ads,475355.9,33953993,425987,12369,2040896.01,433579.73,3220
2025-12-23,Meta Ads,521630.37,37259312,437604,10786,1779718.57,359896.87,3308
2025-12-24,Meta Ads,502844.74,35917481,464090,12586,2076681.82,414699.67,3509
2025-12-25,Meta Ads,485503.92,34678851,416158,11511,1899369.78,419888.38,3146
2025-12-26,Meta Ads,508303.52,36307395,439038,13316,2197202.83,495241.1,3319
2025-12-27,Meta Ads,461525.65,32966118,359092,9433,1556452.32,303297.21,2715
2025-12-28,Meta Ads,463169.94,33083567,412361,11891,1961992.34,457879.9,3117
2025-12-29,Meta Ads,476760.28,34054306,402267,11816,1949697.46,455151.49,3041
2025-12-30,Meta Ads,514487.03,36749073,453287,12190,2011428.15,477019.3,3427
2025-12-31,Meta Ads,506314.76,36165340,440106,12050,1988190.43,447895.66,3327
2026-01-01,Meta Ads,533810.65,38129332,462519,12996,2144285.24,495785.86,3497
2026-01-02,Meta Ads,483756.46,34554033,413511,10682,1762590.7,455552.94,3126
2026-01-03,Meta Ads,522062.07,37290148,468601,12776,2108117.69,452598.57,3543
2026-01-04,Meta Ads,505443.52,36103108,428067,12705,2096343.34,422614.07,3236
2026-01-05,Meta Ads,485290.56,34663611,379645,10869,1793366.93,346120.8,2870
2026-01-06,Meta Ads,519629.72,37116409,460602,12750,2103760.71,527833.27,3482
2026-01-07,Meta Ads,509164.85,36368918,415243,11651,1922377.07,482767.82,3139
2026-01-08,Meta Ads,494797.72,35342694,390414,11209,1849473.93,376787.86,2952
2026-01-09,Meta Ads,513378.76,36669911,413049,11969,1974908.4,409199.35,3123
2026-01-10,Meta Ads,509879.44,36419960,444469,12056,1989189.49,426278.85,3360
2026-01-11,Meta Ads,509738.88,36409920,434389,13049,2153158.53,520088.81,3284
2026-01-12,Meta Ads,504088.63,36006331,376787,11204,1848702.34,364829.36,2849
2026-01-13,Meta Ads,480682.41,34334458,402529,11611,1915792.61,355163.99,3043
2026-01-14,Meta Ads,517145.92,36938994,474365,12677,2091698.59,539968.34,3586
2026-01-15,Meta Ads,494444.38,35317456,412334,10917,1801349.7,406200.34,3117
2026-01-16,Meta Ads,489443.12,34960223,415357,11399,1880872.89,428834.64,3140
2026-01-17,Meta Ads,510011.22,36429373,464509,12999,2144865.24,464127.68,3512
2026-01-18,Meta Ads,535335.21,38238229,480760,12227,2017478.31,460384.14,3635
2026-01-19,Meta Ads,521050.07,37217862,473994,13552,2236003.5,432331.22,3583
2026-01-20,Meta Ads,502552.03,35896574,359101,10664,1759536.85,361056.61,2715
2026-01-21,Meta Ads,501795.71,35842551,474847,13630,2248965.61,498934.77,3590
2026-01-22,Meta Ads,533377.52,38098395,474638,12795,2111136.22,380072.75,3588
2026-01-23,Meta Ads,455266.2,32519014,447860,11999,1979833.35,425022.09,3386
2026-01-24,Meta Ads,538052.8,38432343,439540,12447,2053759.46,438663.93,3323
2026-01-25,Meta Ads,469135.89,33509707,359570,9955,1642591.22,352619.41,2718
2026-01-26,Meta Ads,480780.36,34341455,412276,11757,1939954.94,407974.39,3117
2026-01-27,Meta Ads,504683.12,36048795,425438,12227,2017428.51,408473.39,3216
2026-01-28,Meta Ads,575174.49,41083892,512342,15075,2487332.9,467450.04,3873
2026-01-29,Meta Ads,562702.82,40193058,513424,13514,2229756.25,496226.79,3881
2026-01-30,Meta Ads,538502.84,38464488,459156,12952,2137148.1,458883.78,3471
2026-01-31,Meta Ads,529930.62,37852187,447666,12263,2023377.83,396167.35,3384
2026-02-01,Meta Ads,472596.23,33756874,417787,11599,1913798.05,423141.87,3158
2026-02-02,Meta Ads,525658.95,37547068,443635,12912,2130542.91,457659.53,3354
2026-02-03,Meta Ads,508021.09,36287221,426564,12480,2059233.15,436322.63,3225
2026-02-04,Meta Ads,500749.82,35767844,455923,13610,2245598.62,408785.74,3447
2026-02-05,Meta Ads,526534.9,37609636,485429,13832,2282225.5,529514.45,3670
2026-02-06,Meta Ads,510102.18,36435870,465667,12921,2131905.98,422753.34,3520
2026-02-07,Meta Ads,545296.2,38949729,462679,12746,2103011.69,465004.39,3498
2026-02-08,Meta Ads,472068.1,33719150,352680,8986,1482740.14,305110.07,2666
2026-02-09,Meta Ads,525786.62,37556187,446667,13297,2193970.25,467663.22,3377
2026-02-10,Meta Ads,501650.6,35832185,410431,11267,1859008.91,446683.31,3103
2026-02-11,Meta Ads,513813.17,36700941,436983,12500,2062537.32,473056.3,3304
2026-02-12,Meta Ads,533706.52,38121894,439043,12665,2089750.58,501307.56,3319
2026-02-13,Meta Ads,496083.16,35434511,424685,11111,1833305.48,413987.48,3211
2026-02-14,Meta Ads,529516.4,37822600,425569,11325,1868661.76,424134.14,3217
2026-02-15,Meta Ads,519401.34,37100096,410991,12354,2038342.64,384537.32,3107
2026-02-16,Meta Ads,508081.74,36291553,467447,13231,2183143.73,468091.25,3534
2026-02-17,Meta Ads,513346.92,36667637,414412,11226,1852365.2,400187.95,3133
2026-02-18,Meta Ads,522670.84,37333631,448012,12421,2049396.43,495004.04,3387
2026-02-19,Meta Ads,507089.24,36220660,459541,13518,2230391.55,470814.16,3474
2026-02-20,Meta Ads,528189.11,37727794,477570,13947,2301196.22,516990.26,3610
2026-02-21,Meta Ads,521356.04,37239717,468189,12105,1997313.24,447344.9,3540
2026-02-22,Meta Ads,513413.89,36672420,448066,13523,2231221.27,536330.0,3387
2026-02-23,Meta Ads,572959.57,40925683,512442,14988,2472985.39,538235.64,3874
2026-02-24,Meta Ads,542708.47,38764890,503503,13941,2300203.13,539556.46,3806
2026-02-25,Meta Ads,521658.51,37261322,458538,12031,1985102.44,377158.29,3467
2026-02-26,Meta Ads,535973.0,38283786,408764,12006,1980914.75,379529.91,3090
2026-02-27,Meta Ads,504940.77,36067198,419081,11971,1975197.57,355166.48,3168
2026-02-28,Meta Ads,520853.73,37203838,465100,12030,1985022.22,464164.37,3516
2026-03-01,Meta Ads,523895.48,37421105,432157,11917,1966350.89,455911.31,3267
2026-03-02,Meta Ads,499628.57,35687755,469882,15159,2501213.24,589746.48,3552
2026-03-03,Meta Ads,543640.26,38831447,464211,12962,2138758.29,445029.47,3509
2026-03-04,Meta Ads,520969.53,37212109,448829,12058,1989533.5,417964.3,3393
2026-03-05,Meta Ads,524567.49,37469106,479972,12716,2098136.4,457120.06,3629
2026-03-06,Meta Ads,519471.7,37105122,440376,13375,2206899.65,541593.27,3329
2026-03-07,Meta Ads,614154.4,43868171,531986,15472,2552804.55,637719.61,4022
2026-03-08,Meta Ads,517638.91,36974208,467626,13965,2304209.35,539118.23,3535
2026-03-09,Meta Ads,719902.3,51421593,562550,15890,2621837.19,592078.87,4253
2026-03-10,Meta Ads,738513.51,52750965,622176,18447,3043773.33,741167.13,4704
2026-03-11,Meta Ads,834672.97,59619498,751026,20065,3310702.3,713446.99,5678
2026-03-12,Meta Ads,857439.48,61245677,737841,20753,3424263.78,729777.14,5578
2026-03-13,Meta Ads,777520.96,55537211,725121,20521,3386002.8,737231.72,5482
2026-03-14,Meta Ads,857179.93,61227138,665253,19844,3274180.66,663920.76,5029
2026-03-15,Meta Ads,836950.81,59782200,644643,18272,3014925.83,653997.21,4874
2026-03-16,Meta Ads,534597.88,38185563,479388,12957,2137842.66,428281.76,3624
2026-03-17,Meta Ads,533467.17,38104798,481011,13463,2221429.96,528789.49,3636
2026-03-18,Meta Ads,545496.6,38964043,462147,11813,1949166.03,447467.9,3494
2026-03-19,Meta Ads,564970.76,40355054,495894,12230,2017928.58,494715.97,3749
2026-03-20,Meta Ads,552394.18,39456727,494651,14374,2371780.24,453779.96,3740
2026-03-21,Meta Ads,523699.2,37407085,426965,11689,1928705.54,488868.74,3228
2026-03-22,Meta Ads,537313.07,38379505,441022,12144,2003705.67,385361.56,3334
2026-03-23,Meta Ads,596931.13,42637938,517480,15038,2481192.69,493533.49,3912
2026-03-24,Meta Ads,549779.27,39269948,496802,14829,2446777.66,511556.47,3756
2026-03-25,Meta Ads,567339.99,40524285,452272,12956,2137673.99,519488.74,3419
2026-03-26,Meta Ads,558969.91,39926422,473427,14482,2389523.64,535181.83,3579
2026-03-27,Meta Ads,552427.71,39459122,466571,13345,2201842.84,474956.45,3527
2026-03-28,Meta Ads,548560.93,39182924,481986,13651,2252352.43,464096.67,3644
2026-03-29,Meta Ads,571143.67,40795976,489296,13815,2279548.62,446298.1,3699
2026-03-30,Meta Ads,567290.3,40520735,470323,12279,2025967.3,486098.93,3556
2026-03-31,Meta Ads,554841.29,39631520,511206,14944,2465824.66,577141.18,3865
2026-04-01,Meta Ads,528854.36,37775312,438637,10742,1772362.75,432107.58,3316
2026-04-02,Meta Ads,559690.66,39977905,471327,12779,2108493.36,479232.38,3567
2026-04-03,Meta Ads,547224.23,39087445,424260,11877,1959664.77,340906.54,3215
2026-04-04,Meta Ads,541258.96,38661354,444072,11940,1970104.07,391829.51,3368
2026-04-05,Meta Ads,623986.46,44570461,551407,15104,2492091.25,571682.5,4187
2026-04-06,Meta Ads,508531.97,36323712,444269,13610,2245694.72,482636.33,3377
2026-04-07,Meta Ads,578147.43,41296245,513381,15215,2510432.38,531824.3,3907
2026-04-08,Meta Ads,527674.27,37691019,467245,12687,2093356.79,423811.22,3560
2026-04-09,Meta Ads,555161.0,39654357,535459,14718,2428507.85,580904.27,4084
2026-04-10,Meta Ads,622643.53,44474538,509747,13447,2218755.0,512011.75,3892
2026-04-11,Meta Ads,525708.48,37550605,406824,11881,1960372.09,454555.22,3110
2026-04-12,Meta Ads,532550.43,38039316,427699,11928,1968089.96,417061.31,3273
2026-04-13,Meta Ads,552661.81,39475844,453711,11566,1908403.25,432582.17,3476
2026-04-14,Meta Ads,530432.04,37888003,428077,12177,2009191.43,401558.13,3283
2026-04-15,Meta Ads,578408.08,41314863,498564,14436,2382003.22,528278.39,3828
2026-04-16,Meta Ads,539688.93,38549209,497358,14787,2439847.16,436778.04,3823
2026-04-17,Meta Ads,572657.3,40904093,536194,15170,2503034.72,491860.62,4126
2026-04-18,Meta Ads,517779.13,36984223,457240,12756,2104699.68,461319.44,3522
2026-04-19,Meta Ads,505086.81,36077630,488553,15284,2521862.9,676074.44,3767
2026-04-20,Meta Ads,549037.69,39216978,460541,13125,2165571.58,418122.85,3555
2026-04-21,Meta Ads,512231.96,36587997,396050,11702,1930785.27,392713.99,3061
2026-04-22,Meta Ads,598210.19,42729299,545153,15145,2498886.66,574949.0,4218
2026-04-23,Meta Ads,513604.9,36686064,391668,11581,1910836.24,493967.73,3033
2026-04-24,Meta Ads,527283.84,37663132,431484,11447,1888834.76,435214.01,3345
2026-04-25,Meta Ads,568533.51,40609536,502522,14062,2320177.61,556362.68,3900
2026-04-26,Meta Ads,540555.25,38611089,460487,12407,2047110.51,452807.43,3578
2026-04-27,Meta Ads,514835.67,36773976,436232,12144,2003707.59,437465.83,3393
2026-04-28,Meta Ads,614604.75,43900339,489481,14946,2466039.84,565755.2,3811
2026-04-29,Meta Ads,530169.6,37869257,454137,12665,2089660.74,451774.0,3540
2026-04-30,Meta Ads,552773.72,39483837,502339,14986,2472754.72,597780.28,3920
2026-05-01,Meta Ads,794895.07,56778219,682155,21158,3491151.39,696131.4,5329
2026-05-02,Meta Ads,831538.62,59395615,677243,19519,3220627.79,790356.69,5296
2026-05-03,Meta Ads,821948.18,58710585,651792,19767,3261599.64,750520.49,5103
2026-05-04,Meta Ads,770730.58,55052184,628536,18662,3079209.66,695084.26,4926
2026-05-05,Meta Ads,792322.06,56594433,695120,20244,3340206.91,667192.71,5454
2026-05-06,Meta Ads,797426.18,56959013,697599,20978,3461450.2,734580.84,5479
2026-05-07,Meta Ads,837924.12,59851723,683724,21664,3574570.49,903182.75,5376
2026-05-08,Meta Ads,761215.09,54372506,565923,15915,2625905.23,596082.78,4454
2026-05-09,Meta Ads,890794.06,63628147,782780,21670,3575551.98,844884.11,6168
2026-05-10,Meta Ads,778575.98,55612570,631406,17444,2878284.06,619278.04,4980
2026-05-11,Meta Ads,563010.26,40215019,502532,15372,2536361.64,586393.37,3968
2026-05-12,Meta Ads,530358.16,37882726,433969,13374,2206738.49,455816.39,3430
2026-05-13,Meta Ads,527650.18,37689298,425464,12091,1994977.2,467176.52,3367
2026-05-14,Meta Ads,539065.65,38504689,466303,12176,2008970.95,481169.87,3694
2026-05-15,Meta Ads,536280.9,38305778,524695,14837,2448046.05,584790.54,4161
2026-05-16,Meta Ads,552795.95,39485425,495120,14902,2458805.02,531944.57,3930
2026-05-17,Meta Ads,537396.48,38385463,464390,13573,2239590.6,508619.99,3690
2026-05-18,Meta Ads,584724.79,41766057,511984,15166,2502364.54,610160.99,4073
2026-05-19,Meta Ads,542876.79,38776914,416433,11918,1966452.2,452521.03,3316
2026-05-20,Meta Ads,539266.28,38519020,431102,13326,2198730.78,503479.44,3437
2026-05-21,Meta Ads,553528.32,39537737,402974,12071,1991751.53,538571.8,3216
2026-05-22,Meta Ads,593421.6,42387257,561441,17037,2811136.15,610253.94,4485
2026-05-23,Meta Ads,571200.51,40800037,534469,15899,2623285.07,670477.82,4274
2026-05-24,Meta Ads,562781.75,40198697,493754,14969,2469953.23,528046.79,3953
2026-05-25,Meta Ads,525349.03,37524931,453950,13733,2265933.0,562390.72,3638
2026-05-26,Meta Ads,533837.24,38131231,414977,11715,1933023.93,482310.36,3329
2026-05-27,Meta Ads,530343.19,37881657,448599,13543,2234537.77,506734.07,3602
2026-05-28,Meta Ads,604662.52,43190180,574020,17703,2921061.04,624125.32,4614
2026-05-29,Meta Ads,583145.42,41653245,503780,15825,2611187.95,521328.42,4054
2026-05-30,Meta Ads,544372.77,38883770,450797,13681,2257295.47,509311.37,3631
2026-05-31,Meta Ads,553270.7,39519336,424208,12015,1982498.74,490871.37,3421
2026-06-01,Meta Ads,546539.33,39038524,507260,14499,2392293.33,520047.46,4095
2026-06-02,Meta Ads,545084.23,38934588,465250,13573,2239515.33,537559.86,3760
2026-06-03,Meta Ads,583918.38,41708456,447747,13493,2226378.56,468234.31,3622
2026-06-04,Meta Ads,563928.06,40280576,456561,13560,2237480.92,524254.38,3697
2026-06-05,Meta Ads,631644.21,45117443,499909,14115,2328896.01,505671.02,4052
2026-06-06,Meta Ads,607641.27,43402948,516718,14600,2408934.63,573005.49,4193
2026-06-07,Meta Ads,610228.84,43587774,529560,14209,2344479.22,539339.25,4302
2026-06-08,Meta Ads,591907.11,42279079,492031,12462,2056217.35,446398.03,4001
2026-06-09,Meta Ads,562336.94,40166924,504475,15054,2483924.28,565283.98,4106
2026-06-10,Meta Ads,591313.1,42236650,509236,17089,2819715.73,627549.35,4149
2026-06-11,Meta Ads,565510.81,40393629,515619,16915,2790977.28,601490.26,4206
2026-06-12,Meta Ads,623633.68,44545263,523087,14991,2473470.55,648063.47,4271
2026-06-13,Meta Ads,588446.25,42031875,596543,18128,2991184.71,701304.95,4876
2026-06-14,Meta Ads,584809.0,41772071,484287,13552,2236043.09,445248.19,3962
2026-06-15,Meta Ads,581667.98,41547713,471550,13318,2197395.87,505254.45,3862
2026-06-16,Meta Ads,629681.07,44977219,506491,14407,2377134.23,618111.04,4152
2026-06-17,Meta Ads,538755.12,38482509,455945,13654,2252831.26,513219.81,3742
2026-06-18,Meta Ads,634734.46,45338175,487926,14658,2418569.73,657806.86,4008
2026-06-19,Meta Ads,575541.96,41110140,502041,15429,2545775.42,576638.36,4129
2026-06-20,Meta Ads,540407.37,38600527,410253,12877,2124671.66,538119.23,3377
2026-06-21,Meta Ads,559434.46,39959604,484167,14476,2388536.88,630514.7,3990
2026-06-22,Meta Ads,533829.95,38130711,420471,12823,2115819.88,534970.33,3468
2026-06-23,Meta Ads,600825.61,42916115,503212,14496,2391793.8,520163.55,4155
2026-06-24,Meta Ads,551561.9,39397279,489916,13940,2300059.74,520261.46,4049
2026-06-25,Meta Ads,586321.09,41880078,572036,16158,2666067.61,714134.16,4733
2026-06-26,Meta Ads,614609.02,43900644,492734,15550,2565719.29,588682.97,4081
2026-06-27,Meta Ads,562440.62,40174330,477744,14371,2371142.87,627603.22,3961
2026-06-28,Meta Ads,574200.69,41014335,470799,13071,2156648.0,511884.19,3907
2026-06-29,Meta Ads,543855.11,38846794,441832,13503,2228058.04,554544.4,3671
2026-06-30,Meta Ads,570789.91,40770708,468261,13474,2223140.69,487039.11,3894
2026-07-01,Meta Ads,657500.87,46964348,591437,19658,3243588.07,760328.93,4918
2026-07-02,Meta Ads,604398.69,43171335,502886,14987,2472837.71,566640.77,4182
2026-07-03,Meta Ads,575150.34,41082167,559519,17757,2929865.43,734948.01,4653
2026-07-04,Meta Ads,565861.28,40418663,497130,16088,2654456.69,658934.66,4134
2026-07-05,Meta Ads,582817.55,41629825,469284,13715,2262921.76,578221.21,3903
2026-07-06,Meta Ads,588713.18,42050941,493509,15203,2508556.23,593852.57,4104
2026-07-07,Meta Ads,572706.56,40907611,467274,14737,2431687.17,554578.61,3886
2026-07-08,Meta Ads,602232.51,43016608,540979,16699,2755263.02,688821.14,4499
2026-07-09,Meta Ads,558996.71,39928336,432028,13498,2227223.1,503585.71,3593
2026-07-10,Meta Ads,559199.92,39942851,440750,12627,2083512.41,557668.48,3665
2026-07-11,Meta Ads,598258.82,42732773,494593,15600,2573924.26,628404.39,4113
2026-07-12,Meta Ads,552822.13,39487295,493264,14770,2437098.97,584833.62,4102
2026-07-13,Meta Ads,608561.12,43468651,560215,17493,2886413.89,737508.78,4659
2026-07-14,Meta Ads,586947.14,41924796,544770,17488,2885531.24,706651.32,4530
2026-07-15,Meta Ads,534474.2,38176729,472684,14992,2473641.42,528657.95,3931
2026-07-16,Meta Ads,591955.37,42282526,504867,15765,2601146.44,586498.94,4198
2026-07-17,Meta Ads,539696.35,38549739,484652,15352,2533002.6,676943.82,4030
2026-07-18,Meta Ads,609889.57,43563540,486864,15456,2550268.83,632603.18,4049
2026-07-19,Meta Ads,582913.07,41636648,444340,14656,2418319.9,515713.82,3695
2026-07-20,Meta Ads,645446.16,46103297,567733,17394,2870022.51,727093.89,4721
2026-07-21,Meta Ads,623832.99,44559499,502449,15547,2565184.24,603782.52,4178
2026-07-22,Meta Ads,560994.41,40071029,478968,15385,2538455.83,581717.25,3983
2026-07-23,Meta Ads,533404.89,38100350,460486,13786,2274656.13,509141.44,3829
2026-07-24,Meta Ads,571374.04,40812431,497040,14236,2348897.59,625066.57,4133
2026-07-25,Meta Ads,557592.24,39828017,504828,15875,2619419.75,543938.48,4198
2026-07-26,Meta Ads,648501.56,46321540,583609,17726,2924867.48,672399.45,4853
2026-07-27,Meta Ads,595213.46,42515247,516152,14884,2455910.13,610951.7,4292
2026-07-28,Meta Ads,623928.07,44566291,520612,16377,2702281.19,749917.33,4329
2026-07-29,Meta Ads,588215.03,42015359,507444,16688,2753494.96,708522.86,4220
2026-07-30,Meta Ads,591876.02,42276858,489174,13789,2275251.93,522678.07,4068
2026-07-31,Meta Ads,596814.4,42629600,505526,16308,2690761.52,744120.99,4204
2026-08-01,Meta Ads,631340.06,45095719,626158,16779,2768546.77,608215.97,5207
2026-08-02,Meta Ads,607706.32,43407594,526585,15837,2613179.24,657555.09,4379
2026-08-03,Meta Ads,566698.31,40478451,498864,16719,2758643.13,706254.6,4149
2026-08-04,Meta Ads,646403.34,46171667,530607,16017,2642806.77,605285.87,4413
2026-08-05,Meta Ads,588839.98,42059999,535611,16512,2724450.9,708768.5,4454
2026-08-06,Meta Ads,584185.98,41727570,523572,16681,2752420.88,650315.03,4354
2026-08-07,Meta Ads,513064.48,36647463,460017,12906,2129534.77,553897.63,3826
2026-08-08,Meta Ads,617362.58,44097327,535991,16509,2723960.61,572407.35,4457
2026-08-09,Meta Ads,602569.44,43040674,548537,16889,2786626.84,705025.09,4562
2026-08-10,Meta Ads,603216.97,43086926,556494,18669,3080403.81,733988.0,4628
2026-08-11,Meta Ads,588820.6,42058614,513276,14779,2438559.81,656126.12,4268
2026-08-12,Meta Ads,584297.53,41735538,497382,14973,2470621.3,606619.19,4136
2026-08-13,Meta Ads,591548.72,42253480,534257,15635,2579818.04,699194.7,4443
2026-08-14,Meta Ads,617226.37,44087598,500351,14562,2402660.05,616056.6,4161
2026-08-15,Meta Ads,623414.62,44529616,511337,16578,2735293.02,667101.19,4252
2026-08-16,Meta Ads,597726.4,42694743,510698,15694,2589546.53,678270.96,4247
2026-08-17,Meta Ads,633084.43,45220316,485948,14499,2392409.72,626936.9,4041
2026-08-18,Meta Ads,602009.38,43000670,541631,16192,2671721.31,683165.26,4504
2026-08-19,Meta Ads,589934.28,42138163,476444,14210,2344695.99,471786.02,3962
2026-08-20,Meta Ads,611416.2,43672585,509245,15258,2517651.2,571586.8,4235
2026-08-21,Meta Ads,565107.97,40364855,478180,13748,2268342.34,620807.86,3977
2026-08-22,Meta Ads,613942.21,43853015,527477,15979,2636508.4,584363.09,4386
2026-08-23,Meta Ads,560064.65,40004618,470157,14170,2338044.77,616764.69,3910
2026-08-24,Meta Ads,576307.01,41164787,491981,14527,2396920.67,623979.8,4091
2026-08-25,Meta Ads,546778.2,39055586,466990,14443,2383101.26,553103.43,3883
2026-08-26,Meta Ads,603690.76,43120768,503570,15640,2580590.28,534362.81,4188
2026-08-27,Meta Ads,658803.68,47057406,538492,16066,2650948.31,623464.86,4478
2026-08-28,Meta Ads,606626.46,43330462,553705,16871,2783673.78,799921.6,4605
2026-08-29,Meta Ads,629995.71,44999693,471814,16043,2647064.23,607191.74,3924
2026-08-30,Meta Ads,682813.5,48772393,578045,19621,3237471.54,747025.84,4807
2026-08-31,Meta Ads,624640.99,44617214,520343,15128,2496067.92,565947.6,4327
2026-09-01,Meta Ads,589295.25,42092518,517802,15165,2502186.07,676455.57,4306
2026-09-02,Meta Ads,593564.22,42397445,464375,13497,2226966.39,538061.01,3862
2026-09-03,Meta Ads,613277.75,43805554,509903,16476,2718544.02,636308.22,4240
2026-09-04,Meta Ads,594903.52,42493108,506786,15243,2515149.24,689810.87,4214
2026-09-05,Meta Ads,596958.52,42639894,544531,16912,2790466.26,719446.35,4528
2026-09-06,Meta Ads,644257.26,46018376,563227,19011,3136873.56,716082.2,4684
2026-09-07,Meta Ads,646190.84,46156489,514547,15783,2604227.45,578869.54,4279
2026-09-08,Meta Ads,563977.66,40284119,469270,14910,2460228.25,662366.87,3902
2026-09-09,Meta Ads,589785.41,42127529,532406,16765,2766176.96,682501.41,4427
2026-09-10,Meta Ads,600381.03,42884359,477536,14225,2347051.65,506645.95,3971
2026-09-11,Meta Ads,633614.42,45258173,540535,17468,2882146.44,608856.96,4495
2026-09-12,Meta Ads,650866.16,46490440,557580,16385,2703544.84,606677.21,4637
2026-09-13,Meta Ads,698629.66,49902118,584964,19155,3160619.79,701554.18,4865
2026-09-14,Meta Ads,602429.82,43030701,599888,17870,2948518.97,607594.61,4989
2026-09-15,Meta Ads,604840.58,43202899,505596,15146,2499077.77,561609.05,4205
2026-09-16,Meta Ads,635941.05,45424361,559802,16245,2680474.32,611906.95,4655
2026-09-17,Meta Ads,597612.88,42686634,488688,14305,2360281.29,560046.66,4064
2026-09-18,Meta Ads,614403.74,43885981,543308,16318,2692521.43,753288.45,4518
2026-09-19,Meta Ads,606245.43,43303245,546789,14741,2432253.02,586513.46,4547
2026-09-20,Meta Ads,538932.44,38495174,445646,13517,2230355.46,542192.2,3706
2026-09-21,Meta Ads,623672.58,44548041,532822,15937,2629601.43,674330.89,4431
2026-09-22,Meta Ads,613917.7,43851264,497949,15886,2621139.02,633586.93,4141
2026-09-23,Meta Ads,659388.59,47099185,526382,16496,2721891.99,692143.97,4377
2026-09-24,Meta Ads,621667.07,44404791,566005,16756,2764755.82,696529.03,4707
2026-09-25,Meta Ads,582699.47,41621391,482855,14479,2389043.67,594433.4,4015
2026-09-26,Meta Ads,613953.46,43853819,450037,13650,2252184.17,677755.59,3743
2026-09-27,Meta Ads,556764.75,39768911,527775,17401,2871142.35,759015.51,4389
2026-09-28,Meta Ads,584230.24,41730731,476669,14027,2314536.77,520949.22,3964
2026-09-29,Meta Ads,642549.2,45896371,542615,16054,2648835.71,672003.84,4512
2026-09-30,Meta Ads,615155.05,43939647,579188,16772,2767420.52,638702.07,4817
2025-01-01,Google PMax,174096.78,9672043,198136,7060,1164859.97,215493.69,1831
2025-01-02,Google PMax,155001.75,8611208,177696,6026,994265.81,201361.22,1642
2025-01-03,Google PMax,155068.2,8614900,169458,5860,966903.03,182570.77,1566
2025-01-04,Google PMax,161863.19,8992399,180742,6360,1049451.92,200432.07,1670
2025-01-05,Google PMax,161191.47,8955082,197835,6520,1075875.98,244765.93,1757
2025-01-06,Google PMax,162318.57,9017698,181891,6509,1073929.05,232062.51,1681
2025-01-07,Google PMax,167993.42,9332968,187136,6738,1111745.35,239527.93,1729
2025-01-08,Google PMax,164988.31,9166017,184452,7198,1187677.89,233782.67,1704
2025-01-09,Google PMax,163953.42,9108523,179789,6417,1058737.11,220701.22,1661
2025-01-10,Google PMax,157666.56,8759253,170609,5431,896155.28,203091.74,1576
2025-01-11,Google PMax,166632.1,9257339,187465,6982,1152110.98,252408.23,1732
2025-01-12,Google PMax,166329.69,9240538,179203,6244,1030201.86,241560.77,1656
2025-01-13,Google PMax,160276.35,8904242,176530,6839,1128426.18,267420.78,1631
2025-01-14,Google PMax,161410.0,8967222,170838,6456,1065201.53,229615.83,1579
2025-01-15,Google PMax,176120.76,9784487,196958,6758,1115032.17,208957.49,1820
2025-01-16,Google PMax,162948.65,9052703,187400,6835,1127707.72,233078.07,1732
2025-01-17,Google PMax,163687.34,9093741,179562,6133,1011926.12,220883.91,1659
2025-01-18,Google PMax,165661.97,9203443,161888,5699,940372.36,194030.63,1496
2025-01-19,Google PMax,159701.76,8872320,183732,6686,1103182.87,222223.63,1698
2025-01-20,Google PMax,155292.36,8627353,173791,6458,1065551.91,235729.53,1606
2025-01-21,Google PMax,165890.48,9216138,173338,6375,1051810.86,276387.85,1602
2025-01-22,Google PMax,162729.88,9040549,189200,6685,1102993.33,233181.49,1748
2025-01-23,Google PMax,178420.77,9912265,181611,7187,1185774.81,260811.9,1678
2025-01-24,Google PMax,169690.21,9427234,200371,6924,1142515.31,224970.6,1851
2025-01-25,Google PMax,157499.93,8749996,174398,5645,931504.33,225315.86,1611
2025-01-26,Google PMax,167178.38,9287688,160467,5249,866066.48,203868.13,1483
2025-01-27,Google PMax,164954.82,9164156,185244,7001,1155192.54,270524.05,1712
2025-01-28,Google PMax,173735.25,9651959,188335,6604,1089654.5,265802.05,1740
2025-01-29,Google PMax,158814.62,8823034,170565,6052,998519.78,212164.28,1576
2025-01-30,Google PMax,164942.83,9163491,175158,5998,989719.68,212470.49,1618
2025-01-31,Google PMax,162922.68,9051260,179643,6180,1019752.3,255033.79,1660
2025-02-01,Google PMax,164038.43,9113246,176959,5984,987329.59,228207.43,1635
2025-02-02,Google PMax,156505.85,8694769,154523,5567,918612.92,166215.38,1428
2025-02-03,Google PMax,168687.01,9371501,201735,7067,1165974.51,265847.84,1864
2025-02-04,Google PMax,167575.07,9309726,183465,6598,1088738.86,228376.17,1695
2025-02-05,Google PMax,174971.14,9720619,185875,6654,1097881.55,258889.06,1717
2025-02-06,Google PMax,164439.53,9135529,170340,5868,968268.41,219975.24,1574
2025-02-07,Google PMax,161332.2,8962900,187548,6120,1009828.37,191227.61,1733
2025-02-08,Google PMax,171221.08,9512282,175424,5698,940116.76,211273.77,1621
2025-02-09,Google PMax,158285.06,8793614,177286,7185,1185501.87,265205.12,1638
2025-02-10,Google PMax,173946.26,9663681,186505,7050,1163282.86,263363.68,1723
2025-02-11,Google PMax,173977.72,9665429,187214,7032,1160203.61,266996.85,1730
2025-02-12,Google PMax,175339.66,9741092,181922,6188,1020963.35,251492.88,1681
2025-02-13,Google PMax,168425.91,9356995,180175,6345,1046952.31,237955.98,1665
2025-02-14,Google PMax,161400.59,8966700,179429,6058,999637.15,220323.04,1658
2025-02-15,Google PMax,166522.21,9251234,187637,6172,1018300.56,244600.1,1734
2025-02-16,Google PMax,168876.66,9382037,178796,6108,1007877.7,261516.28,1652
2025-02-17,Google PMax,161225.57,8956976,178162,6687,1103380.13,260513.84,1646
2025-02-18,Google PMax,177177.42,9843190,207358,7606,1254962.68,280646.34,1916
2025-02-19,Google PMax,171242.71,9513484,171289,5737,946592.99,215456.43,1583
2025-02-20,Google PMax,159042.11,8835673,176647,6120,1009816.15,226710.16,1632
2025-02-21,Google PMax,182354.81,10130823,191058,6977,1151227.38,253645.24,1765
2025-02-22,Google PMax,167504.46,9305803,174361,5962,983776.65,253919.65,1611
2025-02-23,Google PMax,157667.42,8759301,177930,6288,1037527.11,214577.89,1644
2025-02-24,Google PMax,159904.57,8883587,171859,6171,1018213.59,244703.55,1588
2025-02-25,Google PMax,179189.4,9954967,184563,6624,1092897.33,238016.56,1705
2025-02-26,Google PMax,182071.26,10115070,218376,7785,1284442.81,249110.78,2018
2025-02-27,Google PMax,175485.37,9749187,205748,7006,1155925.93,250472.51,1901
2025-02-28,Google PMax,177697.67,9872093,174551,5975,985862.2,207402.48,1613
2025-03-01,Google PMax,177172.37,9842909,179443,5958,983130.12,226282.5,1658
2025-03-02,Google PMax,171565.63,9531424,197416,6330,1044519.94,231472.81,1802
2025-03-03,Google PMax,169851.9,9436217,185499,6492,1071194.37,216394.47,1714
2025-03-04,Google PMax,171775.69,9543094,208046,7622,1257646.9,309242.47,1922
2025-03-05,Google PMax,173520.78,9640044,199931,6552,1081058.39,258574.42,1847
2025-03-06,Google PMax,161295.76,8960876,182438,6509,1074060.15,266275.17,1686
2025-03-07,Google PMax,173955.64,9664202,181433,6637,1095106.38,245490.63,1676
2025-03-08,Google PMax,180160.19,10008900,206081,6588,1086994.91,238455.27,1904
2025-03-09,Google PMax,166106.62,9228146,170435,5918,976496.47,226920.85,1575
2025-03-10,Google PMax,237614.29,13200794,284692,10846,1789592.04,375521.62,2631
2025-03-11,Google PMax,247235.7,13735317,281664,10188,1681051.75,373679.39,2603
2025-03-12,Google PMax,233617.57,12978754,246729,7873,1298982.26,281759.73,2280
2025-03-13,Google PMax,225475.59,12526422,262624,9549,1575529.79,306103.06,2427
2025-03-14,Google PMax,255101.42,14172301,321567,10896,1797835.76,399556.8,2971
2025-03-15,Google PMax,236068.82,13114934,258874,9427,1555509.67,330139.79,2392
2025-03-16,Google PMax,241730.29,13429461,277459,9430,1555880.93,335651.88,2564
2025-03-17,Google PMax,163112.66,9061815,176541,6198,1022628.42,231525.75,1631
2025-03-18,Google PMax,178896.98,9938721,199792,6844,1129206.04,273715.68,1846
2025-03-19,Google PMax,175340.86,9741159,177205,6239,1029366.36,211083.56,1637
2025-03-20,Google PMax,166256.92,9236496,184724,6318,1042446.16,223163.3,1707
2025-03-21,Google PMax,158396.09,8799783,176456,6142,1013400.71,209302.25,1630
2025-03-22,Google PMax,165689.78,9204988,203971,6758,1115031.28,229014.96,1885
2025-03-23,Google PMax,173449.88,9636104,171966,6202,1023280.83,214413.75,1589
2025-03-24,Google PMax,170332.49,9462916,186069,6607,1090158.73,236065.67,1719
2025-03-25,Google PMax,170005.83,9444768,203495,6584,1086367.57,250202.77,1880
2025-03-26,Google PMax,170792.33,9488463,187016,6910,1140116.16,257255.64,1728
2025-03-27,Google PMax,175364.47,9742470,192846,6728,1110178.51,223589.19,1782
2025-03-28,Google PMax,168828.48,9379360,178209,6324,1043407.47,253315.57,1647
2025-03-29,Google PMax,173080.52,9615584,181551,6635,1094755.54,259042.87,1678
2025-03-30,Google PMax,161272.42,8959579,159561,5709,941939.4,192286.69,1474
2025-03-31,Google PMax,191665.89,10648105,204922,7634,1259528.41,304231.97,1893
2025-04-01,Google PMax,168318.37,9351021,175919,6102,1006751.93,227278.39,1625
2025-04-02,Google PMax,173196.41,9622023,193803,7175,1183828.23,257182.41,1791
2025-04-03,Google PMax,177058.76,9836598,187434,6638,1095309.84,247871.04,1732
2025-04-04,Google PMax,169288.17,9404898,182685,6594,1087967.47,238859.38,1688
2025-04-05,Google PMax,173450.92,9636162,187494,6733,1110943.32,255065.24,1732
2025-04-06,Google PMax,173948.74,9663819,192718,7205,1188742.92,265442.43,1781
2025-04-07,Google PMax,166686.37,9260354,179334,6540,1079141.47,231002.43,1657
2025-04-08,Google PMax,179382.93,9965718,186617,6423,1059864.53,195381.2,1724
2025-04-09,Google PMax,162176.91,9009828,181124,6171,1018237.76,233459.94,1674
2025-04-10,Google PMax,193271.4,10737300,228500,8023,1323828.02,282536.23,2111
2025-04-11,Google PMax,185694.05,10316336,207917,7041,1161688.13,271477.06,1921
2025-04-12,Google PMax,185090.47,10282804,198131,6607,1090206.15,249087.56,1831
2025-04-13,Google PMax,164479.08,9137727,181404,5706,941490.25,201366.98,1676
2025-04-14,Google PMax,174093.57,9671865,169637,5509,908931.93,216329.97,1567
2025-04-15,Google PMax,194881.57,10826754,214724,8309,1370918.29,306544.48,1984
2025-04-16,Google PMax,221170.96,12287275,239842,8165,1347279.22,300281.75,2216
2025-04-17,Google PMax,195001.73,10833430,204534,7885,1300989.51,283055.32,1890
2025-04-18,Google PMax,194538.11,10807673,206399,7412,1222931.77,305281.17,1907
2025-04-19,Google PMax,190796.64,10599813,206778,7260,1197979.74,248516.71,1911
2025-04-20,Google PMax,178746.65,9930370,210434,6852,1130498.46,242289.48,1944
2025-04-21,Google PMax,197263.32,10959073,233543,8223,1356734.55,268935.86,2158
2025-04-22,Google PMax,178576.84,9920936,187369,7219,1191198.29,277299.61,1731
2025-04-23,Google PMax,178758.33,9931018,192446,7302,1204778.99,252707.43,1778
2025-04-24,Google PMax,178882.58,9937921,192884,6883,1135631.55,240444.29,1782
2025-04-25,Google PMax,201521.06,11195614,234788,7790,1285331.42,271078.86,2169
2025-04-26,Google PMax,192437.47,10690971,215686,7229,1192752.82,263722.31,1993
2025-04-27,Google PMax,194895.38,10827521,217756,7338,1210812.33,239724.65,2012
2025-04-28,Google PMax,194981.67,10832315,223617,8374,1381769.18,249435.43,2066
2025-04-29,Google PMax,184828.57,10268254,198016,7539,1243907.92,283680.15,1830
2025-04-30,Google PMax,189777.58,10543199,228120,8108,1337896.04,244569.25,2108
2025-05-01,Google PMax,262148.16,14563787,291245,10096,1665918.55,391545.54,2691
2025-05-02,Google PMax,252221.76,14012320,265854,10083,1663649.28,411636.89,2456
2025-05-03,Google PMax,265220.59,14734477,290629,9730,1605384.0,348544.38,2685
2025-05-04,Google PMax,258285.45,14349191,308196,10877,1794643.12,435866.9,2848
2025-05-05,Google PMax,282181.86,15676770,305538,11004,1815640.35,398665.76,2823
2025-05-06,Google PMax,284278.42,15793246,333861,11245,1855412.46,460414.38,3085
2025-05-07,Google PMax,258160.69,14342260,276083,9409,1552503.49,329085.04,2551
2025-05-08,Google PMax,272325.47,15129193,288683,9799,1616836.85,288408.25,2667
2025-05-09,Google PMax,302809.73,16822763,349771,13184,2175370.38,475521.94,3232
2025-05-10,Google PMax,263692.97,14649609,277628,10708,1766806.78,441807.97,2565
2025-05-11,Google PMax,283495.26,15749737,330540,11702,1930797.96,442954.87,3054
2025-05-12,Google PMax,203100.73,11283374,230429,8002,1320380.55,278508.28,2129
2025-05-13,Google PMax,213972.25,11887347,225285,7692,1269213.65,286574.05,2082
2025-05-14,Google PMax,206486.62,11471479,228446,8042,1326930.86,314604.42,2111
2025-05-15,Google PMax,199442.44,11080136,214306,7336,1210447.19,264474.42,1980
2025-05-16,Google PMax,204826.95,11379275,232351,8139,1342946.47,357525.21,2147
2025-05-17,Google PMax,205213.12,11400729,253841,9120,1504771.97,317346.54,2345
2025-05-18,Google PMax,203993.57,11332976,221618,7643,1261072.82,299686.63,2048
2025-05-19,Google PMax,192155.72,10675318,220344,7683,1267627.93,295877.16,2036
2025-05-20,Google PMax,219676.5,12204250,244443,8525,1406559.88,292118.63,2259
2025-05-21,Google PMax,218436.75,12135375,243058,8420,1389265.06,295260.3,2246
2025-05-22,Google PMax,197048.8,10947156,216773,7462,1231227.36,292931.81,2003
2025-05-23,Google PMax,204879.82,11382212,215933,7891,1301934.35,289743.23,1995
2025-05-24,Google PMax,205947.15,11441508,233432,7489,1235734.98,279214.4,2157
2025-05-25,Google PMax,196380.93,10910052,214421,8142,1343383.0,256864.2,1981
2025-05-26,Google PMax,189282.79,10515710,198897,7049,1163019.99,269292.13,1838
2025-05-27,Google PMax,201814.45,11211914,237883,8629,1423766.84,320427.87,2198
2025-05-28,Google PMax,205560.68,11420038,229758,8381,1382810.41,302662.88,2123
2025-05-29,Google PMax,194820.83,10823379,213505,7249,1196136.19,270747.46,1973
2025-05-30,Google PMax,212136.5,11785361,254659,8554,1411439.26,300351.13,2353
2025-05-31,Google PMax,222692.8,12371822,220178,7350,1212788.83,254179.33,2034
2025-06-01,Google PMax,219521.43,12195635,262540,9127,1505996.21,324907.86,2426
2025-06-02,Google PMax,209687.48,11649305,220682,8040,1326529.12,280998.7,2039
2025-06-03,Google PMax,192047.23,10669290,216094,7384,1218441.23,314817.58,1997
2025-06-04,Google PMax,219560.24,12197791,235348,8536,1408451.05,332463.36,2175
2025-06-05,Google PMax,214684.86,11926937,225328,6992,1153761.76,234161.66,2082
2025-06-06,Google PMax,218222.15,12123453,261584,9030,1489988.77,381196.95,2417
2025-06-07,Google PMax,235196.28,13066460,290434,10820,1785280.75,379161.0,2684
2025-06-08,Google PMax,206147.24,11452625,226012,7888,1301457.09,286995.25,2088
2025-06-09,Google PMax,184802.84,10266825,209470,7068,1166162.68,274974.8,1935
2025-06-10,Google PMax,204869.93,11381663,228412,7776,1283045.94,237784.6,2111
2025-06-11,Google PMax,221977.4,12332078,272250,8132,1341830.51,289605.06,2516
2025-06-12,Google PMax,218132.37,12118465,211640,7073,1167016.94,244967.74,1956
2025-06-13,Google PMax,205192.3,11399572,233150,8641,1425719.42,318804.28,2154
2025-06-14,Google PMax,203458.4,11303244,216202,7389,1219123.73,276147.22,1998
2025-06-15,Google PMax,215488.54,11971586,205586,7069,1166310.11,255002.32,1900
2025-06-16,Google PMax,206394.38,11466354,224366,6977,1151188.12,250756.18,2073
2025-06-17,Google PMax,226187.04,12565947,279186,9026,1489290.66,355562.65,2580
2025-06-18,Google PMax,216463.82,12025768,231048,8617,1421774.47,320334.54,2135
2025-06-19,Google PMax,214892.24,11938458,250098,9075,1497401.0,330519.95,2311
2025-06-20,Google PMax,214363.54,11909085,255312,8404,1386655.59,308673.03,2359
2025-06-21,Google PMax,226490.64,12582813,251465,8572,1414458.39,356884.33,2324
2025-06-22,Google PMax,224568.58,12476032,251324,8834,1457560.78,325092.99,2322
2025-06-23,Google PMax,226999.32,12611073,226248,7488,1235461.17,260615.23,2091
2025-06-24,Google PMax,227487.72,12638207,241903,7662,1264183.76,235645.9,2235
2025-06-25,Google PMax,225352.23,12519569,264018,9219,1521208.51,296274.68,2440
2025-06-26,Google PMax,215222.83,11956824,240007,8690,1433871.0,303665.69,2218
2025-06-27,Google PMax,219368.74,12187152,249115,9028,1489678.18,324887.74,2302
2025-06-28,Google PMax,223851.49,12436194,250711,9211,1519852.71,319505.05,2317
2025-06-29,Google PMax,252555.02,14030834,317523,10034,1655681.36,374482.23,2856
2025-06-30,Google PMax,214474.78,11915266,232150,8195,1352228.42,283960.2,2145
2025-07-01,Google PMax,225808.28,12544905,275066,9552,1576138.24,321382.45,2542
2025-07-02,Google PMax,232198.09,12899894,260064,9114,1503867.43,347066.33,2403
2025-07-03,Google PMax,227958.19,12664344,279034,9718,1603468.39,391408.79,2578
2025-07-04,Google PMax,244373.05,13576280,251569,8563,1412862.34,283298.47,2324
2025-07-05,Google PMax,228819.27,12712182,257060,7683,1267727.9,284337.93,2375
2025-07-06,Google PMax,230061.72,12781207,249586,9296,1533804.5,286011.47,2306
2025-07-07,Google PMax,242655.37,13480854,271873,9728,1605093.69,311465.43,2512
2025-07-08,Google PMax,254641.59,14146755,303686,9896,1632909.74,342319.48,2806
2025-07-09,Google PMax,250929.83,13940546,285148,10275,1695317.61,406832.87,2635
2025-07-10,Google PMax,233299.16,12961064,278202,9574,1579660.88,325875.78,2571
2025-07-11,Google PMax,234684.7,13038039,250275,8625,1423144.87,292650.72,2313
2025-07-12,Google PMax,236170.66,13120592,249457,8444,1393178.05,307384.03,2305
2025-07-13,Google PMax,237967.77,13220432,264664,9566,1578436.96,348286.33,2445
2025-07-14,Google PMax,226198.37,12566576,250749,8473,1398107.07,288264.07,2317
2025-07-15,Google PMax,247456.32,13747574,271885,9046,1492508.88,380526.33,2512
2025-07-16,Google PMax,239436.14,13302008,250738,9325,1538694.05,331326.38,2317
2025-07-17,Google PMax,236821.96,13156775,282060,9840,1623552.11,360427.1,2606
2025-07-18,Google PMax,222694.96,12371942,242052,8457,1395471.16,297135.83,2237
2025-07-19,Google PMax,238832.95,13268497,288076,10491,1731076.55,394241.43,2662
2025-07-20,Google PMax,216051.68,12002871,240241,8174,1348744.69,326039.14,2220
2025-07-21,Google PMax,232587.41,12921523,268485,9229,1522859.2,379619.08,2481
2025-07-22,Google PMax,233567.19,12975955,268203,9585,1581535.67,326720.16,2478
2025-07-23,Google PMax,244311.65,13572869,258032,8383,1383150.9,331090.36,2384
2025-07-24,Google PMax,263515.55,14639753,299246,10650,1757234.3,403591.7,2765
2025-07-25,Google PMax,248138.11,13785451,307609,10419,1719083.07,407683.72,2842
2025-07-26,Google PMax,259001.3,14388961,292124,10723,1769226.82,386368.93,2699
2025-07-27,Google PMax,249430.76,13857265,292132,10564,1743081.11,377739.76,2699
2025-07-28,Google PMax,255427.08,14190393,295613,10621,1752508.97,414413.3,2731
2025-07-29,Google PMax,264708.25,14706014,299539,9697,1599938.62,378869.61,2768
2025-07-30,Google PMax,233862.31,12992350,262754,9201,1518187.87,375837.55,2428
2025-07-31,Google PMax,233112.15,12950675,267519,8862,1462292.66,326814.27,2472
2025-08-01,Google PMax,251697.55,13983197,292472,10276,1695544.65,369829.32,2702
2025-08-02,Google PMax,243757.57,13542087,248868,7746,1278099.17,225848.53,2300
2025-08-03,Google PMax,247024.58,13723588,278544,9049,1493149.14,286149.81,2574
2025-08-04,Google PMax,242543.51,13474639,266516,9939,1639953.7,349410.46,2463
2025-08-05,Google PMax,239249.72,13291651,259588,9306,1535508.99,308055.91,2399
2025-08-06,Google PMax,267326.35,14851464,320126,11069,1826397.44,427977.33,2958
2025-08-07,Google PMax,234000.81,13000045,248564,8352,1378062.69,271400.67,2297
2025-08-08,Google PMax,256862.4,14270133,261518,8706,1436555.36,303367.51,2416
2025-08-09,Google PMax,255220.13,14178896,297117,10563,1742924.19,369270.44,2745
2025-08-10,Google PMax,229395.69,12744205,233162,8066,1330937.21,321026.68,2154
2025-08-11,Google PMax,239697.56,13316531,235522,8932,1473698.14,308437.65,2176
2025-08-12,Google PMax,242399.76,13466653,284011,9905,1634295.21,372557.95,2624
2025-08-13,Google PMax,258401.76,14355653,289847,10233,1688375.96,377258.2,2678
2025-08-14,Google PMax,247531.0,13751722,282835,9265,1528662.16,360608.16,2613
2025-08-15,Google PMax,252000.95,14000053,272568,9421,1554525.64,365257.23,2519
2025-08-16,Google PMax,235311.57,13072865,239740,8514,1404729.28,308213.69,2215
2025-08-17,Google PMax,283699.24,15761069,292794,10114,1668851.98,317324.22,2705
2025-08-18,Google PMax,255593.65,14199647,279355,9595,1583097.15,341824.49,2581
2025-08-19,Google PMax,261290.19,14516122,268158,9593,1582919.17,347686.27,2478
2025-08-20,Google PMax,248442.06,13802337,281132,10645,1756488.38,395269.19,2598
2025-08-21,Google PMax,247877.27,13770960,267777,9494,1566522.02,324299.87,2474
2025-08-22,Google PMax,281581.99,15643444,316342,11772,1942428.26,466337.9,2923
2025-08-23,Google PMax,232858.05,12936558,261140,9478,1563838.35,344419.29,2413
2025-08-24,Google PMax,261712.43,14539579,297540,11041,1821808.21,371283.14,2749
2025-08-25,Google PMax,242766.19,13487010,277824,9481,1564409.75,331553.48,2567
2025-08-26,Google PMax,253778.78,14098821,276158,9620,1587331.51,403090.7,2552
2025-08-27,Google PMax,251089.05,13949391,282067,9828,1621637.46,375722.13,2606
2025-08-28,Google PMax,247222.81,13734600,278582,10074,1662196.9,396355.56,2574
2025-08-29,Google PMax,260692.05,14482892,247445,9055,1494101.81,301312.63,2286
2025-08-30,Google PMax,227263.86,12625770,262311,9291,1533027.66,318680.57,2424
2025-08-31,Google PMax,256811.92,14267329,287914,10579,1745504.39,363077.07,2660
2025-09-01,Google PMax,259723.81,14429101,298348,10206,1684000.66,375945.28,2757
2025-09-02,Google PMax,243807.4,13544855,249981,9189,1516163.03,328912.72,2310
2025-09-03,Google PMax,281126.09,15618116,306444,11335,1870226.14,395337.56,2832
2025-09-04,Google PMax,253798.14,14099897,263529,9590,1582426.76,337994.29,2435
2025-09-05,Google PMax,259154.18,14397455,300814,10660,1758845.55,362366.12,2780
2025-09-06,Google PMax,255434.67,14190815,259889,9474,1563268.68,338971.1,2401
2025-09-07,Google PMax,262383.97,14576887,275293,9257,1527433.11,365961.66,2544
2025-09-08,Google PMax,281090.32,15616129,322335,11459,1890691.23,365600.6,2978
2025-09-09,Google PMax,297227.11,16512617,317781,11354,1873405.43,423573.29,2936
2025-09-10,Google PMax,275160.44,15286691,288703,9487,1565323.44,382392.29,2668
2025-09-11,Google PMax,279770.22,15542790,327767,11811,1948845.35,422462.72,3029
2025-09-12,Google PMax,288109.07,16006059,338324,11165,1842291.03,388155.58,3126
2025-09-13,Google PMax,268798.37,14933243,311604,10734,1771075.43,418445.75,2879
2025-09-14,Google PMax,286727.05,15929280,334809,11809,1948435.46,394904.41,3094
2025-09-15,Google PMax,276791.06,15377281,303272,10285,1697049.62,372673.16,2802
2025-09-16,Google PMax,268925.04,14940280,295138,10432,1721234.67,347170.87,2727
2025-09-17,Google PMax,271866.79,15103710,290328,10254,1691837.04,316519.4,2683
2025-09-18,Google PMax,243204.4,13511355,272947,9214,1520263.25,330391.33,2522
2025-09-19,Google PMax,271541.55,15085642,292156,10576,1745032.66,345105.07,2700
2025-09-20,Google PMax,247400.11,13744450,267746,9065,1495654.63,328736.81,2474
2025-09-21,Google PMax,246639.47,13702193,283908,11137,1837572.71,440327.48,2623
2025-09-22,Google PMax,272063.78,15114655,323778,11335,1870207.57,472479.69,2992
2025-09-23,Google PMax,255238.96,14179942,290376,9623,1587732.12,351914.66,2683
2025-09-24,Google PMax,270985.91,15054773,333511,11162,1841697.22,438210.12,3082
2025-09-25,Google PMax,273697.18,15205399,291235,10840,1788547.88,406039.26,2691
2025-09-26,Google PMax,274711.83,15261769,271574,9364,1545036.73,329490.21,2509
2025-09-27,Google PMax,260085.17,14449176,301374,9885,1631027.46,303573.25,2785
2025-09-28,Google PMax,284933.68,15829649,301932,11082,1828472.76,454606.35,2790
2025-09-29,Google PMax,272150.02,15119446,297423,10252,1691540.25,340905.92,2748
2025-09-30,Google PMax,279471.81,15526211,277550,10089,1664678.43,406742.15,2565
2025-10-01,Google PMax,258096.23,14338680,271301,9997,1649428.0,378457.65,2507
2025-10-02,Google PMax,273079.6,15171089,276073,9851,1625437.75,329674.82,2551
2025-10-03,Google PMax,290899.03,16161057,314799,12408,2047378.07,461665.68,2909
2025-10-04,Google PMax,288949.19,16052733,313454,10082,1663544.22,428427.91,2896
2025-10-05,Google PMax,264865.32,14714740,295883,9989,1648208.22,407152.73,2734
2025-10-06,Google PMax,269035.71,14946428,321164,11160,1841448.42,388501.88,2968
2025-10-07,Google PMax,263341.33,14630074,304485,11930,1968389.35,408380.04,2813
2025-10-08,Google PMax,268141.52,14896751,268937,10318,1702408.52,377532.35,2485
2025-10-09,Google PMax,257995.29,14333072,297119,11132,1836860.39,398758.43,2745
2025-10-10,Google PMax,276030.57,15335032,308757,10437,1722057.91,415214.64,2853
2025-10-11,Google PMax,287029.91,15946106,317050,10782,1779047.72,414547.95,2930
2025-10-12,Google PMax,267431.18,14857288,296741,10013,1652072.02,314251.44,2742
2025-10-13,Google PMax,277480.67,15415593,312096,10555,1741648.47,397222.44,2884
2025-10-14,Google PMax,276093.71,15338539,294036,11123,1835218.65,397963.49,2717
2025-10-15,Google PMax,294740.63,16374479,323907,11263,1858319.67,410044.0,2993
2025-10-16,Google PMax,271668.95,15092719,323297,11317,1867241.03,418974.15,2987
2025-10-17,Google PMax,272706.99,15150389,290210,10611,1750805.29,422115.01,2682
2025-10-18,Google PMax,269140.76,14952265,280566,9054,1493990.73,354388.28,2592
2025-10-19,Google PMax,265338.81,14741045,293729,10366,1710470.66,353733.08,2714
2025-10-20,Google PMax,289355.38,16075299,299697,9971,1645176.92,360241.81,2769
2025-10-21,Google PMax,279697.06,15538726,278651,9664,1594579.08,338219.83,2575
2025-10-22,Google PMax,282646.67,15702593,307561,10509,1733937.8,330140.91,2842
2025-10-23,Google PMax,300092.81,16671823,362418,12350,2037777.88,444388.57,3349
2025-10-24,Google PMax,301514.7,16750817,334240,11898,1963163.73,495635.39,3088
2025-10-25,Google PMax,259825.16,14434731,291788,10385,1713448.56,325329.11,2696
2025-10-26,Google PMax,292557.92,16253218,283518,9870,1628575.25,357596.87,2620
2025-10-27,Google PMax,287214.49,15956360,327516,11742,1937470.58,424329.25,3026
2025-10-28,Google PMax,278165.27,15453626,310804,10465,1726750.32,388629.58,2872
2025-10-29,Google PMax,289279.9,16071105,308599,11233,1853424.83,376349.11,2851
2025-10-30,Google PMax,260078.56,14448809,292098,10176,1679014.28,327270.2,2699
2025-10-31,Google PMax,305770.05,16987225,343212,11789,1945171.25,380741.36,3171
2025-11-01,Google PMax,292604.98,16255832,304449,10291,1697974.8,413328.55,2813
2025-11-02,Google PMax,273127.39,15173744,309517,10764,1775979.5,359999.44,2860
2025-11-03,Google PMax,277323.11,15406839,330270,12713,2097619.86,443033.48,3052
2025-11-04,Google PMax,261715.04,14539724,286817,10064,1660562.16,426833.44,2650
2025-11-05,Google PMax,281856.66,15658703,296872,9852,1625569.4,336618.2,2743
2025-11-06,Google PMax,280256.37,15569798,308078,11343,1871520.56,423012.74,2847
2025-11-07,Google PMax,268378.09,14909894,313489,10774,1777778.27,424396.71,2897
2025-11-08,Google PMax,298827.23,16601513,307600,10981,1811886.72,431005.59,2842
2025-11-09,Google PMax,306557.38,17030965,352443,12030,1985002.14,390180.47,3257
2025-11-10,Google PMax,288427.71,16023761,307438,11515,1899947.46,394134.59,2841
2025-11-11,Google PMax,285060.97,15836720,321335,10977,1811184.21,408098.94,2969
2025-11-12,Google PMax,295953.85,16441880,317703,11965,1974188.02,501346.44,2936
2025-11-13,Google PMax,289773.7,16098539,311017,10373,1711618.23,353615.9,2874
2025-11-14,Google PMax,274508.95,15250497,332883,11546,1905072.26,402565.41,3076
2025-11-15,Google PMax,281008.45,15611581,285834,10766,1776331.76,403910.33,2641
2025-11-16,Google PMax,286452.47,15914026,327549,11627,1918404.18,442971.01,3027
2025-11-17,Google PMax,294569.24,16364958,361299,14162,2336748.43,542061.31,3338
2025-11-18,Google PMax,291748.66,16208259,337499,11720,1933813.08,396633.06,3118
2025-11-19,Google PMax,295272.29,16404016,301878,10763,1775840.7,374055.9,2789
2025-11-20,Google PMax,270197.67,15010981,277134,10684,1762922.0,394529.29,2561
2025-11-21,Google PMax,302542.72,16807929,320999,10444,1723235.31,417396.33,2966
2025-11-22,Google PMax,293156.29,16286460,328815,10627,1753373.96,378382.8,3038
2025-11-23,Google PMax,330919.77,18384432,372673,12596,2078392.77,456430.61,3444
2025-11-24,Google PMax,863290.84,47960602,886022,32456,5355299.87,1081468.85,8187
2025-11-25,Google PMax,893753.34,49652963,941057,30459,5025715.64,1270464.69,8695
2025-11-26,Google PMax,1005597.11,55866506,1062928,38532,6357782.47,1415973.7,9821
2025-11-27,Google PMax,891316.66,49517592,979612,35390,5839421.68,1395437.75,9052
2025-11-28,Google PMax,880821.8,48934545,1095235,42435,7001814.87,1544083.56,10120
2025-11-29,Google PMax,840361.25,46686736,881454,32649,5387100.64,1193246.56,8145
2025-11-30,Google PMax,952265.74,52903652,996051,35699,5890369.74,1140343.56,9204
2025-12-01,Google PMax,834578.61,46365478,864263,32489,5360758.97,976443.97,7986
2025-12-02,Google PMax,301771.68,16765093,348088,12583,2076169.03,502502.52,3216
2025-12-03,Google PMax,288452.98,16025166,319708,10995,1814151.41,401605.64,2954
2025-12-04,Google PMax,292918.24,16273235,307963,10220,1686285.84,377109.39,2846
2025-12-05,Google PMax,275117.12,15284284,299032,10226,1687332.53,334119.94,2763
2025-12-06,Google PMax,316328.88,17573827,334785,11761,1940533.49,396074.67,3093
2025-12-07,Google PMax,292219.57,16234421,330453,11734,1936065.03,462131.97,3053
2025-12-08,Google PMax,469930.93,26107274,606244,19062,3145154.84,788259.25,5602
2025-12-09,Google PMax,531835.11,29546395,610459,21252,3506623.76,733114.32,5641
2025-12-10,Google PMax,488468.92,27137162,539715,19025,3139145.06,727710.66,4987
2025-12-11,Google PMax,510652.34,28369574,544753,19700,3250546.2,725991.42,5034
2025-12-12,Google PMax,523682.23,29093457,534968,20363,3359826.34,732034.56,4943
2025-12-13,Google PMax,514524.39,28584688,596861,21205,3498744.89,883763.64,5515
2025-12-14,Google PMax,447847.36,24880409,517891,17401,2871118.43,608745.01,4785
2025-12-15,Google PMax,520470.45,28915025,562128,17988,2968051.06,717783.21,5194
2025-12-16,Google PMax,501629.52,27868307,597942,21771,3592143.83,814385.89,5525
2025-12-17,Google PMax,495909.59,27550533,551708,18576,3065080.96,673406.71,5098
2025-12-18,Google PMax,502215.24,27900847,583957,21446,3538619.66,863945.15,5396
2025-12-19,Google PMax,464564.47,25809137,525356,19785,3264464.34,734851.71,4854
2025-12-20,Google PMax,510675.16,28370842,561386,18235,3008806.16,656831.04,5187
2025-12-21,Google PMax,279699.07,15538837,292971,10598,1748702.36,427169.83,2707
2025-12-22,Google PMax,296476.46,16470915,326542,12237,2019130.9,488603.46,3017
2025-12-23,Google PMax,303812.3,16878461,354624,13119,2164601.25,522003.45,3277
2025-12-24,Google PMax,317955.24,17664180,342513,10793,1780795.7,269923.47,3165
2025-12-25,Google PMax,289288.59,16071588,329913,11117,1834346.72,417767.16,3048
2025-12-26,Google PMax,323881.55,17993419,336490,11086,1829238.05,409261.4,3109
2025-12-27,Google PMax,316669.65,17592759,368323,13304,2195212.49,481599.78,3403
2025-12-28,Google PMax,296150.41,16452801,335235,12044,1987280.35,458529.41,3098
2025-12-29,Google PMax,286229.45,15901636,295094,8986,1482709.76,332995.56,2727
2025-12-30,Google PMax,281488.09,15638227,308561,10698,1765164.3,409393.52,2851
2025-12-31,Google PMax,307966.82,17109268,361309,13227,2182496.76,469856.35,3338
2026-01-01,Google PMax,293106.17,16283676,301072,10676,1761561.03,433992.23,2782
2026-01-02,Google PMax,322494.35,17916353,335302,11889,1961676.45,458462.26,3098
2026-01-03,Google PMax,294142.91,16341273,325463,11247,1855789.95,425993.74,3007
2026-01-04,Google PMax,291267.3,16181517,365055,12170,2007978.82,459203.1,3373
2026-01-05,Google PMax,309152.89,17175161,329641,11593,1912923.65,459805.92,3046
2026-01-06,Google PMax,295392.28,16410682,337967,11927,1968024.98,468353.94,3123
2026-01-07,Google PMax,306641.61,17035645,346031,12555,2071572.12,451634.24,3197
2026-01-08,Google PMax,321631.83,17868435,344728,12557,2071906.98,491931.76,3185
2026-01-09,Google PMax,309183.48,17176860,346859,12262,2023202.87,451302.35,3205
2026-01-10,Google PMax,309784.31,17210239,334956,12436,2051927.38,520651.77,3095
2026-01-11,Google PMax,311373.18,17298510,338543,11693,1929396.77,461743.25,3128
2026-01-12,Google PMax,282680.63,15704479,282782,9235,1523816.29,318461.26,2613
2026-01-13,Google PMax,314585.85,17476992,349027,12579,2075503.82,541749.06,3225
2026-01-14,Google PMax,311603.93,17311330,364904,12926,2132754.61,390302.84,3372
2026-01-15,Google PMax,322869.88,17937216,359980,12986,2142714.46,495432.96,3326
2026-01-16,Google PMax,318826.57,17712587,377431,12446,2053525.66,426611.84,3487
2026-01-17,Google PMax,306606.86,17033714,352536,13520,2230867.27,564691.34,3257
2026-01-18,Google PMax,325823.27,18101293,360733,13149,2169564.38,486957.4,3333
2026-01-19,Google PMax,305223.11,16956839,326360,11322,1868201.87,384904.14,3016
2026-01-20,Google PMax,313585.42,17421412,338263,11350,1872738.06,403218.66,3126
2026-01-21,Google PMax,305109.58,16950532,309100,11466,1891938.0,392453.79,2856
2026-01-22,Google PMax,317327.21,17629289,346936,11539,1903999.07,408633.09,3206
2026-01-23,Google PMax,304509.01,16917167,341307,13372,2206448.82,472656.2,3154
2026-01-24,Google PMax,336028.89,18668271,411794,14051,2318370.39,479391.83,3805
2026-01-25,Google PMax,341911.42,18995079,391944,14983,2472240.63,555643.8,3622
2026-01-26,Google PMax,324003.23,18000179,341323,11904,1964116.33,445629.6,3154
2026-01-27,Google PMax,334753.48,18597416,339826,12907,2129706.61,431191.07,3140
2026-01-28,Google PMax,287364.37,15964687,315337,10692,1764180.84,336631.23,2914
2026-01-29,Google PMax,289358.51,16075473,337169,11880,1960121.06,441954.05,3115
2026-01-30,Google PMax,307060.15,17058897,336662,12327,2034009.21,466524.02,3111
2026-01-31,Google PMax,313033.38,17390743,359125,13060,2154848.79,501760.45,3318
2026-02-01,Google PMax,309573.12,17198507,340232,12635,2084826.63,478886.07,3144
2026-02-02,Google PMax,287247.85,15958214,332895,11432,1886327.43,467205.23,3076
2026-02-03,Google PMax,331466.06,18414781,333000,11771,1942264.24,461381.75,3077
2026-02-04,Google PMax,346979.7,19276650,422641,15806,2607919.31,696744.7,3905
2026-02-05,Google PMax,333573.57,18531865,345898,11746,1938131.45,532155.45,3196
2026-02-06,Google PMax,330457.22,18358735,384661,13928,2298067.1,434466.58,3554
2026-02-07,Google PMax,317094.29,17616350,346573,12066,1990839.36,360999.62,3202
2026-02-08,Google PMax,300378.23,16687679,331434,11787,1944784.35,427599.57,3062
2026-02-09,Google PMax,315432.95,17524053,345411,12210,2014627.81,461096.91,3192
2026-02-10,Google PMax,347973.57,19331865,392567,13274,2190163.03,478910.74,3627
2026-02-11,Google PMax,309195.09,17177505,352981,12263,2023391.44,470201.8,3262
2026-02-12,Google PMax,308244.53,17124696,364243,12914,2130852.93,458652.75,3366
2026-02-13,Google PMax,332716.68,18484260,400915,14040,2316555.04,481348.79,3704
2026-02-14,Google PMax,333614.9,18534161,378063,14354,2368461.47,498431.16,3493
2026-02-15,Google PMax,301631.16,16757286,369606,13667,2255071.15,488171.12,3415
2026-02-16,Google PMax,311140.13,17285563,347640,12414,2048366.57,481050.32,3212
2026-02-17,Google PMax,307513.99,17084110,363771,12316,2032162.44,429666.94,3361
2026-02-18,Google PMax,317146.02,17619223,361449,12199,2012801.89,432579.61,3340
2026-02-19,Google PMax,333861.11,18547839,358733,13874,2289144.59,526585.24,3315
2026-02-20,Google PMax,304065.25,16892514,341524,11415,1883412.83,407761.11,3156
2026-02-21,Google PMax,334509.36,18583853,382898,13555,2236532.68,535994.24,3538
2026-02-22,Google PMax,319375.44,17743080,354176,12692,2094179.03,426828.64,3273
2026-02-23,Google PMax,355500.66,19750037,404785,14027,2314397.92,462879.58,3740
2026-02-24,Google PMax,324087.35,18004853,378794,12665,2089790.97,470958.37,3500
2026-02-25,Google PMax,317554.96,17641942,352344,11916,1966102.95,446532.41,3256
2026-02-26,Google PMax,328429.5,18246084,300464,10287,1697411.83,347590.41,2776
2026-02-27,Google PMax,313977.2,17443178,383993,13037,2151113.54,524112.96,3548
2026-02-28,Google PMax,290810.89,16156161,317354,11912,1965552.31,499012.23,2932
2026-03-01,Google PMax,315608.0,17533778,333353,11729,1935232.5,404366.38,3080
2026-03-02,Google PMax,315610.67,17533926,327026,11210,1849624.97,455334.19,3022
2026-03-03,Google PMax,294510.72,16361707,320628,11346,1872168.33,333385.39,2963
2026-03-04,Google PMax,319517.86,17750992,343033,12478,2058873.16,491946.28,3170
2026-03-05,Google PMax,287316.91,15962050,305124,10555,1741624.07,356864.65,2819
2026-03-06,Google PMax,315228.45,17512692,335919,12358,2039005.37,483609.01,3104
2026-03-07,Google PMax,324909.04,18050502,372485,12278,2025891.18,411421.11,3442
2026-03-08,Google PMax,322783.68,17932427,402340,14992,2473643.75,541219.94,3718
2026-03-09,Google PMax,471870.91,26215050,550115,19355,3193635.41,657064.83,5083
2026-03-10,Google PMax,479577.73,26643207,568756,19972,3295403.0,712583.77,5255
2026-03-11,Google PMax,463571.12,25753951,503415,17106,2822522.85,711859.07,4652
2026-03-12,Google PMax,482500.0,26805556,539478,17824,2940927.0,641417.05,4985
2026-03-13,Google PMax,484379.92,26909995,551972,17810,2938697.43,755660.5,5100
2026-03-14,Google PMax,461637.14,25646508,492632,16679,2752082.03,586770.58,4552
2026-03-15,Google PMax,490697.21,27260956,531292,19251,3176415.28,782208.33,4909
2026-03-16,Google PMax,328059.93,18225552,383201,12840,2118656.89,405485.1,3541
2026-03-17,Google PMax,321608.36,17867131,380719,12364,2040018.85,438517.23,3518
2026-03-18,Google PMax,363629.66,20201648,405667,13630,2249021.49,473564.0,3748
2026-03-19,Google PMax,322450.86,17913936,332587,11482,1894495.5,468060.91,3073
2026-03-20,Google PMax,320443.56,17802420,349734,12098,1996163.29,445664.17,3232
2026-03-21,Google PMax,318356.63,17686479,323139,11301,1864696.64,341705.17,2986
2026-03-22,Google PMax,309432.16,17190675,345365,12785,2109443.18,415437.36,3191
2026-03-23,Google PMax,337052.22,18725123,380241,14221,2346387.44,474385.91,3513
2026-03-24,Google PMax,314597.47,17477637,343875,13318,2197494.65,519574.06,3177
2026-03-25,Google PMax,316960.32,17608907,357286,11555,1906521.62,446446.61,3301
2026-03-26,Google PMax,317777.95,17654330,361919,12194,2012069.62,432017.44,3344
2026-03-27,Google PMax,310884.19,17271344,350751,12778,2108305.21,443474.05,3241
2026-03-28,Google PMax,298695.89,16594216,307958,10594,1748016.59,406603.4,2846
2026-03-29,Google PMax,320378.8,17798822,350567,12871,2123725.66,425000.81,3239
2026-03-30,Google PMax,342915.54,19050863,390387,13884,2290846.04,522438.83,3607
2026-03-31,Google PMax,331805.48,18433638,403594,15328,2529165.28,572998.37,3729
2026-04-01,Google PMax,354364.36,19686909,387314,14344,2366801.02,509258.0,3579
2026-04-02,Google PMax,341833.65,18990758,392368,14560,2402437.17,546078.29,3630
2026-04-03,Google PMax,338068.99,18781610,395424,13663,2254325.06,501335.56,3662
2026-04-04,Google PMax,360887.69,20049316,396256,13926,2297871.67,527751.27,3674
2026-04-05,Google PMax,328565.66,18253648,390228,13586,2241772.22,442902.24,3622
2026-04-06,Google PMax,331598.85,18422158,395019,12929,2133311.09,495683.37,3670
2026-04-07,Google PMax,330834.18,18379676,398039,15142,2498477.8,599566.53,3702
2026-04-08,Google PMax,356416.57,19800920,406911,14973,2470487.42,562665.37,3789
2026-04-09,Google PMax,330967.42,18387079,419817,14652,2417531.98,563383.91,3914
2026-04-10,Google PMax,320336.17,17796454,342789,12982,2141994.79,472700.13,3199
2026-04-11,Google PMax,341107.01,18950389,427310,14729,2430301.95,580428.9,3992
2026-04-12,Google PMax,317998.8,17666600,369620,11959,1973278.0,442787.52,3457
2026-04-13,Google PMax,340740.35,18930019,409049,15325,2528690.01,513306.3,3830
2026-04-14,Google PMax,339214.05,18845225,369667,12356,2038801.31,486252.8,3465
2026-04-15,Google PMax,329206.43,18289246,384319,13604,2244655.26,437278.64,3606
2026-04-16,Google PMax,342117.82,19006546,412677,14921,2461889.74,564945.75,3877
2026-04-17,Google PMax,307964.0,17109111,319858,11680,1927201.19,419718.88,3008
2026-04-18,Google PMax,335495.69,18638649,369120,13800,2277003.68,493929.64,3475
2026-04-19,Google PMax,325440.82,18080046,315144,11644,1921186.0,438759.79,2970
2026-04-20,Google PMax,380928.68,21162704,418725,15464,2551575.07,542907.85,3951
2026-04-21,Google PMax,336091.87,18671770,355152,12274,2025192.69,476167.13,3355
2026-04-22,Google PMax,323653.43,17980746,354916,12973,2140485.99,486291.9,3356
2026-04-23,Google PMax,310690.64,17260591,405768,13531,2232567.87,480605.49,3841
2026-04-24,Google PMax,355462.85,19747936,435666,16956,2797703.55,702282.03,4128
2026-04-25,Google PMax,328359.15,18242175,333333,11201,1848236.69,426498.19,3162
2026-04-26,Google PMax,320908.52,17828251,368454,13099,2161328.88,516137.22,3499
2026-04-27,Google PMax,339900.62,18883368,395771,13388,2209084.26,559832.62,3763
2026-04-28,Google PMax,345501.89,19194549,376108,13138,2167826.04,549436.15,3579
2026-04-29,Google PMax,345487.43,19193746,387982,14091,2325064.02,555221.84,3696
2026-04-30,Google PMax,335281.84,18626769,378704,13396,2210362.74,492853.23,3612
2026-05-01,Google PMax,485814.66,26989704,496181,19080,3148248.12,637931.73,4738
2026-05-02,Google PMax,487401.32,27077851,508046,18709,3086994.33,718903.72,4856
2026-05-03,Google PMax,490133.21,27229623,550222,19592,3232720.2,806477.41,5265
2026-05-04,Google PMax,492627.77,27368209,550629,19959,3293170.37,777814.97,5274
2026-05-05,Google PMax,509711.91,28317328,542269,21017,3467807.98,577737.97,5200
2026-05-06,Google PMax,485311.71,26961762,513534,19633,3239406.22,797847.52,4930
2026-05-07,Google PMax,464815.5,25823083,513680,17734,2926120.94,724921.05,4936
2026-05-08,Google PMax,481565.09,26753616,563522,19949,3291521.88,741547.89,5421
2026-05-09,Google PMax,503785.59,27988088,557193,20927,3452884.06,861229.35,5366
2026-05-10,Google PMax,442202.81,24566823,539175,20151,3324953.57,808186.17,5198
2026-05-11,Google PMax,307863.38,17103521,327789,11418,1883983.66,412639.43,3163
2026-05-12,Google PMax,353317.59,19628755,397124,15163,2501896.61,639546.64,3837
2026-05-13,Google PMax,364298.79,20238821,396172,13946,2301067.65,480378.2,3831
2026-05-14,Google PMax,316830.91,17601717,364453,14318,2362464.51,547024.08,3528
2026-05-15,Google PMax,339877.73,18882096,359932,13641,2250734.24,517626.82,3488
2026-05-16,Google PMax,331926.71,18440373,411458,14347,2367220.93,515582.2,3992
2026-05-17,Google PMax,334611.46,18589525,334077,12034,1985540.45,474877.82,3245
2026-05-18,Google PMax,344223.16,19123509,421837,15197,2507539.43,647683.42,4101
2026-05-19,Google PMax,317083.56,17615753,354217,13238,2184339.37,562348.81,3448
2026-05-20,Google PMax,319945.85,17774769,367278,13493,2226351.39,552005.88,3578
2026-05-21,Google PMax,333670.57,18537254,400431,14026,2314306.52,469407.43,3906
2026-05-22,Google PMax,336748.06,18708226,393419,13613,2246139.94,471348.81,3841
2026-05-23,Google PMax,319988.03,17777113,339969,13006,2145959.25,511555.23,3323
2026-05-24,Google PMax,352759.35,19597742,406067,15352,2533066.14,595021.16,3973
2026-05-25,Google PMax,332449.19,18469399,410777,15408,2542287.38,575682.24,4023
2026-05-26,Google PMax,332547.1,18474839,349826,13243,2185136.69,594632.85,3430
2026-05-27,Google PMax,344738.99,19152166,431730,15643,2581086.34,615405.63,4237
2026-05-28,Google PMax,338350.45,18797247,384645,14529,2397360.44,592128.84,3779
2026-05-29,Google PMax,355117.76,19728764,384319,16228,2677542.6,684767.75,3780
2026-05-30,Google PMax,325398.26,18077681,342175,13588,2242001.56,534381.13,3369
2026-05-31,Google PMax,317734.44,17651914,348309,12889,2126724.07,610052.73,3433
2026-06-01,Google PMax,336739.67,18707759,330261,12088,1994563.84,438797.4,3258
2026-06-02,Google PMax,343238.64,19068814,371874,11991,1978450.32,448392.05,3673
2026-06-03,Google PMax,321223.06,17845725,351284,13938,2299727.21,507072.36,3473
2026-06-04,Google PMax,319472.03,17748446,332086,13013,2147163.74,576777.61,3287
2026-06-05,Google PMax,346395.58,19244199,402154,14765,2436302.44,619811.97,3984
2026-06-06,Google PMax,330131.82,18340657,361998,12698,2095124.27,479658.05,3590
2026-06-07,Google PMax,318681.04,17704502,340582,12137,2002592.89,446760.18,3381
2026-06-08,Google PMax,360195.06,20010837,392404,15186,2505750.07,667859.21,3900
2026-06-09,Google PMax,333797.85,18544325,378789,14291,2358091.34,582899.78,3768
2026-06-10,Google PMax,364296.18,20238676,406552,15957,2632907.74,704759.73,4049
2026-06-11,Google PMax,345821.19,19212288,368085,14039,2316458.09,555180.46,3669
2026-06-12,Google PMax,351077.22,19504290,393027,15664,2584483.49,648672.56,3922
2026-06-13,Google PMax,342412.55,19022919,379302,14701,2425680.33,599656.44,3789
2026-06-14,Google PMax,300362.36,16686798,310919,12335,2035282.37,467379.23,3109
2026-06-15,Google PMax,327085.63,18171424,357137,12196,2012321.44,481366.14,3575
2026-06-16,Google PMax,345381.17,19187843,397096,14223,2346732.26,514726.22,3979
2026-06-17,Google PMax,354566.02,19698112,407486,15287,2522359.14,636077.84,4087
2026-06-18,Google PMax,317572.19,17642899,347989,14029,2314837.83,596467.43,3494
2026-06-19,Google PMax,347635.36,19313075,401946,16838,2778193.8,729097.51,4040
2026-06-20,Google PMax,329194.88,18288605,344266,13087,2159348.96,553763.28,3464
2026-06-21,Google PMax,352869.92,19603885,369753,13753,2269223.77,547472.47,3724
2026-06-22,Google PMax,348775.31,19376406,381686,13227,2182375.54,598744.38,3848
2026-06-23,Google PMax,362063.55,20114641,438440,17584,2901394.05,759553.84,4425
2026-06-24,Google PMax,367677.56,20426531,412532,15440,2547548.28,692463.15,4168
2026-06-25,Google PMax,356856.61,19825367,389956,17245,2845421.6,777855.21,3943
2026-06-26,Google PMax,363987.54,20221530,441900,16411,2707853.3,657365.6,4473
2026-06-27,Google PMax,343080.77,19060043,374638,15984,2637418.17,667632.27,3796
2026-06-28,Google PMax,398493.37,22138521,502139,17863,2947431.12,769412.77,4520
2026-06-29,Google PMax,327788.68,18210482,353037,12954,2137358.74,477660.67,3585
2026-06-30,Google PMax,340039.66,18891092,354887,13901,2293616.79,514194.72,3607
2026-07-01,Google PMax,365269.26,20292737,401804,16158,2666051.23,588632.04,4084
2026-07-02,Google PMax,362199.19,20122177,396429,15177,2504180.74,611694.05,4029
2026-07-03,Google PMax,358241.74,19902319,378756,15280,2521182.22,604654.26,3850
2026-07-04,Google PMax,362054.08,20114115,465086,18743,3092565.79,674488.79,4727
2026-07-05,Google PMax,313929.72,17440540,355479,14175,2338802.42,583166.7,3613
2026-07-06,Google PMax,378833.76,21046320,432651,16738,2761845.86,675313.18,4397
2026-07-07,Google PMax,347400.09,19300005,375303,13678,2256875.83,608689.16,3815
2026-07-08,Google PMax,373938.57,20774365,401086,15470,2552623.07,730254.01,4077
2026-07-09,Google PMax,316378.5,17576583,373163,14576,2405048.92,614243.6,3793
2026-07-10,Google PMax,356927.91,19829328,356710,12516,2065175.26,480500.24,3626
2026-07-11,Google PMax,342502.05,19027892,354462,13841,2283750.98,591830.03,3603
2026-07-12,Google PMax,362354.85,20130825,396642,15284,2521803.07,621834.72,4031
2026-07-13,Google PMax,357880.33,19882240,429879,15566,2568357.69,620686.4,4369
2026-07-14,Google PMax,358870.05,19937225,389784,14841,2448790.43,561792.0,3962
2026-07-15,Google PMax,334254.56,18569698,380667,14510,2394086.77,567995.4,3869
2026-07-16,Google PMax,352233.06,19568504,392021,16644,2746245.5,667050.35,3985
2026-07-17,Google PMax,350426.77,19468154,419646,16428,2710541.51,710840.45,4265
2026-07-18,Google PMax,362431.46,20135081,364411,14841,2448755.02,628040.37,3704
2026-07-19,Google PMax,371670.05,20648336,431202,16598,2738637.75,773352.29,4383
2026-07-20,Google PMax,357127.74,19840430,392073,13759,2270180.21,589548.89,3985
2026-07-21,Google PMax,332600.3,18477794,390064,15611,2575813.86,656223.87,3965
2026-07-22,Google PMax,357359.61,19853312,377548,14138,2332696.79,560695.37,3837
2026-07-23,Google PMax,402492.38,22360688,447868,17050,2813327.63,635670.06,4552
2026-07-24,Google PMax,385597.21,21422067,425806,15619,2577166.34,606062.57,4328
2026-07-25,Google PMax,303322.01,16851223,316754,12309,2031039.22,472429.43,3219
2026-07-26,Google PMax,357681.63,19871202,366892,14963,2468838.63,483693.4,3729
2026-07-27,Google PMax,373965.25,20775847,401047,16253,2681700.54,607453.04,4076
2026-07-28,Google PMax,354403.72,19689096,396852,16585,2736488.44,760696.61,4034
2026-07-29,Google PMax,349795.17,19433065,371010,15607,2575100.97,653215.17,3771
2026-07-30,Google PMax,353561.49,19642305,385066,13385,2208456.02,527772.32,3914
2026-07-31,Google PMax,368576.56,20476476,363192,13224,2181880.3,554753.61,3691
2026-08-01,Google PMax,338332.85,18796270,367565,12945,2135991.63,444060.89,3736
2026-08-02,Google PMax,380368.39,21131577,448588,17918,2956489.72,744919.25,4559
2026-08-03,Google PMax,357992.96,19888498,414600,15497,2557004.4,694436.18,4214
2026-08-04,Google PMax,341967.56,18998198,377982,14278,2355788.53,574842.0,3842
2026-08-05,Google PMax,378710.47,21039471,426941,16352,2698100.68,570568.81,4339
2026-08-06,Google PMax,330970.46,18387248,349470,13790,2275399.74,542092.15,3552
2026-08-07,Google PMax,348613.06,19367392,425101,15238,2514188.44,682895.85,4321
2026-08-08,Google PMax,348766.75,19375931,435596,15805,2607771.31,655849.55,4427
2026-08-09,Google PMax,398286.28,22127016,446917,17306,2855446.96,623750.32,4542
2026-08-10,Google PMax,347796.01,19322001,446509,18325,3023635.13,886138.88,4538
2026-08-11,Google PMax,321705.26,17872515,342862,13259,2187697.73,484979.61,3485
2026-08-12,Google PMax,350459.45,19469970,360169,13394,2209966.73,533953.31,3661
2026-08-13,Google PMax,369848.07,20547115,393445,13598,2243652.59,506955.65,3999
2026-08-14,Google PMax,376143.8,20896878,412434,16730,2760468.43,623806.04,4192
2026-08-15,Google PMax,403724.25,22429125,510812,18585,3066564.27,728269.75,5065
2026-08-16,Google PMax,388350.09,21575005,424221,15483,2554769.67,661531.53,4312
2026-08-17,Google PMax,366051.77,20336210,385746,13655,2253084.83,612476.23,3921
2026-08-18,Google PMax,346474.54,19248586,364219,13088,2159487.59,515659.41,3702
2026-08-19,Google PMax,392600.63,21811146,466061,17179,2834467.27,641972.97,4737
2026-08-20,Google PMax,356552.07,19808448,419875,16063,2650461.65,678080.69,4268
2026-08-21,Google PMax,351819.84,19545547,379524,13807,2278162.21,584150.36,3857
2026-08-22,Google PMax,356534.94,19807497,351564,13739,2266930.54,569313.08,3573
2026-08-23,Google PMax,341316.53,18962030,353560,13521,2230990.54,561842.36,3594
2026-08-24,Google PMax,356039.97,19779998,436455,18777,3098219.41,756526.59,4436
2026-08-25,Google PMax,360644.68,20035816,417277,14780,2438707.4,605615.79,4241
2026-08-26,Google PMax,378763.57,21042421,422501,16491,2721070.64,660728.45,4294
2026-08-27,Google PMax,358739.99,19929999,443295,17314,2856763.29,764174.59,4506
2026-08-28,Google PMax,342917.03,19050946,425788,15637,2580107.34,749075.84,4328
2026-08-29,Google PMax,336846.85,18713714,373467,14530,2397370.91,599202.06,3796
2026-08-30,Google PMax,370414.46,20578581,411138,16532,2727750.28,671764.28,4179
2026-08-31,Google PMax,368696.84,20483158,395357,15382,2538040.25,638173.82,4018
2026-09-01,Google PMax,357453.94,19858552,390389,16162,2666766.99,622506.21,3968
2026-09-02,Google PMax,359082.0,19949000,363399,12539,2068889.4,540971.66,3694
2026-09-03,Google PMax,375101.82,20838990,379510,14076,2322509.11,592463.87,3857
2026-09-04,Google PMax,394234.79,21901933,392763,16329,2694352.27,641556.78,3992
2026-09-05,Google PMax,354084.18,19671343,419023,16964,2799133.38,739479.37,4259
2026-09-06,Google PMax,370043.31,20557962,372640,14819,2445063.78,603378.97,3788
2026-09-07,Google PMax,386462.71,21470151,479642,19717,3253287.52,739401.47,4875
2026-09-08,Google PMax,354441.63,19691201,376566,13183,2175259.38,551060.26,3827
2026-09-09,Google PMax,368676.66,20482037,452342,18211,3004885.82,754441.48,4598
2026-09-10,Google PMax,368083.89,20449105,400024,16313,2691682.85,714188.96,4066
2026-09-11,Google PMax,344911.36,19161742,347222,13002,2145269.9,563758.59,3529
2026-09-12,Google PMax,372518.93,20695496,445792,19530,3222489.68,787083.21,4531
2026-09-13,Google PMax,369870.08,20548338,445534,17420,2874372.06,681497.01,4528
2026-09-14,Google PMax,380345.71,21130317,399632,13777,2273244.42,560205.56,4062
2026-09-15,Google PMax,348614.49,19367472,379642,14980,2471691.58,626725.94,3859
2026-09-16,Google PMax,370841.54,20602308,389652,14544,2399809.69,614197.13,3960
2026-09-17,Google PMax,396877.82,22048768,437786,17938,2959850.27,746892.87,4450
2026-09-18,Google PMax,409823.43,22767968,458305,18232,3008241.29,735848.61,4658
2026-09-19,Google PMax,395231.23,21957291,429887,16148,2664355.47,708849.79,4369
2026-09-20,Google PMax,350238.85,19457714,346685,14432,2381286.95,555097.42,3524
2026-09-21,Google PMax,380299.55,21127753,407828,16533,2727918.97,805483.55,4145
2026-09-22,Google PMax,362759.91,20153328,420080,15592,2572711.06,672613.81,4270
2026-09-23,Google PMax,377269.35,20959408,413934,15906,2624437.55,588333.31,4207
2026-09-24,Google PMax,358499.97,19916665,390507,15511,2559356.27,639970.21,3969
2026-09-25,Google PMax,341063.94,18947996,357796,13602,2244255.79,587167.19,3637
2026-09-26,Google PMax,366759.56,20375531,392594,14947,2466270.45,590704.42,3990
2026-09-27,Google PMax,386543.13,21474618,465800,18069,2981369.55,646741.7,4734
2026-09-28,Google PMax,378502.67,21027926,391798,14362,2369727.65,535364.06,3982
2026-09-29,Google PMax,381184.68,21176926,441856,15199,2507784.4,644715.6,4491
2026-09-30,Google PMax,377757.44,20986524,420916,16493,2721298.46,576406.39,4278
2025-01-01,TikTok Ads,87753.37,9750375,87376,1432,236309.7,51628.43,367
2025-01-02,TikTok Ads,94952.35,10550261,85388,1432,236262.61,59043.17,359
2025-01-03,TikTok Ads,90185.67,10020630,92264,1579,260522.4,55554.19,388
2025-01-04,TikTok Ads,85328.37,9480930,86050,1458,240550.79,49889.26,361
2025-01-05,TikTok Ads,83186.03,9242892,80946,1395,230137.21,48733.94,340
2025-01-06,TikTok Ads,81497.1,9055233,76507,1305,215340.18,43120.71,321
2025-01-07,TikTok Ads,91675.3,10186144,85823,1358,223995.48,51732.69,360
2025-01-08,TikTok Ads,86349.82,9594424,91980,1395,230255.95,51825.38,386
2025-01-09,TikTok Ads,87887.27,9765252,89192,1488,245511.29,56648.2,375
2025-01-10,TikTok Ads,91413.54,10157060,94039,1643,271171.18,57680.03,395
2025-01-11,TikTok Ads,87815.82,9757314,89105,1487,245412.24,53739.86,374
2025-01-12,TikTok Ads,84804.0,9422667,86471,1561,257548.73,46786.26,363
2025-01-13,TikTok Ads,80439.05,8937672,78178,1326,218776.36,49579.44,328
2025-01-14,TikTok Ads,91856.64,10206293,90722,1647,271744.54,60256.53,381
2025-01-15,TikTok Ads,90991.13,10110126,97351,1750,288796.83,57941.51,409
2025-01-16,TikTok Ads,88275.29,9808365,95768,1714,282748.65,61683.89,402
2025-01-17,TikTok Ads,85895.44,9543937,79597,1272,209834.5,45211.33,334
2025-01-18,TikTok Ads,89916.17,9990686,88793,1511,249276.76,62581.4,373
2025-01-19,TikTok Ads,91301.14,10144571,95899,1730,285442.2,57466.41,403
2025-01-20,TikTok Ads,90403.31,10044812,100612,1734,286059.9,64601.79,423
2025-01-21,TikTok Ads,97860.3,10873367,108323,1893,312268.85,62704.36,455
2025-01-22,TikTok Ads,93772.97,10419219,89296,1413,233093.01,48991.82,375
2025-01-23,TikTok Ads,90275.44,10030605,97182,1811,298747.46,67179.94,408
2025-01-24,TikTok Ads,94044.83,10449425,94376,1541,254249.04,54988.99,396
2025-01-25,TikTok Ads,90404.57,10044953,96070,1470,242603.26,53347.14,403
2025-01-26,TikTok Ads,89812.8,9979200,94061,1571,259208.06,58543.67,395
2025-01-27,TikTok Ads,96102.27,10678030,88814,1325,218637.22,46200.46,373
2025-01-28,TikTok Ads,86520.94,9613438,89376,1437,237097.64,55850.95,375
2025-01-29,TikTok Ads,90711.89,10079099,96186,1844,304315.03,65313.17,404
2025-01-30,TikTok Ads,96178.52,10686503,96062,1602,264334.33,57699.7,403
2025-01-31,TikTok Ads,92368.63,10263181,91004,1437,237041.67,53656.53,382
2025-02-01,TikTok Ads,89190.04,9910004,80779,1375,226872.91,50818.44,339
2025-02-02,TikTok Ads,83213.38,9245931,86627,1407,232079.71,53688.95,364
2025-02-03,TikTok Ads,80751.44,8972383,81763,1450,239258.44,53971.58,343
2025-02-04,TikTok Ads,100658.02,11184225,95089,1545,254860.16,58173.09,399
2025-02-05,TikTok Ads,92745.7,10305078,90932,1567,258518.37,55393.62,382
2025-02-06,TikTok Ads,88731.87,9859096,89554,1435,236793.1,47640.32,376
2025-02-07,TikTok Ads,93112.44,10345827,89991,1729,285229.24,55583.64,378
2025-02-08,TikTok Ads,87175.2,9686134,87189,1520,250724.18,47786.9,366
2025-02-09,TikTok Ads,90056.06,10006229,80601,1360,224439.68,56339.74,339
2025-02-10,TikTok Ads,87351.58,9705731,94424,1582,260979.76,47251.74,397
2025-02-11,TikTok Ads,85210.85,9467872,85292,1410,232622.3,56064.19,358
2025-02-12,TikTok Ads,82003.44,9111493,76594,1253,206673.25,42482.25,322
2025-02-13,TikTok Ads,84504.01,9389334,72033,1176,194086.86,46751.91,303
2025-02-14,TikTok Ads,96595.45,10732828,102560,1890,311822.07,56513.16,431
2025-02-15,TikTok Ads,87469.87,9718874,90399,1494,246562.46,53223.55,380
2025-02-16,TikTok Ads,94533.1,10503678,95728,1454,239928.05,58924.13,402
2025-02-17,TikTok Ads,96558.41,10728712,101562,1626,268273.18,62387.6,427
2025-02-18,TikTok Ads,92357.35,10261927,97128,1728,285081.59,61025.74,408
2025-02-19,TikTok Ads,91073.13,10119236,92136,1547,255179.85,47413.33,387
2025-02-20,TikTok Ads,93097.59,10344177,91678,1548,255431.64,50249.58,385
2025-02-21,TikTok Ads,90662.57,10073619,88393,1591,262445.94,64154.64,371
2025-02-22,TikTok Ads,98181.61,10909068,100661,1645,271383.21,58040.99,423
2025-02-23,TikTok Ads,101356.28,11261809,109852,1927,317878.81,69531.51,461
2025-02-24,TikTok Ads,99402.09,11044676,98788,1623,267847.78,60263.13,415
2025-02-25,TikTok Ads,82689.12,9187680,90014,1574,259760.67,51191.04,378
2025-02-26,TikTok Ads,90667.12,10074124,92697,1545,254930.24,57912.07,389
2025-02-27,TikTok Ads,92826.79,10314087,94947,1595,263110.03,55941.08,399
2025-02-28,TikTok Ads,94755.98,10528442,108430,1919,316617.86,71292.58,455
2025-03-01,TikTok Ads,84771.48,9419053,93177,1643,271138.12,56891.91,391
2025-03-02,TikTok Ads,84648.38,9405376,93174,1571,259190.98,49845.84,391
2025-03-03,TikTok Ads,98900.62,10988958,94168,1563,257911.25,54800.53,396
2025-03-04,TikTok Ads,90324.92,10036102,102205,1876,309608.94,71605.64,429
2025-03-05,TikTok Ads,86063.89,9562654,85639,1499,247296.73,56120.4,360
2025-03-06,TikTok Ads,87924.18,9769354,86724,1445,238503.52,52600.61,364
2025-03-07,TikTok Ads,95050.19,10561133,82736,1361,224496.2,52937.8,347
2025-03-08,TikTok Ads,89449.01,9938778,91200,1630,268925.82,58200.05,383
2025-03-09,TikTok Ads,94370.1,10485567,88236,1509,248929.87,55011.13,371
2025-03-10,TikTok Ads,127545.62,14171735,130670,2203,363531.66,76907.34,549
2025-03-11,TikTok Ads,122456.78,13606309,113922,1948,321389.05,76116.65,478
2025-03-12,TikTok Ads,143698.62,15966514,159198,2752,454093.25,102230.42,669
2025-03-13,TikTok Ads,136762.75,15195861,141289,2395,395191.86,83068.35,593
2025-03-14,TikTok Ads,131794.83,14643870,149823,2700,445547.23,86343.97,629
2025-03-15,TikTok Ads,130676.98,14519664,122656,2216,365713.37,87569.09,515
2025-03-16,TikTok Ads,143998.19,15999799,157383,2747,453199.46,93768.99,661
2025-03-17,TikTok Ads,96234.06,10692673,85825,1559,257286.9,56929.44,360
2025-03-18,TikTok Ads,98780.23,10975581,100013,1701,280656.93,73365.34,420
2025-03-19,TikTok Ads,90699.53,10077726,87262,1535,253219.27,59280.29,367
2025-03-20,TikTok Ads,93727.14,10414127,91208,1628,268687.36,66730.18,383
2025-03-21,TikTok Ads,95395.29,10599477,92439,1652,272502.83,57369.75,388
2025-03-22,TikTok Ads,91098.43,10122048,86099,1531,252567.79,60325.61,362
2025-03-23,TikTok Ads,93242.64,10360293,86195,1512,249408.01,54986.83,362
2025-03-24,TikTok Ads,91009.45,10112161,88594,1653,272822.71,61778.49,372
2025-03-25,TikTok Ads,95809.56,10645507,96477,1596,263314.22,67294.38,405
2025-03-26,TikTok Ads,87687.46,9743051,93810,1582,261094.68,56160.38,394
2025-03-27,TikTok Ads,96547.9,10727544,98259,1652,272659.88,60077.57,413
2025-03-28,TikTok Ads,95450.52,10605613,102131,1704,281206.22,57395.15,429
2025-03-29,TikTok Ads,93083.93,10342659,84828,1299,214282.52,50492.9,356
2025-03-30,TikTok Ads,96364.74,10707193,93861,1705,281379.91,59127.2,394
2025-03-31,TikTok Ads,92700.88,10300097,96656,1559,257209.8,61215.86,406
2025-04-01,TikTok Ads,91678.19,10186465,93566,1604,264680.98,50543.88,393
2025-04-02,TikTok Ads,97840.12,10871125,92785,1465,241758.25,55521.24,390
2025-04-03,TikTok Ads,98464.26,10940473,103983,1823,300723.45,62752.26,437
2025-04-04,TikTok Ads,93585.78,10398420,90603,1480,244160.26,56854.45,381
2025-04-05,TikTok Ads,93467.68,10385298,89108,1429,235751.84,51809.14,374
2025-04-06,TikTok Ads,95774.79,10641643,98573,1692,279184.11,58790.04,414
2025-04-07,TikTok Ads,94360.09,10484454,94395,1548,255501.07,54471.95,396
2025-04-08,TikTok Ads,104955.03,11661670,101662,1679,276975.74,56789.21,427
2025-04-09,TikTok Ads,99749.43,11083270,96417,1653,272771.54,64031.77,405
2025-04-10,TikTok Ads,98793.57,10977063,92452,1635,269701.49,54356.71,388
2025-04-11,TikTok Ads,94601.4,10511267,92355,1506,248455.47,53492.32,388
2025-04-12,TikTok Ads,103325.6,11480622,110145,1780,293645.33,66386.22,463
2025-04-13,TikTok Ads,97006.18,10778464,98430,1675,276419.08,68661.81,413
2025-04-14,TikTok Ads,97422.52,10824724,103026,1799,296779.33,65242.88,433
2025-04-15,TikTok Ads,105145.8,11682867,108402,1978,326305.07,70394.38,455
2025-04-16,TikTok Ads,103723.3,11524811,99913,1608,265243.77,59631.04,420
2025-04-17,TikTok Ads,89431.67,9936852,80583,1348,222440.46,40819.39,338
2025-04-18,TikTok Ads,101938.92,11326546,96270,1733,285912.55,56869.1,404
2025-04-19,TikTok Ads,103935.21,11548357,99749,1863,307400.08,65597.19,419
2025-04-20,TikTok Ads,101937.11,11326345,97359,1573,259530.69,53840.09,409
2025-04-21,TikTok Ads,105233.18,11692576,111427,1824,301007.75,57740.91,468
2025-04-22,TikTok Ads,95490.18,10610020,101051,1751,288849.4,67907.6,424
2025-04-23,TikTok Ads,90745.48,10082831,102789,1697,279993.13,62878.54,432
2025-04-24,TikTok Ads,100960.99,11217887,96335,1576,259960.69,57833.11,405
2025-04-25,TikTok Ads,108254.77,12028308,118631,2041,336826.49,69987.75,498
2025-04-26,TikTok Ads,89928.91,9992101,98515,1804,297742.39,65919.37,414
2025-04-27,TikTok Ads,103188.09,11465343,101750,1616,266722.07,61093.84,427
2025-04-28,TikTok Ads,97984.64,10887182,100769,1841,303831.9,65426.5,423
2025-04-29,TikTok Ads,107486.86,11942985,115489,1907,314635.86,71681.75,485
2025-04-30,TikTok Ads,119769.92,13307769,119346,2064,340554.85,70150.67,501
2025-05-01,TikTok Ads,148668.3,16518700,147452,2706,446500.89,98996.28,619
2025-05-02,TikTok Ads,149902.72,16655857,144260,2492,411232.37,98740.17,606
2025-05-03,TikTok Ads,157498.2,17499800,135196,2264,373584.23,90289.16,568
2025-05-04,TikTok Ads,151854.86,16872762,152497,2686,443114.07,107838.7,640
2025-05-05,TikTok Ads,150728.89,16747655,144309,2432,401282.04,90298.89,606
2025-05-06,TikTok Ads,159963.28,17773697,149642,2610,430688.42,94991.09,628
2025-05-07,TikTok Ads,156958.98,17439887,160935,2708,446802.76,94767.45,676
2025-05-08,TikTok Ads,155785.81,17309535,142220,2522,416104.49,78305.98,597
2025-05-09,TikTok Ads,152873.21,16985912,160267,2535,418209.87,82107.05,673
2025-05-10,TikTok Ads,151384.87,16820541,155777,2514,414812.53,90031.84,654
2025-05-11,TikTok Ads,161279.57,17919952,157407,2487,410422.64,89510.77,661
2025-05-12,TikTok Ads,110353.29,12261476,109934,1864,307495.1,75291.75,462
2025-05-13,TikTok Ads,119653.26,13294807,111108,1744,287824.42,69981.76,467
2025-05-14,TikTok Ads,107126.02,11902891,111949,1837,303154.24,63031.18,470
2025-05-15,TikTok Ads,121361.76,13484640,122726,1971,325183.87,76223.92,515
2025-05-16,TikTok Ads,116090.95,12898995,117915,2153,355221.4,75166.12,495
2025-05-17,TikTok Ads,108046.7,12005189,111300,1798,296733.1,68846.25,467
2025-05-18,TikTok Ads,116749.15,12972128,112249,1785,294604.62,68992.25,471
2025-05-19,TikTok Ads,110575.13,12286125,100497,1730,285394.13,69025.66,422
2025-05-20,TikTok Ads,115092.95,12788105,121704,2243,370171.39,78228.13,511
2025-05-21,TikTok Ads,112407.3,12489701,117052,1978,326426.34,77641.08,492
2025-05-22,TikTok Ads,114734.26,12748251,111049,1884,310888.91,58148.19,466
2025-05-23,TikTok Ads,120999.29,13444365,123969,2243,370176.21,89883.74,521
2025-05-24,TikTok Ads,118717.44,13190827,127678,2266,373863.23,82085.3,536
2025-05-25,TikTok Ads,109280.89,12142321,116747,2027,334441.51,73555.19,490
2025-05-26,TikTok Ads,109788.88,12198765,106070,1751,288863.11,53191.58,445
2025-05-27,TikTok Ads,117579.49,13064388,107077,1862,307197.29,65482.01,450
2025-05-28,TikTok Ads,118267.52,13140836,108920,1726,284734.52,69434.35,457
2025-05-29,TikTok Ads,112705.66,12522852,110598,1822,300552.42,63864.4,465
2025-05-30,TikTok Ads,126114.75,14012750,137180,2499,412330.32,95890.28,576
2025-05-31,TikTok Ads,121675.85,13519539,116358,2107,347631.08,76690.26,489
2025-06-01,TikTok Ads,113368.24,12596471,109312,1899,313327.13,74792.12,459
2025-06-02,TikTok Ads,113001.95,12555772,108819,1671,275792.31,61603.84,457
2025-06-03,TikTok Ads,116167.39,12907488,112461,1796,296396.78,60346.42,472
2025-06-04,TikTok Ads,115809.7,12867745,115732,1901,313598.62,69303.27,486
2025-06-05,TikTok Ads,125839.33,13982147,116174,1958,323071.86,80180.43,488
2025-06-06,TikTok Ads,124559.59,13839954,132664,2114,348856.25,79803.85,557
2025-06-07,TikTok Ads,119340.91,13260101,118304,1986,327755.63,71434.52,497
2025-06-08,TikTok Ads,123501.42,13722380,141872,2625,433115.84,112480.66,596
2025-06-09,TikTok Ads,124837.1,13870789,116047,2012,332035.08,79821.96,487
2025-06-10,TikTok Ads,120494.98,13388331,131989,2268,374280.61,87721.84,554
2025-06-11,TikTok Ads,122818.57,13646508,133072,2147,354274.79,79919.16,559
2025-06-12,TikTok Ads,124617.2,13846355,121539,1897,312979.08,72878.06,510
2025-06-13,TikTok Ads,124332.1,13814678,121385,1937,319575.75,74596.68,510
2025-06-14,TikTok Ads,116931.42,12992380,110468,1720,283842.96,51540.9,464
2025-06-15,TikTok Ads,117746.93,13082993,111319,1900,313421.88,71131.37,468
2025-06-16,TikTok Ads,120517.81,13390868,120513,2088,344528.6,74821.21,506
2025-06-17,TikTok Ads,118144.03,13127114,118291,1914,315791.09,66696.32,497
2025-06-18,TikTok Ads,113739.88,12637764,102805,1761,290500.15,62910.8,432
2025-06-19,TikTok Ads,127414.69,14157188,144948,2645,436443.06,84066.38,609
2025-06-20,TikTok Ads,125927.97,13991996,123967,2314,381765.12,71863.03,521
2025-06-21,TikTok Ads,115877.14,12875238,116333,2054,338884.77,81989.25,489
2025-06-22,TikTok Ads,122995.45,13666161,118374,1995,329136.33,75087.18,497
2025-06-23,TikTok Ads,123699.61,13744401,121718,2146,354018.75,62849.3,511
2025-06-24,TikTok Ads,126393.44,14043715,123679,2245,370369.35,77724.09,519
2025-06-25,TikTok Ads,118852.11,13205790,118831,1817,299868.94,70618.45,499
2025-06-26,TikTok Ads,117545.49,13060610,117443,2144,353838.12,76100.58,493
2025-06-27,TikTok Ads,129777.86,14419762,136045,2250,371215.58,89801.54,571
2025-06-28,TikTok Ads,117135.13,13015014,118732,1964,324135.12,77298.33,499
2025-06-29,TikTok Ads,125696.7,13966300,131008,2188,360956.77,70791.52,550
2025-06-30,TikTok Ads,125686.54,13965171,125613,2170,357982.18,77853.07,528
2025-07-01,TikTok Ads,127343.45,14149272,129110,2073,342032.26,72549.7,542
2025-07-02,TikTok Ads,129990.27,14443363,128108,2147,354226.26,69268.74,538
2025-07-03,TikTok Ads,138872.09,15430232,147230,2569,423827.58,82394.1,618
2025-07-04,TikTok Ads,118539.82,13171091,120834,2077,342644.72,70521.09,508
2025-07-05,TikTok Ads,134772.3,14974700,133494,2313,381580.63,79643.4,561
2025-07-06,TikTok Ads,113084.01,12564890,111809,1870,308544.1,69417.75,470
2025-07-07,TikTok Ads,138559.04,15395449,137651,2421,399503.15,95232.82,578
2025-07-08,TikTok Ads,116472.65,12941405,116685,2088,344590.93,78925.16,490
2025-07-09,TikTok Ads,146105.63,16233959,145612,2599,428789.7,99996.57,612
2025-07-10,TikTok Ads,127959.05,14217672,123669,2147,354306.88,76284.94,519
2025-07-11,TikTok Ads,139136.89,15459654,145522,2590,427352.79,98553.03,611
2025-07-12,TikTok Ads,137995.95,15332884,144852,2570,424006.54,92174.19,608
2025-07-13,TikTok Ads,128375.48,14263942,142116,2739,451981.91,95924.16,597
2025-07-14,TikTok Ads,128865.03,14318336,124198,2240,369592.09,93650.56,522
2025-07-15,TikTok Ads,125828.76,13980973,130860,2215,365434.1,65406.72,550
2025-07-16,TikTok Ads,136843.23,15204803,121168,1966,324383.54,60669.4,509
2025-07-17,TikTok Ads,129071.5,14341278,135492,2273,375092.26,85046.74,569
2025-07-18,TikTok Ads,126706.32,14078480,115633,1933,318969.37,68685.69,486
2025-07-19,TikTok Ads,135826.39,15091821,127805,2228,367658.67,71586.48,537
2025-07-20,TikTok Ads,126631.36,14070152,129156,2119,349596.89,70422.4,542
2025-07-21,TikTok Ads,130896.54,14544060,126015,2270,374543.39,76305.9,529
2025-07-22,TikTok Ads,134233.79,14914865,128126,2027,334423.41,78825.31,538
2025-07-23,TikTok Ads,129510.44,14390049,125743,1963,323919.1,78174.12,528
2025-07-24,TikTok Ads,130530.56,14503395,136245,2301,379585.01,94462.12,572
2025-07-25,TikTok Ads,144308.18,16034242,136231,2218,366029.03,70289.8,572
2025-07-26,TikTok Ads,132802.66,14755851,132371,2109,347941.89,68175.26,556
2025-07-27,TikTok Ads,131828.07,14647563,128833,2120,349865.5,68130.35,541
2025-07-28,TikTok Ads,133170.21,14796690,139721,2285,376996.26,91490.92,587
2025-07-29,TikTok Ads,137622.62,15291402,144624,2460,405876.46,92273.23,607
2025-07-30,TikTok Ads,127886.96,14209663,113804,1875,309318.09,68486.58,478
2025-07-31,TikTok Ads,137763.72,15307080,146402,2422,399588.73,89524.45,615
2025-08-01,TikTok Ads,137037.94,15226438,132016,2244,370215.17,81077.38,554
2025-08-02,TikTok Ads,123332.49,13703610,125081,2234,368644.77,73827.71,525
2025-08-03,TikTok Ads,147917.98,16435331,139585,2547,420328.68,96268.65,586
2025-08-04,TikTok Ads,146408.71,16267635,149669,2563,422923.21,91657.59,629
2025-08-05,TikTok Ads,131517.02,14613002,151650,2607,430174.65,85550.7,637
2025-08-06,TikTok Ads,129671.46,14407940,130661,2201,363146.73,83562.76,549
2025-08-07,TikTok Ads,139134.21,15459356,135295,2355,388635.3,82587.39,568
2025-08-08,TikTok Ads,128130.32,14236702,126346,2190,361313.82,80935.64,531
2025-08-09,TikTok Ads,147592.37,16399152,134583,2440,402531.97,87671.61,565
2025-08-10,TikTok Ads,135125.24,15013916,146873,2261,373072.78,87928.88,617
2025-08-11,TikTok Ads,150203.02,16689224,153023,2571,424196.23,94966.87,643
2025-08-12,TikTok Ads,133540.35,14837817,125136,2163,356959.78,72979.31,526
2025-08-13,TikTok Ads,138832.05,15425783,130366,2213,365196.6,82412.92,548
2025-08-14,TikTok Ads,148964.15,16551573,149101,2416,398588.19,90177.6,626
2025-08-15,TikTok Ads,138329.82,15369980,146065,2322,383094.5,87728.43,613
2025-08-16,TikTok Ads,142923.78,15880420,133054,2353,388261.8,92496.15,559
2025-08-17,TikTok Ads,148904.49,16544943,158852,2598,428716.28,89669.74,667
2025-08-18,TikTok Ads,137558.95,15284328,136803,2122,350060.92,81128.6,575
2025-08-19,TikTok Ads,132692.75,14743639,125287,2221,366480.0,69500.45,526
2025-08-20,TikTok Ads,131511.48,14612387,127821,2223,366766.28,79914.07,537
2025-08-21,TikTok Ads,146507.55,16278617,161878,2736,451437.43,97133.98,680
2025-08-22,TikTok Ads,145555.29,16172809,133432,2165,357160.86,87676.59,560
2025-08-23,TikTok Ads,150672.59,16741398,144056,2435,401785.16,87287.22,605
2025-08-24,TikTok Ads,141433.05,15714784,149517,2696,444884.75,102635.18,628
2025-08-25,TikTok Ads,133296.37,14810708,135028,2110,348173.73,65802.29,567
2025-08-26,TikTok Ads,126973.93,14108214,120946,1895,312724.05,66863.23,508
2025-08-27,TikTok Ads,164753.5,18305944,174291,2870,473540.09,97125.0,732
2025-08-28,TikTok Ads,148274.3,16474922,157280,2670,440583.09,116124.04,661
2025-08-29,TikTok Ads,145561.54,16173504,148456,2461,406085.27,84573.1,624
2025-08-30,TikTok Ads,146875.79,16319532,141479,2482,409603.67,90641.08,594
2025-08-31,TikTok Ads,134585.61,14953957,130885,2346,387118.96,86028.57,550
2025-09-01,TikTok Ads,139184.71,15464968,141562,2440,402616.29,77312.47,595
2025-09-02,TikTok Ads,157992.94,17554771,145556,2544,419726.54,88453.92,611
2025-09-03,TikTok Ads,149974.99,16663887,161923,2790,460373.48,104561.82,680
2025-09-04,TikTok Ads,139770.01,15530002,154028,2620,432254.81,95748.21,647
2025-09-05,TikTok Ads,136767.04,15196338,134831,2144,353739.14,63500.69,566
2025-09-06,TikTok Ads,142467.69,15829744,145512,2347,387181.04,81316.13,611
2025-09-07,TikTok Ads,144057.39,16006376,154307,2446,403594.63,96041.99,648
2025-09-08,TikTok Ads,161591.88,17954653,180552,3047,502687.99,115795.55,758
2025-09-09,TikTok Ads,145571.72,16174636,159171,2737,451659.59,109047.51,669
2025-09-10,TikTok Ads,138607.21,15400801,124174,1958,323067.87,65470.55,522
2025-09-11,TikTok Ads,146976.98,16330775,144194,2460,405932.92,98456.74,606
2025-09-12,TikTok Ads,149357.99,16595333,153845,2501,412650.63,90460.63,646
2025-09-13,TikTok Ads,138053.2,15339244,133960,2156,355668.47,88214.0,563
2025-09-14,TikTok Ads,150666.68,16740743,166783,2747,453198.29,99729.98,700
2025-09-15,TikTok Ads,156853.2,17428133,172188,2763,455927.37,83874.42,723
2025-09-16,TikTok Ads,149363.37,16595930,142051,2488,410539.8,96455.05,597
2025-09-17,TikTok Ads,142521.23,15835692,141133,2379,392551.22,83297.08,593
2025-09-18,TikTok Ads,144720.49,16080055,138212,2445,403486.79,86095.35,580
2025-09-19,TikTok Ads,136352.55,15150284,134756,2240,369609.2,71861.45,566
2025-09-20,TikTok Ads,147944.18,16438242,145943,2431,401066.59,99685.39,613
2025-09-21,TikTok Ads,151459.21,16828801,160131,2977,491240.82,103567.62,673
2025-09-22,TikTok Ads,142991.4,15887933,135369,2115,348895.0,86428.49,569
2025-09-23,TikTok Ads,164727.83,18303092,138865,2512,414531.87,88050.77,583
2025-09-24,TikTok Ads,156567.21,17396357,141494,2604,429724.17,87522.64,594
2025-09-25,TikTok Ads,137472.49,15274722,128991,2277,375673.29,91372.65,542
2025-09-26,TikTok Ads,137832.25,15314694,132410,2214,365272.28,79888.45,556
2025-09-27,TikTok Ads,143887.17,15987463,145503,2650,437254.68,95706.8,611
2025-09-28,TikTok Ads,163405.49,18156166,152819,2556,421760.58,83273.84,642
2025-09-29,TikTok Ads,158637.38,17626375,147110,2413,398081.2,84371.65,618
2025-09-30,TikTok Ads,164244.94,18249438,155086,2585,426569.75,97063.83,651
2025-10-01,TikTok Ads,152588.11,16954235,142374,2351,387973.41,76482.92,598
2025-10-02,TikTok Ads,151472.38,16830265,146433,2372,391303.43,82374.09,615
2025-10-03,TikTok Ads,143648.79,15960976,138501,2485,410056.38,87178.04,582
2025-10-04,TikTok Ads,155777.43,17308603,162218,2651,437424.17,96744.82,681
2025-10-05,TikTok Ads,151753.73,16861525,142744,2423,399802.94,98367.62,600
2025-10-06,TikTok Ads,151852.75,16872528,148595,2344,386719.16,83036.66,624
2025-10-07,TikTok Ads,166360.78,18484531,160921,2740,452077.52,93963.04,676
2025-10-08,TikTok Ads,153049.63,17005514,160478,2570,424123.26,113807.59,674
2025-10-09,TikTok Ads,164367.29,18263032,162846,2605,429821.16,91283.67,684
2025-10-10,TikTok Ads,142155.85,15795095,151118,2555,421568.64,91330.49,635
2025-10-11,TikTok Ads,175342.71,19482523,163219,2921,482025.32,103009.73,686
2025-10-12,TikTok Ads,151756.84,16861871,151307,2629,433763.04,93314.95,635
2025-10-13,TikTok Ads,160333.12,17814791,154793,2698,445247.39,98563.74,650
2025-10-14,TikTok Ads,161813.05,17979228,149910,2532,417765.04,98678.62,630
2025-10-15,TikTok Ads,151671.26,16852362,151057,2525,416603.79,94614.96,634
2025-10-16,TikTok Ads,162063.73,18007081,178914,3162,521706.83,124665.44,751
2025-10-17,TikTok Ads,162783.69,18087077,154453,2552,421041.96,100365.84,649
2025-10-18,TikTok Ads,150559.93,16728881,149409,2646,436576.18,97649.22,628
2025-10-19,TikTok Ads,150819.43,16757714,138945,2508,413825.15,93782.33,584
2025-10-20,TikTok Ads,156964.0,17440444,143221,2332,384834.79,92173.23,602
2025-10-21,TikTok Ads,155540.7,17282300,148194,2432,401249.9,80427.62,622
2025-10-22,TikTok Ads,167504.76,18611640,162982,2695,444691.7,117384.61,685
2025-10-23,TikTok Ads,162235.97,18026219,158288,2494,411431.34,86803.17,665
2025-10-24,TikTok Ads,156495.13,17388348,154373,2563,422852.84,90415.67,648
2025-10-25,TikTok Ads,162061.13,18006792,146033,2644,436278.59,86675.7,613
2025-10-26,TikTok Ads,141322.16,15702462,136015,2191,361575.38,72023.7,571
2025-10-27,TikTok Ads,152929.14,16992127,157533,2856,471159.41,111732.16,662
2025-10-28,TikTok Ads,160463.63,17829292,147387,2451,404459.96,105141.55,619
2025-10-29,TikTok Ads,166938.48,18548720,163381,3071,506725.83,106420.82,686
2025-10-30,TikTok Ads,159718.03,17746448,162524,2669,440339.6,99566.41,683
2025-10-31,TikTok Ads,169837.4,18870822,161866,2732,450765.23,100915.04,680
2025-11-01,TikTok Ads,165355.43,18372825,168744,2738,451785.68,107346.22,709
2025-11-02,TikTok Ads,154725.97,17191775,140605,2308,380834.33,98654.9,591
2025-11-03,TikTok Ads,157602.79,17511421,166004,3011,496797.15,122594.2,697
2025-11-04,TikTok Ads,162176.97,18019663,165736,2884,475921.09,102703.58,696
2025-11-05,TikTok Ads,155515.77,17279530,156035,2789,460193.27,105525.22,655
2025-11-06,TikTok Ads,171764.74,19084971,183357,2912,480484.88,111017.87,770
2025-11-07,TikTok Ads,150826.53,16758504,147846,2596,428286.33,94071.55,621
2025-11-08,TikTok Ads,162334.76,18037196,156317,2528,417171.23,83731.07,657
2025-11-09,TikTok Ads,165976.43,18441825,179645,2850,470210.27,96835.83,755
2025-11-10,TikTok Ads,157942.38,17549154,175386,3017,497832.24,119583.03,737
2025-11-11,TikTok Ads,156492.37,17388041,149981,2579,425504.83,102981.97,630
2025-11-12,TikTok Ads,160306.8,17811866,159213,2714,447783.0,96876.43,669
2025-11-13,TikTok Ads,167686.04,18631782,178200,3138,517785.73,116291.87,748
2025-11-14,TikTok Ads,157199.41,17466601,156462,2776,458046.28,110422.06,657
2025-11-15,TikTok Ads,152757.09,16973010,158207,2887,476381.01,90514.71,664
2025-11-16,TikTok Ads,170827.45,18980828,178826,2859,471753.54,100079.78,751
2025-11-17,TikTok Ads,164870.88,18318986,159308,2912,480419.67,122754.21,669
2025-11-18,TikTok Ads,170170.96,18907884,174452,3245,535391.74,120606.53,733
2025-11-19,TikTok Ads,168495.89,18721765,168433,2811,463803.99,92819.14,707
2025-11-20,TikTok Ads,180210.45,20023383,167053,2603,429492.02,95374.79,702
2025-11-21,TikTok Ads,171737.34,19081927,161540,2556,421774.44,100372.73,678
2025-11-22,TikTok Ads,156941.45,17437939,150798,2504,413220.44,72388.38,633
2025-11-23,TikTok Ads,166868.75,18540972,176165,3296,543907.15,121347.12,740
2025-11-24,TikTok Ads,475452.36,52828040,502877,8556,1411775.05,301337.04,2112
2025-11-25,TikTok Ads,477532.19,53059132,499019,8222,1356552.2,259238.25,2096
2025-11-26,TikTok Ads,454863.85,50540428,466875,7665,1264705.53,280058.82,1961
2025-11-27,TikTok Ads,483400.9,53711211,495375,7864,1297627.75,282361.14,2081
2025-11-28,TikTok Ads,504386.54,56042949,512786,9099,1501263.9,329641.54,2154
2025-11-29,TikTok Ads,489480.12,54386680,501451,8485,1400094.34,299439.03,2106
2025-11-30,TikTok Ads,464464.91,51607213,477712,8974,1480669.7,299131.5,2006
2025-12-01,TikTok Ads,454699.15,50522128,416384,7301,1204642.55,234177.06,1749
2025-12-02,TikTok Ads,181477.93,20164214,172873,3061,505031.48,104967.69,726
2025-12-03,TikTok Ads,166806.64,18534071,156509,2628,433692.85,101971.09,657
2025-12-04,TikTok Ads,157518.41,17502046,167982,2700,445485.83,99834.28,706
2025-12-05,TikTok Ads,168358.41,18706490,185067,3009,496439.4,108612.28,777
2025-12-06,TikTok Ads,182704.68,20300520,158927,2517,415270.3,83760.05,667
2025-12-07,TikTok Ads,169738.27,18859808,185675,3300,544525.33,116212.1,780
2025-12-08,TikTok Ads,239225.38,26580598,240470,4009,661537.11,154120.93,1010
2025-12-09,TikTok Ads,314921.8,34991311,334057,5949,981657.28,224685.84,1403
2025-12-10,TikTok Ads,252648.44,28072049,260326,4456,735176.56,155564.32,1093
2025-12-11,TikTok Ads,276153.36,30683707,300020,5026,829233.72,144319.27,1260
2025-12-12,TikTok Ads,263367.18,29263019,266682,4268,704296.11,146580.0,1120
2025-12-13,TikTok Ads,268897.19,29877466,246899,4261,702997.78,148687.25,1037
2025-12-14,TikTok Ads,283476.98,31497443,281680,4736,781474.06,159448.01,1183
2025-12-15,TikTok Ads,250499.09,27833232,258249,4588,757066.12,161049.24,1085
2025-12-16,TikTok Ads,278828.27,30980919,275215,4511,744364.84,174457.74,1156
2025-12-17,TikTok Ads,296182.91,32909212,307871,5395,890182.3,195255.77,1293
2025-12-18,TikTok Ads,268710.38,29856709,267651,4923,812355.83,192868.42,1124
2025-12-19,TikTok Ads,261175.39,29019488,251843,4340,716047.83,138521.35,1058
2025-12-20,TikTok Ads,279051.05,31005672,260868,4609,760467.28,163219.76,1096
2025-12-21,TikTok Ads,163943.83,18215981,160090,2799,461891.98,85853.35,672
2025-12-22,TikTok Ads,162124.25,18013806,164114,3055,504028.77,107102.2,689
2025-12-23,TikTok Ads,157525.11,17502790,139006,2407,397155.34,80065.1,584
2025-12-24,TikTok Ads,171991.05,19110116,163941,2885,475948.69,115441.38,689
2025-12-25,TikTok Ads,172571.39,19174598,151897,2578,425298.47,96632.46,638
2025-12-26,TikTok Ads,158819.84,17646648,152940,2499,412385.15,98090.34,642
2025-12-27,TikTok Ads,160187.41,17798601,171695,2742,452511.59,96133.14,721
2025-12-28,TikTok Ads,169285.49,18809498,157238,2842,468991.44,94761.11,660
2025-12-29,TikTok Ads,160226.6,17802956,166986,2696,444781.5,89620.13,701
2025-12-30,TikTok Ads,170055.71,18895079,199123,3511,579370.49,130168.17,836
2025-12-31,TikTok Ads,181189.33,20132148,196991,3419,564054.22,142062.04,827
2026-01-01,TikTok Ads,168563.66,18729296,169914,3021,498479.97,113283.52,714
2026-01-02,TikTok Ads,158770.61,17641179,166948,2765,456238.14,97363.08,701
2026-01-03,TikTok Ads,172476.56,19164062,158302,2585,426482.16,92409.15,665
2026-01-04,TikTok Ads,167940.77,18660086,152086,2634,434672.91,95388.59,639
2026-01-05,TikTok Ads,168493.89,18721543,168784,2827,466518.87,119274.37,709
2026-01-06,TikTok Ads,173974.75,19330528,178136,2842,468915.04,113342.16,748
2026-01-07,TikTok Ads,176167.27,19574141,187735,3501,577638.24,129723.27,788
2026-01-08,TikTok Ads,170591.46,18954607,164770,2690,443890.95,98513.29,692
2026-01-09,TikTok Ads,170249.54,18916615,172225,2782,459090.55,103418.69,723
2026-01-10,TikTok Ads,188718.01,20968667,190520,3200,527937.63,120738.94,800
2026-01-11,TikTok Ads,181507.22,20167469,180076,3253,536755.79,114182.83,756
2026-01-12,TikTok Ads,178719.49,19857721,177942,2697,445054.29,91300.31,747
2026-01-13,TikTok Ads,172536.15,19170683,163688,2945,486002.45,115749.78,687
2026-01-14,TikTok Ads,163103.65,18122628,165841,2691,443983.66,97848.18,697
2026-01-15,TikTok Ads,181385.32,20153925,183508,3161,521548.23,123449.22,771
2026-01-16,TikTok Ads,173158.71,19239857,168587,2769,456903.35,113756.32,708
2026-01-17,TikTok Ads,167108.85,18567650,173784,3249,536014.31,122834.55,730
2026-01-18,TikTok Ads,170035.19,18892799,180521,3088,509517.23,115309.08,758
2026-01-19,TikTok Ads,163772.94,18196994,170429,2795,461128.33,127420.95,716
2026-01-20,TikTok Ads,181185.15,20131683,169853,2844,469264.08,104947.89,713
2026-01-21,TikTok Ads,178064.48,19784942,179129,3059,504709.0,101348.79,752
2026-01-22,TikTok Ads,173879.41,19319935,164371,2819,465155.68,100031.93,690
2026-01-23,TikTok Ads,172048.49,19116499,173045,3006,496040.42,122675.58,727
2026-01-24,TikTok Ads,166604.76,18511640,157533,2678,441848.37,87142.51,662
2026-01-25,TikTok Ads,154169.55,17129950,165984,2627,433524.57,89634.11,697
2026-01-26,TikTok Ads,160281.52,17809057,167815,2804,462711.77,110807.03,705
2026-01-27,TikTok Ads,166256.02,18472891,177758,3114,513734.1,110565.58,747
2026-01-28,TikTok Ads,165235.55,18359506,175662,2886,476229.55,103846.46,738
2026-01-29,TikTok Ads,175557.19,19506354,172707,3035,500738.9,119622.2,725
2026-01-30,TikTok Ads,180411.22,20045692,175804,2993,493912.66,102429.56,738
2026-01-31,TikTok Ads,172435.12,19159458,190455,3202,528410.66,102592.3,800
2026-02-01,TikTok Ads,185943.47,20660386,184101,3317,547237.17,107015.3,773
2026-02-02,TikTok Ads,167051.36,18561263,153474,2382,393082.51,90503.06,645
2026-02-03,TikTok Ads,172941.94,19215771,183396,3012,497055.48,111619.14,770
2026-02-04,TikTok Ads,173578.9,19286545,175076,3160,521350.6,108342.3,735
2026-02-05,TikTok Ads,183674.53,20408282,200271,3716,613161.82,122390.33,841
2026-02-06,TikTok Ads,175057.85,19450873,177610,3364,555139.3,119487.02,746
2026-02-07,TikTok Ads,175357.41,19484156,175147,2985,492524.18,118033.77,736
2026-02-08,TikTok Ads,159804.8,17756089,174438,3033,500500.11,102747.47,733
2026-02-09,TikTok Ads,166750.81,18527868,151358,2678,441912.63,92066.65,636
2026-02-10,TikTok Ads,184489.15,20498794,178010,3219,531150.16,105723.75,748
2026-02-11,TikTok Ads,156708.42,17412047,148365,2562,422678.67,90256.07,623
2026-02-12,TikTok Ads,186999.98,20777776,162371,2888,476541.96,107674.75,682
2026-02-13,TikTok Ads,179521.33,19946815,188927,3286,542121.61,139448.3,793
2026-02-14,TikTok Ads,168524.53,18724948,162888,2841,468831.67,104939.98,684
2026-02-15,TikTok Ads,167711.57,18634619,176822,2868,473210.84,103659.33,743
2026-02-16,TikTok Ads,191748.93,21305436,196225,3281,541351.92,127319.3,824
2026-02-17,TikTok Ads,187605.42,20845047,194440,3219,531147.12,123360.72,817
2026-02-18,TikTok Ads,174531.85,19392428,169763,2714,447878.36,93979.74,713
2026-02-19,TikTok Ads,176961.11,19662345,168847,2633,434503.42,113195.2,709
2026-02-20,TikTok Ads,170314.19,18923799,171231,2849,470130.69,103227.0,719
2026-02-21,TikTok Ads,177424.28,19713809,187209,3141,518193.42,116158.34,786
2026-02-22,TikTok Ads,170585.23,18953914,170070,2906,479550.49,110154.54,714
2026-02-23,TikTok Ads,176227.77,19580864,168806,2949,486657.17,110027.03,709
2026-02-24,TikTok Ads,193264.94,21473882,179361,3078,507840.6,125358.93,753
2026-02-25,TikTok Ads,176430.99,19603443,178592,2997,494516.2,103659.3,750
2026-02-26,TikTok Ads,168070.07,18674452,162483,2636,434910.0,101676.53,682
2026-02-27,TikTok Ads,165301.38,18366820,164590,2921,481920.56,107418.36,691
2026-02-28,TikTok Ads,178622.26,19846918,176063,2978,491342.97,116593.69,739
2026-03-01,TikTok Ads,170720.18,18968909,166168,2764,455991.15,98592.7,698
2026-03-02,TikTok Ads,179805.37,19978374,182975,3082,508460.09,108725.39,768
2026-03-03,TikTok Ads,163375.43,18152825,168811,2765,456166.5,106234.11,709
2026-03-04,TikTok Ads,184309.29,20478810,206042,3410,562613.91,127319.91,865
2026-03-05,TikTok Ads,168583.32,18731480,176250,2912,480478.24,98768.46,740
2026-03-06,TikTok Ads,178637.81,19848646,195719,3279,541105.41,131858.07,822
2026-03-07,TikTok Ads,175316.43,19479604,166706,2927,482941.02,112473.18,700
2026-03-08,TikTok Ads,193791.86,21532429,175177,3039,501373.23,109647.32,736
2026-03-09,TikTok Ads,269946.64,29994071,269713,4940,815053.54,172595.03,1133
2026-03-10,TikTok Ads,293604.49,32622721,308720,5566,918424.2,207939.23,1297
2026-03-11,TikTok Ads,275563.14,30618127,287156,5359,884264.79,204817.42,1206
2026-03-12,TikTok Ads,287004.74,31889415,307865,5380,887704.92,170389.88,1293
2026-03-13,TikTok Ads,265519.42,29502158,225109,3931,648578.27,146975.61,945
2026-03-14,TikTok Ads,273192.63,30354737,293731,4872,803835.64,186075.86,1234
2026-03-15,TikTok Ads,285400.18,31711132,291145,5154,850389.44,151876.92,1223
2026-03-16,TikTok Ads,188043.98,20893776,170623,2805,462897.91,103435.9,717
2026-03-17,TikTok Ads,184952.02,20550224,192981,3039,501513.24,116463.97,811
2026-03-18,TikTok Ads,177247.8,19694200,179050,3276,540564.6,124450.65,752
2026-03-19,TikTok Ads,178976.33,19886259,183070,2918,481438.4,112715.85,769
2026-03-20,TikTok Ads,190814.87,21201652,202254,3514,579769.74,124206.87,849
2026-03-21,TikTok Ads,192839.72,21426635,197818,3215,530456.05,106991.74,831
2026-03-22,TikTok Ads,175322.26,19480251,159829,2870,473576.1,89185.98,671
2026-03-23,TikTok Ads,174309.81,19367757,172814,3123,515353.47,123284.47,726
2026-03-24,TikTok Ads,172804.64,19200516,156032,2723,449251.3,104394.3,655
2026-03-25,TikTok Ads,188754.26,20972696,196105,3542,584354.35,140575.44,824
2026-03-26,TikTok Ads,172994.31,19221590,187505,3189,526143.81,109036.73,788
2026-03-27,TikTok Ads,189085.95,21009549,175001,3307,545714.63,127777.73,735
2026-03-28,TikTok Ads,186827.32,20758591,179300,3162,521701.51,100976.8,753
2026-03-29,TikTok Ads,177239.79,19693310,167856,2725,449636.37,92039.18,705
2026-03-30,TikTok Ads,196810.97,21867885,191451,3266,538888.94,119750.39,804
2026-03-31,TikTok Ads,169192.63,18799181,173379,2925,482620.81,111809.95,728
2026-04-01,TikTok Ads,197772.67,21974741,192515,3232,533243.21,133071.17,809
2026-04-02,TikTok Ads,185953.38,20661487,193234,3016,497662.94,107526.33,812
2026-04-03,TikTok Ads,164046.85,18227427,174533,3031,500144.31,102684.05,735
2026-04-04,TikTok Ads,197829.07,21981008,210907,3348,552438.46,113069.57,889
2026-04-05,TikTok Ads,192343.96,21371551,179439,2677,441726.8,92322.08,757
2026-04-06,TikTok Ads,179710.52,19967836,194654,3270,539595.34,140735.82,822
2026-04-07,TikTok Ads,175031.47,19447941,190428,3136,517388.9,121683.42,805
2026-04-08,TikTok Ads,169398.93,18822103,185180,3036,500921.2,121131.09,784
2026-04-09,TikTok Ads,206051.37,22894597,204100,2957,487974.34,106425.08,865
2026-04-10,TikTok Ads,175434.59,19492732,167521,2754,454404.09,101155.18,711
2026-04-11,TikTok Ads,172463.52,19162613,162279,2765,456253.72,107404.17,689
2026-04-12,TikTok Ads,186650.37,20738930,174312,2904,479227.01,102647.57,741
2026-04-13,TikTok Ads,169282.16,18809128,169401,2975,490830.5,107153.67,721
2026-04-14,TikTok Ads,175570.59,19507843,184502,3403,561561.27,118900.89,786
2026-04-15,TikTok Ads,193826.65,21536294,209021,3702,610798.23,131983.59,892
2026-04-16,TikTok Ads,189126.48,21014053,183617,3336,550501.05,124016.47,784
2026-04-17,TikTok Ads,181270.51,20141167,180850,3303,544934.06,114394.03,773
2026-04-18,TikTok Ads,185049.3,20561033,183893,3023,498788.01,114788.07,787
2026-04-19,TikTok Ads,180988.27,20109808,174090,3085,509023.56,117283.53,746
2026-04-20,TikTok Ads,184558.3,20506478,192706,3512,579414.54,128826.24,826
2026-04-21,TikTok Ads,178216.99,19801887,182097,3095,510751.14,107725.09,782
2026-04-22,TikTok Ads,179957.14,19995238,181488,3032,500359.59,114111.55,780
2026-04-23,TikTok Ads,179721.07,19969008,183585,3282,541533.71,117678.71,790
2026-04-24,TikTok Ads,178651.59,19850176,185249,2990,493423.63,112299.21,798
2026-04-25,TikTok Ads,195362.52,21706946,202459,3341,551324.66,136169.2,873
2026-04-26,TikTok Ads,192775.08,21419454,183077,3092,510199.3,104359.5,790
2026-04-27,TikTok Ads,177053.45,19672606,186575,3337,550591.89,147121.53,806
2026-04-28,TikTok Ads,174803.9,19422655,177482,3142,518385.43,117464.91,768
2026-04-29,TikTok Ads,184577.43,20508603,179764,3314,546763.85,128889.91,778
2026-04-30,TikTok Ads,206137.15,22904127,209034,3499,577336.64,123980.73,906
2026-05-01,TikTok Ads,254006.54,28222949,259257,4332,714803.8,178491.54,1125
2026-05-02,TikTok Ads,265515.24,29501693,282749,5103,841920.97,190940.03,1228
2026-05-03,TikTok Ads,268979.94,29886660,252096,4261,703030.3,156181.15,1096
2026-05-04,TikTok Ads,266533.12,29614791,287722,4918,811406.99,177783.54,1253
2026-05-05,TikTok Ads,262330.24,29147805,262695,4204,693702.99,156106.52,1145
2026-05-06,TikTok Ads,284386.93,31598548,275750,4941,815245.04,194006.46,1203
2026-05-07,TikTok Ads,275343.68,30593742,266476,5074,837271.27,195710.03,1164
2026-05-08,TikTok Ads,280876.75,31208528,264001,4432,731289.41,168282.27,1154
2026-05-09,TikTok Ads,277663.81,30851534,248660,4631,764078.27,166562.38,1088
2026-05-10,TikTok Ads,281823.21,31313690,293278,5186,855742.6,185866.09,1285
2026-05-11,TikTok Ads,202626.01,22514001,226709,3670,605553.33,135153.05,994
2026-05-12,TikTok Ads,200160.77,22240086,180734,3069,506340.4,121810.5,794
2026-05-13,TikTok Ads,209955.92,23328436,197983,3354,553460.68,135392.25,870
2026-05-14,TikTok Ads,199341.14,22149016,208330,3652,602596.32,149109.8,917
2026-05-15,TikTok Ads,181588.57,20176508,181091,3297,543970.62,126679.52,798
2026-05-16,TikTok Ads,196134.33,21792703,205954,4016,662661.99,159274.61,908
2026-05-17,TikTok Ads,195042.23,21671358,193852,3216,530647.99,122233.05,856
2026-05-18,TikTok Ads,206442.74,22938083,199251,3478,573830.79,115455.09,881
2026-05-19,TikTok Ads,179224.63,19913848,176796,3024,498960.29,114779.06,782
2026-05-20,TikTok Ads,193413.99,21490443,165770,2783,459216.74,104396.5,734
2026-05-21,TikTok Ads,181798.3,20199811,169325,3053,503736.56,108384.12,751
2026-05-22,TikTok Ads,193281.58,21475731,204279,3670,605516.6,135814.23,907
2026-05-23,TikTok Ads,186353.63,20705959,199681,3265,538734.67,128108.84,887
2026-05-24,TikTok Ads,193053.46,21450384,209341,3772,622346.54,133301.69,931
2026-05-25,TikTok Ads,175330.5,19481167,179968,3048,502849.6,111848.57,801
2026-05-26,TikTok Ads,196214.08,21801565,169654,3062,505258.83,134082.68,756
2026-05-27,TikTok Ads,190798.36,21199818,183529,3524,581540.35,119862.95,819
2026-05-28,TikTok Ads,190631.57,21181286,205783,3806,627989.26,146479.1,919
2026-05-29,TikTok Ads,207823.09,23091454,228062,4164,686982.57,147631.77,1020
2026-05-30,TikTok Ads,186000.46,20666717,201208,3548,585486.55,130585.28,900
2026-05-31,TikTok Ads,193026.59,21447399,190290,3462,571252.47,133582.48,853
2026-06-01,TikTok Ads,190973.57,21219286,176002,3285,541993.28,118749.81,789
2026-06-02,TikTok Ads,191998.06,21333118,191530,3561,587579.01,146379.37,860
2026-06-03,TikTok Ads,211396.69,23488521,211584,3830,631888.75,166981.53,951
2026-06-04,TikTok Ads,191326.39,21258488,209298,3853,635664.78,161999.78,942
2026-06-05,TikTok Ads,185294.63,20588292,187827,3198,527719.09,136501.26,846
2026-06-06,TikTok Ads,208461.77,23162419,208670,3668,605176.89,128866.2,941
2026-06-07,TikTok Ads,187972.93,20885881,188802,3571,589144.69,138444.94,852
2026-06-08,TikTok Ads,175573.47,19508164,179786,3426,565237.62,140698.47,812
2026-06-09,TikTok Ads,184399.15,20488794,191330,3518,580530.5,149186.81,865
2026-06-10,TikTok Ads,179455.14,19939460,171654,3378,557312.71,152855.56,777
2026-06-11,TikTok Ads,174583.63,19398181,163505,3075,507381.28,132641.1,741
2026-06-12,TikTok Ads,188721.36,20969040,204241,3706,611514.3,158023.19,926
2026-06-13,TikTok Ads,191587.37,21287486,172723,2981,491841.52,143753.54,784
2026-06-14,TikTok Ads,203769.67,22641074,223793,4413,728224.12,177372.78,1017
2026-06-15,TikTok Ads,198728.39,22080932,175946,3365,555248.72,131262.92,801
2026-06-16,TikTok Ads,198728.8,22080977,191759,3853,635753.16,156224.35,873
2026-06-17,TikTok Ads,184813.5,20534834,195590,4001,660094.27,148407.87,892
2026-06-18,TikTok Ads,202341.67,22482408,202346,3497,577082.96,140920.28,924
2026-06-19,TikTok Ads,207120.35,23013372,190760,3301,544673.33,114152.3,872
2026-06-20,TikTok Ads,197581.03,21953447,202636,3214,530314.32,123644.4,927
2026-06-21,TikTok Ads,197859.25,21984361,198655,3850,635266.4,153423.76,909
2026-06-22,TikTok Ads,181687.71,20187523,179333,3436,566874.92,148858.1,822
2026-06-23,TikTok Ads,204161.49,22684610,196519,3667,605014.38,160973.74,901
2026-06-24,TikTok Ads,211188.38,23465375,210750,3677,606703.51,136982.04,968
2026-06-25,TikTok Ads,196935.43,21881714,190059,3520,580869.02,165903.46,874
2026-06-26,TikTok Ads,188113.32,20901480,215591,4052,668638.1,165914.17,992
2026-06-27,TikTok Ads,192427.39,21380821,189656,3674,606243.57,151703.28,874
2026-06-28,TikTok Ads,189922.75,21102528,185664,3512,579511.33,124016.17,856
2026-06-29,TikTok Ads,190427.69,21158632,184239,3556,586744.13,137238.66,850
2026-06-30,TikTok Ads,200317.41,22257490,221675,4120,679732.03,181552.43,1024
2026-07-01,TikTok Ads,196889.51,21876612,177527,3516,580116.67,144882.21,820
2026-07-02,TikTok Ads,203657.6,22628622,208050,4013,662213.79,164576.84,961
2026-07-03,TikTok Ads,197891.59,21987954,195050,3431,566111.48,142024.92,901
2026-07-04,TikTok Ads,186164.94,20684993,170266,3405,561846.52,122455.32,787
2026-07-05,TikTok Ads,189813.6,21090400,180485,3582,591012.64,144500.02,834
2026-07-06,TikTok Ads,189483.07,21053675,193087,3695,609634.21,167137.93,892
2026-07-07,TikTok Ads,193169.89,21463321,183151,3473,573045.54,153473.73,846
2026-07-08,TikTok Ads,213110.04,23678893,216429,4383,723171.96,176404.83,1000
2026-07-09,TikTok Ads,214784.57,23864952,237068,4071,671737.9,186221.22,1095
2026-07-10,TikTok Ads,203971.27,22663475,206059,4092,675253.7,149623.15,952
2026-07-11,TikTok Ads,196958.15,21884239,179781,3282,541507.18,123055.29,831
2026-07-12,TikTok Ads,182385.34,20265038,173119,3415,563407.78,159520.87,800
2026-07-13,TikTok Ads,197872.56,21985839,194484,3659,603692.51,155627.71,899
2026-07-14,TikTok Ads,188055.11,20895013,184081,3228,532683.19,128219.75,850
2026-07-15,TikTok Ads,212064.31,23562701,213999,3902,643900.01,157954.83,989
2026-07-16,TikTok Ads,180484.6,20053844,183868,3614,596307.53,137448.7,849
2026-07-17,TikTok Ads,200227.86,22247540,221018,4090,674783.02,169945.58,1021
2026-07-18,TikTok Ads,187896.03,20877337,187854,3404,561612.43,140566.49,868
2026-07-19,TikTok Ads,196657.49,21850832,183062,3316,547097.72,135019.32,846
2026-07-20,TikTok Ads,203480.89,22608988,217568,4199,692861.83,154881.56,1005
2026-07-21,TikTok Ads,207457.37,23050819,223179,4539,748894.14,188435.9,1031
2026-07-22,TikTok Ads,196871.71,21874634,199617,3333,549988.89,129776.63,922
2026-07-23,TikTok Ads,205313.13,22812570,202278,4312,711527.63,161491.45,935
2026-07-24,TikTok Ads,191374.74,21263860,198523,3750,618783.25,167919.23,917
2026-07-25,TikTok Ads,200381.82,22264646,197844,3807,628157.56,181644.04,914
2026-07-26,TikTok Ads,208010.75,23112305,182354,3336,550380.59,156689.46,842
2026-07-27,TikTok Ads,201803.07,22422563,208626,3901,643601.51,166831.31,964
2026-07-28,TikTok Ads,193443.3,21493700,203799,3848,634875.59,153109.64,942
2026-07-29,TikTok Ads,196131.23,21792359,213090,3776,623000.05,152643.21,984
2026-07-30,TikTok Ads,209190.28,23243365,200018,3590,592294.68,150676.94,924
2026-07-31,TikTok Ads,188384.98,20931664,190941,3782,624043.9,148594.89,882
2026-08-01,TikTok Ads,189998.26,21110918,192823,3326,548776.94,149484.85,891
2026-08-02,TikTok Ads,205460.6,22828955,206513,3947,651247.79,134334.01,954
2026-08-03,TikTok Ads,195064.13,21673793,196408,3605,594791.1,143089.29,907
2026-08-04,TikTok Ads,184819.78,20535532,185232,3297,544078.33,142652.29,856
2026-08-05,TikTok Ads,212650.29,23627810,215352,4424,729982.96,167706.44,995
2026-08-06,TikTok Ads,188311.46,20923495,196680,3502,577894.38,139657.53,909
2026-08-07,TikTok Ads,197217.56,21913062,211657,3734,616166.86,159033.84,978
2026-08-08,TikTok Ads,193282.14,21475793,184511,3418,563986.45,155845.32,852
2026-08-09,TikTok Ads,196872.56,21874729,194837,3503,578068.69,127691.84,900
2026-08-10,TikTok Ads,191223.29,21247033,186375,3486,575242.11,126226.82,861
2026-08-11,TikTok Ads,207461.77,23051308,200420,3777,623202.23,141935.46,926
2026-08-12,TikTok Ads,201644.55,22404950,182093,3445,568439.18,122835.21,841
2026-08-13,TikTok Ads,210775.82,23419536,211082,3923,647259.51,140775.54,975
2026-08-14,TikTok Ads,194960.64,21662293,200568,3619,597124.51,135682.75,927
2026-08-15,TikTok Ads,222846.24,24760693,220772,4261,703107.45,190341.47,1020
2026-08-16,TikTok Ads,182374.53,20263837,182277,3390,559273.3,134364.48,842
2026-08-17,TikTok Ads,185501.28,20611254,190159,3468,572194.33,141342.57,879
2026-08-18,TikTok Ads,219124.61,24347179,237677,4773,787621.14,179235.7,1098
2026-08-19,TikTok Ads,206512.09,22945788,201311,3742,617377.18,159831.72,930
2026-08-20,TikTok Ads,205248.0,22805333,190820,3763,620920.97,175953.52,882
2026-08-21,TikTok Ads,206464.53,22940503,205344,4075,672455.02,153927.0,949
2026-08-22,TikTok Ads,208071.11,23119012,231586,4609,760564.46,213260.94,1070
2026-08-23,TikTok Ads,205318.28,22813142,191017,3695,609750.9,154622.79,882
2026-08-24,TikTok Ads,192728.32,21414257,200246,3744,617840.36,152441.24,925
2026-08-25,TikTok Ads,211014.18,23446019,225674,4207,694088.51,176497.85,1043
2026-08-26,TikTok Ads,209713.9,23301544,179949,3324,548454.78,139361.29,831
2026-08-27,TikTok Ads,217759.81,24195535,223120,3720,613847.16,173723.19,1031
2026-08-28,TikTok Ads,221341.77,24593530,229355,4443,733110.12,188156.08,1060
2026-08-29,TikTok Ads,206813.44,22979271,203496,3852,635562.14,163381.61,940
2026-08-30,TikTok Ads,191152.21,21239135,183738,3578,590324.46,140551.17,849
2026-08-31,TikTok Ads,222178.22,24686469,214304,3984,657367.58,172848.16,990
2026-09-01,TikTok Ads,193848.67,21538741,190027,3672,605818.96,137847.22,878
2026-09-02,TikTok Ads,207715.93,23079548,203951,3551,585947.96,145636.6,942
2026-09-03,TikTok Ads,201795.12,22421680,195853,3448,568974.63,172533.19,905
2026-09-04,TikTok Ads,200372.22,22263580,196231,3215,530506.59,104529.64,907
2026-09-05,TikTok Ads,212520.68,23613409,227705,4229,697863.45,175160.79,1052
2026-09-06,TikTok Ads,207171.51,23019056,192076,3453,569758.04,143439.0,887
2026-09-07,TikTok Ads,210142.53,23349170,188089,3358,554136.06,134047.68,869
2026-09-08,TikTok Ads,196506.67,21834075,210735,4007,661103.26,160230.62,974
2026-09-09,TikTok Ads,203196.48,22577387,200855,3676,606554.28,150547.91,928
2026-09-10,TikTok Ads,196997.15,21888572,192408,3340,551136.27,133062.21,889
2026-09-11,TikTok Ads,203021.18,22557908,201666,4251,701414.71,175897.74,932
2026-09-12,TikTok Ads,204007.29,22667477,206569,3856,636188.96,150642.05,954
2026-09-13,TikTok Ads,224078.65,24897627,217033,3839,633387.81,181317.02,1003
2026-09-14,TikTok Ads,202930.52,22547835,209091,3779,623542.01,150543.18,966
2026-09-15,TikTok Ads,184010.99,20445666,173387,3214,530354.07,136634.15,801
2026-09-16,TikTok Ads,220284.31,24476035,216295,4009,661530.64,154276.86,999
2026-09-17,TikTok Ads,210872.03,23430226,182851,3642,600919.9,159120.05,845
2026-09-18,TikTok Ads,204903.87,22767097,219316,4085,674010.87,175821.21,1013
2026-09-19,TikTok Ads,201852.98,22428109,199720,4081,673399.55,171490.93,923
2026-09-20,TikTok Ads,196956.21,21884024,204875,3748,618474.44,139867.48,947
2026-09-21,TikTok Ads,226639.51,25182168,233120,4452,734628.82,170116.99,1077
2026-09-22,TikTok Ads,207057.67,23006408,213888,4204,693675.13,193977.82,988
2026-09-23,TikTok Ads,188704.3,20967145,188616,3738,616752.96,142686.05,871
2026-09-24,TikTok Ads,210560.31,23395590,215465,4293,708425.1,183505.81,995
2026-09-25,TikTok Ads,219732.53,24414725,207059,3819,630191.39,143544.14,957
2026-09-26,TikTok Ads,208948.35,23216483,194265,3632,599241.37,159564.34,898
2026-09-27,TikTok Ads,197914.81,21990534,196714,3223,531715.9,123820.54,909
2026-09-28,TikTok Ads,197022.03,21891336,188986,3499,577402.0,131309.09,873
2026-09-29,TikTok Ads,198065.76,22007306,215006,4240,699597.63,162557.32,993
2026-09-30,TikTok Ads,223415.6,24823955,228444,4463,736472.58,173427.1,1055
2025-01-01,Retail Media,77219.0,3509955,106499,2842,468900.06,96843.8,1066
2025-01-02,Retail Media,74232.86,3374221,108140,2988,493069.45,110330.47,1009
2025-01-03,Retail Media,68965.25,3134784,103368,2957,487854.88,100719.24,987
2025-01-04,Retail Media,70624.26,3210194,102101,2561,422600.16,81039.54,874
2025-01-05,Retail Media,64335.33,2924333,88999,2119,349675.32,73253.08,781
2025-01-06,Retail Media,72637.41,3301700,90875,3117,514320.39,112695.02,1152
2025-01-07,Retail Media,74566.3,3389377,89320,3214,530321.93,121537.48,1119
2025-01-08,Retail Media,71896.52,3268024,103206,3007,496204.81,110470.5,1048
2025-01-09,Retail Media,73226.37,3328471,107895,2898,478088.48,112816.97,1043
2025-01-10,Retail Media,78181.93,3553724,101401,2888,476585.66,96618.91,950
2025-01-11,Retail Media,70605.02,3209319,94721,2445,403442.59,86082.59,873
2025-01-12,Retail Media,67000.74,3045488,88310,2134,352170.66,87669.67,825
2025-01-13,Retail Media,73528.89,3342222,96754,3446,568545.77,105756.9,1220
2025-01-14,Retail Media,68073.05,3094230,98814,3385,558452.15,118417.32,1157
2025-01-15,Retail Media,71743.15,3261052,99113,3176,524049.96,105408.3,1093
2025-01-16,Retail Media,70324.44,3196565,94578,2935,484230.61,104865.46,1010
2025-01-17,Retail Media,69932.42,3178746,110568,3093,510377.99,108380.67,1007
2025-01-18,Retail Media,70988.16,3226735,88471,2262,373304.18,86083.17,839
2025-01-19,Retail Media,74536.72,3388033,104982,2317,382318.14,85829.34,829
2025-01-20,Retail Media,75949.65,3452257,97049,3709,611904.52,120558.12,1205
2025-01-21,Retail Media,75712.68,3441485,102269,2934,484185.01,101508.59,1139
2025-01-22,Retail Media,73683.5,3349250,101374,2986,492765.08,108407.3,1048
2025-01-23,Retail Media,71674.21,3257918,102690,3237,534067.92,124444.82,1067
2025-01-24,Retail Media,64003.59,2909254,85910,3013,497129.53,130655.6,994
2025-01-25,Retail Media,73474.42,3339746,97986,2496,411893.71,95711.41,846
2025-01-26,Retail Media,63518.18,2887190,85165,2396,395420.18,79946.05,811
2025-01-27,Retail Media,65258.3,2966286,83222,3313,546711.56,119373.55,1223
2025-01-28,Retail Media,71885.09,3267504,101744,3456,570261.44,127273.9,1132
2025-01-29,Retail Media,73443.92,3338360,101841,2879,475104.73,100179.98,1072
2025-01-30,Retail Media,70984.86,3226585,99325,2889,476766.75,108834.66,1072
2025-01-31,Retail Media,78357.71,3561714,106406,3073,507096.24,91289.37,1055
2025-02-01,Retail Media,74373.0,3380591,100244,2336,385393.22,88538.48,838
2025-02-02,Retail Media,71871.78,3266899,104920,2369,390870.46,82714.28,821
2025-02-03,Retail Media,77924.84,3542038,112776,3490,575844.87,125574.02,1196
2025-02-04,Retail Media,78662.22,3575555,116372,3597,593515.31,145884.12,1156
2025-02-05,Retail Media,74942.04,3406456,104478,3215,530484.93,104928.49,1101
2025-02-06,Retail Media,70286.51,3194842,103624,2954,487473.02,109583.87,1067
2025-02-07,Retail Media,71196.47,3236203,94662,2927,483007.68,113010.77,991
2025-02-08,Retail Media,67913.36,3086971,91493,2389,394222.16,87910.72,873
2025-02-09,Retail Media,73102.64,3322847,106833,2533,417885.05,80062.69,848
2025-02-10,Retail Media,69481.24,3158238,99542,3593,592827.82,144511.85,1253
2025-02-11,Retail Media,72145.09,3279322,96665,3399,560873.22,121305.75,1166
2025-02-12,Retail Media,74274.93,3376133,94926,2806,462945.17,97549.62,1078
2025-02-13,Retail Media,66185.0,3008409,89148,2740,452164.31,97005.3,1081
2025-02-14,Retail Media,68876.37,3130744,90063,2723,449233.1,95809.84,1030
2025-02-15,Retail Media,71742.61,3261028,107953,2728,450193.2,89612.23,878
2025-02-16,Retail Media,73463.12,3339233,104745,2292,378127.21,84285.74,851
2025-02-17,Retail Media,71900.01,3268182,93540,3656,603244.96,126373.0,1234
2025-02-18,Retail Media,72826.13,3310279,93082,3283,541720.17,125574.87,1187
2025-02-19,Retail Media,71351.07,3243230,92753,3138,517838.63,118641.84,1112
2025-02-20,Retail Media,68624.22,3119283,90441,3073,507097.11,126070.32,1078
2025-02-21,Retail Media,72092.54,3276934,97325,3198,527727.12,114134.32,1034
2025-02-22,Retail Media,73296.03,3331638,106633,2504,413210.76,85064.73,852
2025-02-23,Retail Media,72979.23,3317238,93746,2421,399449.38,77546.12,831
2025-02-24,Retail Media,74561.19,3389145,115642,3758,620069.17,160351.65,1235
2025-02-25,Retail Media,75678.13,3439915,97357,3105,512270.12,118668.96,1122
2025-02-26,Retail Media,76681.7,3485532,95726,3266,538963.59,112003.86,1085
2025-02-27,Retail Media,71894.06,3267912,107968,3329,549313.25,137218.19,1115
2025-02-28,Retail Media,68251.91,3102359,100449,2933,483950.3,118020.21,983
2025-03-01,Retail Media,78947.33,3588515,106478,2558,422016.97,82807.12,902
2025-03-02,Retail Media,75615.36,3437062,105471,2239,369397.97,76368.91,801
2025-03-03,Retail Media,70722.84,3214674,98793,3372,556327.93,121096.5,1234
2025-03-04,Retail Media,75370.33,3425924,103621,3259,537751.77,108177.64,1189
2025-03-05,Retail Media,78355.03,3561592,98536,3059,504749.31,110186.88,1122
2025-03-06,Retail Media,80884.16,3676553,93871,3191,526578.36,122445.55,1097
2025-03-07,Retail Media,75518.57,3432662,97760,2978,491290.41,96209.7,1054
2025-03-08,Retail Media,78582.56,3571935,118835,2607,430111.19,96842.46,893
2025-03-09,Retail Media,70083.37,3185608,106207,2436,401880.93,96678.71,832
2025-03-10,Retail Media,107094.12,4867915,143743,4645,766442.9,174016.17,1717
2025-03-11,Retail Media,105527.5,4796704,135630,4299,709330.1,155108.61,1591
2025-03-12,Retail Media,109154.12,4961551,151330,4099,676330.64,140840.05,1451
2025-03-13,Retail Media,115916.42,5268928,162231,3958,652992.04,153206.83,1441
2025-03-14,Retail Media,108564.91,4934769,153379,3741,617184.45,122996.35,1369
2025-03-15,Retail Media,102307.15,4650325,118357,3829,631809.73,141697.95,1235
2025-03-16,Retail Media,100556.01,4570728,163102,3027,499464.39,110106.46,1147
2025-03-17,Retail Media,80928.86,3678584,117856,4039,666421.06,159814.94,1284
2025-03-18,Retail Media,76658.64,3484483,103293,3391,559574.73,117367.23,1170
2025-03-19,Retail Media,76415.41,3473428,99711,3336,550498.34,116287.19,1113
2025-03-20,Retail Media,73506.82,3341219,106174,3285,541983.59,107390.35,1102
2025-03-21,Retail Media,75813.74,3446079,106455,3073,507084.84,115461.29,1043
2025-03-22,Retail Media,71241.72,3238260,97685,2819,465108.08,98854.46,911
2025-03-23,Retail Media,76403.19,3472872,107051,2262,373229.44,76447.65,837
2025-03-24,Retail Media,70590.46,3208657,95609,3559,587259.81,121271.52,1256
2025-03-25,Retail Media,73798.23,3354465,103060,3262,538280.7,123510.15,1193
2025-03-26,Retail Media,72698.17,3304462,103454,2795,461134.39,92497.98,1069
2025-03-27,Retail Media,62860.91,2857314,87485,3052,503643.5,101811.88,1105
2025-03-28,Retail Media,73888.54,3358570,102516,3218,530935.27,125181.77,1030
2025-03-29,Retail Media,71850.74,3265943,106166,2607,430210.02,93388.39,921
2025-03-30,Retail Media,74604.04,3391093,91984,2756,454793.89,107702.39,878
2025-03-31,Retail Media,75545.57,3433890,98085,4100,676522.25,144556.12,1300
2025-04-01,Retail Media,82593.2,3754236,112807,4432,731305.88,160872.8,1349
2025-04-02,Retail Media,77361.44,3516429,100873,3970,654970.33,145895.21,1268
2025-04-03,Retail Media,77803.74,3536534,103575,3985,657587.39,160725.04,1248
2025-04-04,Retail Media,78720.55,3578207,115640,3455,569992.71,138498.74,1190
2025-04-05,Retail Media,80418.19,3655372,108681,2906,479546.08,115233.47,1006
2025-04-06,Retail Media,79083.68,3594713,96006,2774,457788.91,95647.11,957
2025-04-07,Retail Media,78724.18,3578372,104624,4037,666120.8,134977.26,1413
2025-04-08,Retail Media,80789.31,3672242,110551,3909,644920.23,150517.89,1358
2025-04-09,Retail Media,69025.09,3137504,94349,3936,649434.81,158612.09,1328
2025-04-10,Retail Media,87226.57,3964844,122914,3527,581959.08,139941.15,1264
2025-04-11,Retail Media,85693.15,3895143,120180,3204,528611.67,116415.97,1204
2025-04-12,Retail Media,80580.5,3662750,108967,3114,513786.83,119614.42,1070
2025-04-13,Retail Media,74397.21,3381691,94189,2781,458823.82,106960.47,1008
2025-04-14,Retail Media,85443.27,3883785,113430,4229,697706.25,155324.34,1525
2025-04-15,Retail Media,78178.23,3553556,102623,3879,640005.44,142968.11,1367
2025-04-16,Retail Media,83574.99,3798863,112016,3666,604847.51,134111.77,1307
2025-04-17,Retail Media,76536.27,3478921,108696,3861,637130.16,131331.32,1280
2025-04-18,Retail Media,91350.05,4152275,127589,3513,579587.67,120511.04,1240
2025-04-19,Retail Media,76671.1,3485050,109721,3366,555324.56,115315.24,1113
2025-04-20,Retail Media,83244.45,3783839,110899,2863,472420.63,90635.52,992
2025-04-21,Retail Media,74654.97,3393408,111015,4321,712916.29,158634.09,1519
2025-04-22,Retail Media,83819.0,3809955,118913,4081,673321.01,147649.81,1417
2025-04-23,Retail Media,82768.67,3762212,113626,3583,591135.01,137977.16,1340
2025-04-24,Retail Media,89738.07,4079003,126800,3682,607517.75,147133.89,1267
2025-04-25,Retail Media,83582.3,3799196,109355,3756,619775.74,150796.14,1261
2025-04-26,Retail Media,90657.21,4120782,107982,3294,543497.27,133137.81,1098
2025-04-27,Retail Media,81772.33,3716924,107449,2858,471592.91,97466.64,1073
2025-04-28,Retail Media,85502.65,3886484,121823,4108,677745.03,132023.05,1556
2025-04-29,Retail Media,85905.54,3904797,117708,4174,688777.43,162813.96,1501
2025-04-30,Retail Media,89434.97,4065226,120955,4205,693792.19,169511.16,1376
2025-05-01,Retail Media,122454.98,5566135,158490,4999,824755.53,204032.53,1730
2025-05-02,Retail Media,124924.2,5678373,150361,4656,768166.35,175553.61,1695
2025-05-03,Retail Media,122537.7,5569895,181382,3887,641285.87,118546.83,1467
2025-05-04,Retail Media,125367.29,5698513,168823,3968,654648.61,148235.18,1438
2025-05-05,Retail Media,116421.23,5291874,154665,5719,943599.52,216816.3,2080
2025-05-06,Retail Media,124681.58,5667344,163169,5833,962482.82,232955.99,1950
2025-05-07,Retail Media,132536.96,6024407,194336,5681,937292.09,229787.9,1892
2025-05-08,Retail Media,112535.85,5115266,161573,4672,770806.15,181917.61,1726
2025-05-09,Retail Media,126164.27,5734739,162058,5040,831536.06,174343.09,1700
2025-05-10,Retail Media,127410.68,5791395,185882,4221,696521.67,140619.04,1431
2025-05-11,Retail Media,132379.31,6017242,178946,3677,606665.42,139167.66,1368
2025-05-12,Retail Media,93052.94,4229679,122242,4437,732100.82,150851.93,1559
2025-05-13,Retail Media,90623.7,4119259,121401,4499,742294.8,182576.62,1548
2025-05-14,Retail Media,92380.49,4199113,120053,4130,681465.17,129478.22,1434
2025-05-15,Retail Media,87265.21,3966601,109567,3544,584801.47,134491.01,1357
2025-05-16,Retail Media,88971.28,4044149,126974,3753,619324.72,139734.41,1305
2025-05-17,Retail Media,84769.75,3853170,114064,3430,566015.34,122463.59,1164
2025-05-18,Retail Media,97853.43,4447883,138378,3420,564270.89,114952.11,1109
2025-05-19,Retail Media,93491.02,4249592,129685,4660,768953.03,141266.47,1688
2025-05-20,Retail Media,87710.24,3986829,123541,4588,757100.64,159480.87,1651
2025-05-21,Retail Media,93418.95,4246316,111751,4126,680823.71,143623.61,1459
2025-05-22,Retail Media,97757.75,4443534,126373,3998,659654.9,158031.26,1379
2025-05-23,Retail Media,97036.84,4410766,136843,3685,607952.38,125373.0,1283
2025-05-24,Retail Media,88280.16,4012735,111174,3412,562928.47,128330.11,1159
2025-05-25,Retail Media,78121.74,3550988,108914,2975,490874.71,96828.27,1103
2025-05-26,Retail Media,94620.67,4300939,118262,4742,782460.57,178754.97,1627
2025-05-27,Retail Media,88691.71,4031441,121063,4158,686038.59,123909.87,1511
2025-05-28,Retail Media,95912.27,4359649,143424,4192,691662.37,177672.3,1478
2025-05-29,Retail Media,97744.74,4442943,139483,4565,753287.31,163852.95,1472
2025-05-30,Retail Media,98659.69,4484531,119596,3650,602272.03,102878.17,1374
2025-05-31,Retail Media,101695.94,4622543,145735,3288,542458.77,112488.38,1167
2025-06-01,Retail Media,99410.58,4518663,150381,3071,506641.84,103653.02,1148
2025-06-02,Retail Media,101992.9,4636041,162422,4835,797823.67,166312.41,1679
2025-06-03,Retail Media,100486.6,4567573,140933,4824,796023.74,170016.59,1604
2025-06-04,Retail Media,101117.67,4596258,126600,4481,739340.82,154032.74,1555
2025-06-05,Retail Media,94528.61,4296755,132265,4471,737673.24,151688.59,1574
2025-06-06,Retail Media,88850.01,4038637,132762,4352,718123.48,143342.6,1428
2025-06-07,Retail Media,107134.32,4869742,144452,3664,604552.58,141745.51,1262
2025-06-08,Retail Media,95862.83,4357401,138903,3497,577038.4,139147.03,1176
2025-06-09,Retail Media,101815.63,4627983,131845,5131,846584.41,182455.45,1734
2025-06-10,Retail Media,93471.48,4248704,130309,4016,662653.74,145578.13,1642
2025-06-11,Retail Media,100957.98,4588999,117106,4356,718787.15,143884.35,1531
2025-06-12,Retail Media,84981.63,3862801,109276,4323,713309.23,157819.64,1599
2025-06-13,Retail Media,95105.72,4322987,129642,3947,651301.53,145922.39,1441
2025-06-14,Retail Media,96856.45,4402566,129198,3922,647160.59,139876.37,1279
2025-06-15,Retail Media,99756.68,4534395,125416,3336,550411.84,124927.48,1190
2025-06-16,Retail Media,103069.43,4684974,136336,5770,952054.63,214624.79,1845
2025-06-17,Retail Media,92617.02,4209865,128794,4580,755709.62,152235.55,1724
2025-06-18,Retail Media,101468.13,4612188,137650,4271,704792.4,169853.3,1581
2025-06-19,Retail Media,104646.76,4756671,143222,4628,763538.23,165188.0,1560
2025-06-20,Retail Media,110642.63,5029211,157503,4188,691069.87,172415.06,1491
2025-06-21,Retail Media,102865.74,4675715,137383,3826,631235.78,143542.64,1319
2025-06-22,Retail Media,97307.82,4423083,143514,3467,572134.16,145715.95,1220
2025-06-23,Retail Media,93528.82,4251310,119969,5003,825458.66,198675.3,1764
2025-06-24,Retail Media,109367.77,4971262,166390,4695,774735.93,173539.72,1669
2025-06-25,Retail Media,104225.26,4737512,151617,4704,776229.48,160891.66,1632
2025-06-26,Retail Media,100754.09,4579732,134457,4838,798280.69,165764.91,1641
2025-06-27,Retail Media,92996.99,4227136,124613,4735,781307.62,179217.44,1534
2025-06-28,Retail Media,96766.97,4398499,133592,3714,612868.92,136374.99,1313
2025-06-29,Retail Media,104952.49,4770568,148258,3555,586597.07,122970.18,1269
2025-06-30,Retail Media,104024.11,4728368,151167,5319,877644.16,205949.61,1912
2025-07-01,Retail Media,92531.04,4205956,116029,5231,863175.53,190487.63,1706
2025-07-02,Retail Media,105942.87,4815585,148259,4868,803282.78,188583.95,1647
2025-07-03,Retail Media,94807.37,4309426,112865,4290,707887.9,143582.12,1659
2025-07-04,Retail Media,110053.5,5002432,148476,3938,649705.92,154364.09,1526
2025-07-05,Retail Media,104367.8,4743991,154735,3744,617730.41,141347.54,1367
2025-07-06,Retail Media,101065.62,4593892,126095,3642,600955.49,144876.68,1260
2025-07-07,Retail Media,108756.29,4943468,134074,5173,853594.09,202474.89,1814
2025-07-08,Retail Media,105612.68,4800577,145925,5030,830012.37,181361.7,1716
2025-07-09,Retail Media,111094.21,5049737,164103,4909,809999.84,175842.38,1733
2025-07-10,Retail Media,104821.95,4764634,145730,5204,858608.22,215838.09,1702
2025-07-11,Retail Media,105288.95,4785861,127168,4512,744486.04,159979.62,1521
2025-07-12,Retail Media,103226.54,4692116,126548,3888,641532.49,149587.69,1356
2025-07-13,Retail Media,106372.24,4835102,145904,3997,659560.6,140676.09,1323
2025-07-14,Retail Media,113892.93,5176951,144320,4822,795618.04,148964.25,1839
2025-07-15,Retail Media,102419.6,4655436,140808,5018,827986.88,164271.63,1764
2025-07-16,Retail Media,108740.37,4942744,150026,4925,812667.13,184592.63,1712
2025-07-17,Retail Media,100846.86,4583948,133477,4827,796521.54,185063.75,1640
2025-07-18,Retail Media,94771.14,4307779,143305,4156,685662.67,155784.04,1591
2025-07-19,Retail Media,106916.08,4859822,150960,3893,642277.76,154255.02,1380
2025-07-20,Retail Media,108027.27,4910330,158019,3908,644753.28,146285.61,1341
2025-07-21,Retail Media,105882.7,4812850,152361,5750,948674.9,195764.63,1965
2025-07-22,Retail Media,98825.32,4492060,133548,5567,918607.52,211702.03,1839
2025-07-23,Retail Media,108675.58,4939799,146465,5179,854549.36,190551.78,1746
2025-07-24,Retail Media,108481.12,4930960,145287,4686,773138.59,162258.73,1645
2025-07-25,Retail Media,102453.03,4656956,145418,4765,786299.11,179524.93,1613
2025-07-26,Retail Media,100074.17,4548826,131140,3883,640656.65,141839.41,1373
2025-07-27,Retail Media,106038.29,4819922,159564,3732,615718.78,128901.95,1297
2025-07-28,Retail Media,110986.02,5044819,144572,5801,957246.73,207597.68,1953
2025-07-29,Retail Media,109894.63,4995210,151785,5225,862141.71,211120.21,1833
2025-07-30,Retail Media,103135.05,4687957,138706,5128,846124.19,206711.21,1763
2025-07-31,Retail Media,108644.77,4938399,144145,5006,826055.28,184467.51,1672
2025-08-01,Retail Media,113047.16,5138507,174248,5013,827169.34,182810.96,1694
2025-08-02,Retail Media,102003.32,4636515,135431,4313,711635.28,138611.17,1422
2025-08-03,Retail Media,108935.18,4951599,145832,4391,724578.98,181333.73,1377
2025-08-04,Retail Media,116465.65,5293893,152488,6186,1020700.66,243171.34,2092
2025-08-05,Retail Media,102614.05,4664275,140273,5408,892287.25,208112.04,1937
2025-08-06,Retail Media,116255.11,5284323,157566,5521,910979.9,163944.26,1884
2025-08-07,Retail Media,118962.26,5407376,151327,5191,856552.63,189058.5,1775
2025-08-08,Retail Media,109146.83,4961219,145047,4946,816007.69,177695.9,1679
2025-08-09,Retail Media,108638.21,4938101,153562,4407,727219.02,168727.58,1435
2025-08-10,Retail Media,116410.73,5291397,168523,3669,605347.4,128371.09,1402
2025-08-11,Retail Media,110114.87,5005221,150373,6349,1047561.21,226191.41,2066
2025-08-12,Retail Media,98315.36,4468880,134541,5933,979019.7,226057.28,1901
2025-08-13,Retail Media,111140.51,5051842,148273,5420,894330.83,184576.49,1845
2025-08-14,Retail Media,114706.39,5213927,151702,5378,887362.96,186254.69,1828
2025-08-15,Retail Media,116644.08,5302004,150284,5068,836166.65,186801.76,1795
2025-08-16,Retail Media,107837.43,4901701,133317,4404,726637.04,176977.79,1541
2025-08-17,Retail Media,111428.92,5064951,145544,4183,690161.37,161655.85,1415
2025-08-18,Retail Media,118723.24,5396511,170677,6148,1014412.32,242370.61,2086
2025-08-19,Retail Media,112962.18,5134645,150117,5604,924658.44,204455.27,1893
2025-08-20,Retail Media,104811.83,4764174,139958,5416,893629.46,220112.89,1838
2025-08-21,Retail Media,120931.21,5496873,161290,5502,907904.1,171916.35,1843
2025-08-22,Retail Media,113001.01,5136410,165600,5295,873601.41,223285.02,1783
2025-08-23,Retail Media,120707.22,5486692,155432,4043,667175.79,172045.26,1492
2025-08-24,Retail Media,106714.12,4850642,147938,4239,699466.06,159503.75,1424
2025-08-25,Retail Media,114158.56,5189025,155031,6309,1040937.7,244253.77,2020
2025-08-26,Retail Media,118055.88,5366176,161641,5612,926054.11,203112.56,1967
2025-08-27,Retail Media,114770.61,5216846,158800,5646,931634.69,201523.39,1838
2025-08-28,Retail Media,108738.23,4942647,148788,4969,819808.5,171543.85,1823
2025-08-29,Retail Media,101855.51,4629796,145503,4953,817226.14,179084.8,1736
2025-08-30,Retail Media,124712.37,5668744,169764,4247,700802.02,161033.39,1536
2025-08-31,Retail Media,117406.18,5336645,176856,4330,714401.81,162447.8,1418
2025-09-01,Retail Media,122721.18,5578236,167794,6448,1063946.83,271268.37,2086
2025-09-02,Retail Media,121658.71,5529941,148942,5940,980161.19,217365.28,2089
2025-09-03,Retail Media,119622.81,5437400,169369,5541,914317.31,177191.6,1832
2025-09-04,Retail Media,114386.75,5199398,159652,5643,931069.9,231780.42,1824
2025-09-05,Retail Media,119418.19,5428100,163161,5232,863224.62,171359.76,1834
2025-09-06,Retail Media,125370.4,5698655,168297,4742,782466.04,164438.93,1649
2025-09-07,Retail Media,117578.64,5344484,139992,4304,710201.05,159640.89,1453
2025-09-08,Retail Media,128409.04,5836774,154649,5882,970553.49,220647.85,2149
2025-09-09,Retail Media,108750.15,4943188,162955,5899,973411.37,189387.19,2054
2025-09-10,Retail Media,108425.49,4928431,142659,6365,1050210.23,217248.68,2012
2025-09-11,Retail Media,123753.16,5625144,178531,5133,846999.34,164265.55,1843
2025-09-12,Retail Media,113100.13,5140915,139394,5350,882682.68,203848.64,1796
2025-09-13,Retail Media,130053.08,5911503,166206,4621,762387.56,183603.88,1576
2025-09-14,Retail Media,126058.24,5729920,178897,4236,698904.0,138729.4,1495
2025-09-15,Retail Media,127722.87,5805585,173096,6275,1035443.8,245942.35,2172
2025-09-16,Retail Media,123915.62,5632528,174427,6410,1057676.32,250015.33,2063
2025-09-17,Retail Media,113277.66,5148985,154343,5517,910322.61,189711.55,1879
2025-09-18,Retail Media,109054.55,4957025,146858,5708,941768.68,174327.61,1929
2025-09-19,Retail Media,127840.89,5810949,167215,5543,914649.01,183977.89,1796
2025-09-20,Retail Media,110218.81,5009946,139531,4490,740841.12,155223.6,1595
2025-09-21,Retail Media,128768.26,5853103,190371,4075,672441.5,166182.76,1505
2025-09-22,Retail Media,123771.99,5625999,184652,6984,1152439.86,251137.24,2246
2025-09-23,Retail Media,119673.31,5439696,153020,6192,1021740.57,206677.51,2153
2025-09-24,Retail Media,123143.95,5597452,156800,6013,992064.66,220835.71,2014
2025-09-25,Retail Media,123617.52,5618978,165052,5460,900898.02,177658.78,1987
2025-09-26,Retail Media,119762.37,5443744,166648,5320,877876.87,201079.79,1827
2025-09-27,Retail Media,129696.48,5895295,174929,4255,702155.89,142392.38,1576
2025-09-28,Retail Media,129622.86,5891948,182056,4244,700284.01,143801.63,1481
2025-09-29,Retail Media,122443.27,5565603,166475,6193,1021823.12,231553.97,2240
2025-09-30,Retail Media,117883.65,5358348,159645,5752,949058.05,238027.66,2106
2025-10-01,Retail Media,129975.06,5907957,202900,5835,962753.39,249046.07,2074
2025-10-02,Retail Media,110076.42,5003474,145374,5193,856763.44,172807.79,2053
2025-10-03,Retail Media,125284.28,5694740,187653,5077,837687.98,175495.4,1886
2025-10-04,Retail Media,127009.65,5773166,188230,4771,787170.65,180319.83,1607
2025-10-05,Retail Media,117527.52,5342160,165112,4408,727272.13,174960.36,1516
2025-10-06,Retail Media,128909.66,5859530,155471,6179,1019544.79,185467.56,2285
2025-10-07,Retail Media,122964.87,5589312,167992,6329,1044223.95,231334.37,2156
2025-10-08,Retail Media,119856.1,5448004,158393,5622,927610.76,196121.29,2058
2025-10-09,Retail Media,129226.8,5873946,176431,5561,917594.97,170798.58,1879
2025-10-10,Retail Media,116827.79,5310354,149150,5452,899624.99,176745.59,1919
2025-10-11,Retail Media,129028.31,5864923,183931,4601,759139.78,159424.8,1637
2025-10-12,Retail Media,111452.18,5066008,160962,4338,715727.62,158200.96,1525
2025-10-13,Retail Media,125655.73,5711624,183378,7281,1201304.74,285601.33,2259
2025-10-14,Retail Media,124348.24,5652193,165678,5935,979225.73,221536.63,2159
2025-10-15,Retail Media,121073.59,5503345,154606,5949,981535.58,232306.6,2059
2025-10-16,Retail Media,126976.85,5771675,176804,5906,974566.83,214863.09,1990
2025-10-17,Retail Media,124295.75,5649807,187353,5219,861063.5,178750.71,1919
2025-10-18,Retail Media,131488.24,5976738,180049,4338,715832.33,155168.11,1650
2025-10-19,Retail Media,128542.14,5842825,180042,4366,720345.55,167293.85,1575
2025-10-20,Retail Media,128123.22,5823783,172251,7033,1160363.43,276367.35,2371
2025-10-21,Retail Media,126981.69,5771895,167926,5857,966436.82,210100.86,2086
2025-10-22,Retail Media,122319.83,5559992,173388,5864,967506.44,197030.34,2076
2025-10-23,Retail Media,123491.56,5613253,167326,6096,1005787.76,227215.08,2041
2025-10-24,Retail Media,127197.78,5781717,177651,5363,884902.52,202122.76,1956
2025-10-25,Retail Media,124744.85,5670221,175286,4767,786525.9,190100.05,1676
2025-10-26,Retail Media,132945.29,6042968,185069,4059,669658.38,139324.95,1537
2025-10-27,Retail Media,126816.55,5764388,178720,6916,1141184.37,237647.96,2382
2025-10-28,Retail Media,128928.64,5860393,166814,6559,1082197.64,252485.82,2270
2025-10-29,Retail Media,117624.59,5346572,151601,6080,1003157.88,213501.26,2047
2025-10-30,Retail Media,132477.22,6021692,180189,5549,915583.65,194182.07,2060
2025-10-31,Retail Media,122956.7,5588941,167482,5519,910562.78,220422.54,1950
2025-11-01,Retail Media,120172.86,5462403,158736,4496,741785.52,145293.75,1681
2025-11-02,Retail Media,137322.01,6241909,189965,4417,728838.73,186720.59,1565
2025-11-03,Retail Media,131400.12,5972733,188946,7235,1193702.28,249743.55,2357
2025-11-04,Retail Media,133356.78,6061672,194807,6310,1041076.14,244917.76,2244
2025-11-05,Retail Media,130159.58,5916345,192530,5644,931260.33,203094.03,2120
2025-11-06,Retail Media,127044.68,5774758,159576,5707,941590.71,211646.97,2068
2025-11-07,Retail Media,125956.95,5725316,159774,5181,854826.09,184108.13,1972
2025-11-08,Retail Media,132827.49,6037613,177981,4516,745086.34,175151.73,1690
2025-11-09,Retail Media,135323.83,6151083,185421,4841,798782.13,170849.19,1639
2025-11-10,Retail Media,127928.08,5814913,171952,6385,1053451.1,221136.39,2409
2025-11-11,Retail Media,141992.66,6454212,187206,6700,1105486.67,278488.47,2309
2025-11-12,Retail Media,127465.06,5793866,170641,5999,989861.89,218281.51,2097
2025-11-13,Retail Media,119929.48,5451340,168283,5788,955016.92,198746.43,2081
2025-11-14,Retail Media,117880.75,5358216,147923,5645,931449.61,180487.88,1954
2025-11-15,Retail Media,118210.79,5373218,183861,4663,769474.56,194549.46,1713
2025-11-16,Retail Media,126553.8,5752445,172791,4875,804365.42,169146.88,1637
2025-11-17,Retail Media,127814.78,5809763,185282,6661,1099137.56,281696.15,2416
2025-11-18,Retail Media,134029.0,6092227,176406,6259,1032760.73,234457.17,2234
2025-11-19,Retail Media,129680.38,5894563,182931,6152,1015156.63,225887.35,2209
2025-11-20,Retail Media,135481.05,6158229,185856,6232,1028244.3,229287.43,2108
2025-11-21,Retail Media,130427.13,5928506,186998,5944,980750.62,254015.13,2025
2025-11-22,Retail Media,130357.5,5925341,175642,4331,714570.98,129635.29,1744
2025-11-23,Retail Media,126661.98,5757363,188800,4681,772398.72,172841.52,1618
2025-11-24,Retail Media,419098.95,19049952,520336,16136,2662413.2,573303.87,6187
2025-11-25,Retail Media,360968.69,16407668,520269,16116,2659163.17,575042.86,5739
2025-11-26,Retail Media,397442.69,18065577,545828,15928,2628093.37,585086.88,5605
2025-11-27,Retail Media,388769.93,17671360,497749,16015,2642480.38,568962.83,5706
2025-11-28,Retail Media,408158.48,18552658,621769,15461,2551090.9,569686.91,5279
2025-11-29,Retail Media,392471.86,17839630,594553,13037,2151048.26,472338.01,4404
2025-11-30,Retail Media,393354.6,17879755,469648,11547,1905326.51,375123.3,4204
2025-12-01,Retail Media,388493.87,17658812,535384,17482,2884450.48,653939.66,6377
2025-12-02,Retail Media,140464.22,6384737,199652,6501,1072641.91,249499.25,2279
2025-12-03,Retail Media,131326.26,5969375,183827,5582,921064.97,193847.01,2117
2025-12-04,Retail Media,144373.68,6562440,214775,5937,979624.49,247722.51,2129
2025-12-05,Retail Media,133439.13,6065415,196239,6353,1048209.23,255245.3,2083
2025-12-06,Retail Media,131886.56,5994843,182707,4595,758127.77,178049.01,1739
2025-12-07,Retail Media,130747.71,5943078,202652,4549,750587.53,176117.89,1620
2025-12-08,Retail Media,228641.57,10392799,329310,10503,1733002.63,382178.56,3788
2025-12-09,Retail Media,215894.73,9813397,288194,11355,1873560.75,449819.73,3612
2025-12-10,Retail Media,224334.06,10197003,295772,9393,1549806.65,383802.3,3378
2025-12-11,Retail Media,223312.83,10150583,327235,9665,1594689.44,373510.11,3466
2025-12-12,Retail Media,226983.32,10317423,294796,8370,1381082.88,289976.32,3089
2025-12-13,Retail Media,227292.49,10331477,302325,7630,1258999.29,276100.57,2669
2025-12-14,Retail Media,228096.2,10368009,306569,7647,1261808.51,290337.84,2641
2025-12-15,Retail Media,224608.71,10209487,312820,10156,1675688.03,393358.23,3719
2025-12-16,Retail Media,241651.65,10984166,325700,11123,1835348.83,401274.06,3710
2025-12-17,Retail Media,228825.57,10401162,287378,9940,1640021.93,344444.24,3432
2025-12-18,Retail Media,253673.94,11530633,370038,10211,1684888.75,417653.67,3428
2025-12-19,Retail Media,225109.42,10232247,299519,8979,1481554.58,297980.88,3195
2025-12-20,Retail Media,235585.18,10708417,360187,8169,1347880.89,274202.86,2825
2025-12-21,Retail Media,128568.82,5844037,178519,4853,800767.6,157464.98,1717
2025-12-22,Retail Media,143040.56,6501844,209886,7712,1272562.24,258830.9,2516
2025-12-23,Retail Media,129262.84,5875584,182940,6789,1120253.14,271048.91,2363
2025-12-24,Retail Media,137168.33,6234924,201806,6354,1048331.68,254265.15,2223
2025-12-25,Retail Media,132294.31,6013378,186575,6063,1000316.46,218766.01,2172
2025-12-26,Retail Media,137239.84,6238175,189786,5851,965481.36,220839.51,2102
2025-12-27,Retail Media,132802.56,6036480,192973,5155,850524.43,186958.13,1783
2025-12-28,Retail Media,129202.27,5872831,202464,5008,826346.96,164460.57,1684
2025-12-29,Retail Media,132850.48,6038658,178227,7007,1156137.33,299484.29,2539
2025-12-30,Retail Media,145233.36,6601516,207491,6791,1120511.96,273623.89,2362
2025-12-31,Retail Media,138194.3,6281559,188387,6400,1055982.9,238903.23,2220
2026-01-01,Retail Media,126539.29,5751786,177793,6514,1074847.96,220275.4,2240
2026-01-02,Retail Media,142627.84,6483084,194984,5398,890726.14,192433.5,2066
2026-01-03,Retail Media,129295.77,5877080,153486,4888,806517.58,167605.09,1794
2026-01-04,Retail Media,140595.1,6390686,189418,4624,763035.53,169178.29,1737
2026-01-05,Retail Media,139571.19,6344145,201739,7374,1216729.66,274317.36,2577
2026-01-06,Retail Media,140138.15,6369916,182324,6546,1080138.22,231145.46,2399
2026-01-07,Retail Media,148849.64,6765893,214193,6471,1067778.47,207578.63,2323
2026-01-08,Retail Media,130587.0,5935773,180035,6013,992183.63,255511.33,2238
2026-01-09,Retail Media,140786.28,6399376,189776,6130,1011485.32,226755.26,2190
2026-01-10,Retail Media,145473.19,6612418,209154,4977,821236.9,187271.59,1846
2026-01-11,Retail Media,132576.66,6026212,188174,5249,866112.54,184105.73,1770
2026-01-12,Retail Media,132137.24,6006238,184734,7430,1225964.31,236008.68,2540
2026-01-13,Retail Media,135160.22,6143646,195544,6703,1106000.51,241698.62,2329
2026-01-14,Retail Media,139622.76,6346489,192715,6612,1090996.36,233812.84,2350
2026-01-15,Retail Media,127677.57,5803526,156925,5640,930522.65,216335.17,2198
2026-01-16,Retail Media,141326.54,6423934,188346,5999,989780.69,233535.75,2149
2026-01-17,Retail Media,127965.82,5816628,155607,5186,855664.65,199767.34,1887
2026-01-18,Retail Media,146606.93,6663951,207804,5029,829847.56,197000.5,1739
2026-01-19,Retail Media,141205.51,6418432,202907,7361,1214554.04,305757.32,2499
2026-01-20,Retail Media,150839.09,6856322,217312,6861,1132096.0,256828.87,2363
2026-01-21,Retail Media,142353.41,6470610,199815,6873,1134009.05,271420.76,2263
2026-01-22,Retail Media,135751.03,6170501,195866,6178,1019322.77,233110.91,2225
2026-01-23,Retail Media,132425.64,6019347,163498,5941,980217.18,182868.71,2145
2026-01-24,Retail Media,139627.84,6346720,189173,5430,895879.06,194657.0,1807
2026-01-25,Retail Media,137828.3,6264923,171992,4936,814472.36,166745.52,1713
2026-01-26,Retail Media,146155.19,6643418,195018,7072,1166811.61,261451.24,2506
2026-01-27,Retail Media,131720.35,5987289,197037,7631,1259175.9,259488.73,2445
2026-01-28,Retail Media,152347.5,6924886,221374,6877,1134672.16,261723.46,2339
2026-01-29,Retail Media,147266.94,6693952,208799,6450,1064294.46,252520.99,2279
2026-01-30,Retail Media,137289.77,6240444,185173,6068,1001188.68,241469.52,2199
2026-01-31,Retail Media,151320.17,6878189,194044,5683,937638.48,233002.23,1865
2026-02-01,Retail Media,133523.87,6069267,184121,5202,858307.39,163509.25,1802
2026-02-02,Retail Media,140515.31,6387059,204381,7549,1245546.31,247736.17,2639
2026-02-03,Retail Media,130407.09,5927595,182201,7410,1222690.72,331996.66,2509
2026-02-04,Retail Media,152071.83,6912356,187641,6806,1122917.23,266993.35,2282
2026-02-05,Retail Media,127854.27,5811558,175441,6742,1112431.04,249129.25,2297
2026-02-06,Retail Media,129275.43,5876156,156047,6499,1072297.73,236510.13,2178
2026-02-07,Retail Media,134932.72,6133305,192877,5463,901363.51,197397.94,1870
2026-02-08,Retail Media,148591.14,6754143,194199,5229,862865.0,160463.6,1781
2026-02-09,Retail Media,146354.78,6652490,184928,7431,1226160.2,253088.06,2700
2026-02-10,Retail Media,140777.71,6398987,201391,7638,1260348.29,274795.61,2452
2026-02-11,Retail Media,147008.34,6682197,207194,6241,1029800.27,213581.47,2328
2026-02-12,Retail Media,139377.54,6335343,192710,6833,1127504.1,236439.42,2355
2026-02-13,Retail Media,143075.97,6503453,220760,5632,929358.23,246311.23,2113
2026-02-14,Retail Media,151620.87,6891858,214633,5273,870080.33,187564.01,1855
2026-02-15,Retail Media,138267.07,6284867,181250,4739,781860.68,175836.49,1707
2026-02-16,Retail Media,134747.35,6124879,189470,7371,1216253.46,272767.51,2563
2026-02-17,Retail Media,143488.11,6522187,192307,6979,1151544.12,265286.39,2402
2026-02-18,Retail Media,145663.45,6621066,213729,6540,1079097.78,228336.9,2404
2026-02-19,Retail Media,141399.12,6427233,196068,6583,1086118.81,262783.05,2307
2026-02-20,Retail Media,147864.31,6721105,206229,6836,1127922.68,256948.34,2237
2026-02-21,Retail Media,139570.5,6344114,173852,5084,838839.24,165541.49,1904
2026-02-22,Retail Media,142127.49,6460340,194524,5023,828769.01,180761.09,1836
2026-02-23,Retail Media,144188.89,6554040,195957,7948,1311493.95,284555.09,2667
2026-02-24,Retail Media,143815.73,6537079,184061,7371,1216201.29,262894.42,2570
2026-02-25,Retail Media,153262.74,6966488,206217,6800,1122016.62,256900.99,2362
2026-02-26,Retail Media,144513.16,6568780,202216,6952,1147048.59,265164.56,2315
2026-02-27,Retail Media,139781.35,6353698,190561,6100,1006563.2,230596.68,2223
2026-02-28,Retail Media,145743.85,6624720,181903,5273,870092.29,196610.33,1895
2026-03-01,Retail Media,149139.37,6779062,200038,4958,818044.47,181202.76,1793
2026-03-02,Retail Media,147592.92,6708769,195611,7575,1249881.05,227651.78,2698
2026-03-03,Retail Media,147327.64,6696711,203234,7844,1294257.52,302456.22,2573
2026-03-04,Retail Media,131852.68,5993304,180722,6387,1053899.34,240916.15,2443
2026-03-05,Retail Media,124667.2,5666691,165802,6013,992146.67,201076.58,2238
2026-03-06,Retail Media,151671.57,6894162,201232,6026,994218.13,223637.68,2264
2026-03-07,Retail Media,145796.88,6627131,199616,5853,965794.49,223488.44,1914
2026-03-08,Retail Media,142612.99,6482409,205709,5077,837636.72,201547.08,1833
2026-03-09,Retail Media,221554.7,10070668,307171,10583,1746148.24,399835.3,3765
2026-03-10,Retail Media,234689.2,10667691,347356,8938,1474761.51,332794.96,3403
2026-03-11,Retail Media,229594.04,10436093,334370,9705,1601309.2,378970.95,3442
2026-03-12,Retail Media,224640.1,10210914,333836,9671,1595668.2,342438.21,3244
2026-03-13,Retail Media,205139.46,9324521,302707,9017,1487762.57,338095.91,3116
2026-03-14,Retail Media,206713.12,9396051,308316,7635,1259793.06,263382.93,2687
2026-03-15,Retail Media,189528.55,8614934,240566,6760,1115356.71,267173.91,2567
2026-03-16,Retail Media,148481.82,6749174,210340,7861,1296986.7,248592.25,2797
2026-03-17,Retail Media,152124.47,6914749,222606,7229,1192801.47,279562.34,2512
2026-03-18,Retail Media,152740.95,6942771,225767,6566,1083407.32,238687.28,2418
2026-03-19,Retail Media,149200.99,6781863,194047,7061,1165037.76,276103.25,2393
2026-03-20,Retail Media,143323.29,6514695,203150,6843,1129020.74,232874.55,2293
2026-03-21,Retail Media,140466.41,6384837,192409,5454,899932.92,199410.48,1961
2026-03-22,Retail Media,138577.49,6298977,209912,5434,896632.95,198216.04,1835
2026-03-23,Retail Media,143650.45,6529566,179582,7501,1237673.59,281739.5,2640
2026-03-24,Retail Media,137710.22,6259555,179119,7693,1269384.74,255860.88,2547
2026-03-25,Retail Media,157718.21,7169010,191705,7762,1280725.38,296100.36,2466
2026-03-26,Retail Media,135689.33,6167697,186636,6466,1066862.0,200049.71,2394
2026-03-27,Retail Media,143895.87,6540721,222875,6886,1136155.66,236599.85,2321
2026-03-28,Retail Media,131406.94,5973043,178715,6028,994550.44,191446.93,1980
2026-03-29,Retail Media,147925.95,6723907,202940,5259,867790.37,203563.37,1935
2026-03-30,Retail Media,146012.83,6636947,205682,7871,1298787.56,294879.72,2837
2026-03-31,Retail Media,143425.73,6519351,194216,7137,1177595.63,268522.75,2573
2026-04-01,Retail Media,139281.84,6330993,194101,7030,1160020.19,285281.6,2477
2026-04-02,Retail Media,146446.04,6656638,204399,6767,1116532.1,239747.74,2411
2026-04-03,Retail Media,142431.1,6474141,184371,6387,1053828.95,243796.99,2258
2026-04-04,Retail Media,145591.96,6617816,197414,5975,985955.83,218928.18,2007
2026-04-05,Retail Media,161103.8,7322900,229467,4939,814916.72,178994.43,1910
2026-04-06,Retail Media,148178.69,6735395,213320,7554,1246425.16,304896.27,2779
2026-04-07,Retail Media,151041.56,6865526,222013,7498,1237093.04,320028.8,2539
2026-04-08,Retail Media,143641.07,6529140,199816,7118,1174470.04,251793.04,2424
2026-04-09,Retail Media,141309.47,6423158,196808,6301,1039721.29,246597.61,2329
2026-04-10,Retail Media,146972.14,6680552,209438,6634,1094681.21,249941.84,2259
2026-04-11,Retail Media,165713.96,7532453,217909,6061,1000034.6,228846.53,1989
2026-04-12,Retail Media,145228.88,6601313,190485,5331,879572.18,200226.52,1870
2026-04-13,Retail Media,150171.36,6825971,203246,7814,1289334.22,280512.75,2880
2026-04-14,Retail Media,141587.52,6435796,178304,7801,1287210.27,205469.67,2616
2026-04-15,Retail Media,127363.38,5789245,177918,7516,1240113.04,312041.64,2422
2026-04-16,Retail Media,142029.48,6455886,205868,6757,1114854.06,236268.97,2474
2026-04-17,Retail Media,165475.24,7521602,216035,6571,1084289.69,238924.57,2296
2026-04-18,Retail Media,152307.09,6923049,213114,5956,982786.49,217217.07,1977
2026-04-19,Retail Media,160214.65,7282484,210228,5518,910398.6,192234.29,1920
2026-04-20,Retail Media,145530.77,6615035,186347,7294,1203441.43,276681.63,2797
2026-04-21,Retail Media,130752.95,5943316,200290,7610,1255726.11,282621.22,2606
2026-04-22,Retail Media,140047.98,6365817,179490,6769,1116811.16,238099.51,2491
2026-04-23,Retail Media,151249.24,6874965,190417,6458,1065621.95,244195.93,2414
2026-04-24,Retail Media,150065.61,6821164,207271,6056,999204.1,225967.22,2320
2026-04-25,Retail Media,148459.63,6748165,205707,6364,1050089.05,256108.86,2102
2026-04-26,Retail Media,144564.72,6571124,205026,5247,865691.87,175697.56,1916
2026-04-27,Retail Media,155549.38,7070427,237582,8341,1376276.21,293092.36,2872
2026-04-28,Retail Media,144996.79,6590763,188504,7805,1287858.65,310560.4,2655
2026-04-29,Retail Media,151122.99,6869227,198925,7296,1203894.72,260683.54,2533
2026-04-30,Retail Media,150321.04,6832774,224770,7045,1162346.74,246408.2,2430
2026-05-01,Retail Media,210265.71,9557532,302882,9183,1515244.36,330316.17,3154
2026-05-02,Retail Media,204702.44,9304656,292540,7691,1269046.98,288381.6,2673
2026-05-03,Retail Media,209656.19,9529827,275776,7214,1190340.94,270925.58,2625
2026-05-04,Retail Media,234475.49,10657977,341339,10476,1728588.18,390353.48,3829
2026-05-05,Retail Media,226731.88,10305995,324080,10292,1698173.73,358399.45,3621
2026-05-06,Retail Media,226061.03,10275501,311771,9714,1602727.94,391881.86,3421
2026-05-07,Retail Media,206911.39,9405063,272250,9596,1583306.49,403777.76,3288
2026-05-08,Retail Media,200087.12,9094869,274593,9494,1566494.19,306360.88,3149
2026-05-09,Retail Media,227602.11,10345551,341065,8074,1332168.59,269656.24,2778
2026-05-10,Retail Media,225575.31,10253423,287412,6975,1150942.32,287744.9,2545
2026-05-11,Retail Media,151232.53,6874206,196330,7427,1225399.68,319627.45,2918
2026-05-12,Retail Media,147355.11,6697960,193370,7093,1170401.2,225307.57,2582
2026-05-13,Retail Media,139459.4,6339063,185484,6925,1142560.45,282755.58,2598
2026-05-14,Retail Media,156842.7,7129214,213674,6595,1088158.86,286286.71,2396
2026-05-15,Retail Media,159215.72,7237078,229599,6606,1089936.41,236339.35,2284
2026-05-16,Retail Media,145418.97,6609953,203788,6015,992517.45,260704.84,2096
2026-05-17,Retail Media,144935.84,6587993,198361,6243,1030058.61,237087.04,1999
2026-05-18,Retail Media,160036.65,7274393,221859,8315,1372052.4,328841.59,2842
2026-05-19,Retail Media,145830.24,6628647,206305,8122,1340207.21,295664.92,2595
2026-05-20,Retail Media,163921.97,7450999,200975,7164,1182042.69,299225.22,2421
2026-05-21,Retail Media,149744.96,6806589,217327,7325,1208598.69,302551.06,2432
2026-05-22,Retail Media,147847.72,6720351,191614,6797,1121511.98,299868.77,2422
2026-05-23,Retail Media,151040.92,6865497,200484,5598,923686.68,242343.93,2071
2026-05-24,Retail Media,147911.2,6723237,205817,5536,913503.58,215015.22,1982
2026-05-25,Retail Media,159403.41,7245610,216385,8317,1372379.99,404147.24,2913
2026-05-26,Retail Media,157670.2,7166827,221286,7459,1230798.22,322039.22,2695
2026-05-27,Retail Media,159301.76,7240989,219078,7016,1157684.38,285542.92,2585
2026-05-28,Retail Media,152749.9,6943177,204679,7501,1237684.81,269612.66,2572
2026-05-29,Retail Media,148030.2,6728645,220375,6529,1077326.31,224086.33,2406
2026-05-30,Retail Media,151632.78,6892399,215556,5521,911012.75,191197.42,2093
2026-05-31,Retail Media,148591.56,6754162,206298,5415,893510.34,196440.83,2008
2026-06-01,Retail Media,163164.08,7416549,231741,8296,1368868.43,361525.58,2938
2026-06-02,Retail Media,159714.35,7259743,208575,7392,1219687.35,301833.73,2722
2026-06-03,Retail Media,151511.95,6886907,233567,7330,1209490.04,274285.52,2595
2026-06-04,Retail Media,145506.53,6613933,185470,7733,1275870.45,301332.51,2628
2026-06-05,Retail Media,164316.75,7468943,225590,6839,1128485.38,264220.39,2327
2026-06-06,Retail Media,153545.7,6979350,205782,5599,923813.1,235276.73,2027
2026-06-07,Retail Media,151733.97,6896998,202882,5349,882577.46,196642.48,2003
2026-06-08,Retail Media,164548.37,7479471,218268,8078,1332828.19,328754.27,2911
2026-06-09,Retail Media,149287.9,6785814,194148,8360,1379407.98,339344.58,2833
2026-06-10,Retail Media,150665.69,6848440,220102,7618,1256924.08,281800.93,2553
2026-06-11,Retail Media,151708.98,6895863,191922,7535,1243238.14,337441.44,2591
2026-06-12,Retail Media,143645.78,6529354,207440,7377,1217287.39,286572.03,2436
2026-06-13,Retail Media,156238.05,7101730,221342,6576,1085052.14,241142.3,2118
2026-06-14,Retail Media,148062.43,6730111,197289,5750,948719.37,244957.83,2062
2026-06-15,Retail Media,149733.83,6806083,210707,9049,1493150.65,362917.78,2948
2026-06-16,Retail Media,149032.85,6774220,201301,7825,1291053.74,323034.67,2775
2026-06-17,Retail Media,150219.75,6828171,191313,7726,1274734.25,279926.11,2573
2026-06-18,Retail Media,148512.27,6750558,189267,7586,1251687.11,323768.36,2564
2026-06-19,Retail Media,156834.72,7128851,222276,6109,1007949.8,287704.62,2373
2026-06-20,Retail Media,153800.86,6990948,217324,5755,949505.62,207818.33,2116
2026-06-21,Retail Media,155384.72,7062942,214965,5326,878782.61,220282.11,1985
2026-06-22,Retail Media,173422.66,7882848,230930,7785,1284551.07,293803.47,2991
2026-06-23,Retail Media,153942.68,6997394,207523,8021,1323383.86,392942.27,2689
2026-06-24,Retail Media,159829.55,7264980,213692,8129,1341357.88,360692.6,2579
2026-06-25,Retail Media,160616.66,7300757,196065,7116,1174181.23,294086.76,2523
2026-06-26,Retail Media,154612.44,7027838,211610,7255,1197065.8,264716.97,2435
2026-06-27,Retail Media,157323.65,7151075,221257,6584,1086323.34,245674.5,2145
2026-06-28,Retail Media,155361.3,7061877,212716,5799,956905.26,249263.17,2009
2026-06-29,Retail Media,156709.35,7123152,236378,8290,1367840.51,299941.7,2905
2026-06-30,Retail Media,150672.68,6848758,193079,7811,1288744.92,283731.48,2768
2026-07-01,Retail Media,151502.43,6886474,198399,7794,1285948.78,317081.64,2656
2026-07-02,Retail Media,155269.88,7057722,213422,7518,1240428.01,308903.67,2521
2026-07-03,Retail Media,140106.06,6368457,193848,7252,1196502.09,303781.33,2481
2026-07-04,Retail Media,167300.73,7604579,202113,6262,1033168.72,245621.48,2146
2026-07-05,Retail Media,172577.71,7844441,243843,5847,964750.59,255213.12,2052
2026-07-06,Retail Media,157304.47,7150203,217702,7968,1314665.19,301599.85,3030
2026-07-07,Retail Media,161180.63,7326392,191842,8481,1399297.77,362071.68,2841
2026-07-08,Retail Media,164905.49,7495704,223296,7471,1232772.23,308958.3,2794
2026-07-09,Retail Media,146160.46,6643657,189641,7756,1279725.86,330476.4,2633
2026-07-10,Retail Media,163894.96,7449771,217414,7375,1216855.78,328185.45,2487
2026-07-11,Retail Media,153296.58,6968026,192258,5723,944337.45,224208.84,2124
2026-07-12,Retail Media,174500.5,7931841,243897,5613,926138.72,216131.92,2026
2026-07-13,Retail Media,155101.8,7050082,233860,9330,1539424.45,328079.65,2952
2026-07-14,Retail Media,163743.55,7442889,226837,7980,1316620.07,272015.59,2804
2026-07-15,Retail Media,155463.7,7066532,184529,7231,1193034.51,289825.3,2695
2026-07-16,Retail Media,174238.74,7919943,241670,7827,1291457.16,315477.81,2634
2026-07-17,Retail Media,153134.92,6960678,206382,6757,1114941.6,250851.97,2460
2026-07-18,Retail Media,166344.7,7561123,211849,5503,907931.37,208124.09,2130
2026-07-19,Retail Media,162332.86,7378766,226060,6149,1014639.73,280477.19,2098
2026-07-20,Retail Media,160722.87,7305585,230736,8353,1378164.55,363373.14,3064
2026-07-21,Retail Media,159705.57,7259344,209045,8357,1378901.4,305469.69,2879
2026-07-22,Retail Media,152708.12,6941278,187701,7183,1185128.35,281681.82,2620
2026-07-23,Retail Media,137768.85,6262221,165191,7857,1296393.92,329806.66,2656
2026-07-24,Retail Media,166850.94,7584134,218436,7199,1187853.14,278018.69,2497
2026-07-25,Retail Media,154490.61,7022300,208703,5357,883925.4,203708.56,2154
2026-07-26,Retail Media,167734.92,7624314,221648,6013,992152.04,237851.09,2065
2026-07-27,Retail Media,161598.07,7345367,211327,8683,1432667.57,383810.36,3084
2026-07-28,Retail Media,168501.67,7659167,237604,8721,1438942.47,388065.2,2850
2026-07-29,Retail Media,165505.18,7522963,231956,7991,1318518.88,305768.32,2743
2026-07-30,Retail Media,139637.43,6347156,192695,7693,1269402.69,324304.95,2595
2026-07-31,Retail Media,164311.61,7468709,235038,7049,1163113.7,286444.21,2558
2026-08-01,Retail Media,156789.64,7126802,205385,6063,1000433.1,226623.77,2209
2026-08-02,Retail Media,168863.71,7675623,215146,5911,975390.41,234624.38,2072
2026-08-03,Retail Media,164271.17,7466872,216986,8480,1399237.33,309902.27,3023
2026-08-04,Retail Media,164246.43,7465747,216026,8474,1398154.69,376559.61,2780
2026-08-05,Retail Media,157187.91,7144905,187966,7799,1286884.15,356469.91,2751
2026-08-06,Retail Media,152139.64,6915438,200672,7143,1178522.39,280849.88,2663
2026-08-07,Retail Media,155913.83,7086992,226704,6739,1111935.42,259754.06,2460
2026-08-08,Retail Media,145208.21,6600373,207526,6688,1103449.25,294828.58,2233
2026-08-09,Retail Media,155158.56,7052662,218247,6204,1023658.3,276769.29,2190
2026-08-10,Retail Media,148340.63,6742756,203880,8612,1420963.32,318910.67,3048
2026-08-11,Retail Media,148726.75,6760307,220440,8736,1441408.59,350956.68,2904
2026-08-12,Retail Media,161361.01,7334591,206041,7608,1255386.74,307868.79,2791
2026-08-13,Retail Media,165007.72,7500351,211985,7074,1167165.16,269856.12,2787
2026-08-14,Retail Media,160612.58,7300572,233792,6949,1146656.81,291260.54,2541
2026-08-15,Retail Media,157078.28,7139922,214552,6510,1074083.73,249834.75,2251
2026-08-16,Retail Media,153617.69,6982622,201043,6159,1016210.01,239571.9,2183
2026-08-17,Retail Media,158619.07,7209958,223462,7957,1312959.63,320890.39,3021
2026-08-18,Retail Media,154546.28,7024831,205201,8638,1425265.66,309350.5,2877
2026-08-19,Retail Media,160877.53,7312615,208354,7872,1298896.8,267395.04,2733
2026-08-20,Retail Media,149160.67,6780031,192840,7826,1291290.05,341547.49,2687
2026-08-21,Retail Media,167354.71,7607032,232614,7658,1263608.13,292912.89,2625
2026-08-22,Retail Media,157246.56,7147571,217075,5966,984457.59,283998.73,2233
2026-08-23,Retail Media,164873.53,7494252,245288,5981,986838.32,281514.25,2062
2026-08-24,Retail Media,169193.61,7690619,226703,9492,1566146.18,370262.47,3178
2026-08-25,Retail Media,164835.41,7492519,220633,8881,1465298.92,428610.8,2941
2026-08-26,Retail Media,168895.36,7677062,250206,8479,1399062.36,370585.69,2864
2026-08-27,Retail Media,145793.79,6626991,210567,7897,1303003.42,304485.28,2695
2026-08-28,Retail Media,158709.72,7214078,218304,6846,1129651.37,220854.5,2624
2026-08-29,Retail Media,171738.23,7806283,212254,6371,1051235.94,273284.46,2232
2026-08-30,Retail Media,167069.7,7594077,216725,5867,968101.86,239137.53,2157
2026-08-31,Retail Media,178362.52,8107387,227839,9756,1609764.63,410333.83,3209
2026-09-01,Retail Media,177321.61,8060073,242331,8591,1417542.67,342888.24,2846
2026-09-02,Retail Media,165859.22,7539056,219273,7507,1238607.03,277265.02,2758
2026-09-03,Retail Media,161474.98,7339772,241370,7779,1283496.87,305449.73,2729
2026-09-04,Retail Media,155974.32,7089742,192638,7563,1247845.77,324850.73,2614
2026-09-05,Retail Media,159862.63,7266483,202805,6561,1082621.42,259195.32,2197
2026-09-06,Retail Media,160393.63,7290620,221929,5701,940606.39,225082.82,2178
2026-09-07,Retail Media,159045.9,7229359,223666,7978,1316399.98,284934.57,3139
2026-09-08,Retail Media,156364.17,7107462,180126,8284,1366851.51,339249.46,2894
2026-09-09,Retail Media,167277.08,7603504,204354,7090,1169840.84,262607.74,2841
2026-09-10,Retail Media,177808.54,8082206,238631,7904,1304169.12,344960.54,2745
2026-09-11,Retail Media,171704.85,7804766,253193,7702,1270766.07,294728.02,2618
2026-09-12,Retail Media,161534.0,7342454,245223,7040,1161672.33,279464.77,2321
2026-09-13,Retail Media,172449.35,7838607,229310,5965,984163.06,284478.68,2155
2026-09-14,Retail Media,167328.41,7605837,225839,9236,1523932.32,366287.51,3207
2026-09-15,Retail Media,164379.42,7471792,212899,8860,1461926.71,347522.48,3003
2026-09-16,Retail Media,163886.93,7449406,231973,7380,1217745.76,314109.95,2744
2026-09-17,Retail Media,163342.01,7424637,243167,8434,1391540.74,293905.82,2823
2026-09-18,Retail Media,170375.38,7744336,249839,7623,1257805.21,340935.59,2632
2026-09-19,Retail Media,166244.32,7556560,226302,6316,1042217.46,277222.08,2280
2026-09-20,Retail Media,159371.94,7244179,206391,6400,1055926.52,271096.46,2224
2026-09-21,Retail Media,158873.74,7221534,216753,8863,1462399.45,262984.25,3124
2026-09-22,Retail Media,167744.89,7624768,247694,8609,1420422.48,342728.74,2900
2026-09-23,Retail Media,168871.84,7675993,224746,8202,1353275.52,299492.41,2923
2026-09-24,Retail Media,163137.58,7415344,198229,8408,1387388.39,372594.8,2910
2026-09-25,Retail Media,156403.98,7109272,208671,7346,1212146.57,323822.63,2654
2026-09-26,Retail Media,176235.69,8010713,236298,6184,1020340.15,259215.83,2271
2026-09-27,Retail Media,174416.7,7928032,211850,6130,1011518.38,225249.23,2127
2026-09-28,Retail Media,149356.51,6788932,206503,8799,1451916.83,400519.28,3224
2026-09-29,Retail Media,177192.74,8054215,248962,8828,1456577.87,351370.73,2971
2026-09-30,Retail Media,164359.96,7470907,249138,8155,1345618.79,379447.64,2772
