data,unidade_id,pedidos,pedidos_expedidos_cutoff,linhas_separadas,linhas_com_erro,horas_homem,horas_extra,absenteismo,utilizacao,dock_to_stock_p90_h,custo_operacao
2025-01-01,CD-SP1,26786,26439,50574,143,3571.6,0.0,0.0471,0.706,4.73,135719.35
2025-01-02,CD-SP1,25058,24828,48199,108,3341.2,0.0,0.0491,0.662,5.42,126963.88
2025-01-03,CD-SP1,25375,25244,47794,150,3383.4,0.0,0.0453,0.668,5.96,128570.01
2025-01-04,CD-SP1,22063,21926,40609,113,2941.8,0.0,0.0563,0.588,5.38,111788.73
2025-01-05,CD-SP1,18946,18927,35942,94,2526.2,0.0,0.0499,0.501,5.08,95995.49
2025-01-06,CD-SP1,28637,28458,55907,152,3818.4,0.0,0.0715,0.775,5.61,145097.75
2025-01-07,CD-SP1,28327,28063,53878,151,3777.0,0.0,0.0464,0.747,5.01,143527.0
2025-01-08,CD-SP1,26361,26031,50176,132,3514.9,0.0,0.0446,0.693,5.34,133565.65
2025-01-09,CD-SP1,26140,26054,49240,117,3485.4,0.0,0.0498,0.691,6.35,132445.84
2025-01-10,CD-SP1,24125,23931,44764,99,3216.7,0.0,0.0605,0.645,6.43,122236.23
2025-01-11,CD-SP1,22144,21833,41052,112,2952.6,0.0,0.0531,0.588,5.72,112198.89
2025-01-12,CD-SP1,21008,20842,38170,116,2801.1,0.0,0.0461,0.553,4.92,106442.99
2025-01-13,CD-SP1,30247,29885,59256,131,4033.0,0.0,0.0451,0.796,5.27,153254.95
2025-01-14,CD-SP1,29483,29197,56699,177,3931.2,0.0,0.0515,0.781,5.63,149383.88
2025-01-15,CD-SP1,27249,27032,51885,110,3633.3,0.0,0.0335,0.709,5.06,138064.66
2025-01-16,CD-SP1,25515,25218,48856,111,3402.1,0.0,0.0453,0.672,7.66,129278.82
2025-01-17,CD-SP1,25334,25082,48565,108,3377.9,0.0,0.0481,0.669,5.07,128361.7
2025-01-18,CD-SP1,20882,20653,38909,98,2784.3,0.0,0.0337,0.543,5.57,105804.38
2025-01-19,CD-SP1,21202,20972,39939,139,2827.0,0.0,0.048,0.56,6.52,107425.72
2025-01-20,CD-SP1,30299,29934,56850,177,4040.0,0.0,0.0772,0.825,7.32,153518.11
2025-01-21,CD-SP1,28343,28062,57411,152,3779.1,0.0,0.0425,0.744,4.91,143607.47
2025-01-22,CD-SP1,26322,26017,51354,153,3509.7,0.0,0.0511,0.697,4.73,133367.49
2025-01-23,CD-SP1,27590,27434,52653,151,3678.7,0.0,0.0638,0.741,5.71,139792.11
2025-01-24,CD-SP1,25020,24840,49247,125,3336.1,0.0,0.0559,0.666,7.91,126770.49
2025-01-25,CD-SP1,21405,21336,41996,118,2854.1,0.0,0.0398,0.56,4.77,108454.1
2025-01-26,CD-SP1,20433,20413,37412,119,2724.5,0.0,0.0469,0.539,5.3,103529.18
2025-01-27,CD-SP1,31096,30931,58736,143,4146.2,0.0,0.0638,0.835,5.79,157556.04
2025-01-28,CD-SP1,29059,28879,55188,142,3874.6,0.0,0.0565,0.774,5.6,147235.01
2025-01-29,CD-SP1,27513,27374,53116,151,3668.5,0.0,0.0547,0.731,5.94,139401.76
2025-01-30,CD-SP1,27012,26846,51020,128,3601.7,0.0,0.0228,0.695,7.05,136863.28
2025-01-31,CD-SP1,27198,26986,51542,140,3626.5,0.0,0.0422,0.714,6.55,137805.66
2025-02-01,CD-SP1,21546,21371,40440,92,2872.9,0.0,0.0484,0.569,5.28,109168.33
2025-02-02,CD-SP1,20435,20188,39898,108,2724.7,0.0,0.0409,0.535,4.77,103539.14
2025-02-03,CD-SP1,29829,29690,54522,125,3977.3,0.0,0.0344,0.776,6.65,151136.2
2025-02-04,CD-SP1,29480,29240,55382,189,3930.7,0.0,0.0432,0.774,5.29,149367.87
2025-02-05,CD-SP1,28355,28293,51261,133,3780.7,0.0,0.049,0.749,5.59,143667.74
2025-02-06,CD-SP1,26658,26542,49278,142,3554.5,0.0,0.0448,0.701,6.4,135069.43
2025-02-07,CD-SP1,24699,24440,47320,144,3293.3,0.0,0.045,0.65,6.61,125143.64
2025-02-08,CD-SP1,21349,21285,40922,96,2846.6,0.0,0.0493,0.564,6.32,108170.01
2025-02-09,CD-SP1,21404,21014,40332,98,2853.9,0.0,0.0517,0.567,7.54,108448.65
2025-02-10,CD-SP1,31684,31652,61980,214,4224.6,0.0,0.0603,0.847,5.5,160534.78
2025-02-11,CD-SP1,29576,29181,58197,145,3943.5,0.0,0.06,0.791,5.1,149854.05
2025-02-12,CD-SP1,26796,26635,50820,129,3572.9,0.0,0.0495,0.708,4.96,135768.47
2025-02-13,CD-SP1,27138,26967,51902,156,3618.5,0.0,0.042,0.712,5.13,137501.27
2025-02-14,CD-SP1,25698,25608,48245,147,3426.5,0.0,0.044,0.676,5.15,130205.13
2025-02-15,CD-SP1,22279,22071,43028,142,2970.6,0.0,0.0473,0.588,5.73,112881.92
2025-02-16,CD-SP1,21690,21330,39916,114,2892.0,0.0,0.0579,0.579,6.05,109897.59
2025-02-17,CD-SP1,31302,31011,62284,175,4173.7,0.0,0.0574,0.835,4.9,158599.06
2025-02-18,CD-SP1,29886,29621,58487,145,3984.9,0.0,0.0538,0.794,6.4,151424.53
2025-02-19,CD-SP1,27658,27210,50892,135,3687.8,0.0,0.0498,0.731,6.53,140135.81
2025-02-20,CD-SP1,27348,27134,50882,159,3646.4,0.0,0.0649,0.735,6.08,138565.1
2025-02-21,CD-SP1,26310,25986,50543,135,3508.0,0.0,0.0561,0.701,5.21,133305.8
2025-02-22,CD-SP1,21103,20989,39739,113,2813.8,0.0,0.0434,0.554,6.99,106923.29
2025-02-23,CD-SP1,20933,20745,40343,124,2791.1,0.0,0.0549,0.557,5.49,106061.93
2025-02-24,CD-SP1,30724,30693,57823,191,4096.6,0.0,0.0702,0.83,5.04,155670.29
2025-02-25,CD-SP1,28704,28445,56726,144,3827.2,0.0,0.0458,0.756,4.9,145435.46
2025-02-26,CD-SP1,27485,27312,52233,135,3664.7,0.0,0.0397,0.719,5.65,139259.09
2025-02-27,CD-SP1,28655,28401,57913,148,3820.7,0.0,0.0533,0.761,5.22,145187.14
2025-02-28,CD-SP1,25106,24742,48458,146,3347.5,0.0,0.0535,0.667,4.8,127205.3
2025-03-01,CD-SP1,23124,22920,42375,114,3083.2,0.0,0.0329,0.601,4.72,117163.02
2025-03-02,CD-SP1,20038,19938,40163,130,2671.8,0.0,0.047,0.528,5.78,101527.08
2025-03-03,CD-SP1,31050,30876,60701,188,4140.0,0.0,0.0549,0.826,4.76,157321.86
2025-03-04,CD-SP1,29699,29427,56993,156,3959.9,0.0,0.0329,0.772,4.58,150476.69
2025-03-05,CD-SP1,28485,28091,55042,146,3798.0,0.0,0.0422,0.747,6.55,144325.66
2025-03-06,CD-SP1,28070,27918,51664,172,3742.7,0.0,0.0553,0.747,4.94,142222.95
2025-03-07,CD-SP1,26763,26594,48435,151,3568.4,0.0,0.0587,0.715,5.94,135600.72
2025-03-08,CD-SP1,22220,22117,42172,121,2962.7,0.0,0.0526,0.589,5.63,112582.58
2025-03-09,CD-SP1,21068,20876,41482,100,2809.1,0.0,0.0472,0.556,5.09,106745.7
2025-03-10,CD-SP1,43940,42965,84355,256,5858.7,0.0,0.0648,0.91,7.6,222631.73
2025-03-11,CD-SP1,39827,39593,79075,214,5310.3,0.0,0.0458,0.808,6.1,201792.28
2025-03-12,CD-SP1,36207,35916,71185,190,4827.7,0.0,0.0362,0.728,5.44,183450.72
2025-03-13,CD-SP1,35712,35625,67890,193,4761.6,0.0,0.0378,0.719,4.98,180942.67
2025-03-14,CD-SP1,34218,33948,67039,178,4562.4,0.0,0.0441,0.693,6.01,173372.97
2025-03-15,CD-SP1,31075,30821,61408,198,4143.4,0.0,0.0562,0.638,6.19,157448.25
2025-03-16,CD-SP1,29223,29038,55407,165,3896.4,0.0,0.0536,0.598,5.56,148064.67
2025-03-17,CD-SP1,32550,32212,61497,138,4340.0,0.0,0.0514,0.862,5.46,164921.62
2025-03-18,CD-SP1,29425,29114,56114,125,3923.4,0.0,0.0454,0.775,6.1,149088.11
2025-03-19,CD-SP1,28392,28154,50521,124,3785.6,0.0,0.0418,0.745,5.43,143854.17
2025-03-20,CD-SP1,28312,27981,54190,128,3775.0,0.0,0.0438,0.744,5.03,143448.82
2025-03-21,CD-SP1,26056,25824,50445,171,3474.2,0.0,0.0447,0.685,4.78,132018.29
2025-03-22,CD-SP1,23119,23096,44093,136,3082.6,0.0,0.0562,0.616,5.43,117137.34
2025-03-23,CD-SP1,21161,21080,40571,116,2821.5,0.0,0.0448,0.557,4.77,107216.7
2025-03-24,CD-SP1,31560,31346,59895,114,4208.0,0.0,0.0617,0.845,6.2,159905.43
2025-03-25,CD-SP1,29643,29590,53362,153,3952.4,0.0,0.0468,0.782,5.43,150192.52
2025-03-26,CD-SP1,27210,26903,53961,134,3628.0,0.0,0.0368,0.71,6.39,137865.2
2025-03-27,CD-SP1,28340,28312,53325,140,3778.7,0.0,0.0459,0.746,5.7,143590.57
2025-03-28,CD-SP1,26058,25802,48705,128,3474.4,0.0,0.0575,0.695,5.94,132028.32
2025-03-29,CD-SP1,22897,22874,45059,124,3053.0,0.0,0.0568,0.61,5.07,116012.44
2025-03-30,CD-SP1,22155,22133,43179,137,2954.0,0.0,0.0358,0.577,5.38,112252.93
2025-03-31,CD-SP1,32652,32162,62485,231,4353.6,0.0,0.0479,0.862,5.69,165438.15
2025-04-01,CD-SP1,30922,30856,59941,138,4123.0,0.0,0.0455,0.814,5.59,156672.73
2025-04-02,CD-SP1,28464,28204,52438,156,3795.2,0.0,0.0539,0.756,5.55,144218.74
2025-04-03,CD-SP1,27610,27326,52347,178,3681.4,0.0,0.0479,0.729,4.89,139891.76
2025-04-04,CD-SP1,26572,26415,52207,136,3543.0,0.0,0.0544,0.706,4.66,134632.51
2025-04-05,CD-SP1,21659,21398,40419,105,2887.9,0.0,0.0341,0.564,4.87,109739.77
2025-04-06,CD-SP1,20804,20679,38489,96,2773.9,0.0,0.0404,0.545,4.55,105407.73
2025-04-07,CD-SP1,30839,30476,58715,139,4111.9,0.0,0.0424,0.809,4.69,156252.09
2025-04-08,CD-SP1,29331,29117,55879,172,3910.8,0.0,0.0439,0.771,5.75,148611.49
2025-04-09,CD-SP1,29130,29053,56290,172,3884.0,0.0,0.0277,0.753,5.3,147593.07
2025-04-10,CD-SP1,27294,27118,49978,143,3639.2,0.0,0.0557,0.726,5.0,138290.59
2025-04-11,CD-SP1,26445,26195,46875,115,3526.0,0.0,0.0614,0.708,5.28,133988.94
2025-04-12,CD-SP1,24204,24063,47102,164,3227.2,0.0,0.0461,0.638,4.63,122634.45
2025-04-13,CD-SP1,21766,21469,40177,109,2902.2,0.0,0.0329,0.566,5.41,110281.82
2025-04-14,CD-SP1,33361,32872,62368,151,4448.2,0.0,0.063,0.895,5.01,169030.21
2025-04-15,CD-SP1,29569,29282,52953,129,3942.6,0.0,0.0599,0.79,6.75,149817.27
2025-04-16,CD-SP1,28685,28546,55969,140,3824.7,0.0,0.0488,0.758,5.99,145338.29
2025-04-17,CD-SP1,27407,27232,52553,125,3654.3,0.0,0.0545,0.728,5.9,138863.03
2025-04-18,CD-SP1,26635,26479,51020,189,3551.4,0.0,0.0451,0.701,5.57,134951.53
2025-04-19,CD-SP1,23970,23776,45907,100,3196.0,0.0,0.038,0.626,6.08,121448.77
2025-04-20,CD-SP1,20828,20596,37428,99,2777.1,0.0,0.0444,0.548,5.42,105529.19
2025-04-21,CD-SP1,33207,33139,61458,140,4427.6,0.0,0.0446,0.873,4.99,168249.84
2025-04-22,CD-SP1,31000,30665,58200,184,4133.4,0.0,0.0631,0.832,5.92,157067.62
2025-04-23,CD-SP1,28456,28276,53001,178,3794.2,0.0,0.0461,0.75,6.46,144177.93
2025-04-24,CD-SP1,27070,26841,51066,109,3609.4,0.0,0.0519,0.718,4.91,137155.48
2025-04-25,CD-SP1,27179,27023,51975,160,3623.9,0.0,0.0453,0.715,4.72,137707.74
2025-04-26,CD-SP1,22985,22745,44828,128,3064.7,0.0,0.0327,0.597,7.73,116458.0
2025-04-27,CD-SP1,22477,22392,41043,105,2997.0,0.0,0.0564,0.599,6.95,113884.11
2025-04-28,CD-SP1,32924,32842,62541,155,4389.9,0.0,0.051,0.872,5.49,166815.87
2025-04-29,CD-SP1,32655,32523,63206,150,4354.0,0.0,0.0478,0.862,4.59,165452.92
2025-04-30,CD-SP1,28983,28769,53729,144,3864.4,0.0,0.0485,0.766,5.69,146848.0
2025-05-01,CD-SP1,35946,35596,67951,212,4792.8,0.0,0.0456,0.754,8.88,182127.38
2025-05-02,CD-SP1,35669,35633,68603,172,4755.9,0.0,0.0427,0.746,6.07,180723.89
2025-05-03,CD-SP1,30857,30488,58646,146,4114.3,0.0,0.0438,0.646,5.98,156342.95
2025-05-04,CD-SP1,30538,30401,59052,200,4071.8,0.0,0.0374,0.635,5.44,154726.67
2025-05-05,CD-SP1,44273,43108,84328,190,5903.1,105.2,0.0665,0.95,6.86,226316.95
2025-05-06,CD-SP1,40935,40597,77138,279,5458.0,0.0,0.0496,0.862,6.07,207405.04
2025-05-07,CD-SP1,40173,39881,73973,177,5356.4,0.0,0.0448,0.842,5.62,203544.21
2025-05-08,CD-SP1,35937,35576,68724,204,4791.6,0.0,0.0405,0.75,5.34,182081.69
2025-05-09,CD-SP1,34853,34634,66395,166,4647.1,0.0,0.0659,0.747,5.63,176589.39
2025-05-10,CD-SP1,29799,29598,55139,142,3973.2,0.0,0.0346,0.618,5.59,150982.32
2025-05-11,CD-SP1,28920,28891,55790,154,3856.0,0.0,0.0326,0.599,4.62,146528.69
2025-05-12,CD-SP1,31676,31558,62193,161,4223.5,0.0,0.0593,0.846,8.34,160492.48
2025-05-13,CD-SP1,31975,31785,59697,166,4263.4,0.0,0.0429,0.84,5.98,162007.41
2025-05-14,CD-SP1,29336,29169,54671,137,3911.5,0.0,0.0538,0.779,6.69,148636.41
2025-05-15,CD-SP1,27517,27489,51231,102,3668.9,0.0,0.0502,0.728,5.72,139420.09
2025-05-16,CD-SP1,26602,26286,48311,156,3546.9,0.0,0.0492,0.703,5.14,134784.06
2025-05-17,CD-SP1,24089,23879,48183,186,3211.9,0.0,0.049,0.637,6.38,122051.46
2025-05-18,CD-SP1,23349,22984,43839,127,3113.2,0.0,0.0489,0.617,4.71,118302.11
2025-05-19,CD-SP1,35811,34602,66504,194,4774.8,157.3,0.0768,0.975,7.35,184431.0
2025-05-20,CD-SP1,34668,34208,63916,184,4622.4,0.0,0.047,0.914,6.85,175651.93
2025-05-21,CD-SP1,30168,29807,56734,174,4022.4,0.0,0.0396,0.789,5.43,152851.83
2025-05-22,CD-SP1,28167,28103,52538,128,3755.6,0.0,0.0466,0.742,5.92,142713.38
2025-05-23,CD-SP1,25672,25393,50623,164,3422.9,0.0,0.0281,0.664,4.62,130071.99
2025-05-24,CD-SP1,24190,23963,44451,115,3225.3,0.0,0.0447,0.636,5.97,122563.15
2025-05-25,CD-SP1,22166,21999,40410,102,2955.5,0.0,0.0537,0.589,5.25,112308.17
2025-05-26,CD-SP1,33176,33040,63950,169,4423.5,0.0,0.0648,0.892,6.09,168092.38
2025-05-27,CD-SP1,30964,30610,58666,151,4128.5,0.0,0.0474,0.817,5.46,156884.86
2025-05-28,CD-SP1,29761,29558,56214,136,3968.1,0.0,0.0502,0.787,5.45,150789.63
2025-05-29,CD-SP1,30441,30292,58690,160,4058.8,0.0,0.0538,0.809,5.96,154234.97
2025-05-30,CD-SP1,28055,27894,53496,154,3740.7,0.0,0.0604,0.75,5.28,142145.85
2025-05-31,CD-SP1,23970,23836,45487,117,3196.0,0.0,0.0486,0.633,5.42,121448.44
2025-06-01,CD-SP1,22114,22004,40462,103,2948.5,0.0,0.0485,0.584,7.82,112044.67
2025-06-02,CD-SP1,31874,31548,57902,141,4249.9,0.0,0.0475,0.841,6.79,161495.5
2025-06-03,CD-SP1,31283,31244,58342,195,4171.1,0.0,0.0588,0.835,5.34,158501.08
2025-06-04,CD-SP1,30025,29771,55420,156,4003.3,0.0,0.0551,0.799,5.47,152127.19
2025-06-05,CD-SP1,31342,31061,59972,187,4178.9,0.0,0.0522,0.831,5.11,158800.0
2025-06-06,CD-SP1,28191,28117,51028,130,3758.8,0.0,0.0495,0.745,5.25,142834.88
2025-06-07,CD-SP1,25076,24812,47084,118,3343.5,0.0,0.0587,0.67,5.28,127052.15
2025-06-08,CD-SP1,22676,22524,42888,122,3023.5,0.0,0.0489,0.599,5.58,114892.11
2025-06-09,CD-SP1,32642,32286,61955,186,4352.3,0.0,0.0657,0.878,4.64,165386.66
2025-06-10,CD-SP1,30927,30896,59378,151,4123.6,0.0,0.0506,0.819,5.23,156697.3
2025-06-11,CD-SP1,29486,29457,55542,155,3931.5,0.0,0.0546,0.784,5.14,149396.2
2025-06-12,CD-SP1,31897,31628,59540,134,4252.9,0.0,0.0418,0.837,7.0,161611.96
2025-06-13,CD-SP1,27413,27251,53790,115,3655.1,0.0,0.0595,0.733,5.46,138892.95
2025-06-14,CD-SP1,25098,24898,47285,113,3346.4,0.0,0.0452,0.661,5.69,127163.58
2025-06-15,CD-SP1,22479,22268,44305,118,2997.2,0.0,0.0455,0.592,5.22,113893.94
2025-06-16,CD-SP1,35368,34301,66624,141,4715.7,110.2,0.0731,0.959,6.57,181291.64
2025-06-17,CD-SP1,32627,32361,61965,165,4350.3,0.0,0.043,0.857,5.25,165310.61
2025-06-18,CD-SP1,30262,29836,57288,167,4034.9,0.0,0.0581,0.807,5.59,153327.9
2025-06-19,CD-SP1,29815,29608,56993,170,3975.3,0.0,0.0518,0.79,5.92,151063.09
2025-06-20,CD-SP1,27737,27510,52118,156,3698.3,0.0,0.0418,0.727,4.81,140534.52
2025-06-21,CD-SP1,24906,24738,47441,131,3320.8,0.0,0.0619,0.667,6.06,126190.74
2025-06-22,CD-SP1,22975,22784,45411,118,3063.3,0.0,0.0535,0.61,4.95,116406.98
2025-06-23,CD-SP1,32971,32589,64374,209,4396.1,0.0,0.0692,0.89,8.04,167053.51
2025-06-24,CD-SP1,30930,30791,60400,176,4124.0,0.0,0.0591,0.826,5.57,156712.41
2025-06-25,CD-SP1,30790,30609,56435,151,4105.3,0.0,0.063,0.826,5.68,156003.07
2025-06-26,CD-SP1,31689,31612,58339,147,4225.2,0.0,0.0526,0.841,5.71,160558.01
2025-06-27,CD-SP1,28712,28539,54865,151,3828.3,0.0,0.0599,0.768,5.52,145474.5
2025-06-28,CD-SP1,24562,24346,47614,127,3274.9,0.0,0.054,0.652,5.06,124447.78
2025-06-29,CD-SP1,23716,23585,44445,141,3162.1,0.0,0.0483,0.626,5.68,120161.36
2025-06-30,CD-SP1,36231,34799,67575,207,4830.8,121.3,0.0533,0.962,6.78,185875.13
2025-07-01,CD-SP1,32816,32783,64637,179,4375.5,0.0,0.0527,0.871,5.0,166268.13
2025-07-02,CD-SP1,30339,30130,58685,151,4045.2,0.0,0.062,0.813,4.81,153717.96
2025-07-03,CD-SP1,31372,31341,61266,164,4182.9,0.0,0.0557,0.835,6.37,158951.84
2025-07-04,CD-SP1,29147,28812,54736,167,3886.3,0.0,0.0465,0.768,5.23,147678.47
2025-07-05,CD-SP1,26140,25814,48986,139,3485.3,0.0,0.0598,0.699,5.37,132442.97
2025-07-06,CD-SP1,23768,23613,46287,103,3169.1,0.0,0.0485,0.628,5.63,120424.8
2025-07-07,CD-SP1,33354,33127,62934,161,4447.2,0.0,0.0493,0.882,5.07,168993.97
2025-07-08,CD-SP1,31185,30978,58299,164,4158.0,0.0,0.0591,0.833,5.75,158004.34
2025-07-09,CD-SP1,32748,32510,60726,189,4366.4,0.0,0.0434,0.86,5.41,165923.56
2025-07-10,CD-SP1,32210,31871,60376,181,4294.7,0.0,0.0652,0.866,5.47,163197.68
2025-07-11,CD-SP1,28701,28301,55788,153,3826.8,0.0,0.0642,0.771,6.63,145418.7
2025-07-12,CD-SP1,24616,24447,44912,119,3282.1,0.0,0.0492,0.651,5.6,124721.32
2025-07-13,CD-SP1,24968,24640,48225,123,3329.1,0.0,0.0547,0.664,5.34,126504.79
2025-07-14,CD-SP1,33691,32828,62820,164,4492.1,15.5,0.0854,0.926,5.56,170996.47
2025-07-15,CD-SP1,31911,31607,60295,174,4254.8,0.0,0.059,0.852,5.71,161682.72
2025-07-16,CD-SP1,31839,31639,60261,176,4245.2,0.0,0.0529,0.845,6.32,161317.92
2025-07-17,CD-SP1,30130,30100,56914,116,4017.3,0.0,0.0741,0.818,5.35,152658.96
2025-07-18,CD-SP1,29043,28924,54765,161,3872.4,0.0,0.0559,0.773,6.31,147151.48
2025-07-19,CD-SP1,24951,24894,46853,150,3326.8,0.0,0.0557,0.664,5.72,126418.64
2025-07-20,CD-SP1,24172,24042,45236,150,3222.9,0.0,0.0435,0.635,5.54,122471.69
2025-07-21,CD-SP1,36988,35632,72718,209,4931.7,181.0,0.0526,0.981,7.24,190845.91
2025-07-22,CD-SP1,33238,33205,63194,153,4431.7,0.0,0.0487,0.878,4.83,168406.17
2025-07-23,CD-SP1,32024,31598,60644,179,4269.9,0.0,0.0513,0.848,5.24,162255.22
2025-07-24,CD-SP1,28524,28249,53276,119,3803.2,0.0,0.0536,0.757,5.26,144521.85
2025-07-25,CD-SP1,29167,28895,54822,151,3888.9,0.0,0.0436,0.766,5.38,147779.72
2025-07-26,CD-SP1,24494,24386,45753,108,3265.9,0.0,0.0563,0.652,7.54,124103.15
2025-07-27,CD-SP1,23003,22729,44586,134,3067.1,0.0,0.0444,0.605,5.57,116548.73
2025-07-28,CD-SP1,34365,33740,63999,193,4582.0,26.2,0.0709,0.93,5.47,174613.74
2025-07-29,CD-SP1,32934,32747,58876,160,4391.2,0.0,0.0585,0.879,5.11,166865.87
2025-07-30,CD-SP1,32508,32354,61860,160,4334.4,0.0,0.0478,0.858,5.47,164707.47
2025-07-31,CD-SP1,29472,29330,55585,156,3929.6,0.0,0.0433,0.774,5.6,149325.04
2025-08-01,CD-SP1,29417,29363,55031,146,3922.3,0.0,0.0613,0.788,4.55,149046.37
2025-08-02,CD-SP1,24955,24750,48552,124,3327.3,0.0,0.052,0.662,5.91,126438.86
2025-08-03,CD-SP1,23889,23749,42124,137,3185.2,0.0,0.0462,0.629,5.95,121037.79
2025-08-04,CD-SP1,36911,35162,73040,210,4921.5,234.3,0.0717,0.999,6.57,191466.96
2025-08-05,CD-SP1,34148,33590,66682,195,4553.1,0.0,0.0457,0.899,6.55,173016.79
2025-08-06,CD-SP1,33163,33130,61968,181,4421.7,0.0,0.04,0.868,5.35,168026.11
2025-08-07,CD-SP1,30917,30569,58045,151,4122.3,0.0,0.037,0.807,4.97,156646.36
2025-08-08,CD-SP1,28835,28678,55514,162,3844.7,0.0,0.0481,0.761,4.88,146097.54
2025-08-09,CD-SP1,25331,25182,48802,168,3377.5,0.0,0.0512,0.671,5.89,128343.92
2025-08-10,CD-SP1,24512,24431,45796,130,3268.3,0.0,0.0561,0.653,5.14,124194.31
2025-08-11,CD-SP1,36087,34669,65648,205,4811.6,129.9,0.0602,0.965,6.88,185309.76
2025-08-12,CD-SP1,32430,32286,65044,168,4324.0,0.0,0.0547,0.862,4.87,164312.22
2025-08-13,CD-SP1,31964,31701,62260,154,4261.9,0.0,0.0433,0.84,5.27,161951.15
2025-08-14,CD-SP1,31514,31186,60124,211,4201.9,0.0,0.0387,0.824,5.82,159671.15
2025-08-15,CD-SP1,32344,32053,61738,187,4312.5,0.0,0.0385,0.845,6.58,163876.48
2025-08-16,CD-SP1,27366,27261,52846,139,3648.8,0.0,0.041,0.717,6.73,138654.58
2025-08-17,CD-SP1,23716,23596,45939,149,3162.1,0.0,0.0349,0.618,6.55,120161.22
2025-08-18,CD-SP1,35709,34449,64122,159,4761.2,146.6,0.0761,0.971,10.33,183711.3
2025-08-19,CD-SP1,32168,31764,60555,144,4289.1,0.0,0.0485,0.85,5.7,162984.74
2025-08-20,CD-SP1,31384,30999,58916,165,4184.5,0.0,0.0442,0.825,4.86,159012.46
2025-08-21,CD-SP1,31792,31633,60148,182,4238.9,0.0,0.0588,0.849,5.12,161079.66
2025-08-22,CD-SP1,31158,30749,60401,215,4154.4,0.0,0.0386,0.814,6.69,157867.39
2025-08-23,CD-SP1,25168,24955,45567,112,3355.7,0.0,0.0439,0.662,5.05,127518.02
2025-08-24,CD-SP1,24024,24000,44025,90,3203.2,0.0,0.061,0.643,4.53,121721.74
2025-08-25,CD-SP1,33553,33225,62607,133,4473.7,0.0,0.0588,0.896,5.52,170002.06
2025-08-26,CD-SP1,33906,33474,64683,182,4520.8,0.0,0.0646,0.911,6.69,171790.59
2025-08-27,CD-SP1,31034,30654,60256,189,4137.9,0.0,0.0513,0.822,5.11,157239.11
2025-08-28,CD-SP1,31040,30639,61508,151,4138.7,0.0,0.0554,0.826,6.77,157269.51
2025-08-29,CD-SP1,29147,29007,54962,154,3886.3,0.0,0.0597,0.779,7.74,147678.29
2025-08-30,CD-SP1,25890,25654,50266,130,3452.0,0.0,0.045,0.681,5.68,131176.14
2025-08-31,CD-SP1,23208,23131,44919,119,3094.4,0.0,0.0411,0.608,8.12,117587.32
2025-09-01,CD-SP1,34616,33952,66708,181,4615.5,12.7,0.0591,0.925,7.84,175628.71
2025-09-02,CD-SP1,36853,36212,69976,167,4913.7,123.4,0.0371,0.962,7.44,189067.17
2025-09-03,CD-SP1,30957,30651,58200,138,4127.6,0.0,0.0445,0.814,5.79,156848.96
2025-09-04,CD-SP1,30587,30390,56486,166,4078.3,0.0,0.045,0.805,5.71,154974.29
2025-09-05,CD-SP1,32188,31828,59336,182,4291.7,0.0,0.0625,0.863,5.43,163086.03
2025-09-06,CD-SP1,28782,28682,55185,200,3837.6,0.0,0.0497,0.761,5.99,145828.94
2025-09-07,CD-SP1,23852,23713,45254,130,3180.3,0.0,0.0639,0.64,4.63,120850.25
2025-09-08,CD-SP1,36227,35085,68079,213,4830.3,90.1,0.0427,0.951,8.29,185261.51
2025-09-09,CD-SP1,34907,34344,67484,176,4654.3,0.0,0.0353,0.909,8.57,176862.3
2025-09-10,CD-SP1,34578,34274,65352,187,4610.4,0.0,0.0422,0.907,5.0,175195.36
2025-09-11,CD-SP1,30887,30807,57275,162,4118.3,0.0,0.0569,0.823,6.22,156494.28
2025-09-12,CD-SP1,30157,29757,56896,140,4020.9,0.0,0.0481,0.796,7.14,152795.6
2025-09-13,CD-SP1,26992,26737,52392,137,3598.9,0.0,0.0333,0.702,5.59,136759.59
2025-09-14,CD-SP1,25396,25371,46953,131,3386.1,0.0,0.043,0.667,5.39,128673.18
2025-09-15,CD-SP1,36426,35238,69591,150,4856.8,128.4,0.0504,0.964,6.42,186997.52
2025-09-16,CD-SP1,34531,34149,65513,163,4604.1,0.0,0.0339,0.898,5.39,174957.22
2025-09-17,CD-SP1,31215,31106,58121,168,4162.0,0.0,0.061,0.835,5.75,158156.13
2025-09-18,CD-SP1,31909,31496,60159,173,4254.5,0.0,0.0422,0.837,6.76,161672.4
2025-09-19,CD-SP1,30308,29964,55203,137,4041.1,0.0,0.0504,0.802,4.65,153560.66
2025-09-20,CD-SP1,26643,26406,50768,136,3552.4,0.0,0.0443,0.701,4.93,134991.31
2025-09-21,CD-SP1,24671,24602,45191,142,3289.5,0.0,0.043,0.648,5.1,124999.83
2025-09-22,CD-SP1,37738,36198,73726,180,5469.3,268.4,0.0533,1.002,6.45,212931.98
2025-09-23,CD-SP1,36131,35267,68483,158,4817.5,81.9,0.0425,0.948,7.05,184620.77
2025-09-24,CD-SP1,33162,32892,62060,145,4421.6,0.0,0.0477,0.875,5.94,168020.93
2025-09-25,CD-SP1,32761,32660,64147,142,4368.1,0.0,0.0563,0.873,6.38,165989.19
2025-09-26,CD-SP1,30827,30574,56981,115,4110.3,0.0,0.0566,0.821,4.59,156190.25
2025-09-27,CD-SP1,26581,26440,49510,106,3544.1,0.0,0.0352,0.692,6.22,134677.17
2025-09-28,CD-SP1,24666,24569,44609,117,3288.8,0.0,0.0529,0.655,6.75,124974.49
2025-09-29,CD-SP1,37753,36158,74203,212,5471.5,306.8,0.0638,1.013,7.98,213744.45
2025-09-30,CD-SP1,34976,34385,69730,236,4663.5,0.0,0.04,0.916,6.03,177211.86
2025-10-01,CD-SP1,35603,34711,64666,178,4747.1,52.3,0.0465,0.938,6.24,181381.87
2025-10-02,CD-SP1,34342,34022,63849,164,4578.9,0.0,0.0496,0.908,6.24,173999.59
2025-10-03,CD-SP1,31365,31299,59703,163,4182.0,0.0,0.0494,0.829,5.73,158916.11
2025-10-04,CD-SP1,26020,25766,48767,166,3469.3,0.0,0.0488,0.688,5.11,131834.76
2025-10-05,CD-SP1,24460,24166,46436,132,3261.3,0.0,0.0381,0.639,4.61,123930.75
2025-10-06,CD-SP1,39120,36669,74098,199,5669.6,489.7,0.0759,1.064,7.76,224747.36
2025-10-07,CD-SP1,35623,34722,68410,213,4749.7,7.2,0.0296,0.923,8.48,180627.43
2025-10-08,CD-SP1,33925,33305,62827,169,4523.3,0.0,0.0496,0.897,4.87,171886.78
2025-10-09,CD-SP1,30738,30471,58698,153,4098.4,0.0,0.0479,0.811,5.72,155739.3
2025-10-10,CD-SP1,32136,31892,59265,140,4284.8,0.0,0.0541,0.854,7.36,162822.5
2025-10-11,CD-SP1,27316,26982,51338,110,3642.1,0.0,0.0393,0.715,6.41,138401.15
2025-10-12,CD-SP1,24603,24428,44609,129,3280.4,0.0,0.0544,0.654,6.62,124655.28
2025-10-13,CD-SP1,37149,35629,69832,188,4953.2,214.9,0.0591,0.992,8.03,192303.9
2025-10-14,CD-SP1,35829,34954,67049,179,4777.2,39.0,0.0355,0.934,5.5,182273.93
2025-10-15,CD-SP1,33619,33585,65462,165,4482.5,0.0,0.0362,0.877,7.02,170336.37
2025-10-16,CD-SP1,32590,32385,61824,158,4345.3,0.0,0.046,0.859,7.26,165122.76
2025-10-17,CD-SP1,31192,31083,59456,134,4158.9,0.0,0.0362,0.813,4.83,158039.56
2025-10-18,CD-SP1,26805,26434,50899,182,3574.0,0.0,0.0594,0.716,5.24,135812.08
2025-10-19,CD-SP1,25883,25524,46422,121,3451.1,0.0,0.0534,0.687,5.61,131140.61
2025-10-20,CD-SP1,39946,36990,71909,201,5789.3,572.6,0.0746,1.085,8.11,230872.49
2025-10-21,CD-SP1,32499,32467,61230,173,4333.2,0.0,0.0588,0.868,5.07,164661.69
2025-10-22,CD-SP1,33471,33068,64061,227,4462.8,0.0,0.0422,0.878,5.08,169586.49
2025-10-23,CD-SP1,33321,33074,62919,174,4442.8,0.0,0.038,0.871,6.22,168826.49
2025-10-24,CD-SP1,31813,31401,59070,177,4241.7,0.0,0.0276,0.822,6.57,161185.95
2025-10-25,CD-SP1,26846,26554,50685,110,3579.5,0.0,0.0418,0.704,5.08,136019.8
2025-10-26,CD-SP1,24303,24127,45778,120,3240.4,0.0,0.0591,0.649,6.56,123135.26
2025-10-27,CD-SP1,38648,36486,74937,232,5601.2,356.4,0.0534,1.026,7.29,219616.03
2025-10-28,CD-SP1,38084,36178,73736,256,5519.4,266.4,0.0433,1.0,6.54,214800.21
2025-10-29,CD-SP1,32123,31695,60145,153,4283.1,0.0,0.0406,0.841,5.82,162756.61
2025-10-30,CD-SP1,34315,33566,65113,163,4575.3,0.0,0.048,0.906,5.93,173862.75
2025-10-31,CD-SP1,31304,31113,59910,169,4173.9,0.0,0.0593,0.836,5.86,158607.01
2025-11-01,CD-SP1,27298,27145,52446,133,3639.7,0.0,0.0327,0.709,5.84,138309.93
2025-11-02,CD-SP1,25084,24943,49732,143,3344.5,0.0,0.0342,0.653,5.74,127092.32
2025-11-03,CD-SP1,37980,35759,72109,176,5504.4,358.1,0.0719,1.028,7.55,215969.57
2025-11-04,CD-SP1,37764,36230,73958,178,5035.2,241.5,0.0509,1.0,8.21,195925.79
2025-11-05,CD-SP1,34838,34350,64171,213,4645.1,0.0,0.0429,0.915,6.61,176512.61
2025-11-06,CD-SP1,35531,34563,66376,215,4737.5,81.3,0.0587,0.949,6.23,181567.97
2025-11-07,CD-SP1,33163,32877,59468,121,4421.7,0.0,0.0381,0.866,5.25,168025.94
2025-11-08,CD-SP1,27938,27642,53294,129,3725.1,0.0,0.0524,0.741,4.72,141552.59
2025-11-09,CD-SP1,27793,27592,53707,171,3705.7,0.0,0.0445,0.731,4.76,140817.93
2025-11-10,CD-SP1,39245,36969,69551,239,5687.7,459.6,0.0649,1.055,7.87,224865.1
2025-11-11,CD-SP1,37381,36337,71376,191,4984.1,132.9,0.0259,0.964,7.54,191921.35
2025-11-12,CD-SP1,33982,33584,65592,207,4530.9,0.0,0.0429,0.892,5.17,172175.54
2025-11-13,CD-SP1,33771,33467,65089,186,4502.8,0.0,0.0509,0.894,6.38,171106.47
2025-11-14,CD-SP1,31253,30865,57512,159,4167.1,0.0,0.0485,0.825,5.71,158348.6
2025-11-15,CD-SP1,28632,28487,55508,154,3817.6,0.0,0.055,0.761,5.03,145068.86
2025-11-16,CD-SP1,25259,24973,48004,113,3367.9,0.0,0.0548,0.672,5.6,127978.98
2025-11-17,CD-SP1,39939,37408,77064,174,5788.3,483.3,0.0523,1.059,8.08,229136.49
2025-11-18,CD-SP1,36295,35579,68732,201,4839.3,121.3,0.0516,0.962,6.19,186199.15
2025-11-19,CD-SP1,35953,35008,68996,217,4793.7,52.7,0.0371,0.938,6.92,183163.6
2025-11-20,CD-SP1,34778,34591,68007,178,4637.1,0.0,0.0454,0.916,6.98,176208.6
2025-11-21,CD-SP1,34273,33804,64769,141,4569.7,0.0,0.0542,0.911,5.75,173649.93
2025-11-22,CD-SP1,28545,28231,54641,158,3806.0,0.0,0.0383,0.746,4.88,144628.05
2025-11-23,CD-SP1,25039,24759,49139,121,3338.5,0.0,0.0513,0.663,6.55,126864.31
2025-11-24,CD-SP1,101419,92357,192020,941,14698.4,1975.7,0.056,1.144,8.44,596077.67
2025-11-25,CD-SP1,91629,87171,168939,724,13279.6,771.2,0.0404,1.017,7.7,519275.96
2025-11-26,CD-SP1,88676,84679,171482,799,11823.5,529.9,0.0507,0.995,6.61,459359.59
2025-11-27,CD-SP1,93303,87951,183970,796,13522.2,918.1,0.0383,1.033,7.0,531287.39
2025-11-28,CD-SP1,86134,83687,169205,726,11484.5,257.4,0.0419,0.957,6.26,441303.38
2025-11-29,CD-SP1,71004,70433,137446,555,9467.2,0.0,0.0533,0.799,5.57,359753.71
2025-11-30,CD-SP1,66833,66391,119149,432,8911.1,0.0,0.0459,0.746,4.93,338620.64
2025-12-01,CD-SP1,102361,92915,191232,908,14834.9,2006.6,0.0484,1.145,8.52,601853.71
2025-12-02,CD-SP1,35388,34247,66203,228,4718.4,85.0,0.0638,0.95,5.65,180913.49
2025-12-03,CD-SP1,34116,33715,64897,183,4548.8,0.0,0.0537,0.906,7.73,172854.45
2025-12-04,CD-SP1,34654,34082,68768,182,4620.5,0.0,0.0458,0.913,6.32,175580.32
2025-12-05,CD-SP1,33910,33571,62597,168,4521.3,0.0,0.0289,0.878,5.03,171810.72
2025-12-06,CD-SP1,28756,28649,57860,162,3834.1,0.0,0.0522,0.763,5.91,145697.11
2025-12-07,CD-SP1,24655,24314,46373,103,3287.3,0.0,0.0381,0.644,5.56,124918.7
2025-12-08,CD-SP1,61958,55907,115344,518,8979.4,1061.2,0.05,1.117,9.54,361380.08
2025-12-09,CD-SP1,57766,54376,112197,493,8371.9,610.1,0.0501,1.041,7.63,329723.89
2025-12-10,CD-SP1,55254,52802,107536,486,7367.2,342.9,0.0514,0.998,8.08,286468.52
2025-12-11,CD-SP1,56463,53518,109115,532,8183.0,421.7,0.0387,1.006,6.86,318967.64
2025-12-12,CD-SP1,47141,46441,87754,363,6285.5,0.0,0.0563,0.855,5.7,238847.8
2025-12-13,CD-SP1,42985,42942,82750,345,5731.3,0.0,0.0614,0.784,6.35,217790.72
2025-12-14,CD-SP1,42650,42388,78831,364,5686.7,0.0,0.0558,0.774,5.75,216093.39
2025-12-15,CD-SP1,58246,54117,108346,482,8441.5,770.0,0.0695,1.072,10.65,335404.88
2025-12-16,CD-SP1,60947,56605,115510,524,8832.9,931.7,0.0475,1.096,9.22,353353.38
2025-12-17,CD-SP1,55485,53402,103147,461,7398.0,316.5,0.0415,0.991,7.45,287136.85
2025-12-18,CD-SP1,55341,53417,108061,489,7378.8,318.5,0.0446,0.992,6.84,286445.31
2025-12-19,CD-SP1,50082,49139,93708,385,6677.6,0.0,0.0525,0.905,6.07,253748.86
2025-12-20,CD-SP1,45404,44820,85767,371,6053.9,0.0,0.0349,0.806,6.83,230046.99
2025-12-21,CD-SP1,28129,27973,52207,154,3750.5,0.0,0.0508,0.745,5.2,142520.3
2025-12-22,CD-SP1,40335,37432,78729,256,5845.7,557.8,0.0606,1.079,7.77,232733.94
2025-12-23,CD-SP1,37914,36243,70774,200,5494.8,304.8,0.0589,1.012,7.06,214593.14
2025-12-24,CD-SP1,35881,34711,70223,170,4784.1,71.5,0.0457,0.945,6.08,183154.83
2025-12-25,CD-SP1,33823,33614,66071,177,4509.7,0.0,0.0398,0.885,6.11,171369.91
2025-12-26,CD-SP1,32989,32856,61944,175,4398.5,0.0,0.0556,0.878,7.69,167144.3
2025-12-27,CD-SP1,28493,28372,54179,143,3799.1,0.0,0.0366,0.743,4.76,144364.57
2025-12-28,CD-SP1,27637,27371,51856,118,3684.9,0.0,0.0395,0.723,5.58,140027.5
2025-12-29,CD-SP1,41649,37997,80270,231,6036.1,727.8,0.0662,1.121,8.3,243199.88
2025-12-30,CD-SP1,36421,35107,68846,183,4856.1,133.9,0.0524,0.966,7.03,187077.64
2025-12-31,CD-SP1,35594,34785,66886,169,4745.9,29.8,0.0386,0.93,6.65,180910.08
2026-01-01,CD-SP1,36897,35440,70189,197,4919.6,156.0,0.0469,0.973,6.48,189909.69
2026-01-02,CD-SP1,32484,32126,59150,159,4331.2,0.0,0.0428,0.85,6.06,164585.63
2026-01-03,CD-SP1,27982,27731,53060,155,3730.9,0.0,0.0434,0.729,5.09,141775.5
2026-01-04,CD-SP1,27623,27348,53381,176,3683.1,0.0,0.0462,0.719,5.08,139956.56
2026-01-05,CD-SP1,41669,38105,79459,229,6039.0,660.3,0.0645,1.102,8.12,242027.95
2026-01-06,CD-SP1,38055,36356,74115,195,5074.0,197.8,0.0475,0.985,6.68,196569.94
2026-01-07,CD-SP1,37629,36634,70785,202,5017.2,150.1,0.0472,0.97,6.76,193506.44
2026-01-08,CD-SP1,36339,35570,68210,163,4845.2,7.6,0.0364,0.923,6.02,184261.9
2026-01-09,CD-SP1,34532,34246,63682,191,4604.3,0.0,0.0521,0.888,5.77,174962.17
2026-01-10,CD-SP1,29540,29096,55527,187,3938.7,0.0,0.0494,0.755,6.01,149669.36
2026-01-11,CD-SP1,29834,29757,59617,178,3977.9,0.0,0.0505,0.76,5.67,151158.96
2026-01-12,CD-SP1,40414,38204,77343,260,5857.1,386.1,0.0542,1.03,9.42,229905.76
2026-01-13,CD-SP1,35577,35050,66555,175,4743.6,0.0,0.0523,0.901,5.86,180256.83
2026-01-14,CD-SP1,38195,37115,70649,213,5092.7,80.4,0.0345,0.946,7.19,195049.41
2026-01-15,CD-SP1,34916,34758,63550,153,4655.5,0.0,0.0416,0.868,4.72,176907.76
2026-01-16,CD-SP1,33865,33194,62937,152,4515.3,0.0,0.0468,0.844,5.66,171582.7
2026-01-17,CD-SP1,30481,30137,59071,182,4064.1,0.0,0.0349,0.747,5.41,154437.09
2026-01-18,CD-SP1,26190,25968,49202,149,3492.0,0.0,0.0427,0.645,5.35,132696.02
2026-01-19,CD-SP1,39148,37650,72506,186,5219.7,188.0,0.0618,0.98,8.19,201921.69
2026-01-20,CD-SP1,36324,36288,67475,162,4843.2,0.0,0.0304,0.877,8.05,184041.63
2026-01-21,CD-SP1,35362,35031,68336,236,4714.9,0.0,0.0418,0.861,6.02,179167.49
2026-01-22,CD-SP1,36238,36092,68705,182,4831.7,0.0,0.031,0.869,4.67,183605.9
2026-01-23,CD-SP1,34555,34520,64571,227,4607.3,0.0,0.0653,0.856,5.15,175078.69
2026-01-24,CD-SP1,29597,29440,55778,164,3946.3,0.0,0.0467,0.716,4.77,149958.16
2026-01-25,CD-SP1,26527,26243,53327,126,3536.9,0.0,0.046,0.639,5.63,134403.49
2026-01-26,CD-SP1,37848,36912,74219,126,5046.4,12.3,0.0619,0.924,6.5,191996.65
2026-01-27,CD-SP1,38776,38045,76522,217,5170.1,35.5,0.0498,0.931,5.42,197139.15
2026-01-28,CD-SP1,35979,35928,65208,208,4797.2,0.0,0.0528,0.864,7.07,182293.63
2026-01-29,CD-SP1,36472,36260,69021,202,4862.9,0.0,0.0325,0.854,4.85,184791.49
2026-01-30,CD-SP1,34967,34860,65310,178,4662.3,0.0,0.0595,0.84,5.84,177166.16
2026-01-31,CD-SP1,29625,29595,57093,170,3950.0,0.0,0.055,0.706,7.03,150100.02
2026-02-01,CD-SP1,28814,28680,56273,173,3841.9,0.0,0.0485,0.679,5.65,145990.95
2026-02-02,CD-SP1,41748,39760,80003,231,5566.4,253.4,0.0631,0.996,6.64,216337.49
2026-02-03,CD-SP1,39648,39100,73602,191,5286.4,0.0,0.0242,0.905,5.31,200883.23
2026-02-04,CD-SP1,35886,35796,66997,186,4784.8,0.0,0.039,0.829,5.57,181822.42
2026-02-05,CD-SP1,35875,35552,69276,209,4783.3,0.0,0.0532,0.838,6.13,181766.69
2026-02-06,CD-SP1,34562,34494,66912,196,4608.3,0.0,0.0626,0.813,5.64,175114.16
2026-02-07,CD-SP1,30504,30252,58173,165,4067.2,0.0,0.0548,0.709,4.82,154553.62
2026-02-08,CD-SP1,27840,27655,53077,161,3712.0,0.0,0.0484,0.641,5.16,141056.02
2026-02-09,CD-SP1,42414,40379,80693,237,6147.0,314.9,0.0794,1.005,6.44,239568.11
2026-02-10,CD-SP1,38787,38375,74217,181,5171.6,0.0,0.057,0.895,4.85,196520.82
2026-02-11,CD-SP1,36854,36590,71342,195,4913.9,0.0,0.0458,0.837,4.6,186726.96
2026-02-12,CD-SP1,37365,36826,72171,235,4982.0,0.0,0.0665,0.865,4.88,189316.02
2026-02-13,CD-SP1,32115,31801,61056,139,4282.0,0.0,0.0442,0.723,5.07,162716.02
2026-02-14,CD-SP1,28470,28102,54023,134,3796.0,0.0,0.0372,0.635,5.12,144248.02
2026-02-15,CD-SP1,26919,26660,51029,158,3589.2,0.0,0.0456,0.603,5.29,136389.62
2026-02-16,CD-SP1,38473,38043,71598,195,5129.7,0.0,0.0579,0.871,4.54,194929.89
2026-02-17,CD-SP1,38442,38290,71516,205,5125.6,0.0,0.0461,0.856,4.95,194772.82
2026-02-18,CD-SP1,38196,38047,73611,172,5092.8,0.0,0.0554,0.856,5.01,193526.42
2026-02-19,CD-SP1,36156,35948,67408,182,4820.8,0.0,0.0487,0.802,6.06,183190.42
2026-02-20,CD-SP1,34963,34506,67853,175,4661.7,0.0,0.0529,0.777,4.08,177145.89
2026-02-21,CD-SP1,31139,30878,59084,155,4151.9,0.0,0.0495,0.687,4.11,157770.95
2026-02-22,CD-SP1,29883,29483,58002,177,3984.4,0.0,0.0305,0.644,5.27,151407.22
2026-02-23,CD-SP1,42035,41190,81205,166,5604.7,12.8,0.0519,0.924,5.96,213220.33
2026-02-24,CD-SP1,41481,41029,80562,184,5530.8,0.0,0.0459,0.903,5.53,210170.42
2026-02-25,CD-SP1,37555,37404,70460,195,5007.3,0.0,0.0423,0.812,5.16,190278.69
2026-02-26,CD-SP1,35654,35436,68472,167,4753.9,0.0,0.0471,0.772,3.9,180646.95
2026-02-27,CD-SP1,34196,34095,66234,142,4559.5,0.0,0.0642,0.752,6.83,173259.75
2026-02-28,CD-SP1,28606,28407,52133,128,3814.1,0.0,0.0484,0.616,5.59,144937.08
2026-03-01,CD-SP1,27828,27579,55241,106,3710.4,0.0,0.0344,0.589,3.8,140995.21
2026-03-02,CD-SP1,41849,41453,84254,121,5579.9,0.0,0.0537,0.901,4.63,212034.95
2026-03-03,CD-SP1,40953,40746,79750,199,5460.4,0.0,0.0587,0.884,4.32,207495.22
2026-03-04,CD-SP1,39918,39515,77453,205,5322.4,0.0,0.0573,0.857,4.38,202251.22
2026-03-05,CD-SP1,35156,34928,67831,188,4687.5,0.0,0.0498,0.747,4.13,178123.75
2026-03-06,CD-SP1,35608,35281,67079,214,4747.7,0.0,0.0365,0.744,3.78,180413.88
2026-03-07,CD-SP1,29238,28769,55391,109,3898.4,0.0,0.0475,0.616,4.46,148139.21
2026-03-08,CD-SP1,29367,29184,57213,144,3915.6,0.0,0.0481,0.617,5.59,148792.81
2026-03-09,CD-SP1,59400,57628,109970,229,7920.0,96.9,0.0602,0.94,4.82,302800.61
2026-03-10,CD-SP1,52494,52143,96955,194,6999.2,0.0,0.0404,0.811,4.51,265969.62
2026-03-11,CD-SP1,54738,53964,102915,283,7298.4,0.0,0.0421,0.845,4.17,277339.22
2026-03-12,CD-SP1,50917,50363,98413,264,6788.9,0.0,0.0399,0.782,4.66,257979.49
2026-03-13,CD-SP1,48534,48062,90113,157,6471.2,0.0,0.0398,0.743,4.04,245905.62
2026-03-14,CD-SP1,41126,40995,77676,184,5483.5,0.0,0.0559,0.638,3.73,208371.75
2026-03-15,CD-SP1,39743,39340,75300,193,5299.1,0.0,0.0521,0.612,3.81,201364.55
2026-03-16,CD-SP1,43513,42761,80473,216,5801.7,0.0,0.0577,0.901,5.56,220465.88
2026-03-17,CD-SP1,40027,39765,71168,168,5336.9,0.0,0.0478,0.818,4.06,202803.48
2026-03-18,CD-SP1,38525,38183,71220,126,5136.7,0.0,0.0481,0.785,4.0,195193.35
2026-03-19,CD-SP1,37844,37661,72397,148,5045.9,0.0,0.0637,0.782,5.11,191742.95
2026-03-20,CD-SP1,37174,36726,71534,159,4956.5,0.0,0.056,0.759,5.35,188348.28
2026-03-21,CD-SP1,30326,30109,58369,100,4043.5,0.0,0.0517,0.615,2.99,153651.74
2026-03-22,CD-SP1,27711,27683,53495,95,3694.8,0.0,0.0453,0.556,3.15,140402.41
2026-03-23,CD-SP1,44729,44045,83584,178,5963.9,0.0,0.0565,0.906,4.93,226626.95
2026-03-24,CD-SP1,40057,39766,74425,94,5340.9,0.0,0.0561,0.809,3.86,202955.48
2026-03-25,CD-SP1,39801,39218,76368,177,5306.8,0.0,0.0502,0.796,5.19,201658.41
2026-03-26,CD-SP1,38091,37656,71970,132,5078.8,0.0,0.0384,0.75,2.94,192994.41
2026-03-27,CD-SP1,35573,35354,69202,162,4743.1,0.0,0.0526,0.709,3.88,180236.55
2026-03-28,CD-SP1,31248,30957,59967,113,4166.4,0.0,0.0517,0.621,4.18,158323.21
2026-03-29,CD-SP1,31397,31223,61670,140,4186.3,0.0,0.0282,0.607,3.41,159078.14
2026-03-30,CD-SP1,46519,45752,87303,176,6202.5,0.0,0.0526,0.919,4.82,235696.28
2026-03-31,CD-SP1,40860,40318,79815,106,5448.0,0.0,0.0479,0.801,4.33,207024.01
2026-04-01,CD-SP1,38744,38591,77555,142,5165.9,0.0,0.0296,0.743,3.48,196302.95
2026-04-02,CD-SP1,39227,38718,74637,148,5230.3,0.0,0.0309,0.754,3.4,198750.15
2026-04-03,CD-SP1,34879,34493,67141,163,4650.5,0.0,0.0468,0.681,4.38,176720.28
2026-04-04,CD-SP1,31412,31190,58221,121,4188.3,0.0,0.0489,0.615,3.66,159154.14
2026-04-05,CD-SP1,29533,29482,57433,144,3937.7,0.0,0.0493,0.578,3.94,149633.88
2026-04-06,CD-SP1,44096,43522,86272,159,5879.5,0.0,0.0727,0.885,3.73,223419.75
2026-04-07,CD-SP1,39800,39505,74636,138,5306.7,0.0,0.0457,0.776,3.62,201653.34
2026-04-08,CD-SP1,36594,36324,70601,156,4879.2,0.0,0.042,0.711,3.39,185409.61
2026-04-09,CD-SP1,35263,35074,67494,106,4701.7,0.0,0.0345,0.68,4.01,178665.88
2026-04-10,CD-SP1,34737,34624,66679,108,4631.6,0.0,0.0459,0.678,3.0,176000.81
2026-04-11,CD-SP1,30728,30433,59631,125,4097.1,0.0,0.0507,0.603,2.72,155688.54
2026-04-12,CD-SP1,29425,29309,56671,111,3923.3,0.0,0.051,0.577,3.5,149086.67
2026-04-13,CD-SP1,46843,46093,88676,209,6245.7,36.7,0.0621,0.93,5.65,238034.51
2026-04-14,CD-SP1,42829,42786,83160,187,5710.5,0.0,0.0494,0.839,3.66,217000.28
2026-04-15,CD-SP1,37662,37436,73652,186,5021.6,0.0,0.0552,0.742,3.33,190820.81
2026-04-16,CD-SP1,38707,38422,72471,168,5160.9,0.0,0.0456,0.755,3.25,196115.48
2026-04-17,CD-SP1,35841,35486,68095,149,4778.8,0.0,0.0599,0.71,3.21,181594.41
2026-04-18,CD-SP1,31097,30667,56334,154,4146.3,0.0,0.0392,0.603,2.54,157558.14
2026-04-19,CD-SP1,30095,29821,58059,113,4012.7,0.0,0.0444,0.586,4.73,152481.34
2026-04-20,CD-SP1,45078,44653,88405,158,6010.4,0.0,0.0562,0.889,3.28,228395.21
2026-04-21,CD-SP1,40978,40632,77331,166,5463.7,0.0,0.0513,0.804,3.52,207621.88
2026-04-22,CD-SP1,40658,40430,77521,240,5421.1,0.0,0.0369,0.786,3.29,206000.54
2026-04-23,CD-SP1,36925,36415,69751,156,4923.3,0.0,0.0424,0.718,3.07,187086.68
2026-04-24,CD-SP1,36577,36258,68794,181,4876.9,0.0,0.0341,0.705,4.8,185323.48
2026-04-25,CD-SP1,34463,34429,65880,156,4595.1,0.0,0.0498,0.675,2.89,174612.54
2026-04-26,CD-SP1,30309,30187,56399,93,4041.2,0.0,0.055,0.597,4.04,153565.61
2026-04-27,CD-SP1,46603,45719,87997,264,6213.7,37.8,0.0673,0.93,3.46,236840.6
2026-04-28,CD-SP1,41844,41575,77611,189,5579.2,0.0,0.0515,0.821,3.4,212009.61
2026-04-29,CD-SP1,40227,39846,77616,144,5363.6,0.0,0.0517,0.79,4.59,203816.81
2026-04-30,CD-SP1,38607,38027,73815,177,5147.6,0.0,0.0506,0.757,3.19,195608.81
2026-05-01,CD-SP1,49356,49051,92712,225,6580.8,0.0,0.0539,0.748,3.95,250070.41
2026-05-02,CD-SP1,41723,40981,79351,114,5563.1,0.0,0.0504,0.63,3.16,211396.54
2026-05-03,CD-SP1,41450,41064,78298,158,5526.7,0.0,0.0398,0.619,3.28,210013.34
2026-05-04,CD-SP1,58458,57856,114414,209,7794.4,0.0,0.0584,0.891,4.34,296187.21
2026-05-05,CD-SP1,57953,57386,108833,215,7727.1,0.0,0.0456,0.871,3.97,293628.54
2026-05-06,CD-SP1,55564,55508,107336,225,7408.5,0.0,0.0423,0.832,4.97,281524.28
2026-05-07,CD-SP1,53198,53145,99200,169,7093.1,0.0,0.0325,0.789,3.18,269536.54
2026-05-08,CD-SP1,49439,49248,95947,142,6591.9,0.0,0.0391,0.738,3.78,250490.94
2026-05-09,CD-SP1,43826,43313,85542,234,5843.5,0.0,0.0468,0.66,3.56,222051.74
2026-05-10,CD-SP1,40627,40586,79394,172,5416.9,0.0,0.0522,0.615,3.81,205843.47
2026-05-11,CD-SP1,46361,45649,91496,198,6181.5,0.0,0.0601,0.918,5.02,234895.74
2026-05-12,CD-SP1,39488,39023,75605,174,5265.1,0.0,0.0671,0.788,3.09,200072.54
2026-05-13,CD-SP1,39413,39103,77324,140,5255.1,0.0,0.0376,0.762,3.75,199692.54
2026-05-14,CD-SP1,36405,36253,72126,149,4854.0,0.0,0.0486,0.712,4.79,184452.01
2026-05-15,CD-SP1,35259,34892,65014,96,4701.2,0.0,0.0593,0.698,3.56,178645.61
2026-05-16,CD-SP1,33675,33425,62967,111,4490.0,0.0,0.0535,0.662,4.18,170620.01
2026-05-17,CD-SP1,31557,31344,57598,96,4207.6,0.0,0.0502,0.619,2.65,159888.81
2026-05-18,CD-SP1,44013,43467,85960,221,5868.4,0.0,0.0686,0.88,3.6,222999.21
2026-05-19,CD-SP1,40205,39840,73357,178,5360.7,0.0,0.0454,0.784,3.22,203705.34
2026-05-20,CD-SP1,35950,35515,65106,156,4793.3,0.0,0.0583,0.711,3.96,182146.67
2026-05-21,CD-SP1,38609,38434,71239,120,5147.9,0.0,0.0553,0.761,3.75,195618.94
2026-05-22,CD-SP1,40590,40118,73593,183,5412.0,0.0,0.0422,0.789,3.01,205656.01
2026-05-23,CD-SP1,32818,32594,62801,156,4375.7,0.0,0.0476,0.641,2.79,166277.87
2026-05-24,CD-SP1,30172,29763,55691,142,4022.9,0.0,0.0326,0.581,5.77,152871.47
2026-05-25,CD-SP1,46149,45010,83783,99,6153.2,21.9,0.0722,0.926,4.47,234238.14
2026-05-26,CD-SP1,40349,39835,76579,168,5379.9,0.0,0.0468,0.788,3.8,204434.94
2026-05-27,CD-SP1,39923,39557,75888,149,5323.1,0.0,0.0558,0.787,3.08,202276.54
2026-05-28,CD-SP1,39722,39433,71758,183,5296.3,0.0,0.0441,0.774,3.3,201258.14
2026-05-29,CD-SP1,37523,37278,69955,127,5003.1,0.0,0.0341,0.723,4.8,190116.54
2026-05-30,CD-SP1,33413,32909,63360,176,4455.1,0.0,0.0661,0.666,3.58,169292.54
2026-05-31,CD-SP1,31326,31054,58961,147,4176.8,0.0,0.046,0.611,4.86,158718.4
2026-06-01,CD-SP1,46741,45690,88038,212,6232.1,13.8,0.058,0.924,4.44,237084.16
2026-06-02,CD-SP1,41893,41647,82067,170,5585.7,0.0,0.0602,0.83,4.52,212257.87
2026-06-03,CD-SP1,41851,41471,84009,204,5580.1,0.0,0.0673,0.835,2.64,212045.07
2026-06-04,CD-SP1,42083,41733,79298,128,5611.1,0.0,0.0494,0.824,3.05,213220.54
2026-06-05,CD-SP1,36568,36166,67062,132,4875.7,0.0,0.0542,0.72,3.56,185277.87
2026-06-06,CD-SP1,31684,31649,59828,143,4224.5,0.0,0.0529,0.623,3.35,160532.27
2026-06-07,CD-SP1,32587,32159,62232,112,4344.9,0.0,0.0421,0.633,3.96,165107.47
2026-06-08,CD-SP1,45628,44926,86572,198,6083.7,0.0,0.0605,0.904,3.13,231181.87
2026-06-09,CD-SP1,45297,44717,87447,206,6039.6,0.0,0.0653,0.902,3.11,229504.81
2026-06-10,CD-SP1,40178,39816,80782,148,5357.1,0.0,0.0499,0.787,3.92,203568.54
2026-06-11,CD-SP1,42082,41617,76351,230,5610.9,0.0,0.0443,0.82,4.46,213215.47
2026-06-12,CD-SP1,38248,37665,71701,136,5099.7,0.0,0.0514,0.751,3.29,193789.87
2026-06-13,CD-SP1,33186,32829,65611,157,4424.8,0.0,0.0596,0.657,5.02,168142.4
2026-06-14,CD-SP1,33026,32635,61887,149,4403.5,0.0,0.0352,0.637,5.41,167331.74
2026-06-15,CD-SP1,45616,45202,88471,130,6082.1,0.0,0.068,0.911,3.92,231121.07
2026-06-16,CD-SP1,41994,41952,81113,189,5599.2,0.0,0.0707,0.841,3.27,212769.6
2026-06-17,CD-SP1,40401,40070,79260,144,5386.8,0.0,0.0672,0.806,3.14,204698.4
2026-06-18,CD-SP1,40912,40355,81647,168,5454.9,0.0,0.0556,0.806,3.05,207287.47
2026-06-19,CD-SP1,36193,36010,69369,140,4825.7,0.0,0.0655,0.721,4.12,183377.87
2026-06-20,CD-SP1,33817,33414,61300,137,4508.9,0.0,0.0615,0.671,2.99,171339.47
2026-06-21,CD-SP1,30898,30583,57624,130,4119.7,0.0,0.05,0.605,2.92,156549.87
2026-06-22,CD-SP1,48334,46535,97118,157,6444.5,197.4,0.0734,0.971,4.3,248643.47
2026-06-23,CD-SP1,40015,39615,73199,134,5335.3,0.0,0.0653,0.797,3.49,202742.67
2026-06-24,CD-SP1,40146,39768,77275,180,5352.8,0.0,0.0409,0.779,3.54,203406.4
2026-06-25,CD-SP1,38116,37611,67628,170,5082.1,0.0,0.0556,0.751,4.06,193121.07
2026-06-26,CD-SP1,37399,36995,68531,161,4986.5,0.0,0.0579,0.739,3.42,189488.27
2026-06-27,CD-SP1,33559,33427,65250,118,4474.5,0.0,0.0518,0.659,2.77,170032.27
2026-06-28,CD-SP1,31474,31218,59857,104,4196.5,0.0,0.0511,0.617,3.24,159468.27
2026-06-29,CD-SP1,46321,45423,87138,170,6176.1,18.8,0.0679,0.925,4.14,235050.8
2026-06-30,CD-SP1,43683,42943,81219,221,5824.4,0.0,0.0535,0.859,3.1,221327.2
2026-07-01,CD-SP1,41816,41640,75276,142,5575.5,0.0,0.0599,0.828,3.75,211867.74
2026-07-02,CD-SP1,39302,38880,76036,129,5240.3,0.0,0.0548,0.774,2.58,199130.14
2026-07-03,CD-SP1,39694,39555,74857,156,5292.5,0.0,0.0536,0.781,3.42,201116.27
2026-07-04,CD-SP1,34238,33985,62447,91,4565.1,0.0,0.0443,0.667,4.73,173472.54
2026-07-05,CD-SP1,32285,31954,61390,160,4304.7,0.0,0.0472,0.631,4.42,163577.34
2026-07-06,CD-SP1,47921,46157,92443,177,6389.5,142.9,0.0681,0.957,4.68,245514.99
2026-07-07,CD-SP1,44639,44594,84366,212,5951.9,0.0,0.0454,0.87,3.54,226170.94
2026-07-08,CD-SP1,44735,44482,85256,152,5964.7,0.0,0.0586,0.885,3.94,226657.34
2026-07-09,CD-SP1,40851,40665,77695,150,5446.8,0.0,0.0544,0.804,2.92,206978.4
2026-07-10,CD-SP1,38540,38501,71864,109,5138.7,0.0,0.0641,0.767,4.32,195269.34
2026-07-11,CD-SP1,32768,32535,62348,123,4369.1,0.0,0.0459,0.639,4.97,166024.54
2026-07-12,CD-SP1,30882,30802,59811,137,4117.6,0.0,0.0444,0.602,3.41,156468.8
2026-07-13,CD-SP1,45218,44431,88253,205,6029.1,0.0,0.0751,0.91,4.02,229104.54
2026-07-14,CD-SP1,43053,42836,83503,187,5740.4,0.0,0.052,0.845,4.08,218135.2
2026-07-15,CD-SP1,41898,41457,78192,182,5586.4,0.0,0.0494,0.82,3.06,212283.2
2026-07-16,CD-SP1,41694,41276,80545,135,5559.2,0.0,0.0566,0.823,5.02,211249.6
2026-07-17,CD-SP1,39253,38954,75494,129,5233.7,0.0,0.0603,0.778,5.72,198881.87
2026-07-18,CD-SP1,32942,32511,61421,164,4392.3,0.0,0.041,0.639,3.96,166906.14
2026-07-19,CD-SP1,33240,33018,62384,133,4432.0,0.0,0.0621,0.66,5.15,168416.0
2026-07-20,CD-SP1,48781,47063,94342,201,6504.1,190.7,0.0627,0.969,4.12,250780.7
2026-07-21,CD-SP1,44443,43697,87501,212,5925.7,0.0,0.0646,0.884,3.78,225177.87
2026-07-22,CD-SP1,41279,40873,74691,149,5503.9,0.0,0.0403,0.801,2.66,209146.94
2026-07-23,CD-SP1,42246,41850,83732,137,5632.8,0.0,0.0535,0.831,3.24,214046.4
2026-07-24,CD-SP1,39669,39487,77680,143,5289.2,0.0,0.0535,0.78,3.26,200989.6
2026-07-25,CD-SP1,32320,32098,61730,104,4309.3,0.0,0.0352,0.624,3.11,163754.67
2026-07-26,CD-SP1,32333,32262,61044,147,4311.1,0.0,0.0563,0.638,2.88,163820.54
2026-07-27,CD-SP1,48263,47082,92642,198,6435.1,101.8,0.0506,0.946,4.88,246466.08
2026-07-28,CD-SP1,43535,43090,81322,197,5804.7,0.0,0.0487,0.852,3.02,220577.34
2026-07-29,CD-SP1,42770,42418,80883,167,5702.7,0.0,0.0598,0.847,3.95,216701.34
2026-07-30,CD-SP1,39566,39194,72257,147,5275.5,0.0,0.0468,0.773,3.46,200467.74
2026-07-31,CD-SP1,41491,41240,75220,136,5532.1,0.0,0.0478,0.811,3.77,210221.07
2026-08-01,CD-SP1,35737,35460,72068,122,4764.9,0.0,0.0514,0.701,3.16,181067.47
2026-08-02,CD-SP1,32310,31970,61491,117,4308.0,0.0,0.043,0.629,3.45,163704.0
2026-08-03,CD-SP1,48712,47181,93049,228,6494.9,161.3,0.0568,0.961,7.24,249872.07
2026-08-04,CD-SP1,41396,41141,78589,206,5519.5,0.0,0.0552,0.816,3.74,209739.74
2026-08-05,CD-SP1,41004,40511,76210,150,5467.2,0.0,0.0357,0.792,5.02,207753.6
2026-08-06,CD-SP1,41499,41220,78211,127,5533.2,0.0,0.0413,0.806,4.94,210261.6
2026-08-07,CD-SP1,38370,37821,73078,158,5116.0,0.0,0.0559,0.757,2.82,194408.0
2026-08-08,CD-SP1,35300,35174,66723,179,4706.7,0.0,0.0351,0.681,4.93,178853.34
2026-08-09,CD-SP1,35078,34871,65329,93,4677.1,0.0,0.0592,0.694,3.45,177728.54
2026-08-10,CD-SP1,46386,45878,89245,177,6184.8,0.0,0.0583,0.917,3.77,235022.4
2026-08-11,CD-SP1,44138,43588,84278,176,5885.1,0.0,0.052,0.867,2.93,223632.54
2026-08-12,CD-SP1,43334,43184,83186,213,5777.9,0.0,0.052,0.851,2.82,219558.94
2026-08-13,CD-SP1,44550,44360,86215,185,5940.0,0.0,0.0438,0.867,3.92,225720.0
2026-08-14,CD-SP1,38381,38046,72597,139,5117.5,0.0,0.0452,0.748,2.81,194463.74
2026-08-15,CD-SP1,34939,34607,66089,130,4658.5,0.0,0.0447,0.681,3.96,177024.27
2026-08-16,CD-SP1,35077,34644,69246,165,4676.9,0.0,0.0507,0.688,2.6,177723.47
2026-08-17,CD-SP1,45844,45012,84940,184,6112.5,0.0,0.0521,0.9,3.25,232276.27
2026-08-18,CD-SP1,43683,43202,78905,187,5824.4,0.0,0.0354,0.843,3.35,221327.2
2026-08-19,CD-SP1,42587,42032,82098,129,5678.3,0.0,0.0569,0.841,3.54,215774.14
2026-08-20,CD-SP1,41642,41575,77809,143,5552.3,0.0,0.0391,0.807,2.99,210986.14
2026-08-21,CD-SP1,41474,40893,76566,179,5529.9,0.0,0.0518,0.814,2.85,210134.94
2026-08-22,CD-SP1,35133,34873,68308,175,4684.4,0.0,0.0434,0.684,3.28,178007.2
2026-08-23,CD-SP1,31105,30910,58874,121,4147.3,0.0,0.0437,0.606,3.13,157598.67
2026-08-24,CD-SP1,49821,47687,91512,213,6642.8,314.2,0.0714,0.999,4.86,258395.75
2026-08-25,CD-SP1,45067,44787,89987,207,6008.9,0.0,0.0443,0.878,4.01,228339.47
2026-08-26,CD-SP1,45417,45205,82635,210,6055.6,0.0,0.0421,0.883,4.72,230112.8
2026-08-27,CD-SP1,41723,41315,79093,198,5563.1,0.0,0.0428,0.811,3.25,211396.54
2026-08-28,CD-SP1,39657,39354,71602,150,5287.6,0.0,0.045,0.773,4.01,200928.8
2026-08-29,CD-SP1,35703,35375,68319,153,4760.4,0.0,0.0396,0.692,3.14,180895.2
2026-08-30,CD-SP1,34248,34152,63973,82,4566.4,0.0,0.041,0.665,3.1,173523.2
2026-08-31,CD-SP1,49993,48104,97035,189,7245.4,366.4,0.0733,1.004,5.02,282285.8
2026-09-01,CD-SP1,43533,42977,82675,211,5804.4,0.0,0.0507,0.854,4.47,220567.2
2026-09-02,CD-SP1,44552,43834,87657,236,5940.3,0.0,0.0422,0.866,2.75,225730.14
2026-09-03,CD-SP1,41353,41116,77682,156,5513.7,0.0,0.0529,0.813,2.71,209521.87
2026-09-04,CD-SP1,41130,40977,74847,171,5484.0,0.0,0.0363,0.795,5.34,208392.0
2026-09-05,CD-SP1,33485,33452,64019,108,4464.7,0.0,0.056,0.66,2.97,169657.33
2026-09-06,CD-SP1,34074,33902,64310,132,4543.2,0.0,0.0554,0.671,3.36,172641.6
2026-09-07,CD-SP1,48107,46704,87027,247,6414.3,197.1,0.0779,0.971,4.47,247486.54
2026-09-08,CD-SP1,44441,44381,82093,206,5925.5,0.0,0.0531,0.874,4.98,225167.73
2026-09-09,CD-SP1,45080,44969,83991,200,6010.7,0.0,0.0485,0.882,4.48,228405.33
2026-09-10,CD-SP1,43519,43324,86071,172,5802.5,0.0,0.0553,0.858,2.85,220496.27
2026-09-11,CD-SP1,40148,39621,77701,196,5353.1,0.0,0.044,0.782,3.55,203416.53
2026-09-12,CD-SP1,37245,36946,70118,147,4966.0,0.0,0.0418,0.724,3.75,188708.0
2026-09-13,CD-SP1,33223,32997,63906,167,4429.7,0.0,0.0445,0.647,3.98,168329.87
2026-09-14,CD-SP1,49846,47621,89624,192,6646.1,314.2,0.071,0.999,4.3,258523.28
2026-09-15,CD-SP1,47239,46444,88420,179,6298.5,0.0,0.0382,0.914,3.19,239344.27
2026-09-16,CD-SP1,43275,43200,83090,136,5770.0,0.0,0.0373,0.837,4.06,219260.0
2026-09-17,CD-SP1,44119,43632,84191,174,5882.5,0.0,0.0469,0.862,2.8,223536.27
2026-09-18,CD-SP1,40496,40301,75850,185,5399.5,0.0,0.0547,0.798,3.74,205179.73
2026-09-19,CD-SP1,35136,34899,66691,109,4684.8,0.0,0.0394,0.681,2.86,178022.4
2026-09-20,CD-SP1,35557,35151,68159,151,4740.9,0.0,0.0504,0.697,2.73,180155.47
2026-09-21,CD-SP1,48254,46439,91660,172,6433.9,181.0,0.0709,0.967,4.18,247926.44
2026-09-22,CD-SP1,43094,42456,83734,198,5745.9,0.0,0.0546,0.849,3.43,218342.93
2026-09-23,CD-SP1,46998,46242,90045,191,6266.4,0.0,0.0478,0.919,4.24,238123.2
2026-09-24,CD-SP1,47549,46575,91559,223,6339.9,23.5,0.0443,0.926,4.45,241361.46
2026-09-25,CD-SP1,40916,40454,81246,166,5455.5,0.0,0.0629,0.813,4.19,207307.73
2026-09-26,CD-SP1,33424,32906,64889,121,4456.5,0.0,0.0451,0.652,2.98,169348.27
2026-09-27,CD-SP1,33763,33551,67089,156,4501.7,0.0,0.0525,0.663,4.12,171065.87
2026-09-28,CD-SP1,49862,47526,93063,219,7226.4,365.1,0.0757,1.004,5.24,281540.05
2026-09-29,CD-SP1,47026,45984,85605,173,6270.1,11.8,0.0517,0.923,4.23,238489.9
2026-09-30,CD-SP1,43003,42493,81404,199,5733.7,0.0,0.037,0.831,6.31,217881.87
2025-01-01,CD-SP2,14098,13919,27049,117,1879.8,0.0,0.049,0.708,6.81,104325.2
2025-01-02,CD-SP2,13189,13017,25028,115,1758.6,0.0,0.0552,0.667,8.05,97598.6
2025-01-03,CD-SP2,13355,13166,26621,107,1780.7,0.0,0.0469,0.669,6.73,98827.0
2025-01-04,CD-SP2,11612,11468,22974,83,1548.3,0.0,0.0508,0.584,7.29,85928.8
2025-01-05,CD-SP2,9971,9913,18604,71,1329.5,0.0,0.0416,0.497,5.88,73785.4
2025-01-06,CD-SP2,15072,14846,29850,115,2009.7,0.0,0.0492,0.757,7.25,111532.8
2025-01-07,CD-SP2,14909,14679,29641,117,1987.9,0.0,0.0657,0.762,6.12,110326.6
2025-01-08,CD-SP2,13874,13655,26275,101,1849.9,0.0,0.0337,0.686,6.82,102667.6
2025-01-09,CD-SP2,13758,13587,26171,112,1834.4,0.0,0.0474,0.69,5.99,101809.2
2025-01-10,CD-SP2,12698,12412,24094,89,1693.1,0.0,0.0513,0.639,7.35,93965.2
2025-01-11,CD-SP2,11655,11486,21769,80,1554.0,0.0,0.0491,0.585,7.1,86247.0
2025-01-12,CD-SP2,11057,10941,20707,84,1474.3,0.0,0.0443,0.552,6.81,81821.8
2025-01-13,CD-SP2,15920,15664,31298,119,2122.7,0.0,0.0594,0.808,7.64,117808.0
2025-01-14,CD-SP2,15517,15311,29822,136,2069.0,0.0,0.0461,0.777,7.21,114825.8
2025-01-15,CD-SP2,14342,14262,26852,104,1912.3,0.0,0.0488,0.72,5.98,106130.8
2025-01-16,CD-SP2,13429,13259,24893,99,1790.6,0.0,0.045,0.671,7.61,99374.6
2025-01-17,CD-SP2,13334,13028,24829,87,1777.9,0.0,0.0485,0.669,7.22,98671.6
2025-01-18,CD-SP2,10990,10774,20791,84,1465.4,0.0,0.0344,0.543,6.2,81326.0
2025-01-19,CD-SP2,11159,10992,21712,79,1487.9,0.0,0.0611,0.568,6.69,82576.6
2025-01-20,CD-SP2,15947,15672,29614,121,2126.3,0.0,0.0643,0.814,6.37,118007.8
2025-01-21,CD-SP2,14918,14715,29017,138,1989.1,0.0,0.0467,0.747,9.29,110393.2
2025-01-22,CD-SP2,13854,13644,26459,107,1847.2,0.0,0.04,0.689,6.07,102519.6
2025-01-23,CD-SP2,14521,14385,27694,107,1936.2,0.0,0.037,0.72,6.4,107455.4
2025-01-24,CD-SP2,13168,12926,25695,100,1755.8,0.0,0.0559,0.666,6.64,97443.2
2025-01-25,CD-SP2,11266,11099,21880,85,1502.2,0.0,0.0437,0.563,6.78,83368.4
2025-01-26,CD-SP2,10754,10613,19677,81,1433.9,0.0,0.05,0.541,6.42,79579.6
2025-01-27,CD-SP2,16366,16159,30208,123,2182.2,0.0,0.0492,0.822,6.76,121108.4
2025-01-28,CD-SP2,15294,15089,28883,125,2039.2,0.0,0.0574,0.775,7.12,113175.6
2025-01-29,CD-SP2,14480,14138,27770,129,1930.7,0.0,0.0522,0.73,6.24,107152.0
2025-01-30,CD-SP2,14217,14023,27982,112,1895.6,0.0,0.0444,0.71,6.42,105205.8
2025-01-31,CD-SP2,14315,14106,27245,115,1908.7,0.0,0.0527,0.722,8.78,105931.0
2025-02-01,CD-SP2,11340,11220,22512,80,1512.0,0.0,0.0549,0.573,7.64,83916.0
2025-02-02,CD-SP2,10755,10636,20054,95,1434.0,0.0,0.0383,0.534,7.61,79587.0
2025-02-03,CD-SP2,15699,15494,29406,113,2093.2,0.0,0.0774,0.813,5.97,116172.6
2025-02-04,CD-SP2,15516,15318,29243,94,2068.8,0.0,0.0529,0.782,9.11,114818.4
2025-02-05,CD-SP2,14924,14796,27746,111,1989.9,0.0,0.0434,0.745,6.61,110437.6
2025-02-06,CD-SP2,14030,13898,27470,109,1870.7,0.0,0.0402,0.698,7.76,103822.0
2025-02-07,CD-SP2,12999,12831,22898,87,1733.2,0.0,0.0609,0.661,6.83,96192.6
2025-02-08,CD-SP2,11236,11175,21065,79,1498.2,0.0,0.0507,0.565,5.87,83146.4
2025-02-09,CD-SP2,11265,11079,22050,90,1502.0,0.0,0.0529,0.568,6.45,83361.0
2025-02-10,CD-SP2,16676,16363,31424,135,2223.5,0.0,0.0642,0.851,7.66,123402.4
2025-02-11,CD-SP2,15566,15347,30410,113,2075.5,0.0,0.041,0.775,7.7,115188.4
2025-02-12,CD-SP2,14103,13884,28345,131,1880.4,0.0,0.0531,0.711,6.87,104362.2
2025-02-13,CD-SP2,14283,13942,27195,100,1904.4,0.0,0.0474,0.716,6.06,105694.2
2025-02-14,CD-SP2,13525,13300,26488,108,1803.4,0.0,0.0528,0.682,7.8,100085.0
2025-02-15,CD-SP2,11726,11578,23698,94,1563.5,0.0,0.068,0.601,6.24,86772.4
2025-02-16,CD-SP2,11416,11254,21920,91,1522.2,0.0,0.056,0.577,6.82,84478.4
2025-02-17,CD-SP2,16475,16193,31263,108,2196.7,0.0,0.0714,0.847,7.19,121915.0
2025-02-18,CD-SP2,15729,15511,30595,118,2097.2,0.0,0.0708,0.808,7.29,116394.6
2025-02-19,CD-SP2,14557,14360,28520,116,1941.0,0.0,0.0521,0.733,7.15,107721.8
2025-02-20,CD-SP2,14394,14234,27321,111,1919.2,0.0,0.05,0.723,6.17,106515.6
2025-02-21,CD-SP2,13848,13619,25976,104,1846.4,0.0,0.0476,0.694,6.4,102475.2
2025-02-22,CD-SP2,11107,10990,22057,69,1481.0,0.0,0.0454,0.556,6.16,82191.8
2025-02-23,CD-SP2,11018,10816,20785,92,1469.1,0.0,0.0326,0.544,7.38,81533.2
2025-02-24,CD-SP2,16170,15911,31688,113,2156.0,0.0,0.0703,0.831,7.22,119658.0
2025-02-25,CD-SP2,15107,14998,28902,108,2014.3,0.0,0.0389,0.751,6.23,111791.8
2025-02-26,CD-SP2,14466,14204,28807,98,1928.8,0.0,0.0562,0.732,7.56,107048.4
2025-02-27,CD-SP2,15082,14831,28016,104,2011.0,0.0,0.0487,0.757,7.55,111606.8
2025-02-28,CD-SP2,13214,12963,24544,97,1761.9,0.0,0.054,0.667,8.0,97783.6
2025-03-01,CD-SP2,12170,11959,23643,85,1622.7,0.0,0.0447,0.608,7.18,90058.0
2025-03-02,CD-SP2,10546,10404,19441,75,1406.2,0.0,0.0561,0.534,7.25,78040.4
2025-03-03,CD-SP2,16342,16159,31145,115,2179.0,0.0,0.0697,0.839,6.44,120930.8
2025-03-04,CD-SP2,15631,15411,30909,107,2084.2,0.0,0.0448,0.781,6.59,115669.4
2025-03-05,CD-SP2,14992,14763,27147,106,1999.0,0.0,0.0378,0.744,7.85,110940.8
2025-03-06,CD-SP2,14774,14494,28368,116,1969.9,0.0,0.0524,0.744,6.32,109327.6
2025-03-07,CD-SP2,14086,13848,27617,115,1878.2,0.0,0.0412,0.702,6.19,104236.4
2025-03-08,CD-SP2,11695,11459,22205,84,1559.4,0.0,0.0326,0.577,7.26,86543.0
2025-03-09,CD-SP2,11089,10966,20555,88,1478.5,0.0,0.049,0.557,5.84,82058.6
2025-03-10,CD-SP2,23126,22672,43636,178,3083.5,0.0,0.0697,0.915,6.77,171132.4
2025-03-11,CD-SP2,20962,20665,38949,167,2795.0,0.0,0.0418,0.805,8.06,155118.8
2025-03-12,CD-SP2,19056,18823,36272,137,2540.8,0.0,0.0482,0.737,8.38,141014.4
2025-03-13,CD-SP2,18796,18599,35452,149,2506.2,0.0,0.0417,0.722,7.7,139090.4
2025-03-14,CD-SP2,18010,17765,33757,149,2401.4,0.0,0.0548,0.701,6.79,133274.0
2025-03-15,CD-SP2,16355,16217,31456,136,2180.7,0.0,0.0538,0.636,6.19,121027.0
2025-03-16,CD-SP2,15380,15102,30436,126,2050.7,0.0,0.0429,0.591,5.98,113812.0
2025-03-17,CD-SP2,17132,16868,32832,135,2284.3,0.0,0.0518,0.863,6.48,126776.8
2025-03-18,CD-SP2,15487,15241,30466,118,2065.0,0.0,0.0333,0.765,5.99,114603.8
2025-03-19,CD-SP2,14943,14772,29571,118,1992.4,0.0,0.0524,0.753,9.02,110578.2
2025-03-20,CD-SP2,14901,14607,27875,106,1986.8,0.0,0.0359,0.738,6.45,110267.4
2025-03-21,CD-SP2,13714,13601,26245,100,1828.6,0.0,0.052,0.691,6.53,101483.6
2025-03-22,CD-SP2,12168,12025,22861,84,1622.4,0.0,0.0512,0.612,7.48,90043.2
2025-03-23,CD-SP2,11138,11060,20337,94,1485.1,0.0,0.041,0.555,5.94,82421.2
2025-03-24,CD-SP2,16610,16375,31854,138,2214.7,0.0,0.0587,0.843,6.54,122914.0
2025-03-25,CD-SP2,15602,15349,28823,108,2080.3,0.0,0.053,0.787,6.72,115454.8
2025-03-26,CD-SP2,14321,14158,27557,107,1909.5,0.0,0.0385,0.711,6.0,105975.4
2025-03-27,CD-SP2,14916,14769,27180,98,1988.8,0.0,0.0377,0.74,6.16,110378.4
2025-03-28,CD-SP2,13715,13484,26176,118,1828.7,0.0,0.0471,0.687,6.33,101491.0
2025-03-29,CD-SP2,12051,11786,21950,90,1606.8,0.0,0.0552,0.609,7.75,89177.4
2025-03-30,CD-SP2,11660,11412,22547,91,1554.7,0.0,0.0579,0.591,8.33,86284.0
2025-03-31,CD-SP2,17185,16962,32313,126,2291.4,0.0,0.0592,0.872,7.12,127169.0
2025-04-01,CD-SP2,16275,16147,30524,120,2170.0,0.0,0.0393,0.809,6.66,120435.0
2025-04-02,CD-SP2,14981,14693,29308,111,1997.5,0.0,0.0535,0.756,8.06,110859.4
2025-04-03,CD-SP2,14532,14313,27377,109,1937.6,0.0,0.0316,0.717,7.57,107536.8
2025-04-04,CD-SP2,13985,13770,26649,92,1864.7,0.0,0.051,0.704,9.69,103489.0
2025-04-05,CD-SP2,11400,11328,21547,72,1520.0,0.0,0.0446,0.57,5.9,84360.0
2025-04-06,CD-SP2,10949,10895,21081,92,1459.9,0.0,0.0554,0.553,6.75,81022.6
2025-04-07,CD-SP2,16231,16031,31685,125,2164.1,0.0,0.0712,0.834,6.35,120109.4
2025-04-08,CD-SP2,15438,15277,29977,110,2058.4,0.0,0.0375,0.766,5.94,114241.2
2025-04-09,CD-SP2,15331,15170,28771,108,2044.1,0.0,0.0463,0.768,6.75,113449.4
2025-04-10,CD-SP2,14365,14090,28162,115,1915.3,0.0,0.0404,0.715,9.43,106301.0
2025-04-11,CD-SP2,13919,13763,25808,100,1855.9,0.0,0.0467,0.697,6.09,103000.6
2025-04-12,CD-SP2,12739,12509,23731,107,1698.5,0.0,0.0499,0.64,10.67,94268.6
2025-04-13,CD-SP2,11456,11288,21693,86,1527.5,0.0,0.0423,0.571,7.6,84774.4
2025-04-14,CD-SP2,17559,17341,34281,153,2341.2,0.0,0.0616,0.893,8.32,129936.6
2025-04-15,CD-SP2,15562,15349,28657,108,2074.9,0.0,0.0527,0.784,8.12,115158.8
2025-04-16,CD-SP2,15098,14953,29359,127,2013.1,0.0,0.0571,0.765,7.13,111725.2
2025-04-17,CD-SP2,14425,14298,27368,107,1923.3,0.0,0.0473,0.723,6.44,106745.0
2025-04-18,CD-SP2,14018,13723,26330,101,1869.1,0.0,0.0499,0.705,5.99,103733.2
2025-04-19,CD-SP2,12616,12329,24663,97,1682.1,0.0,0.0361,0.625,6.1,93358.4
2025-04-20,CD-SP2,10962,10859,20388,85,1461.6,0.0,0.0577,0.555,7.27,81118.8
2025-04-21,CD-SP2,17478,17274,35206,142,2330.4,0.0,0.064,0.892,6.63,129337.2
2025-04-22,CD-SP2,16316,16104,30856,109,2175.5,0.0,0.0461,0.817,6.14,120738.4
2025-04-23,CD-SP2,14977,14791,28569,117,1996.9,0.0,0.0457,0.749,6.96,110829.8
2025-04-24,CD-SP2,14248,14099,28170,111,1899.7,0.0,0.0479,0.715,7.07,105435.2
2025-04-25,CD-SP2,14305,14155,27305,113,1907.3,0.0,0.0552,0.723,7.48,105857.0
2025-04-26,CD-SP2,12098,11914,23705,85,1613.1,0.0,0.0522,0.609,6.23,89525.2
2025-04-27,CD-SP2,11830,11710,21322,84,1577.3,0.0,0.0579,0.6,6.66,87542.0
2025-04-28,CD-SP2,17328,17055,32540,137,2310.4,0.0,0.0619,0.882,6.27,128227.2
2025-04-29,CD-SP2,17187,16963,32996,130,2291.6,0.0,0.059,0.872,6.04,127183.8
2025-04-30,CD-SP2,15254,15053,29807,120,2033.9,0.0,0.0535,0.77,7.85,112879.6
2025-05-01,CD-SP2,18919,18589,36674,127,2522.5,0.0,0.0445,0.753,7.75,140000.6
2025-05-02,CD-SP2,18773,18454,36303,144,2503.1,0.0,0.0357,0.741,5.91,138920.2
2025-05-03,CD-SP2,16241,16159,31720,141,2165.5,0.0,0.0457,0.648,6.79,120183.4
2025-05-04,CD-SP2,16073,15791,30920,117,2143.1,0.0,0.0575,0.649,8.07,118940.2
2025-05-05,CD-SP2,23301,22647,41775,139,3106.8,31.6,0.0538,0.937,8.33,172427.4
2025-05-06,CD-SP2,21545,21293,42489,150,2872.7,0.0,0.0457,0.859,6.18,159433.0
2025-05-07,CD-SP2,21144,20843,39288,170,2819.2,0.0,0.0463,0.844,8.25,156465.6
2025-05-08,CD-SP2,18914,18700,36233,147,2521.9,0.0,0.0525,0.76,8.07,139963.6
2025-05-09,CD-SP2,18344,18111,35020,139,2445.9,0.0,0.0459,0.732,7.03,135745.6
2025-05-10,CD-SP2,15684,15410,29837,118,2091.2,0.0,0.038,0.62,6.55,116061.6
2025-05-11,CD-SP2,15221,15041,28078,107,2029.5,0.0,0.0496,0.609,6.17,112635.4
2025-05-12,CD-SP2,16672,16402,30061,122,2222.9,0.0,0.0541,0.842,6.75,123372.8
2025-05-13,CD-SP2,16829,16711,31132,133,2243.9,0.0,0.0303,0.829,8.51,124534.6
2025-05-14,CD-SP2,15440,15250,29974,108,2058.7,0.0,0.0597,0.784,6.19,114256.0
2025-05-15,CD-SP2,14482,14239,26468,115,1930.9,0.0,0.0524,0.73,8.68,107166.8
2025-05-16,CD-SP2,14001,13824,25986,110,1866.8,0.0,0.0641,0.714,7.47,103607.4
2025-05-17,CD-SP2,12678,12454,24353,106,1690.4,0.0,0.052,0.639,6.75,93817.2
2025-05-18,CD-SP2,12289,12130,22718,85,1638.5,0.0,0.0504,0.618,8.09,90938.6
2025-05-19,CD-SP2,18848,18131,35299,138,2513.1,61.0,0.063,0.96,7.85,139475.2
2025-05-20,CD-SP2,18246,17790,34742,126,2432.8,0.0,0.0435,0.911,7.04,135020.4
2025-05-21,CD-SP2,15878,15602,30393,128,2117.1,0.0,0.0491,0.797,7.79,117497.2
2025-05-22,CD-SP2,14825,14762,27391,120,1976.7,0.0,0.0406,0.738,6.78,109705.0
2025-05-23,CD-SP2,13511,13327,25766,106,1801.5,0.0,0.0404,0.672,6.73,99981.4
2025-05-24,CD-SP2,12731,12531,24443,98,1697.5,0.0,0.0423,0.635,6.34,94209.4
2025-05-25,CD-SP2,11666,11474,21423,83,1555.5,0.0,0.0553,0.59,6.59,86328.4
2025-05-26,CD-SP2,17461,17249,33363,151,2328.1,0.0,0.0501,0.878,8.92,129211.4
2025-05-27,CD-SP2,16297,16027,30380,115,2172.9,0.0,0.0353,0.807,5.77,120597.8
2025-05-28,CD-SP2,15664,15376,29859,127,2088.5,0.0,0.0497,0.787,6.18,115913.6
2025-05-29,CD-SP2,16022,15796,31021,130,2136.3,0.0,0.0417,0.798,6.26,118562.8
2025-05-30,CD-SP2,14766,14557,27925,99,1968.8,0.0,0.0529,0.744,6.66,109268.4
2025-05-31,CD-SP2,12616,12418,24547,116,1682.1,0.0,0.0529,0.636,6.54,93358.4
2025-06-01,CD-SP2,11639,11435,22574,87,1551.9,0.0,0.0547,0.588,6.91,86128.6
2025-06-02,CD-SP2,16776,16515,32636,125,2236.8,0.0,0.0609,0.853,5.83,124142.4
2025-06-03,CD-SP2,16465,16204,31615,134,2195.3,0.0,0.0613,0.838,6.9,121841.0
2025-06-04,CD-SP2,15802,15542,30894,127,2106.9,0.0,0.0569,0.8,8.9,116934.8
2025-06-05,CD-SP2,16496,16283,31660,112,2199.5,0.0,0.0512,0.83,6.78,122070.4
2025-06-06,CD-SP2,14837,14761,26953,88,1978.3,0.0,0.0548,0.75,6.57,109793.8
2025-06-07,CD-SP2,13198,13084,24554,88,1759.7,0.0,0.054,0.666,6.68,97665.2
2025-06-08,CD-SP2,11935,11861,22550,74,1591.3,0.0,0.0485,0.599,6.48,88319.0
2025-06-09,CD-SP2,17180,16900,32567,137,2290.7,0.0,0.053,0.866,7.47,127132.0
2025-06-10,CD-SP2,16277,16158,31217,141,2170.3,0.0,0.057,0.824,7.05,120449.8
2025-06-11,CD-SP2,15519,15316,28860,115,2069.2,0.0,0.0565,0.785,6.98,114840.6
2025-06-12,CD-SP2,16788,16619,33583,123,2238.4,0.0,0.0326,0.829,8.09,124231.2
2025-06-13,CD-SP2,14428,14252,27339,126,1923.7,0.0,0.0591,0.732,7.48,106767.2
2025-06-14,CD-SP2,13209,13006,25092,107,1761.2,0.0,0.0651,0.675,5.77,97746.6
2025-06-15,CD-SP2,11831,11699,22082,94,1577.5,0.0,0.042,0.59,6.46,87549.4
2025-06-16,CD-SP2,18615,18017,34435,132,2482.0,46.3,0.0654,0.951,7.01,137751.0
2025-06-17,CD-SP2,17172,16810,32518,126,2289.6,0.0,0.0495,0.863,6.24,127072.8
2025-06-18,CD-SP2,15928,15697,30285,128,2123.7,0.0,0.0643,0.813,6.35,117867.2
2025-06-19,CD-SP2,15692,15527,29747,116,2092.3,0.0,0.06,0.797,6.23,116120.8
2025-06-20,CD-SP2,14598,14410,28944,126,1946.4,0.0,0.048,0.732,7.53,108025.2
2025-06-21,CD-SP2,13108,12949,24822,102,1747.7,0.0,0.0537,0.661,7.33,96999.2
2025-06-22,CD-SP2,12092,11886,22923,101,1612.3,0.0,0.0694,0.62,6.46,89480.8
2025-06-23,CD-SP2,17353,17121,33678,135,2313.7,0.0,0.061,0.882,7.32,128412.2
2025-06-24,CD-SP2,16279,16045,30791,130,2170.5,0.0,0.0509,0.819,7.14,120464.6
2025-06-25,CD-SP2,16205,15965,31226,116,2160.7,0.0,0.0551,0.819,6.85,119917.0
2025-06-26,CD-SP2,16679,16400,30623,121,2223.9,0.0,0.0461,0.835,6.64,123424.6
2025-06-27,CD-SP2,15111,14955,27750,112,2014.8,0.0,0.0691,0.775,7.67,111821.4
2025-06-28,CD-SP2,12928,12765,24642,82,1723.7,0.0,0.0472,0.648,6.72,95667.2
2025-06-29,CD-SP2,12482,12319,23571,90,1664.3,0.0,0.0399,0.621,6.95,92366.8
2025-06-30,CD-SP2,19069,18453,35460,145,2542.5,77.1,0.0618,0.971,8.16,141110.6
2025-07-01,CD-SP2,17271,17062,32920,137,2302.8,0.0,0.0562,0.874,6.37,127805.4
2025-07-02,CD-SP2,15968,15821,30506,133,2129.1,0.0,0.0446,0.798,6.34,118163.2
2025-07-03,CD-SP2,16512,16299,30787,122,2201.6,0.0,0.0534,0.833,6.59,122188.8
2025-07-04,CD-SP2,15341,15105,28750,110,2045.5,0.0,0.0595,0.779,7.51,113523.4
2025-07-05,CD-SP2,13758,13507,26289,121,1834.4,0.0,0.0413,0.685,6.66,101809.2
2025-07-06,CD-SP2,12509,12346,23128,102,1667.9,0.0,0.0465,0.626,5.86,92566.6
2025-07-07,CD-SP2,17555,17039,32824,136,2340.7,0.0,0.0688,0.9,7.32,129907.0
2025-07-08,CD-SP2,16413,16201,31623,137,2188.4,0.0,0.0566,0.831,6.4,121456.2
2025-07-09,CD-SP2,17236,17016,32728,129,2298.1,0.0,0.0467,0.863,6.22,127546.4
2025-07-10,CD-SP2,16952,16700,31804,124,2260.3,0.0,0.0522,0.854,7.39,125444.8
2025-07-11,CD-SP2,15106,14889,28019,112,2014.1,0.0,0.0527,0.761,7.39,111784.4
2025-07-12,CD-SP2,12956,12710,23960,90,1727.5,0.0,0.0568,0.656,6.86,95874.4
2025-07-13,CD-SP2,13141,13030,24881,103,1752.1,0.0,0.0552,0.664,6.54,97243.4
2025-07-14,CD-SP2,17732,17359,35487,141,2364.3,0.0,0.063,0.904,6.75,131216.8
2025-07-15,CD-SP2,16795,16495,32386,139,2239.3,0.0,0.0548,0.848,6.02,124283.0
2025-07-16,CD-SP2,16757,16559,30722,118,2234.3,0.0,0.0477,0.84,5.77,124001.8
2025-07-17,CD-SP2,15858,15643,30691,120,2114.4,0.0,0.0547,0.801,6.46,117349.2
2025-07-18,CD-SP2,15286,15050,28463,124,2038.1,0.0,0.0588,0.775,6.48,113116.4
2025-07-19,CD-SP2,13132,12924,24948,100,1750.9,0.0,0.07,0.674,6.19,97176.8
2025-07-20,CD-SP2,12722,12544,23797,94,1696.3,0.0,0.0483,0.638,8.08,94142.8
2025-07-21,CD-SP2,19467,18626,38956,150,2595.6,115.3,0.0649,0.994,7.97,144055.8
2025-07-22,CD-SP2,17494,17282,32247,124,2332.5,0.0,0.0458,0.875,6.85,129455.6
2025-07-23,CD-SP2,16855,16617,32289,136,2247.3,0.0,0.0427,0.841,7.02,124727.0
2025-07-24,CD-SP2,15013,14854,28010,103,2001.7,0.0,0.0473,0.753,7.16,111096.2
2025-07-25,CD-SP2,15351,15138,29734,112,2046.8,0.0,0.0603,0.78,6.31,113597.4
2025-07-26,CD-SP2,12892,12732,24684,104,1718.9,0.0,0.0569,0.653,6.52,95400.8
2025-07-27,CD-SP2,12107,11945,23763,103,1614.3,0.0,0.0534,0.611,6.76,89591.8
2025-07-28,CD-SP2,18087,17676,35015,146,2411.6,3.4,0.0636,0.922,6.9,133843.8
2025-07-29,CD-SP2,17334,17061,32334,144,2311.2,0.0,0.0471,0.869,7.93,128271.6
2025-07-30,CD-SP2,17109,16792,35002,136,2281.2,0.0,0.0437,0.854,9.85,126606.6
2025-07-31,CD-SP2,15511,15350,29902,106,2068.1,0.0,0.0465,0.777,7.0,114781.4
2025-08-01,CD-SP2,15482,15358,28990,100,2064.3,0.0,0.0386,0.769,6.99,114566.8
2025-08-02,CD-SP2,13134,12893,25090,109,1751.2,0.0,0.0559,0.664,7.82,97191.6
2025-08-03,CD-SP2,12573,12406,24285,89,1676.4,0.0,0.0597,0.638,7.52,93040.2
2025-08-04,CD-SP2,19427,18603,37487,147,2590.3,79.0,0.0445,0.971,8.0,143759.8
2025-08-05,CD-SP2,17972,17696,34593,166,2396.3,0.0,0.0473,0.901,9.06,132992.8
2025-08-06,CD-SP2,17454,17227,34006,138,2327.2,0.0,0.0472,0.875,6.34,129159.6
2025-08-07,CD-SP2,16272,16256,31623,130,2169.6,0.0,0.0467,0.815,7.41,120412.8
2025-08-08,CD-SP2,15176,14945,28191,99,2023.5,0.0,0.0443,0.758,6.52,112302.4
2025-08-09,CD-SP2,13332,13227,26736,114,1777.6,0.0,0.0532,0.672,7.11,98656.8
2025-08-10,CD-SP2,12901,12805,25782,97,1720.1,0.0,0.0483,0.647,6.45,95467.4
2025-08-11,CD-SP2,18993,18246,36847,147,2532.4,81.1,0.0683,0.973,10.01,140548.2
2025-08-12,CD-SP2,17069,16833,32464,145,2275.9,0.0,0.0391,0.848,7.89,126310.6
2025-08-13,CD-SP2,16823,16594,32011,133,2243.1,0.0,0.0339,0.832,7.06,124490.2
2025-08-14,CD-SP2,16586,16354,31245,107,2211.5,0.0,0.0485,0.832,7.54,122736.4
2025-08-15,CD-SP2,17023,16862,32178,129,2269.7,0.0,0.0413,0.848,6.19,125970.2
2025-08-16,CD-SP2,14403,14151,25791,94,1920.4,0.0,0.0534,0.727,5.97,106582.2
2025-08-17,CD-SP2,12482,12299,24671,90,1664.3,0.0,0.028,0.613,6.32,92366.8
2025-08-18,CD-SP2,18794,18133,36815,151,2505.9,46.5,0.0563,0.951,9.64,139075.6
2025-08-19,CD-SP2,16930,16576,30748,135,2257.3,0.0,0.0401,0.842,6.45,125282.0
2025-08-20,CD-SP2,16518,16343,32119,140,2202.4,0.0,0.0423,0.824,7.62,122233.2
2025-08-21,CD-SP2,16732,16569,31784,109,2230.9,0.0,0.0471,0.838,6.57,123816.8
2025-08-22,CD-SP2,16399,16128,30995,121,2186.5,0.0,0.0522,0.826,6.62,121352.6
2025-08-23,CD-SP2,13246,13115,25494,116,1766.1,0.0,0.0501,0.666,6.46,98020.4
2025-08-24,CD-SP2,12644,12387,22922,84,1685.9,0.0,0.051,0.636,6.42,93565.6
2025-08-25,CD-SP2,17660,17352,33544,153,2354.7,0.0,0.0586,0.896,7.75,130684.0
2025-08-26,CD-SP2,17845,17462,33976,144,2379.3,0.0,0.0619,0.908,6.82,132053.0
2025-08-27,CD-SP2,16334,16111,31100,122,2177.9,0.0,0.0561,0.826,6.41,120871.6
2025-08-28,CD-SP2,16337,16114,29923,92,2178.3,0.0,0.0425,0.815,6.74,120893.8
2025-08-29,CD-SP2,15340,15121,29489,108,2045.3,0.0,0.0479,0.769,6.52,113516.0
2025-08-30,CD-SP2,13626,13414,26611,110,1816.8,0.0,0.0423,0.679,6.23,100832.4
2025-08-31,CD-SP2,12215,12039,23457,92,1628.7,0.0,0.0479,0.613,7.39,90391.0
2025-09-01,CD-SP2,18219,17886,34407,125,2429.2,0.0,0.0522,0.918,7.45,134820.6
2025-09-02,CD-SP2,19396,18611,39460,136,2586.1,67.4,0.0387,0.963,7.56,143530.4
2025-09-03,CD-SP2,16293,16212,30203,122,2172.4,0.0,0.0277,0.8,6.23,120568.2
2025-09-04,CD-SP2,16099,15833,31211,126,2146.5,0.0,0.0418,0.802,7.85,119132.6
2025-09-05,CD-SP2,16941,16720,32394,137,2258.8,0.0,0.0575,0.858,6.06,125363.4
2025-09-06,CD-SP2,15149,14972,30307,113,2019.9,0.0,0.0438,0.756,7.24,112102.6
2025-09-07,CD-SP2,12554,12364,24095,87,1673.9,0.0,0.0442,0.627,5.86,92899.6
2025-09-08,CD-SP2,19067,18398,36800,170,2542.3,77.6,0.0622,0.971,8.09,141095.8
2025-09-09,CD-SP2,18372,18013,35371,145,2449.6,0.0,0.037,0.911,7.27,135952.8
2025-09-10,CD-SP2,18199,17793,33615,147,2426.5,0.0,0.0452,0.91,6.42,134672.6
2025-09-11,CD-SP2,16256,16118,30180,118,2167.5,0.0,0.0521,0.819,6.02,120294.4
2025-09-12,CD-SP2,15872,15585,29938,131,2116.3,0.0,0.0515,0.799,6.87,117452.8
2025-09-13,CD-SP2,14206,13975,27671,122,1894.1,0.0,0.0528,0.716,6.01,105124.4
2025-09-14,CD-SP2,13366,13209,25551,91,1782.1,0.0,0.0551,0.675,8.16,98908.4
2025-09-15,CD-SP2,19172,18399,36229,145,2556.3,91.1,0.0653,0.979,7.79,141872.8
2025-09-16,CD-SP2,18174,17842,35778,142,2423.2,0.0,0.0393,0.903,8.78,134487.6
2025-09-17,CD-SP2,16429,16191,29587,112,2190.5,0.0,0.0422,0.819,8.06,121574.6
2025-09-18,CD-SP2,16794,16542,30820,111,2239.2,0.0,0.0605,0.854,6.65,124275.6
2025-09-19,CD-SP2,15952,15801,28318,116,2126.9,0.0,0.0515,0.803,6.9,118044.8
2025-09-20,CD-SP2,14023,13840,27491,112,1869.7,0.0,0.0464,0.702,7.76,103770.2
2025-09-21,CD-SP2,12985,12758,24609,101,1731.3,0.0,0.0381,0.645,6.12,96089.0
2025-09-22,CD-SP2,19862,18724,38697,139,2878.6,152.3,0.0593,1.008,8.24,146978.8
2025-09-23,CD-SP2,19016,18449,36027,143,2535.5,55.6,0.0507,0.957,9.48,140718.4
2025-09-24,CD-SP2,17454,17159,34056,138,2327.2,0.0,0.0451,0.873,7.6,129159.6
2025-09-25,CD-SP2,17243,17020,32652,125,2299.1,0.0,0.0408,0.858,6.56,127598.2
2025-09-26,CD-SP2,16225,16086,31160,103,2163.3,0.0,0.0467,0.813,6.91,120065.0
2025-09-27,CD-SP2,13990,13824,26765,105,1865.3,0.0,0.0545,0.707,6.3,103526.0
2025-09-28,CD-SP2,12982,12761,24885,101,1730.9,0.0,0.0503,0.653,6.5,96066.8
2025-09-29,CD-SP2,19870,18684,39427,130,2879.7,162.4,0.0643,1.014,9.1,147038.0
2025-09-30,CD-SP2,18408,18076,33480,117,2454.4,5.6,0.0485,0.924,7.12,136219.2
2025-10-01,CD-SP2,18739,18160,35540,126,2498.5,11.6,0.0355,0.928,8.06,138668.6
2025-10-02,CD-SP2,18075,17669,34521,142,2410.0,0.0,0.0472,0.906,6.38,133755.0
2025-10-03,CD-SP2,16508,16301,31405,131,2201.1,0.0,0.0575,0.836,7.21,122159.2
2025-10-04,CD-SP2,13695,13491,25748,118,1826.0,0.0,0.0429,0.683,6.16,101343.0
2025-10-05,CD-SP2,12874,12723,24116,87,1716.5,0.0,0.0528,0.649,6.63,95267.6
2025-10-06,CD-SP2,20590,19048,40696,165,2984.1,234.2,0.0644,1.051,8.66,152366.0
2025-10-07,CD-SP2,18749,18137,35557,163,2499.9,36.0,0.0516,0.944,8.11,138742.6
2025-10-08,CD-SP2,17855,17602,36101,127,2380.7,0.0,0.0454,0.893,6.23,132127.0
2025-10-09,CD-SP2,16178,15996,31166,127,2157.1,0.0,0.0521,0.815,7.41,119717.2
2025-10-10,CD-SP2,16914,16638,31892,128,2255.2,0.0,0.0373,0.839,6.73,125163.6
2025-10-11,CD-SP2,14377,14117,27714,124,1916.9,0.0,0.0453,0.719,6.57,106389.8
2025-10-12,CD-SP2,12949,12779,24674,93,1726.5,0.0,0.0507,0.651,6.34,95822.6
2025-10-13,CD-SP2,19552,18488,38461,145,2606.9,118.4,0.0624,0.996,8.06,144684.8
2025-10-14,CD-SP2,18858,18309,34729,138,2514.4,47.7,0.0538,0.952,9.03,139549.2
2025-10-15,CD-SP2,17694,17446,32025,131,2359.2,0.0,0.0437,0.884,6.37,130935.6
2025-10-16,CD-SP2,17152,16864,32898,100,2286.9,0.0,0.0406,0.854,8.04,126924.8
2025-10-17,CD-SP2,16417,16118,31878,139,2188.9,0.0,0.0359,0.813,8.55,121485.8
2025-10-18,CD-SP2,14108,13875,27007,113,1881.1,0.0,0.0428,0.704,6.55,104399.2
2025-10-19,CD-SP2,13623,13347,26342,98,1816.4,0.0,0.0491,0.684,5.97,100810.2
2025-10-20,CD-SP2,21024,19424,40498,182,3047.0,283.3,0.0661,1.075,10.39,155577.6
2025-10-21,CD-SP2,17105,16811,31233,135,2280.7,0.0,0.0338,0.845,7.65,126577.0
2025-10-22,CD-SP2,17616,17362,33718,120,2348.8,0.0,0.0544,0.89,8.2,130358.4
2025-10-23,CD-SP2,17537,17329,34475,129,2338.3,0.0,0.0372,0.87,6.68,129773.8
2025-10-24,CD-SP2,16744,16574,31957,121,2232.5,0.0,0.048,0.84,6.99,123905.6
2025-10-25,CD-SP2,14129,13945,25920,101,1883.9,0.0,0.0404,0.703,6.43,104554.6
2025-10-26,CD-SP2,12791,12669,24089,101,1705.5,0.0,0.0483,0.642,6.41,94653.4
2025-10-27,CD-SP2,20341,19174,39214,162,2948.0,201.8,0.0608,1.034,9.1,150523.4
2025-10-28,CD-SP2,20044,18993,39883,159,2904.9,153.2,0.0504,1.008,9.57,148325.6
2025-10-29,CD-SP2,16907,16692,30470,111,2254.3,0.0,0.0598,0.859,7.48,125111.8
2025-10-30,CD-SP2,18060,17653,34640,132,2408.0,0.0,0.0482,0.906,7.13,133644.0
2025-10-31,CD-SP2,16476,16180,30536,131,2196.8,0.0,0.0444,0.823,7.89,121922.4
2025-11-01,CD-SP2,14368,14241,27664,102,1915.7,0.0,0.0487,0.721,6.05,106323.2
2025-11-02,CD-SP2,13202,13049,25472,116,1760.3,0.0,0.0606,0.671,10.12,97694.8
2025-11-03,CD-SP2,19989,18881,37746,155,2897.0,175.7,0.0653,1.021,8.07,147918.6
2025-11-04,CD-SP2,19876,18810,38392,167,2880.6,141.3,0.0526,1.002,8.4,147082.4
2025-11-05,CD-SP2,18336,18089,35883,153,2444.8,0.0,0.0323,0.905,7.28,135686.4
2025-11-06,CD-SP2,18700,18124,35376,116,2493.3,27.0,0.0481,0.938,7.78,138380.0
2025-11-07,CD-SP2,17454,17154,31996,143,2327.2,0.0,0.0469,0.874,7.75,129159.6
2025-11-08,CD-SP2,14704,14464,28986,123,1960.5,0.0,0.0396,0.731,6.22,108809.6
2025-11-09,CD-SP2,14628,14515,28399,107,1950.4,0.0,0.0448,0.731,7.03,108247.2
2025-11-10,CD-SP2,20655,19142,39827,169,2993.5,233.9,0.0609,1.05,9.76,152847.0
2025-11-11,CD-SP2,19674,18764,36701,143,2623.2,92.2,0.04,0.979,9.33,145587.6
2025-11-12,CD-SP2,17885,17779,34863,120,2384.7,0.0,0.0465,0.896,6.76,132349.0
2025-11-13,CD-SP2,17774,17566,35586,132,2369.9,0.0,0.0436,0.887,6.96,131527.6
2025-11-14,CD-SP2,16449,16170,31153,128,2193.2,0.0,0.0546,0.831,6.74,121722.6
2025-11-15,CD-SP2,15069,14793,28702,115,2009.2,0.0,0.0468,0.755,7.32,111510.6
2025-11-16,CD-SP2,13294,13019,24551,92,1772.5,0.0,0.048,0.667,7.33,98375.6
2025-11-17,CD-SP2,21021,19373,39184,154,3046.5,286.6,0.0678,1.077,9.27,155555.4
2025-11-18,CD-SP2,19102,18454,35267,139,2546.9,60.5,0.0494,0.96,7.84,141354.8
2025-11-19,CD-SP2,18922,18423,36076,138,2522.9,39.4,0.045,0.946,7.71,140022.8
2025-11-20,CD-SP2,18304,17826,34466,132,2440.5,0.0,0.0283,0.899,6.42,135449.6
2025-11-21,CD-SP2,18038,17557,34608,138,2405.1,0.0,0.0531,0.91,7.49,133481.2
2025-11-22,CD-SP2,15024,14806,27876,116,2003.2,0.0,0.0377,0.746,7.04,111177.6
2025-11-23,CD-SP2,13179,13141,24930,92,1757.2,0.0,0.0443,0.658,6.15,97524.6
2025-11-24,CD-SP2,53378,47792,98873,566,7735.9,1079.5,0.063,1.153,10.96,394997.2
2025-11-25,CD-SP2,48226,45279,92082,577,6989.3,475.0,0.0557,1.033,12.67,356872.4
2025-11-26,CD-SP2,46671,44007,84866,488,6763.9,342.1,0.0597,1.004,8.01,345365.4
2025-11-27,CD-SP2,49107,45632,93675,534,7117.0,480.1,0.0376,1.032,8.28,363391.8
2025-11-28,CD-SP2,45334,43754,85503,472,6044.5,123.1,0.0385,0.954,8.4,335471.6
2025-11-29,CD-SP2,37371,36833,71343,359,4982.8,0.0,0.0476,0.794,6.51,276545.4
2025-11-30,CD-SP2,35175,34645,63927,277,4690.0,0.0,0.0469,0.747,7.75,260295.0
2025-12-01,CD-SP2,53874,48063,104124,696,7807.8,1067.5,0.0504,1.148,10.44,398667.6
2025-12-02,CD-SP2,18625,17983,35109,135,2483.3,34.2,0.0569,0.943,7.25,137825.0
2025-12-03,CD-SP2,17956,17481,34311,135,2394.1,0.0,0.0618,0.914,7.15,132874.4
2025-12-04,CD-SP2,18239,17928,32949,132,2431.9,0.0,0.0472,0.914,7.81,134968.6
2025-12-05,CD-SP2,17848,17503,32802,123,2379.7,0.0,0.041,0.889,7.41,132075.2
2025-12-06,CD-SP2,15135,14906,28461,111,2018.0,0.0,0.0398,0.753,6.02,111999.0
2025-12-07,CD-SP2,12976,12792,25547,104,1730.1,0.0,0.0433,0.648,7.33,96022.4
2025-12-08,CD-SP2,32609,29393,62817,363,4725.9,611.0,0.0656,1.135,10.38,241306.6
2025-12-09,CD-SP2,30403,28399,57963,309,4406.2,298.9,0.0424,1.033,9.02,224982.2
2025-12-10,CD-SP2,29081,27810,53910,285,3877.5,165.9,0.0454,0.991,8.64,215199.4
2025-12-11,CD-SP2,29718,27803,54820,300,4307.0,289.3,0.063,1.032,8.27,219913.2
2025-12-12,CD-SP2,24811,24448,47484,268,3308.1,0.0,0.0413,0.842,6.01,183601.4
2025-12-13,CD-SP2,22624,22456,43778,195,3016.5,0.0,0.0398,0.767,6.03,167417.6
2025-12-14,CD-SP2,22448,22047,42886,228,2993.1,0.0,0.0504,0.769,7.67,166115.2
2025-12-15,CD-SP2,30656,28406,60867,326,4442.9,400.3,0.0679,1.07,10.32,226854.4
2025-12-16,CD-SP2,32077,29435,59852,351,4648.8,492.9,0.0483,1.097,8.84,237369.8
2025-12-17,CD-SP2,29203,27653,55748,302,4232.3,229.3,0.0595,1.01,8.55,216102.2
2025-12-18,CD-SP2,29127,27688,52875,285,3883.6,174.9,0.0475,0.995,8.03,215539.8
2025-12-19,CD-SP2,26359,26177,50360,308,3514.5,0.0,0.0332,0.887,6.29,195056.6
2025-12-20,CD-SP2,23897,23561,47160,269,3186.3,0.0,0.0458,0.815,7.93,176837.8
2025-12-21,CD-SP2,14805,14610,27359,115,1974.0,0.0,0.0524,0.746,8.23,109557.0
2025-12-22,CD-SP2,21229,19295,41229,182,3076.7,342.5,0.0831,1.106,10.07,157094.6
2025-12-23,CD-SP2,19955,18823,39352,172,2892.0,171.4,0.0647,1.019,8.32,147667.0
2025-12-24,CD-SP2,18885,18430,35230,139,2518.0,17.9,0.0323,0.932,7.21,139749.0
2025-12-25,CD-SP2,17802,17449,34239,118,2373.6,0.0,0.0558,0.9,6.41,131734.8
2025-12-26,CD-SP2,17363,16973,34361,134,2315.1,0.0,0.0565,0.879,6.47,128486.2
2025-12-27,CD-SP2,14996,14817,28665,125,1999.5,0.0,0.0424,0.748,6.25,110970.4
2025-12-28,CD-SP2,14546,14280,28210,122,1939.5,0.0,0.0444,0.727,8.12,107640.4
2025-12-29,CD-SP2,21920,19836,39704,175,3176.8,394.3,0.0711,1.127,9.37,162208.0
2025-12-30,CD-SP2,19169,18566,36993,164,2555.9,35.1,0.0292,0.943,8.4,141850.6
2025-12-31,CD-SP2,18734,18232,36079,139,2497.9,30.3,0.0486,0.94,7.06,138631.6
2026-01-01,CD-SP2,19419,18497,35608,124,2589.2,93.1,0.0537,0.98,8.72,143700.6
2026-01-02,CD-SP2,17097,16821,31660,131,2279.6,0.0,0.0483,0.854,6.65,126517.8
2026-01-03,CD-SP2,14728,14502,28428,112,1963.7,0.0,0.0502,0.735,7.54,108987.2
2026-01-04,CD-SP2,14538,14248,27402,112,1938.4,0.0,0.0458,0.719,6.05,107581.2
2026-01-05,CD-SP2,21931,20193,42888,188,3178.4,323.6,0.0537,1.09,9.29,162289.4
2026-01-06,CD-SP2,20029,19052,38366,149,2670.5,89.3,0.0385,0.976,7.86,148214.6
2026-01-07,CD-SP2,19805,19070,37685,158,2640.7,84.7,0.0507,0.973,8.11,146557.0
2026-01-08,CD-SP2,19126,18658,36176,153,2550.1,9.2,0.0399,0.926,7.43,141532.4
2026-01-09,CD-SP2,18175,17906,34798,157,2423.3,0.0,0.0368,0.874,6.12,134495.0
2026-01-10,CD-SP2,15547,15351,30163,118,2072.9,0.0,0.046,0.752,6.02,115047.8
2026-01-11,CD-SP2,15702,15502,30253,108,2093.6,0.0,0.0409,0.752,6.56,116194.8
2026-01-12,CD-SP2,21271,19964,39965,151,3082.8,195.6,0.0504,1.026,8.74,157405.4
2026-01-13,CD-SP2,18725,18422,36738,126,2496.7,0.0,0.0456,0.895,6.73,138565.0
2026-01-14,CD-SP2,20102,19397,38855,163,2680.3,69.0,0.0511,0.963,7.07,148754.8
2026-01-15,CD-SP2,18377,18050,35270,129,2450.3,0.0,0.0452,0.872,6.73,135989.8
2026-01-16,CD-SP2,17824,17599,33947,147,2376.5,0.0,0.0405,0.838,7.13,131897.6
2026-01-17,CD-SP2,16042,15649,30881,114,2138.9,0.0,0.0489,0.758,6.91,118710.8
2026-01-18,CD-SP2,13784,13485,24927,84,1837.9,0.0,0.0533,0.652,6.62,102001.6
2026-01-19,CD-SP2,20604,19629,39396,149,2747.2,126.8,0.0777,0.997,8.48,152469.6
2026-01-20,CD-SP2,19118,18724,37892,128,2549.1,0.0,0.0565,0.901,6.56,141473.2
2026-01-21,CD-SP2,18612,18288,35568,148,2481.6,0.0,0.037,0.856,7.93,137728.8
2026-01-22,CD-SP2,19073,18771,36318,145,2543.1,0.0,0.0519,0.888,6.52,141140.2
2026-01-23,CD-SP2,18187,17904,34013,145,2424.9,0.0,0.0511,0.843,7.16,134583.8
2026-01-24,CD-SP2,15577,15297,29980,118,2076.9,0.0,0.0358,0.708,6.6,115269.8
2026-01-25,CD-SP2,13961,13674,26390,102,1861.5,0.0,0.0473,0.64,7.59,103311.4
2026-01-26,CD-SP2,19920,19171,39152,154,2656.0,28.0,0.0753,0.938,7.2,147408.0
2026-01-27,CD-SP2,20409,19871,37896,156,2721.2,26.3,0.0546,0.936,8.39,151026.6
2026-01-28,CD-SP2,18936,18639,35550,147,2524.8,0.0,0.0369,0.85,8.12,140126.4
2026-01-29,CD-SP2,19196,19002,35896,137,2559.5,0.0,0.0451,0.866,6.23,142050.4
2026-01-30,CD-SP2,18404,18114,36656,147,2453.9,0.0,0.0529,0.834,7.47,136189.6
2026-01-31,CD-SP2,15592,15396,29477,128,2078.9,0.0,0.0312,0.688,8.48,115380.8
2026-02-01,CD-SP2,15165,14945,28398,131,2022.0,0.0,0.0354,0.67,6.98,112221.0
2026-02-02,CD-SP2,21972,20877,39450,164,2929.6,137.4,0.0652,0.998,9.49,162592.8
2026-02-03,CD-SP2,20868,20304,38698,172,2782.4,16.6,0.0503,0.93,8.86,154423.2
2026-02-04,CD-SP2,18888,18590,36386,154,2518.4,0.0,0.0343,0.825,7.65,139771.2
2026-02-05,CD-SP2,18882,18525,36370,149,2517.6,0.0,0.0521,0.837,6.28,139726.8
2026-02-06,CD-SP2,18190,17991,33969,136,2425.3,0.0,0.0617,0.812,7.1,134606.0
2026-02-07,CD-SP2,16055,15933,30026,126,2140.7,0.0,0.0473,0.703,7.22,118807.0
2026-02-08,CD-SP2,14653,14545,29203,93,1953.7,0.0,0.0495,0.641,5.88,108432.2
2026-02-09,CD-SP2,22323,21192,45423,199,2976.4,131.6,0.0686,0.994,8.24,165190.2
2026-02-10,CD-SP2,20414,20024,39960,141,2721.9,0.0,0.0525,0.89,6.99,151063.6
2026-02-11,CD-SP2,19397,19082,38367,154,2586.3,0.0,0.0357,0.828,7.15,143537.8
2026-02-12,CD-SP2,19666,19377,39107,163,2622.1,0.0,0.0418,0.842,6.16,145528.4
2026-02-13,CD-SP2,16903,16663,33987,127,2253.7,0.0,0.0498,0.728,6.59,125082.2
2026-02-14,CD-SP2,14984,14714,28243,116,1997.9,0.0,0.0421,0.638,6.91,110881.6
2026-02-15,CD-SP2,14168,13886,26297,111,1889.1,0.0,0.0607,0.613,6.46,104843.2
2026-02-16,CD-SP2,20249,19966,40329,134,2699.9,0.0,0.0691,0.881,5.89,149842.6
2026-02-17,CD-SP2,20233,19664,37467,177,2697.7,0.0,0.0401,0.851,8.0,149724.2
2026-02-18,CD-SP2,20103,19813,37162,150,2680.4,0.0,0.0473,0.849,9.14,148762.2
2026-02-19,CD-SP2,19029,18691,35198,137,2537.2,0.0,0.058,0.81,7.03,140814.6
2026-02-20,CD-SP2,18402,18202,34843,120,2453.6,0.0,0.0478,0.773,7.05,136174.8
2026-02-21,CD-SP2,16389,16228,29513,121,2185.2,0.0,0.0558,0.692,6.7,121278.6
2026-02-22,CD-SP2,15728,15575,28756,87,2097.1,0.0,0.0601,0.665,6.03,116387.2
2026-02-23,CD-SP2,22124,21378,41347,152,2949.9,45.3,0.0737,0.946,6.85,163717.6
2026-02-24,CD-SP2,21832,21281,40175,192,2910.9,0.0,0.0504,0.907,8.27,161556.8
2026-02-25,CD-SP2,19766,19425,38605,172,2635.5,0.0,0.059,0.826,8.9,146268.4
2026-02-26,CD-SP2,18765,18524,35660,138,2502.0,0.0,0.0448,0.77,7.12,138861.0
2026-02-27,CD-SP2,17998,17628,34715,151,2399.7,0.0,0.0729,0.759,6.45,133185.2
2026-02-28,CD-SP2,15056,14929,28958,109,2007.5,0.0,0.0509,0.618,6.59,111414.4
2026-03-01,CD-SP2,14646,14422,27676,114,1952.8,0.0,0.0542,0.601,7.26,108380.4
2026-03-02,CD-SP2,22026,21632,42938,188,2936.8,0.0,0.0571,0.904,8.15,162992.4
2026-03-03,CD-SP2,21554,21099,41440,178,2873.9,0.0,0.049,0.875,6.72,159499.6
2026-03-04,CD-SP2,21010,20638,39585,145,2801.3,0.0,0.0493,0.85,6.5,155474.0
2026-03-05,CD-SP2,18503,18103,33598,157,2467.1,0.0,0.0376,0.737,6.15,136922.2
2026-03-06,CD-SP2,18741,18555,36096,129,2498.8,0.0,0.0413,0.747,6.39,138683.4
2026-03-07,CD-SP2,15388,15163,28267,101,2051.7,0.0,0.0434,0.613,7.2,113871.2
2026-03-08,CD-SP2,15456,15275,29660,121,2060.8,0.0,0.0538,0.621,6.97,114374.4
2026-03-09,CD-SP2,31263,30455,59523,264,4168.4,14.4,0.0453,0.926,7.53,231346.2
2026-03-10,CD-SP2,27628,27293,50614,190,3683.7,0.0,0.0421,0.813,6.17,204447.2
2026-03-11,CD-SP2,28809,28367,55109,227,3841.2,0.0,0.0555,0.857,6.56,213186.6
2026-03-12,CD-SP2,26799,26402,51174,229,3573.2,0.0,0.0351,0.778,7.49,198312.6
2026-03-13,CD-SP2,25544,25177,48783,160,3405.9,0.0,0.059,0.758,8.34,189025.6
2026-03-14,CD-SP2,21645,21377,41285,176,2886.0,0.0,0.036,0.625,7.43,160173.0
2026-03-15,CD-SP2,20918,20661,39062,174,2789.1,0.0,0.0377,0.603,7.81,154793.2
2026-03-16,CD-SP2,22901,22717,44189,170,3053.5,0.0,0.0588,0.902,6.19,169467.4
2026-03-17,CD-SP2,21067,20914,39303,156,2808.9,0.0,0.06,0.828,8.05,155895.8
2026-03-18,CD-SP2,20276,19848,37435,128,2703.5,0.0,0.0399,0.778,7.11,150042.4
2026-03-19,CD-SP2,19918,19628,38516,157,2655.7,0.0,0.0311,0.755,6.9,147393.2
2026-03-20,CD-SP2,19565,19259,38090,155,2608.7,0.0,0.0378,0.745,6.99,144781.0
2026-03-21,CD-SP2,15961,15819,30810,118,2128.1,0.0,0.0525,0.615,8.68,118111.4
2026-03-22,CD-SP2,14585,14362,27560,107,1944.7,0.0,0.0342,0.55,6.43,107929.0
2026-03-23,CD-SP2,23541,23020,42445,164,3138.8,0.0,0.0695,0.919,7.53,174203.4
2026-03-24,CD-SP2,21082,20590,41618,160,2810.9,0.0,0.0456,0.8,6.64,156006.8
2026-03-25,CD-SP2,20948,20528,37753,147,2793.1,0.0,0.0447,0.792,6.19,155015.2
2026-03-26,CD-SP2,20048,19935,38679,158,2673.1,0.0,0.0474,0.757,5.97,148355.2
2026-03-27,CD-SP2,18722,18464,37547,137,2496.3,0.0,0.0426,0.702,6.18,138542.8
2026-03-28,CD-SP2,16446,16150,31370,128,2192.8,0.0,0.0461,0.617,6.29,121700.4
2026-03-29,CD-SP2,16525,16310,31638,116,2203.3,0.0,0.0355,0.611,6.67,122285.0
2026-03-30,CD-SP2,24484,23654,46984,163,3264.5,34.1,0.0708,0.937,8.61,181181.6
2026-03-31,CD-SP2,21505,21180,41073,172,2867.3,0.0,0.0368,0.792,6.18,159137.0
2026-04-01,CD-SP2,20391,19987,41139,128,2718.8,0.0,0.0485,0.758,6.28,150893.4
2026-04-02,CD-SP2,20646,20292,38357,161,2752.8,0.0,0.0367,0.758,8.64,152780.4
2026-04-03,CD-SP2,18357,18069,33989,143,2447.6,0.0,0.0447,0.68,6.45,135841.8
2026-04-04,CD-SP2,16532,16375,31140,117,2204.3,0.0,0.042,0.61,6.35,122336.8
2026-04-05,CD-SP2,15544,15355,30887,117,2072.5,0.0,0.0689,0.59,6.37,115025.6
2026-04-06,CD-SP2,23209,22943,43428,170,3094.5,0.0,0.0599,0.873,6.83,171746.6
2026-04-07,CD-SP2,20947,20652,40250,147,2792.9,0.0,0.0384,0.771,6.68,155007.8
2026-04-08,CD-SP2,19260,19054,37625,145,2568.0,0.0,0.0414,0.711,6.31,142524.0
2026-04-09,CD-SP2,18559,18234,35985,116,2474.5,0.0,0.033,0.679,6.48,137336.6
2026-04-10,CD-SP2,18282,17972,35666,142,2437.6,0.0,0.0477,0.679,7.53,135286.8
2026-04-11,CD-SP2,16172,15972,31873,135,2156.3,0.0,0.0598,0.608,6.94,119672.8
2026-04-12,CD-SP2,15487,15253,29664,123,2064.9,0.0,0.0477,0.575,8.18,114603.8
2026-04-13,CD-SP2,24654,23940,46279,175,3287.2,29.3,0.0672,0.935,7.31,182439.6
2026-04-14,CD-SP2,22541,22211,42994,163,3005.5,0.0,0.0377,0.829,7.52,166803.4
2026-04-15,CD-SP2,19822,19644,37326,145,2642.9,0.0,0.0434,0.733,7.56,146682.8
2026-04-16,CD-SP2,20372,20193,41275,175,2716.3,0.0,0.0466,0.756,6.28,150752.8
2026-04-17,CD-SP2,18864,18553,35339,126,2515.2,0.0,0.0432,0.697,7.06,139593.6
2026-04-18,CD-SP2,16367,16023,31493,103,2182.3,0.0,0.0482,0.608,6.78,121115.8
2026-04-19,CD-SP2,15840,15573,28907,114,2112.0,0.0,0.0499,0.59,5.9,117216.0
2026-04-20,CD-SP2,23725,23217,45235,150,3163.3,0.0,0.0643,0.897,6.22,175565.0
2026-04-21,CD-SP2,21567,21337,40668,148,2875.6,0.0,0.0438,0.798,6.86,159595.8
2026-04-22,CD-SP2,21399,21178,41381,131,2853.2,0.0,0.0537,0.8,5.91,158352.6
2026-04-23,CD-SP2,19434,19082,37606,142,2591.2,0.0,0.0429,0.718,5.86,143811.6
2026-04-24,CD-SP2,19251,18923,37941,148,2566.8,0.0,0.0462,0.714,6.76,142457.4
2026-04-25,CD-SP2,18138,17777,35675,130,2418.4,0.0,0.0565,0.68,5.79,134221.2
2026-04-26,CD-SP2,15952,15737,30256,124,2126.9,0.0,0.0361,0.585,6.12,118044.8
2026-04-27,CD-SP2,24528,23999,45445,173,3270.4,0.0,0.0464,0.91,7.17,181507.2
2026-04-28,CD-SP2,22023,21784,40933,143,2936.4,0.0,0.0381,0.81,6.62,162970.2
2026-04-29,CD-SP2,21172,20918,40547,149,2822.9,0.0,0.0481,0.787,6.62,156672.8
2026-04-30,CD-SP2,20319,20084,38766,154,2709.2,0.0,0.0553,0.761,7.24,150360.6
2026-05-01,CD-SP2,25977,25453,49691,193,3463.6,0.0,0.0437,0.741,7.71,192229.8
2026-05-02,CD-SP2,21959,21597,41135,152,2927.9,0.0,0.0595,0.636,7.85,162496.6
2026-05-03,CD-SP2,21816,21593,43018,159,2908.8,0.0,0.0452,0.623,8.81,161438.4
2026-05-04,CD-SP2,30768,30196,56194,207,4102.4,0.0,0.0591,0.891,5.97,227683.2
2026-05-05,CD-SP2,30501,29875,57051,219,4066.8,0.0,0.0382,0.864,6.24,225707.4
2026-05-06,CD-SP2,29244,28929,53989,229,3899.2,0.0,0.0606,0.849,6.1,216405.6
2026-05-07,CD-SP2,27999,27542,52906,221,3733.2,0.0,0.0438,0.798,8.88,207192.6
2026-05-08,CD-SP2,26021,25767,51062,193,3469.5,0.0,0.0383,0.738,6.77,192555.4
2026-05-09,CD-SP2,23066,22741,43494,159,3075.5,0.0,0.0647,0.672,6.66,170688.4
2026-05-10,CD-SP2,21382,21059,40734,151,2850.9,0.0,0.0481,0.612,6.41,158226.8
2026-05-11,CD-SP2,24400,23906,47170,197,3253.3,8.6,0.0664,0.924,7.01,180560.0
2026-05-12,CD-SP2,20783,20384,39139,157,2771.1,0.0,0.0585,0.781,6.38,153794.2
2026-05-13,CD-SP2,20744,20573,39810,174,2765.9,0.0,0.0499,0.772,6.43,153505.6
2026-05-14,CD-SP2,19161,18844,36646,163,2554.8,0.0,0.0528,0.716,6.37,141791.4
2026-05-15,CD-SP2,18557,18309,34209,134,2474.3,0.0,0.0494,0.691,8.4,137321.8
2026-05-16,CD-SP2,17724,17488,33264,116,2363.2,0.0,0.0509,0.661,9.59,131157.6
2026-05-17,CD-SP2,16609,16348,31852,125,2214.5,0.0,0.0447,0.615,9.44,122906.6
2026-05-18,CD-SP2,23165,22770,45499,149,3088.7,0.0,0.0598,0.872,5.89,171421.0
2026-05-19,CD-SP2,21160,20832,41560,167,2821.3,0.0,0.046,0.784,6.3,156584.0
2026-05-20,CD-SP2,18921,18579,37932,149,2522.8,0.0,0.0418,0.698,5.84,140015.4
2026-05-21,CD-SP2,20321,20196,39103,168,2709.5,0.0,0.049,0.756,9.53,150375.4
2026-05-22,CD-SP2,21363,21023,40148,163,2848.4,0.0,0.053,0.798,7.03,158086.2
2026-05-23,CD-SP2,17273,17111,32763,143,2303.1,0.0,0.0516,0.644,7.49,127820.2
2026-05-24,CD-SP2,15880,15723,30082,135,2117.3,0.0,0.0501,0.591,6.6,117512.0
2026-05-25,CD-SP2,24289,23660,45654,199,3238.5,19.0,0.076,0.93,7.36,179738.6
2026-05-26,CD-SP2,21236,20927,40755,160,2831.5,0.0,0.0534,0.794,8.0,157146.4
2026-05-27,CD-SP2,21012,20734,40374,170,2801.6,0.0,0.0433,0.777,6.76,155488.8
2026-05-28,CD-SP2,20906,20661,38494,159,2787.5,0.0,0.0486,0.777,6.8,154704.4
2026-05-29,CD-SP2,19749,19480,38598,147,2633.2,0.0,0.0603,0.743,7.38,146142.6
2026-05-30,CD-SP2,17586,17230,31798,143,2344.8,0.0,0.0374,0.646,7.24,130136.4
2026-05-31,CD-SP2,16487,16136,31142,122,2198.3,0.0,0.0611,0.621,6.73,122003.8
2026-06-01,CD-SP2,24600,24109,48154,176,3280.0,10.7,0.0598,0.925,7.04,182040.0
2026-06-02,CD-SP2,22049,21508,42563,154,2939.9,0.0,0.0582,0.828,6.36,163162.6
2026-06-03,CD-SP2,22027,21736,41458,156,2936.9,0.0,0.0511,0.821,7.87,162999.8
2026-06-04,CD-SP2,22149,21818,44263,176,2953.2,0.0,0.0506,0.825,6.81,163902.6
2026-06-05,CD-SP2,19246,18989,36144,151,2566.1,0.0,0.0446,0.712,6.23,142420.4
2026-06-06,CD-SP2,16676,16366,30015,119,2223.5,0.0,0.0583,0.626,7.63,123402.4
2026-06-07,CD-SP2,17151,16935,32975,111,2286.8,0.0,0.0407,0.632,6.72,126917.4
2026-06-08,CD-SP2,24015,23597,43493,168,3202.0,0.0,0.0545,0.898,6.14,177711.0
2026-06-09,CD-SP2,23840,23675,44305,177,3178.7,0.0,0.0603,0.897,6.5,176416.0
2026-06-10,CD-SP2,21146,20861,40836,153,2819.5,0.0,0.0653,0.8,6.72,156480.4
2026-06-11,CD-SP2,22149,21958,41573,163,2953.2,0.0,0.0457,0.821,5.92,163902.6
2026-06-12,CD-SP2,20130,19728,38831,150,2684.0,0.0,0.063,0.76,6.98,148962.0
2026-06-13,CD-SP2,17466,17293,32174,130,2328.8,0.0,0.0574,0.655,7.15,129248.4
2026-06-14,CD-SP2,17382,17154,33772,138,2317.6,0.0,0.0503,0.647,7.75,128626.8
2026-06-15,CD-SP2,24008,23451,43585,157,3201.1,0.0,0.0767,0.92,7.45,177659.2
2026-06-16,CD-SP2,22102,21818,43451,201,2946.9,0.0,0.0497,0.823,6.29,163554.8
2026-06-17,CD-SP2,21264,21111,39896,151,2835.2,0.0,0.0551,0.796,5.88,157353.6
2026-06-18,CD-SP2,21532,21253,42559,175,2870.9,0.0,0.041,0.794,5.88,159336.8
2026-06-19,CD-SP2,19049,18723,35393,163,2539.9,0.0,0.0453,0.706,6.58,140962.6
2026-06-20,CD-SP2,17798,17505,35529,152,2373.1,0.0,0.0604,0.67,6.58,131705.2
2026-06-21,CD-SP2,16262,16087,30119,119,2168.3,0.0,0.0554,0.609,5.92,120338.8
2026-06-22,CD-SP2,25439,24525,46052,180,3391.9,85.9,0.0649,0.962,8.11,188248.6
2026-06-23,CD-SP2,21061,20637,40061,148,2808.1,0.0,0.0663,0.798,6.41,155851.4
2026-06-24,CD-SP2,21129,20877,41449,152,2817.2,0.0,0.0662,0.8,6.13,156354.6
2026-06-25,CD-SP2,20061,19693,38909,175,2674.8,0.0,0.0545,0.75,6.03,148451.4
2026-06-26,CD-SP2,19684,19443,38544,147,2624.5,0.0,0.0434,0.728,8.41,145661.6
2026-06-27,CD-SP2,17662,17358,34274,127,2354.9,0.0,0.0501,0.658,5.85,130698.8
2026-06-28,CD-SP2,16565,16314,30794,119,2208.7,0.0,0.0443,0.613,8.92,122581.0
2026-06-29,CD-SP2,24380,23704,47256,178,3250.7,7.8,0.0667,0.924,6.77,180412.0
2026-06-30,CD-SP2,22991,22809,43790,203,3065.5,0.0,0.0435,0.85,9.12,170133.4
2026-07-01,CD-SP2,22009,21736,41036,176,2934.5,0.0,0.0414,0.812,5.9,162866.6
2026-07-02,CD-SP2,20685,20500,39487,137,2758.0,0.0,0.0329,0.757,7.05,153069.0
2026-07-03,CD-SP2,20891,20840,39634,160,2785.5,0.0,0.0563,0.783,8.07,154593.4
2026-07-04,CD-SP2,18020,17771,35514,113,2402.7,0.0,0.0326,0.659,8.1,133348.0
2026-07-05,CD-SP2,16992,16856,31847,140,2265.6,0.0,0.0484,0.632,7.04,125740.8
2026-07-06,CD-SP2,25222,24211,47214,161,3362.9,82.5,0.0716,0.961,8.04,186642.8
2026-07-07,CD-SP2,23494,23283,43818,182,3132.5,0.0,0.0452,0.87,5.95,173855.6
2026-07-08,CD-SP2,23545,23139,46969,171,3139.3,0.0,0.0423,0.87,7.64,174233.0
2026-07-09,CD-SP2,21500,21197,40159,163,2866.7,0.0,0.0505,0.801,7.91,159100.0
2026-07-10,CD-SP2,20284,20044,39855,156,2704.5,0.0,0.0484,0.754,6.74,150101.6
2026-07-11,CD-SP2,17246,17052,31878,119,2299.5,0.0,0.0525,0.644,6.87,127620.4
2026-07-12,CD-SP2,16254,15944,31294,130,2167.2,0.0,0.0427,0.601,10.87,120279.6
2026-07-13,CD-SP2,23799,23269,45530,167,3173.2,0.0,0.0652,0.9,6.27,176112.6
2026-07-14,CD-SP2,22660,22398,44451,180,3021.3,0.0,0.0482,0.842,7.07,167684.0
2026-07-15,CD-SP2,22051,21710,43097,168,2940.1,0.0,0.0509,0.822,7.6,163177.4
2026-07-16,CD-SP2,21944,21514,41783,204,2925.9,0.0,0.0641,0.829,5.87,162385.6
2026-07-17,CD-SP2,20660,20365,38699,157,2754.7,0.0,0.0566,0.775,5.89,152884.0
2026-07-18,CD-SP2,17338,17087,34351,120,2311.7,0.0,0.055,0.649,6.23,128301.2
2026-07-19,CD-SP2,17495,17262,32683,121,2332.7,0.0,0.046,0.649,6.27,129463.0
2026-07-20,CD-SP2,25674,24657,45870,167,3423.2,111.2,0.0678,0.974,7.52,189987.6
2026-07-21,CD-SP2,23391,23107,42269,166,3118.8,0.0,0.0488,0.87,6.29,173093.4
2026-07-22,CD-SP2,21726,21355,39525,133,2896.8,0.0,0.0512,0.81,6.31,160772.4
2026-07-23,CD-SP2,22235,21887,42909,165,2964.7,0.0,0.0562,0.833,6.73,164539.0
2026-07-24,CD-SP2,20878,20663,41980,176,2783.7,0.0,0.051,0.778,6.14,154497.2
2026-07-25,CD-SP2,17010,16735,30584,112,2268.0,0.0,0.0478,0.632,6.5,125874.0
2026-07-26,CD-SP2,17018,16753,31668,115,2269.1,0.0,0.0471,0.632,6.69,125933.2
2026-07-27,CD-SP2,25402,24327,48377,180,3386.9,76.9,0.062,0.958,7.5,187974.8
2026-07-28,CD-SP2,22913,22590,45305,185,3055.1,0.0,0.0524,0.855,7.07,169556.2
2026-07-29,CD-SP2,22511,22227,41884,161,3001.5,0.0,0.0481,0.836,8.31,166581.4
2026-07-30,CD-SP2,20824,20368,40181,139,2776.5,0.0,0.063,0.786,5.97,154097.6
2026-07-31,CD-SP2,21837,21438,41217,156,2911.6,0.0,0.0764,0.836,6.11,161593.8
2026-08-01,CD-SP2,18809,18439,38189,171,2507.9,0.0,0.0405,0.693,7.43,139186.6
2026-08-02,CD-SP2,17005,16821,32432,135,2267.3,0.0,0.0474,0.631,6.94,125837.0
2026-08-03,CD-SP2,25638,24379,49168,206,3418.4,109.3,0.0683,0.973,8.83,189721.2
2026-08-04,CD-SP2,21788,21476,41489,175,2905.1,0.0,0.0429,0.805,7.35,161231.2
2026-08-05,CD-SP2,21581,21341,40556,190,2877.5,0.0,0.037,0.793,6.29,159699.4
2026-08-06,CD-SP2,21841,21552,42535,140,2912.1,0.0,0.0589,0.821,8.45,161623.4
2026-08-07,CD-SP2,20195,19877,37200,158,2692.7,0.0,0.0545,0.755,8.49,149443.0
2026-08-08,CD-SP2,18579,18345,33440,141,2477.2,0.0,0.0475,0.69,6.12,137484.6
2026-08-09,CD-SP2,18462,18280,34939,162,2461.6,0.0,0.0566,0.692,8.19,136618.8
2026-08-10,CD-SP2,24414,23774,47382,173,3255.2,9.2,0.0662,0.925,9.0,180663.6
2026-08-11,CD-SP2,23231,22698,43464,173,3097.5,0.0,0.0446,0.86,9.05,171909.4
2026-08-12,CD-SP2,22807,22592,43546,177,3040.9,0.0,0.0372,0.838,7.37,168771.8
2026-08-13,CD-SP2,23447,23156,43118,175,3126.3,0.0,0.0411,0.865,6.47,173507.8
2026-08-14,CD-SP2,20200,19915,39453,148,2693.3,0.0,0.0586,0.759,6.25,149480.0
2026-08-15,CD-SP2,18389,17986,35538,146,2451.9,0.0,0.0505,0.685,6.47,136078.6
2026-08-16,CD-SP2,18462,18182,35096,163,2461.6,0.0,0.0435,0.683,6.01,136618.8
2026-08-17,CD-SP2,24129,23444,46049,203,3217.2,3.4,0.0741,0.922,7.68,178554.6
2026-08-18,CD-SP2,22991,22557,42081,186,3065.5,0.0,0.0437,0.85,6.58,170133.4
2026-08-19,CD-SP2,22414,22088,41075,158,2988.5,0.0,0.0529,0.837,5.95,165863.6
2026-08-20,CD-SP2,21917,21563,41509,150,2922.3,0.0,0.0468,0.813,6.26,162185.8
2026-08-21,CD-SP2,21829,21482,42036,144,2910.5,0.0,0.0645,0.825,8.05,161534.6
2026-08-22,CD-SP2,18491,18287,35655,161,2465.5,0.0,0.051,0.689,7.11,136833.4
2026-08-23,CD-SP2,16371,16159,30808,115,2182.8,0.0,0.0454,0.607,6.21,121145.4
2026-08-24,CD-SP2,26222,24977,50799,212,3496.3,136.7,0.0586,0.985,10.47,194042.8
2026-08-25,CD-SP2,23720,23329,46753,137,3162.7,0.0,0.0449,0.878,6.97,175528.0
2026-08-26,CD-SP2,23904,23526,45312,157,3187.2,0.0,0.0392,0.88,6.05,176889.6
2026-08-27,CD-SP2,21959,21630,42062,141,2927.9,0.0,0.0341,0.804,6.47,162496.6
2026-08-28,CD-SP2,20872,20629,39440,145,2782.9,0.0,0.0515,0.778,5.94,154452.8
2026-08-29,CD-SP2,18791,18450,35584,136,2505.5,0.0,0.0407,0.693,8.44,139053.4
2026-08-30,CD-SP2,18025,17878,34400,141,2403.3,0.0,0.0407,0.665,7.57,133385.0
2026-08-31,CD-SP2,26312,25138,52234,217,3508.3,145.9,0.0593,0.989,7.76,194708.8
2026-09-01,CD-SP2,22912,22340,44581,189,3054.9,0.0,0.0454,0.849,5.83,169548.8
2026-09-02,CD-SP2,23448,23128,45519,170,3126.4,0.0,0.0451,0.868,7.55,173515.2
2026-09-03,CD-SP2,21765,21551,40860,139,2902.0,0.0,0.0589,0.818,6.94,161061.0
2026-09-04,CD-SP2,21648,21379,40159,164,2886.4,0.0,0.0543,0.81,8.16,160195.2
2026-09-05,CD-SP2,17624,17348,33829,142,2349.9,0.0,0.0619,0.664,5.78,130417.6
2026-09-06,CD-SP2,17934,17679,35190,157,2391.2,0.0,0.0415,0.662,7.42,132711.6
2026-09-07,CD-SP2,25319,24408,50288,194,3375.9,79.2,0.0663,0.959,7.77,187360.6
2026-09-08,CD-SP2,23390,23135,41573,146,3118.7,0.0,0.0419,0.864,9.95,173086.0
2026-09-09,CD-SP2,23726,23260,47982,168,3163.5,0.0,0.0405,0.875,6.02,175572.4
2026-09-10,CD-SP2,22905,22529,43997,153,3054.0,0.0,0.0622,0.864,7.69,169497.0
2026-09-11,CD-SP2,21131,20974,41109,156,2817.5,0.0,0.0429,0.781,7.45,156369.4
2026-09-12,CD-SP2,19602,19330,35538,139,2613.6,0.0,0.0271,0.713,5.95,145054.8
2026-09-13,CD-SP2,17486,17348,33016,116,2331.5,0.0,0.0393,0.644,6.5,129396.4
2026-09-14,CD-SP2,26235,25485,50926,221,3498.0,106.2,0.0439,0.971,8.55,194139.0
2026-09-15,CD-SP2,24862,24255,45777,188,3314.9,0.0,0.0374,0.914,6.7,183978.8
2026-09-16,CD-SP2,22776,22348,39985,134,3036.8,0.0,0.0381,0.838,6.24,168542.4
2026-09-17,CD-SP2,23220,22870,44508,193,3096.0,0.0,0.0453,0.86,7.86,171828.0
2026-09-18,CD-SP2,21314,21109,40444,160,2841.9,0.0,0.0326,0.779,9.31,157723.6
2026-09-19,CD-SP2,18492,18325,36467,136,2465.6,0.0,0.0546,0.692,7.73,136840.8
2026-09-20,CD-SP2,18714,18622,35407,139,2495.2,0.0,0.03,0.682,5.97,138483.6
2026-09-21,CD-SP2,25397,24499,48144,171,3386.3,70.3,0.059,0.955,6.77,187937.8
2026-09-22,CD-SP2,22681,22408,43885,150,3024.1,0.0,0.0424,0.838,6.07,167839.4
2026-09-23,CD-SP2,24736,24044,48277,183,3298.1,5.0,0.0516,0.923,8.0,183046.4
2026-09-24,CD-SP2,25026,24092,46663,162,3336.8,19.3,0.0478,0.93,8.25,185192.4
2026-09-25,CD-SP2,21535,21230,41933,179,2871.3,0.0,0.0585,0.809,6.43,159359.0
2026-09-26,CD-SP2,17592,17265,32966,132,2345.6,0.0,0.0421,0.65,6.06,130180.8
2026-09-27,CD-SP2,17770,17567,33778,105,2369.3,0.0,0.0413,0.656,6.49,131498.0
2026-09-28,CD-SP2,26243,24799,50742,166,3499.1,149.0,0.0633,0.991,7.42,194198.2
2026-09-29,CD-SP2,24750,24039,48071,211,3300.0,9.2,0.0532,0.925,7.63,183150.0
2026-09-30,CD-SP2,22633,22340,43363,171,3017.7,0.0,0.0516,0.844,6.89,167484.2
2025-01-01,CD-RJ1,11278,11150,21519,66,1503.8,0.0,0.0356,0.698,5.97,57143.39
2025-01-02,CD-RJ1,10551,10464,19580,54,1406.8,0.0,0.0416,0.657,5.46,53459.81
2025-01-03,CD-RJ1,10684,10621,20227,64,1424.6,0.0,0.0574,0.677,5.07,54133.67
2025-01-04,CD-RJ1,9290,9239,17320,48,1238.7,0.0,0.0372,0.576,6.76,47070.54
2025-01-05,CD-RJ1,7977,7943,14997,42,1063.6,0.0,0.0456,0.499,4.73,40417.82
2025-01-06,CD-RJ1,12058,11956,22064,69,1607.8,0.0,0.0628,0.768,4.56,61095.39
2025-01-07,CD-RJ1,11927,11813,23154,51,1590.3,0.0,0.0384,0.74,5.91,60431.62
2025-01-08,CD-RJ1,11099,11083,21756,70,1479.9,0.0,0.0531,0.7,5.41,56236.3
2025-01-09,CD-RJ1,11006,10795,20856,49,1467.5,0.0,0.0482,0.69,5.75,55765.07
2025-01-10,CD-RJ1,10158,10079,19282,68,1354.4,0.0,0.047,0.636,5.62,51468.42
2025-01-11,CD-RJ1,9324,9265,18009,50,1243.2,0.0,0.0639,0.595,6.06,47242.7
2025-01-12,CD-RJ1,8846,8837,16808,53,1179.5,0.0,0.0531,0.558,5.47,44820.77
2025-01-13,CD-RJ1,12736,12550,25300,75,1698.2,0.0,0.0465,0.797,5.21,64530.53
2025-01-14,CD-RJ1,12414,12294,22770,48,1655.2,0.0,0.0419,0.773,5.49,62899.01
2025-01-15,CD-RJ1,11473,11319,22293,64,1529.8,0.0,0.0647,0.732,6.25,58131.15
2025-01-16,CD-RJ1,10743,10580,20350,64,1432.4,0.0,0.0371,0.666,6.34,54432.39
2025-01-17,CD-RJ1,10667,10573,19669,51,1422.3,0.0,0.0495,0.67,5.79,54047.3
2025-01-18,CD-RJ1,8792,8751,17693,51,1172.3,0.0,0.0548,0.555,4.59,44547.08
2025-01-19,CD-RJ1,8927,8899,18026,49,1190.3,0.0,0.0502,0.561,5.69,45231.08
2025-01-20,CD-RJ1,12757,12628,24106,74,1701.0,0.0,0.0664,0.816,4.69,64636.8
2025-01-21,CD-RJ1,11934,11870,22940,70,1591.2,0.0,0.0509,0.751,6.4,60466.84
2025-01-22,CD-RJ1,11083,10986,20797,63,1477.8,0.0,0.0452,0.693,6.22,56155.0
2025-01-23,CD-RJ1,11617,11550,21892,54,1549.0,0.0,0.0387,0.721,4.94,58860.64
2025-01-24,CD-RJ1,10535,10499,19420,55,1404.7,0.0,0.0525,0.664,6.03,53378.38
2025-01-25,CD-RJ1,9013,8934,16548,52,1201.8,0.0,0.0418,0.561,5.55,45666.75
2025-01-26,CD-RJ1,8603,8571,17139,46,1147.1,0.0,0.0411,0.536,5.02,43589.37
2025-01-27,CD-RJ1,13093,12925,24851,68,1745.8,0.0,0.0719,0.842,6.0,66339.12
2025-01-28,CD-RJ1,12235,12169,23277,59,1631.4,0.0,0.042,0.762,7.22,61991.82
2025-01-29,CD-RJ1,11584,11539,21540,63,1544.6,0.0,0.0586,0.735,5.18,58693.34
2025-01-30,CD-RJ1,11373,11324,21717,60,1516.4,0.0,0.0471,0.712,5.8,57624.24
2025-01-31,CD-RJ1,11452,11306,20898,54,1527.0,0.0,0.0477,0.718,4.92,58024.5
2025-02-01,CD-RJ1,9072,8992,16886,52,1209.6,0.0,0.0345,0.561,5.07,45965.61
2025-02-02,CD-RJ1,8604,8546,15831,39,1147.2,0.0,0.066,0.55,5.5,43594.36
2025-02-03,CD-RJ1,12560,12482,24676,68,1674.7,0.0,0.064,0.801,5.0,63638.43
2025-02-04,CD-RJ1,12413,12319,22559,71,1655.1,0.0,0.0308,0.764,4.97,62893.6
2025-02-05,CD-RJ1,11939,11912,21980,69,1591.9,0.0,0.0569,0.756,4.86,60491.95
2025-02-06,CD-RJ1,11224,11076,20176,56,1496.6,0.0,0.0486,0.704,6.82,56869.21
2025-02-07,CD-RJ1,10400,10307,19297,57,1386.7,0.0,0.0455,0.65,6.27,52694.19
2025-02-08,CD-RJ1,8989,8856,16873,42,1198.6,0.0,0.0564,0.569,5.48,45545.0
2025-02-09,CD-RJ1,9012,8962,17563,50,1201.6,0.0,0.0286,0.554,6.36,45661.52
2025-02-10,CD-RJ1,13341,13264,25200,67,1778.8,0.0,0.0583,0.846,6.47,67595.46
2025-02-11,CD-RJ1,12453,12441,23405,71,1660.4,0.0,0.0466,0.78,5.36,63096.17
2025-02-12,CD-RJ1,11282,11238,21605,60,1504.3,0.0,0.0558,0.713,4.9,57163.0
2025-02-13,CD-RJ1,11426,11350,21456,49,1523.5,0.0,0.0669,0.731,5.81,57892.6
2025-02-14,CD-RJ1,10820,10744,21862,61,1442.7,0.0,0.051,0.681,6.83,54822.15
2025-02-15,CD-RJ1,9381,9294,17547,52,1250.8,0.0,0.0527,0.591,6.17,47531.1
2025-02-16,CD-RJ1,9133,9065,17542,54,1217.8,0.0,0.071,0.587,7.14,46274.54
2025-02-17,CD-RJ1,13180,13089,25587,71,1757.4,0.0,0.064,0.841,6.45,66779.62
2025-02-18,CD-RJ1,12584,12384,23520,53,1677.9,0.0,0.0527,0.793,8.32,63759.83
2025-02-19,CD-RJ1,11646,11562,22224,72,1552.8,0.0,0.0391,0.723,5.87,59007.22
2025-02-20,CD-RJ1,11515,11428,21590,60,1535.4,0.0,0.0647,0.735,5.28,58343.47
2025-02-21,CD-RJ1,11078,11067,21200,71,1477.1,0.0,0.0473,0.694,6.25,56129.29
2025-02-22,CD-RJ1,8886,8810,16928,49,1184.8,0.0,0.0511,0.559,6.9,45023.0
2025-02-23,CD-RJ1,8814,8716,16685,44,1175.2,0.0,0.0509,0.554,5.69,44658.19
2025-02-24,CD-RJ1,12936,12846,23831,79,1724.8,0.0,0.0647,0.826,6.48,65543.25
2025-02-25,CD-RJ1,12086,11993,24090,70,1611.5,0.0,0.0455,0.756,5.22,61236.52
2025-02-26,CD-RJ1,11573,11474,22328,59,1543.1,0.0,0.0509,0.728,6.44,58637.27
2025-02-27,CD-RJ1,12065,11907,21965,59,1608.7,0.0,0.0631,0.769,9.51,61130.1
2025-02-28,CD-RJ1,10571,10480,19863,52,1409.5,0.0,0.0712,0.679,5.22,53560.39
2025-03-01,CD-RJ1,9736,9636,17734,55,1298.1,0.0,0.0436,0.608,5.75,49329.67
2025-03-02,CD-RJ1,8437,8362,16352,43,1124.9,0.0,0.0414,0.525,6.09,42747.98
2025-03-03,CD-RJ1,13074,13008,24826,73,1743.2,0.0,0.0535,0.824,5.44,66242.38
2025-03-04,CD-RJ1,12505,12371,23762,59,1667.4,0.0,0.0665,0.8,5.26,63359.41
2025-03-05,CD-RJ1,11994,11887,22283,79,1599.2,0.0,0.046,0.75,5.58,60770.3
2025-03-06,CD-RJ1,11819,11750,22270,64,1575.9,0.0,0.0539,0.746,6.68,59883.61
2025-03-07,CD-RJ1,11269,11167,21855,59,1502.6,0.0,0.0546,0.711,4.74,57096.91
2025-03-08,CD-RJ1,9356,9347,18270,42,1247.5,0.0,0.0627,0.596,4.99,47404.26
2025-03-09,CD-RJ1,8871,8809,17230,47,1182.8,0.0,0.043,0.553,5.42,44946.89
2025-03-10,CD-RJ1,18501,18190,33716,90,2466.8,0.0,0.0511,0.897,6.75,93739.41
2025-03-11,CD-RJ1,16769,16579,31705,83,2235.9,0.0,0.0599,0.821,5.57,84963.84
2025-03-12,CD-RJ1,15245,15066,29159,67,2032.7,0.0,0.0522,0.74,5.12,77242.14
2025-03-13,CD-RJ1,15037,14867,28018,81,2005.0,0.0,0.0487,0.727,7.32,76188.26
2025-03-14,CD-RJ1,14408,14324,26180,85,1921.1,0.0,0.0613,0.706,5.73,73001.28
2025-03-15,CD-RJ1,13084,12921,24018,79,1744.6,0.0,0.0491,0.633,5.25,66292.93
2025-03-16,CD-RJ1,12304,12189,24300,61,1640.5,0.0,0.0576,0.601,6.08,62340.89
2025-03-17,CD-RJ1,13705,13658,25223,67,1827.4,0.0,0.062,0.872,6.02,69439.35
2025-03-18,CD-RJ1,12390,12265,23570,67,1652.0,0.0,0.0522,0.78,5.75,62776.61
2025-03-19,CD-RJ1,11955,11891,22621,67,1594.0,0.0,0.0492,0.751,5.09,60572.58
2025-03-20,CD-RJ1,11921,11745,22558,61,1589.5,0.0,0.0424,0.743,6.49,60400.3
2025-03-21,CD-RJ1,10971,10867,20669,55,1462.8,0.0,0.0474,0.687,7.65,55586.92
2025-03-22,CD-RJ1,9734,9622,18879,49,1297.9,0.0,0.0419,0.606,5.9,49319.39
2025-03-23,CD-RJ1,8910,8849,16945,53,1188.0,0.0,0.0471,0.558,4.78,45144.41
2025-03-24,CD-RJ1,13288,13127,24832,84,1771.7,0.0,0.0564,0.84,8.71,67326.47
2025-03-25,CD-RJ1,12481,12469,23746,73,1664.1,0.0,0.0485,0.783,6.07,63237.62
2025-03-26,CD-RJ1,11457,11290,21036,68,1527.6,0.0,0.0482,0.718,4.94,58049.31
2025-03-27,CD-RJ1,11933,11892,22957,74,1591.1,0.0,0.0466,0.747,6.42,60461.05
2025-03-28,CD-RJ1,10972,10923,20473,45,1462.9,0.0,0.0508,0.69,6.84,55591.94
2025-03-29,CD-RJ1,9641,9576,18017,64,1285.5,0.0,0.0405,0.6,5.6,48848.14
2025-03-30,CD-RJ1,9328,9255,17962,46,1243.7,0.0,0.0427,0.582,4.7,47262.26
2025-03-31,CD-RJ1,13748,13734,25841,63,1833.1,0.0,0.0466,0.861,5.8,69657.1
2025-04-01,CD-RJ1,13020,13007,24509,59,1736.0,0.0,0.044,0.813,4.93,65968.53
2025-04-02,CD-RJ1,11985,11879,23471,62,1598.0,0.0,0.0371,0.743,6.1,60724.48
2025-04-03,CD-RJ1,11625,11539,21522,49,1550.0,0.0,0.0458,0.727,5.11,58900.46
2025-04-04,CD-RJ1,11188,11074,21536,46,1491.7,0.0,0.0433,0.698,5.97,56686.3
2025-04-05,CD-RJ1,9120,9004,17761,51,1216.0,0.0,0.0286,0.56,5.27,46208.35
2025-04-06,CD-RJ1,8760,8706,17155,44,1168.0,0.0,0.063,0.558,5.84,44384.33
2025-04-07,CD-RJ1,12985,12894,26085,60,1731.3,0.0,0.0581,0.823,6.46,65791.15
2025-04-08,CD-RJ1,12350,12172,23068,70,1646.7,0.0,0.0566,0.781,6.5,62573.79
2025-04-09,CD-RJ1,12265,12189,22771,65,1635.3,0.0,0.0408,0.763,5.04,62143.12
2025-04-10,CD-RJ1,11492,11413,22304,66,1532.3,0.0,0.0586,0.729,5.35,58226.55
2025-04-11,CD-RJ1,11135,11019,21680,56,1484.7,0.0,0.0398,0.692,5.38,56417.73
2025-04-12,CD-RJ1,10191,10082,18960,65,1358.8,0.0,0.0464,0.638,5.78,51634.76
2025-04-13,CD-RJ1,9165,9107,17636,40,1222.0,0.0,0.0363,0.568,6.95,46436.32
2025-04-14,CD-RJ1,14047,13912,28603,73,1872.9,0.0,0.0808,0.912,5.92,71171.95
2025-04-15,CD-RJ1,12450,12370,23720,60,1660.0,0.0,0.043,0.777,5.99,63080.42
2025-04-16,CD-RJ1,12078,12019,23506,84,1610.4,0.0,0.0516,0.76,5.43,61195.6
2025-04-17,CD-RJ1,11540,11409,22836,71,1538.7,0.0,0.0486,0.724,5.11,58469.71
2025-04-18,CD-RJ1,11215,11107,22712,51,1495.3,0.0,0.0488,0.704,4.76,56823.03
2025-04-19,CD-RJ1,10093,10037,19301,54,1345.7,0.0,0.0491,0.634,5.24,51138.19
2025-04-20,CD-RJ1,8770,8652,17212,58,1169.3,0.0,0.0559,0.554,4.87,44434.94
2025-04-21,CD-RJ1,13982,13842,26015,70,1864.3,0.0,0.0653,0.893,5.07,70842.57
2025-04-22,CD-RJ1,13053,12974,24817,62,1740.4,0.0,0.0463,0.817,5.86,66135.6
2025-04-23,CD-RJ1,11981,11883,22496,58,1597.5,0.0,0.0492,0.752,5.98,60704.1
2025-04-24,CD-RJ1,11398,11321,20582,58,1519.7,0.0,0.0603,0.724,6.56,57750.21
2025-04-25,CD-RJ1,11444,11355,20826,49,1525.9,0.0,0.0457,0.716,4.66,57983.27
2025-04-26,CD-RJ1,9678,9576,18596,56,1290.4,0.0,0.0302,0.596,6.33,49035.48
2025-04-27,CD-RJ1,9464,9344,18194,47,1261.9,0.0,0.0362,0.586,4.55,47951.21
2025-04-28,CD-RJ1,13863,13747,25618,69,1848.4,0.0,0.0518,0.873,5.11,70239.59
2025-04-29,CD-RJ1,13750,13712,27196,76,1833.3,0.0,0.0379,0.853,5.43,69667.05
2025-04-30,CD-RJ1,12203,12155,22508,65,1627.1,0.0,0.0382,0.757,5.11,61828.87
2025-05-01,CD-RJ1,15135,14993,28951,83,2018.0,0.0,0.0448,0.754,5.54,76684.41
2025-05-02,CD-RJ1,15019,14877,28224,77,2002.5,0.0,0.051,0.753,5.72,76096.67
2025-05-03,CD-RJ1,12992,12865,24754,71,1732.3,0.0,0.0469,0.648,4.54,65826.48
2025-05-04,CD-RJ1,12858,12733,25008,62,1714.4,0.0,0.0392,0.636,6.01,65147.54
2025-05-05,CD-RJ1,18641,18138,36124,106,2485.5,46.5,0.068,0.951,6.19,95332.29
2025-05-06,CD-RJ1,17236,17171,33358,73,2298.1,0.0,0.0493,0.862,6.28,87329.51
2025-05-07,CD-RJ1,16915,16898,32629,96,2255.3,0.0,0.0577,0.854,6.32,85703.09
2025-05-08,CD-RJ1,15131,14960,27786,67,2017.5,0.0,0.0518,0.759,5.64,76664.11
2025-05-09,CD-RJ1,14675,14596,28715,69,1956.7,0.0,0.0462,0.732,6.5,74353.69
2025-05-10,CD-RJ1,12547,12474,23174,62,1672.9,0.0,0.0554,0.632,4.99,63571.77
2025-05-11,CD-RJ1,12177,12064,23072,63,1623.6,0.0,0.0472,0.608,5.12,61697.09
2025-05-12,CD-RJ1,13337,13176,25106,75,1778.3,0.0,0.0664,0.853,4.65,67574.45
2025-05-13,CD-RJ1,13463,13370,25815,76,1795.1,0.0,0.0508,0.847,6.05,68212.85
2025-05-14,CD-RJ1,12352,12340,23169,62,1646.9,0.0,0.044,0.771,5.56,62583.75
2025-05-15,CD-RJ1,11586,11506,21922,61,1544.8,0.0,0.0458,0.725,5.42,58702.66
2025-05-16,CD-RJ1,11201,11076,22189,52,1493.5,0.0,0.0479,0.702,5.38,56751.98
2025-05-17,CD-RJ1,10143,10055,18615,54,1352.4,0.0,0.0382,0.629,5.28,51391.42
2025-05-18,CD-RJ1,9831,9708,18678,54,1310.8,0.0,0.0278,0.604,4.89,49810.61
2025-05-19,CD-RJ1,15078,14652,27808,93,2010.4,38.4,0.0544,0.952,5.82,77124.26
2025-05-20,CD-RJ1,14597,14395,28226,71,1946.3,0.0,0.0466,0.914,8.14,73958.44
2025-05-21,CD-RJ1,12702,12565,23672,61,1693.6,0.0,0.0537,0.801,5.95,64357.07
2025-05-22,CD-RJ1,11860,11611,22557,54,1581.3,0.0,0.0514,0.746,5.4,60090.91
2025-05-23,CD-RJ1,10809,10734,19821,47,1441.2,0.0,0.0468,0.677,5.32,54765.82
2025-05-24,CD-RJ1,10185,10083,20009,49,1358.0,0.0,0.0396,0.633,5.83,51604.2
2025-05-25,CD-RJ1,9333,9230,17767,44,1244.4,0.0,0.0436,0.582,6.77,47287.38
2025-05-26,CD-RJ1,13969,13815,26637,68,1862.5,0.0,0.0522,0.88,5.66,70776.54
2025-05-27,CD-RJ1,13037,12954,25311,63,1738.3,0.0,0.0281,0.801,8.46,66054.38
2025-05-28,CD-RJ1,12531,12410,23025,78,1670.8,0.0,0.0326,0.773,6.09,63490.64
2025-05-29,CD-RJ1,12817,12762,23958,75,1708.9,0.0,0.056,0.81,5.2,64939.71
2025-05-30,CD-RJ1,11813,11763,22545,72,1575.1,0.0,0.0639,0.753,4.81,59852.75
2025-05-31,CD-RJ1,10093,10001,18288,42,1345.7,0.0,0.051,0.635,6.69,51138.05
2025-06-01,CD-RJ1,9311,9217,16921,51,1241.5,0.0,0.0505,0.585,4.95,47175.9
2025-06-02,CD-RJ1,13421,13320,24949,74,1789.5,0.0,0.0549,0.848,6.28,67999.97
2025-06-03,CD-RJ1,13172,13059,24275,67,1756.3,0.0,0.0497,0.827,5.85,66738.36
2025-06-04,CD-RJ1,12642,12452,23802,76,1685.6,0.0,0.0559,0.799,4.75,64053.02
2025-06-05,CD-RJ1,13197,13184,25419,67,1759.6,0.0,0.0576,0.836,5.81,66865.03
2025-06-06,CD-RJ1,11870,11809,22998,80,1582.7,0.0,0.0605,0.754,6.0,60141.53
2025-06-07,CD-RJ1,10558,10454,21015,66,1407.7,0.0,0.0607,0.671,5.29,53494.04
2025-06-08,CD-RJ1,9548,9398,18130,49,1273.1,0.0,0.0665,0.611,5.25,48376.69
2025-06-09,CD-RJ1,13744,13624,26220,83,1832.5,0.0,0.0628,0.875,5.33,69636.49
2025-06-10,CD-RJ1,13022,12887,24726,57,1736.3,0.0,0.0734,0.839,6.66,65978.34
2025-06-11,CD-RJ1,12415,12313,23787,65,1655.3,0.0,0.0348,0.768,5.22,62902.86
2025-06-12,CD-RJ1,13430,13206,25785,61,1790.7,0.0,0.0448,0.839,4.67,68045.54
2025-06-13,CD-RJ1,11542,11428,22462,59,1538.9,0.0,0.0566,0.73,5.56,58479.64
2025-06-14,CD-RJ1,10568,10466,20564,57,1409.1,0.0,0.0554,0.668,4.65,53544.69
2025-06-15,CD-RJ1,9465,9382,18229,56,1262.0,0.0,0.0495,0.594,5.78,47956.14
2025-06-16,CD-RJ1,14892,14476,29419,71,1985.6,32.9,0.062,0.948,5.86,76079.03
2025-06-17,CD-RJ1,13738,13630,26121,68,1831.7,0.0,0.0686,0.88,5.37,69606.07
2025-06-18,CD-RJ1,12742,12718,23820,48,1698.9,0.0,0.0467,0.798,4.92,64559.65
2025-06-19,CD-RJ1,12554,12428,23571,58,1673.9,0.0,0.0428,0.783,7.18,63607.11
2025-06-20,CD-RJ1,11679,11543,22128,64,1557.2,0.0,0.0685,0.748,5.85,59173.76
2025-06-21,CD-RJ1,10487,10331,19357,51,1398.3,0.0,0.0578,0.664,4.9,53134.28
2025-06-22,CD-RJ1,9674,9577,18084,47,1289.9,0.0,0.0598,0.614,5.65,49015.07
2025-06-23,CD-RJ1,13883,13669,25586,60,1851.1,0.0,0.0676,0.889,4.95,70340.72
2025-06-24,CD-RJ1,13023,12969,24968,57,1736.4,0.0,0.04,0.81,5.36,65983.37
2025-06-25,CD-RJ1,12964,12855,24861,70,1728.5,0.0,0.0517,0.816,6.77,65684.44
2025-06-26,CD-RJ1,13343,13286,24172,77,1779.1,0.0,0.0389,0.829,5.86,67604.71
2025-06-27,CD-RJ1,12089,12063,22574,77,1611.9,0.0,0.0569,0.765,4.94,61251.09
2025-06-28,CD-RJ1,10342,10223,20594,65,1378.9,0.0,0.0562,0.654,4.78,52399.6
2025-06-29,CD-RJ1,9986,9892,19288,57,1331.5,0.0,0.0596,0.634,6.0,50595.86
2025-06-30,CD-RJ1,15255,14791,29331,65,2034.0,66.0,0.0653,0.974,8.84,78546.78
2025-07-01,CD-RJ1,13817,13717,25793,57,1842.3,0.0,0.057,0.875,5.4,70006.3
2025-07-02,CD-RJ1,12774,12698,24454,59,1703.2,0.0,0.0438,0.797,6.69,64721.75
2025-07-03,CD-RJ1,13209,13158,25088,58,1761.2,0.0,0.0587,0.838,5.88,66925.76
2025-07-04,CD-RJ1,12272,12218,22828,68,1636.3,0.0,0.0604,0.78,5.99,62178.28
2025-07-05,CD-RJ1,11006,10936,20640,68,1467.5,0.0,0.0446,0.688,4.82,55763.86
2025-07-06,CD-RJ1,10008,9984,18779,58,1334.4,0.0,0.0552,0.632,5.35,50707.31
2025-07-07,CD-RJ1,14044,13839,25638,89,1872.5,0.0,0.0747,0.906,5.76,71156.42
2025-07-08,CD-RJ1,13131,13053,24080,76,1750.8,0.0,0.0516,0.826,4.59,66530.54
2025-07-09,CD-RJ1,13789,13669,26062,76,1838.5,0.0,0.0444,0.861,5.07,69864.42
2025-07-10,CD-RJ1,13562,13509,25193,68,1808.3,0.0,0.0524,0.854,5.13,68714.28
2025-07-11,CD-RJ1,12085,11954,22780,62,1611.3,0.0,0.0594,0.767,4.93,61230.79
2025-07-12,CD-RJ1,10365,10212,18861,56,1382.0,0.0,0.0444,0.647,5.33,52516.11
2025-07-13,CD-RJ1,10513,10456,20396,52,1401.7,0.0,0.0429,0.656,6.22,53265.98
2025-07-14,CD-RJ1,14186,13906,28429,85,1891.5,0.0,0.0702,0.911,6.69,71875.88
2025-07-15,CD-RJ1,13436,13268,26219,72,1791.5,0.0,0.0576,0.851,6.97,68075.87
2025-07-16,CD-RJ1,13406,13367,26229,82,1787.5,0.0,0.0682,0.859,6.44,67923.87
2025-07-17,CD-RJ1,12686,12634,24501,58,1691.5,0.0,0.0563,0.802,5.72,64275.86
2025-07-18,CD-RJ1,12229,12114,23397,64,1630.5,0.0,0.0453,0.765,7.03,61960.38
2025-07-19,CD-RJ1,10506,10294,20007,50,1400.8,0.0,0.0673,0.672,5.17,53230.5
2025-07-20,CD-RJ1,10178,10118,18873,60,1357.1,0.0,0.0594,0.646,5.47,51568.63
2025-07-21,CD-RJ1,15574,15036,30128,81,2076.5,72.8,0.05,0.978,9.06,80292.22
2025-07-22,CD-RJ1,13995,13912,27032,69,1866.0,0.0,0.0428,0.873,5.15,70908.13
2025-07-23,CD-RJ1,13484,13402,25307,88,1797.9,0.0,0.0471,0.845,4.57,68319.05
2025-07-24,CD-RJ1,12010,11905,23135,54,1601.3,0.0,0.0577,0.761,4.78,60850.77
2025-07-25,CD-RJ1,12281,12163,22908,73,1637.5,0.0,0.036,0.76,5.39,62223.84
2025-07-26,CD-RJ1,10313,10185,19270,52,1375.1,0.0,0.05,0.648,4.93,52252.62
2025-07-27,CD-RJ1,9685,9581,18777,40,1291.3,0.0,0.0572,0.613,4.75,49070.75
2025-07-28,CD-RJ1,14469,14294,27803,67,1929.2,0.0,0.0433,0.903,6.61,73309.72
2025-07-29,CD-RJ1,13867,13775,26186,86,1848.9,0.0,0.057,0.878,5.88,70259.58
2025-07-30,CD-RJ1,13688,13622,25769,72,1825.1,0.0,0.0579,0.867,4.6,69352.65
2025-07-31,CD-RJ1,12409,12240,23686,55,1654.5,0.0,0.0442,0.775,6.55,62872.37
2025-08-01,CD-RJ1,12386,12205,22397,68,1651.5,0.0,0.0398,0.77,8.25,62755.83
2025-08-02,CD-RJ1,10507,10407,19565,56,1400.9,0.0,0.0381,0.652,5.06,53235.55
2025-08-03,CD-RJ1,10059,9937,18476,53,1341.2,0.0,0.0236,0.615,5.9,50965.68
2025-08-04,CD-RJ1,15541,14944,29537,75,2072.1,79.7,0.0574,0.984,6.34,80254.95
2025-08-05,CD-RJ1,14378,14119,28101,92,1917.1,0.0,0.0468,0.9,5.89,72848.64
2025-08-06,CD-RJ1,13963,13917,26863,68,1861.7,0.0,0.0352,0.864,5.94,70745.97
2025-08-07,CD-RJ1,13018,12871,24401,72,1735.7,0.0,0.0528,0.82,5.4,65957.96
2025-08-08,CD-RJ1,12141,12121,22639,62,1618.8,0.0,0.0498,0.763,4.99,61514.49
2025-08-09,CD-RJ1,10666,10603,19863,56,1422.1,0.0,0.0471,0.668,5.15,54041.14
2025-08-10,CD-RJ1,10321,10195,20642,52,1376.1,0.0,0.0418,0.643,4.64,52293.14
2025-08-11,CD-RJ1,15194,14795,28920,80,2025.9,61.9,0.0659,0.971,6.79,78159.03
2025-08-12,CD-RJ1,13655,13560,26081,59,1820.7,0.0,0.0553,0.863,7.35,69185.43
2025-08-13,CD-RJ1,13459,13360,24151,58,1794.5,0.0,0.0417,0.838,4.78,68192.36
2025-08-14,CD-RJ1,13269,13159,24428,74,1769.2,0.0,0.0511,0.835,6.96,67229.69
2025-08-15,CD-RJ1,13619,13535,25846,59,1815.9,0.0,0.0552,0.86,5.27,69003.02
2025-08-16,CD-RJ1,11522,11454,21605,57,1536.3,0.0,0.0483,0.723,4.63,58378.21
2025-08-17,CD-RJ1,9986,9872,19040,51,1331.5,0.0,0.0584,0.633,6.31,50595.8
2025-08-18,CD-RJ1,15035,14611,28657,70,2004.7,34.7,0.0542,0.949,6.49,76836.0
2025-08-19,CD-RJ1,13544,13442,26140,81,1805.9,0.0,0.0416,0.844,4.85,68623.02
2025-08-20,CD-RJ1,13214,13139,23872,77,1761.9,0.0,0.0388,0.821,5.01,66951.02
2025-08-21,CD-RJ1,13386,13311,24694,68,1784.8,0.0,0.0508,0.842,5.12,67822.48
2025-08-22,CD-RJ1,13119,13023,24861,74,1749.2,0.0,0.0468,0.822,5.36,66469.68
2025-08-23,CD-RJ1,10597,10489,19791,40,1412.9,0.0,0.0394,0.658,5.6,53691.53
2025-08-24,CD-RJ1,10115,10010,19062,58,1348.7,0.0,0.0583,0.641,5.63,51249.39
2025-08-25,CD-RJ1,14128,13838,26920,74,1883.7,0.0,0.0745,0.911,6.62,71581.95
2025-08-26,CD-RJ1,14276,14166,26593,71,1903.5,0.0,0.0424,0.89,5.63,72331.82
2025-08-27,CD-RJ1,13067,12930,24953,58,1742.3,0.0,0.0341,0.807,5.76,66206.21
2025-08-28,CD-RJ1,13069,12954,25187,78,1742.5,0.0,0.0599,0.83,5.53,66216.34
2025-08-29,CD-RJ1,12272,12185,23357,77,1636.3,0.0,0.0528,0.773,4.53,62178.2
2025-08-30,CD-RJ1,10901,10814,21105,48,1453.5,0.0,0.0484,0.684,4.79,55231.79
2025-08-31,CD-RJ1,9772,9694,17505,48,1302.9,0.0,0.0458,0.611,4.88,49511.52
2025-09-01,CD-RJ1,14575,14258,27265,67,1943.3,0.0,0.0536,0.919,6.01,73846.74
2025-09-02,CD-RJ1,15517,15019,30175,74,2068.9,57.7,0.0417,0.966,6.74,79715.52
2025-09-03,CD-RJ1,13035,12914,24203,58,1738.0,0.0,0.0504,0.819,5.28,66044.07
2025-09-04,CD-RJ1,12879,12772,23826,69,1717.2,0.0,0.0414,0.802,5.91,65253.67
2025-09-05,CD-RJ1,13553,13507,25665,76,1807.1,0.0,0.0525,0.854,6.06,68668.6
2025-09-06,CD-RJ1,12119,12047,23016,79,1615.9,0.0,0.0451,0.758,5.35,61402.99
2025-09-07,CD-RJ1,10043,9940,18813,58,1339.1,0.0,0.0365,0.622,6.2,50884.58
2025-09-08,CD-RJ1,15254,14658,30389,83,2033.9,75.8,0.073,0.982,6.68,78727.79
2025-09-09,CD-RJ1,14698,14508,28137,84,1959.7,3.8,0.0498,0.923,6.31,74541.87
2025-09-10,CD-RJ1,14559,14306,27005,85,1941.2,0.0,0.0476,0.912,5.01,73765.67
2025-09-11,CD-RJ1,13005,12903,23773,65,1734.0,0.0,0.0494,0.817,5.36,65892.06
2025-09-12,CD-RJ1,12698,12630,24384,56,1693.1,0.0,0.0347,0.785,6.25,64336.59
2025-09-13,CD-RJ1,11365,11284,21067,58,1515.3,0.0,0.0411,0.707,5.47,57582.72
2025-09-14,CD-RJ1,10693,10592,21468,68,1425.7,0.0,0.0328,0.66,4.86,54177.91
2025-09-15,CD-RJ1,15337,14739,29468,68,2044.9,67.4,0.061,0.975,6.97,78987.24
2025-09-16,CD-RJ1,14539,14309,28031,85,1938.5,0.0,0.0476,0.911,5.72,73664.33
2025-09-17,CD-RJ1,13143,13072,25135,56,1752.4,0.0,0.0461,0.822,5.74,66591.26
2025-09-18,CD-RJ1,13435,13399,26280,75,1791.3,0.0,0.0544,0.848,4.99,68070.72
2025-09-19,CD-RJ1,12761,12584,22718,62,1701.5,0.0,0.037,0.791,5.33,64655.79
2025-09-20,CD-RJ1,11218,11207,20639,45,1495.7,0.0,0.0386,0.696,4.84,56837.91
2025-09-21,CD-RJ1,10388,10293,20274,65,1385.1,0.0,0.0483,0.652,5.12,52632.58
2025-09-22,CD-RJ1,15890,15176,31383,99,2302.9,126.1,0.0621,1.011,7.41,89905.68
2025-09-23,CD-RJ1,15213,14793,27965,80,2028.4,24.9,0.0345,0.94,5.51,77552.14
2025-09-24,CD-RJ1,13963,13758,25260,71,1861.7,0.0,0.0546,0.882,5.38,70745.92
2025-09-25,CD-RJ1,13794,13611,26324,48,1839.2,0.0,0.0573,0.873,4.78,69889.65
2025-09-26,CD-RJ1,12980,12859,24977,76,1730.7,0.0,0.0524,0.818,5.24,65765.38
2025-09-27,CD-RJ1,11192,11126,21347,68,1492.3,0.0,0.0329,0.691,4.74,56706.18
2025-09-28,CD-RJ1,10386,10304,19702,61,1384.8,0.0,0.0463,0.65,7.94,52622.44
2025-09-29,CD-RJ1,15896,15101,28731,78,2303.8,127.6,0.0627,1.012,8.1,89966.97
2025-09-30,CD-RJ1,14727,14530,27705,71,1963.6,0.0,0.0428,0.918,5.81,74616.85
2025-10-01,CD-RJ1,14991,14587,28314,85,1998.8,33.1,0.0558,0.948,7.89,76584.11
2025-10-02,CD-RJ1,14460,14282,27078,74,1928.0,0.0,0.0441,0.903,5.32,73264.05
2025-10-03,CD-RJ1,13206,13193,23824,49,1760.8,0.0,0.0658,0.844,6.59,66910.45
2025-10-04,CD-RJ1,10956,10868,21137,58,1460.8,0.0,0.0513,0.689,5.76,55510.44
2025-10-05,CD-RJ1,10299,10188,20014,53,1373.2,0.0,0.0472,0.645,5.02,52181.63
2025-10-06,CD-RJ1,16472,15445,30642,68,2387.2,192.2,0.0674,1.054,8.38,94367.26
2025-10-07,CD-RJ1,14999,14629,28359,85,1999.9,35.5,0.0572,0.95,7.28,76670.19
2025-10-08,CD-RJ1,14284,14122,26785,81,1904.5,0.0,0.0522,0.9,5.66,72372.31
2025-10-09,CD-RJ1,12942,12847,24275,71,1725.6,0.0,0.0444,0.808,6.15,65572.84
2025-10-10,CD-RJ1,13531,13503,26043,76,1804.1,0.0,0.0437,0.845,6.05,68557.11
2025-10-11,CD-RJ1,11502,11472,22151,75,1533.6,0.0,0.036,0.712,5.66,58276.84
2025-10-12,CD-RJ1,10359,10271,20239,55,1381.2,0.0,0.0255,0.634,4.74,52485.63
2025-10-13,CD-RJ1,15642,14932,30544,82,2085.6,93.5,0.0614,0.995,7.23,81028.93
2025-10-14,CD-RJ1,15086,14743,28534,80,2011.5,23.9,0.0419,0.94,6.2,76890.35
2025-10-15,CD-RJ1,14155,14000,28906,77,1887.3,0.0,0.0423,0.882,5.9,71718.71
2025-10-16,CD-RJ1,13722,13661,27135,72,1829.6,0.0,0.0532,0.865,4.88,69524.84
2025-10-17,CD-RJ1,13134,13051,24522,79,1751.2,0.0,0.0481,0.824,6.19,66545.64
2025-10-18,CD-RJ1,11286,11275,21515,57,1504.8,0.0,0.0602,0.717,5.09,57182.43
2025-10-19,CD-RJ1,10898,10875,19624,50,1453.1,0.0,0.0404,0.678,4.88,55216.56
2025-10-20,CD-RJ1,16819,15634,31979,111,2437.5,203.6,0.0522,1.059,8.52,96494.78
2025-10-21,CD-RJ1,13684,13546,27145,61,1824.5,0.0,0.0349,0.846,6.99,69332.3
2025-10-22,CD-RJ1,14093,13855,28737,91,1879.1,0.0,0.0508,0.886,5.61,71404.57
2025-10-23,CD-RJ1,14030,13783,26572,84,1870.7,0.0,0.0542,0.885,6.94,71085.37
2025-10-24,CD-RJ1,13395,13294,25675,69,1786.0,0.0,0.0442,0.837,5.02,67868.03
2025-10-25,CD-RJ1,11304,11160,21820,56,1507.2,0.0,0.0365,0.7,4.94,57273.63
2025-10-26,CD-RJ1,10233,10218,20456,51,1364.4,0.0,0.0572,0.648,6.48,51847.23
2025-10-27,CD-RJ1,16273,15502,30119,78,2358.4,142.5,0.0484,1.021,7.85,92326.69
2025-10-28,CD-RJ1,16035,15240,32596,96,2323.9,126.5,0.0531,1.011,6.6,90712.72
2025-10-29,CD-RJ1,13526,13400,25485,69,1803.5,0.0,0.0404,0.841,7.15,68531.77
2025-10-30,CD-RJ1,14448,14327,26606,76,1926.4,0.0,0.0482,0.906,5.73,73203.23
2025-10-31,CD-RJ1,13181,13166,24836,67,1757.5,0.0,0.0576,0.835,5.43,66783.76
2025-11-01,CD-RJ1,11494,11359,21373,58,1532.5,0.0,0.0488,0.721,7.4,58236.29
2025-11-02,CD-RJ1,10562,10433,20289,59,1408.3,0.0,0.0426,0.658,6.91,53514.16
2025-11-03,CD-RJ1,15992,15100,29064,85,2317.7,149.7,0.0712,1.028,8.85,90916.48
2025-11-04,CD-RJ1,15901,15239,30325,103,2120.1,97.0,0.0473,0.996,6.65,82407.44
2025-11-05,CD-RJ1,14669,14251,28358,70,1955.9,30.5,0.0745,0.946,6.58,74902.58
2025-11-06,CD-RJ1,14960,14704,29533,78,1994.7,2.2,0.0314,0.922,6.41,75839.05
2025-11-07,CD-RJ1,13963,13949,27005,96,1861.7,0.0,0.0352,0.864,4.9,70745.9
2025-11-08,CD-RJ1,11763,11603,23186,57,1568.4,0.0,0.053,0.741,4.78,59599.23
2025-11-09,CD-RJ1,11702,11588,21879,61,1560.3,0.0,0.0447,0.731,5.32,59290.16
2025-11-10,CD-RJ1,16524,15357,31721,102,2394.8,195.9,0.0663,1.056,8.64,94724.37
2025-11-11,CD-RJ1,15739,15121,28150,88,2098.5,68.9,0.0362,0.975,5.87,81053.37
2025-11-12,CD-RJ1,14308,14130,27104,81,1907.7,0.0,0.0454,0.895,5.69,72493.9
2025-11-13,CD-RJ1,14219,14027,27291,84,1895.9,0.0,0.0487,0.892,4.98,72042.96
2025-11-14,CD-RJ1,13159,13081,25316,77,1754.5,0.0,0.0447,0.822,6.29,66672.29
2025-11-15,CD-RJ1,12056,11967,21958,47,1607.5,0.0,0.0469,0.755,5.69,61083.76
2025-11-16,CD-RJ1,10635,10563,19999,52,1418.0,0.0,0.0341,0.657,4.81,53884.02
2025-11-17,CD-RJ1,16816,15606,31740,70,2437.1,221.3,0.0632,1.071,8.99,96815.44
2025-11-18,CD-RJ1,15282,14760,28708,77,2037.6,57.3,0.0566,0.967,6.9,78516.68
2025-11-19,CD-RJ1,15138,14763,29311,75,2018.4,19.9,0.0351,0.936,6.06,77076.99
2025-11-20,CD-RJ1,14643,14421,27663,85,1952.4,0.0,0.0346,0.905,8.32,74191.23
2025-11-21,CD-RJ1,14431,14212,27491,77,1924.1,0.0,0.0585,0.915,5.83,73117.09
2025-11-22,CD-RJ1,12019,11830,22542,63,1602.5,0.0,0.0345,0.743,5.1,60896.29
2025-11-23,CD-RJ1,10543,10471,20593,52,1405.7,0.0,0.0517,0.664,5.95,53417.89
2025-11-24,CD-RJ1,42703,38243,83568,388,6188.8,852.2,0.0604,1.149,11.02,251367.46
2025-11-25,CD-RJ1,38581,36556,72709,303,5591.5,329.4,0.0417,1.018,6.49,218733.34
2025-11-26,CD-RJ1,37337,35422,76262,316,5411.2,263.3,0.0567,1.001,8.27,210626.74
2025-11-27,CD-RJ1,39285,36785,73136,327,5693.5,439.1,0.0524,1.049,8.35,224695.18
2025-11-28,CD-RJ1,36267,35101,70734,311,4835.6,135.7,0.0512,0.967,8.17,186331.41
2025-11-29,CD-RJ1,29896,29711,55381,248,3986.1,0.0,0.0278,0.778,6.67,151473.11
2025-11-30,CD-RJ1,28140,27781,54554,211,3752.0,0.0,0.0507,0.75,5.79,142576.04
2025-12-01,CD-RJ1,43099,38824,83386,394,6246.2,858.7,0.0514,1.149,9.73,253672.86
2025-12-02,CD-RJ1,14900,14596,27556,73,1986.7,25.4,0.0552,0.941,6.39,75976.5
2025-12-03,CD-RJ1,14365,14118,27200,76,1915.3,0.0,0.0571,0.909,7.44,72782.69
2025-12-04,CD-RJ1,14591,14239,29086,69,1945.5,21.8,0.0722,0.939,5.84,74341.4
2025-12-05,CD-RJ1,14278,14001,26547,91,1903.7,0.0,0.047,0.894,5.72,72341.89
2025-12-06,CD-RJ1,12108,11968,23248,61,1614.4,0.0,0.0336,0.748,6.18,61347.22
2025-12-07,CD-RJ1,10381,10309,19898,63,1384.1,0.0,0.0568,0.657,6.32,52597.08
2025-12-08,CD-RJ1,26088,23694,49512,220,3780.9,489.6,0.0658,1.136,9.9,152975.29
2025-12-09,CD-RJ1,24323,22806,44108,194,3525.1,259.2,0.0511,1.043,8.16,138878.24
2025-12-10,CD-RJ1,23265,22447,45167,216,3371.7,168.6,0.0569,1.003,8.06,131330.06
2025-12-11,CD-RJ1,23774,22510,45184,190,3445.5,221.9,0.0588,1.027,8.03,135145.95
2025-12-12,CD-RJ1,19849,19589,38809,162,2646.5,0.0,0.0419,0.843,7.41,100568.29
2025-12-13,CD-RJ1,18099,18047,34598,150,2413.2,0.0,0.0339,0.762,5.0,91701.62
2025-12-14,CD-RJ1,17958,17724,34178,147,2394.4,0.0,0.0517,0.77,6.33,90987.22
2025-12-15,CD-RJ1,24525,22938,47054,204,3554.3,296.0,0.0579,1.059,7.91,140689.72
2025-12-16,CD-RJ1,25662,23557,47491,193,3719.1,382.4,0.0436,1.091,8.54,148592.33
2025-12-17,CD-RJ1,23362,22308,46208,201,3114.9,122.8,0.036,0.986,9.04,120700.97
2025-12-18,CD-RJ1,23302,22373,43836,171,3106.9,144.1,0.0497,0.997,9.17,120801.3
2025-12-19,CD-RJ1,21087,20770,39683,169,2811.6,0.0,0.0522,0.905,7.38,106840.83
2025-12-20,CD-RJ1,19117,19096,37558,143,2548.9,0.0,0.0438,0.813,5.17,96859.49
2025-12-21,CD-RJ1,11844,11701,22650,64,1579.2,0.0,0.0459,0.741,5.11,60009.61
2025-12-22,CD-RJ1,16983,15466,32067,104,2461.3,271.5,0.0817,1.104,7.94,98687.54
2025-12-23,CD-RJ1,15964,15149,30662,97,2313.6,128.6,0.059,1.013,9.03,90361.21
2025-12-24,CD-RJ1,15108,14848,29178,81,2014.4,40.1,0.0539,0.953,5.94,77309.07
2025-12-25,CD-RJ1,14241,14175,26974,82,1898.8,0.0,0.0282,0.875,5.28,72154.42
2025-12-26,CD-RJ1,13890,13810,27032,61,1852.0,0.0,0.0495,0.872,5.17,70376.02
2025-12-27,CD-RJ1,11997,11929,22032,67,1599.6,0.0,0.0393,0.745,5.1,60784.81
2025-12-28,CD-RJ1,11637,11521,22263,67,1551.6,0.0,0.0453,0.728,4.66,58960.81
2025-12-29,CD-RJ1,17536,16143,34020,97,2541.4,308.8,0.0675,1.123,8.62,102442.04
2025-12-30,CD-RJ1,15335,14880,29613,69,2044.7,50.8,0.048,0.961,6.79,78662.75
2025-12-31,CD-RJ1,14987,14656,26796,67,1998.3,20.2,0.0451,0.937,5.65,76317.54
2026-01-01,CD-RJ1,15536,15058,29420,70,2071.5,63.5,0.0451,0.971,6.31,79922.56
2026-01-02,CD-RJ1,13677,13498,25156,70,1823.6,0.0,0.0365,0.844,6.92,69296.81
2026-01-03,CD-RJ1,11782,11646,23143,64,1570.9,0.0,0.0377,0.725,4.95,59695.48
2026-01-04,CD-RJ1,11631,11527,21872,45,1550.8,0.0,0.054,0.725,5.44,58930.41
2026-01-05,CD-RJ1,17545,16234,34366,82,2542.8,262.9,0.056,1.092,8.46,101619.1
2026-01-06,CD-RJ1,16023,15270,29469,74,2136.4,92.1,0.0541,0.992,6.6,82932.19
2026-01-07,CD-RJ1,15844,15272,30413,72,2112.5,69.0,0.0516,0.974,7.79,81586.79
2026-01-08,CD-RJ1,15301,14923,29078,71,2040.1,21.9,0.052,0.938,7.66,77940.86
2026-01-09,CD-RJ1,14540,14310,29635,94,1938.7,0.0,0.0517,0.888,4.88,73669.35
2026-01-10,CD-RJ1,12438,12313,24365,67,1658.4,0.0,0.0415,0.748,5.16,63019.21
2026-01-11,CD-RJ1,12562,12489,24567,55,1674.9,0.0,0.0438,0.755,5.0,63647.48
2026-01-12,CD-RJ1,17016,15899,34056,89,2466.1,180.3,0.0651,1.042,7.55,97136.23
2026-01-13,CD-RJ1,14980,14945,28675,79,1997.3,0.0,0.028,0.879,5.49,75898.68
2026-01-14,CD-RJ1,16082,15577,30476,68,2144.3,60.2,0.055,0.967,5.89,82626.87
2026-01-15,CD-RJ1,14701,14604,27775,73,1960.1,0.0,0.041,0.868,5.49,74485.08
2026-01-16,CD-RJ1,14259,14145,27326,68,1901.2,0.0,0.0483,0.845,7.55,72245.61
2026-01-17,CD-RJ1,12834,12675,22607,59,1711.2,0.0,0.0444,0.755,6.71,65025.61
2026-01-18,CD-RJ1,11027,10910,20953,54,1470.3,0.0,0.0447,0.646,5.64,55870.14
2026-01-19,CD-RJ1,16483,15956,31505,80,2197.7,62.4,0.0495,0.967,5.93,84699.97
2026-01-20,CD-RJ1,15294,15095,28939,66,2039.2,0.0,0.0462,0.891,6.44,77489.61
2026-01-21,CD-RJ1,14889,14781,27149,61,1985.2,0.0,0.0498,0.868,5.21,75437.61
2026-01-22,CD-RJ1,15258,15081,28876,84,2034.4,0.0,0.0286,0.867,6.58,77307.21
2026-01-23,CD-RJ1,14549,14459,26527,70,1939.9,0.0,0.0386,0.832,6.36,73714.94
2026-01-24,CD-RJ1,12462,12389,24783,57,1661.6,0.0,0.0522,0.72,5.28,63140.81
2026-01-25,CD-RJ1,11169,11007,21077,59,1489.2,0.0,0.0507,0.642,5.43,56589.61
2026-01-26,CD-RJ1,15936,15626,28635,92,2124.8,5.8,0.0624,0.925,5.64,80853.43
2026-01-27,CD-RJ1,16327,15921,30853,95,2176.9,1.9,0.0395,0.921,5.3,82759.93
2026-01-28,CD-RJ1,15149,14915,29461,90,2019.9,0.0,0.0507,0.862,5.47,76754.94
2026-01-29,CD-RJ1,15357,15198,29314,85,2047.6,0.0,0.0354,0.857,6.1,77808.81
2026-01-30,CD-RJ1,14723,14708,27301,82,1963.1,0.0,0.0479,0.829,5.56,74596.54
2026-01-31,CD-RJ1,12474,12413,23278,56,1663.2,0.0,0.0345,0.691,5.39,63201.61
2026-02-01,CD-RJ1,12132,12102,22877,65,1617.6,0.0,0.0477,0.679,5.96,61468.81
2026-02-02,CD-RJ1,17578,16908,33012,76,2343.7,95.9,0.0558,0.988,6.85,90883.25
2026-02-03,CD-RJ1,16694,16327,30667,96,2225.9,19.4,0.055,0.935,6.34,84951.79
2026-02-04,CD-RJ1,15110,15043,28658,81,2014.7,0.0,0.0525,0.841,5.16,76557.34
2026-02-05,CD-RJ1,15105,14946,27692,74,2014.0,0.0,0.0444,0.83,5.32,76532.01
2026-02-06,CD-RJ1,14552,14463,28339,68,1940.3,0.0,0.0617,0.812,4.67,73730.14
2026-02-07,CD-RJ1,12844,12802,25091,57,1712.5,0.0,0.0413,0.699,4.87,65076.27
2026-02-08,CD-RJ1,11722,11661,21684,62,1562.9,0.0,0.0487,0.641,7.25,59391.47
2026-02-09,CD-RJ1,17859,17251,33292,77,2381.2,91.0,0.0591,0.984,5.98,92214.73
2026-02-10,CD-RJ1,16331,16168,30683,100,2177.5,0.0,0.0549,0.893,7.5,82743.74
2026-02-11,CD-RJ1,15518,15499,29460,69,2069.1,0.0,0.0541,0.845,5.28,78624.54
2026-02-12,CD-RJ1,15733,15594,30095,94,2097.7,0.0,0.0594,0.858,4.35,79713.88
2026-02-13,CD-RJ1,13522,13508,26005,64,1802.9,0.0,0.0537,0.731,5.92,68511.47
2026-02-14,CD-RJ1,11987,11919,23039,51,1598.3,0.0,0.0253,0.627,4.35,60734.14
2026-02-15,CD-RJ1,11334,11226,22415,52,1511.2,0.0,0.0456,0.603,5.73,57425.61
2026-02-16,CD-RJ1,16199,15966,30827,98,2159.9,0.0,0.0765,0.888,5.46,82074.94
2026-02-17,CD-RJ1,16186,16004,29699,82,2158.1,0.0,0.0464,0.857,5.02,82009.08
2026-02-18,CD-RJ1,16083,15893,29264,68,2144.4,0.0,0.0337,0.837,5.16,81487.21
2026-02-19,CD-RJ1,15224,15097,30171,70,2029.9,0.0,0.0526,0.806,5.18,77134.94
2026-02-20,CD-RJ1,14721,14528,28345,70,1962.8,0.0,0.0572,0.78,4.71,74586.41
2026-02-21,CD-RJ1,13111,13074,25046,83,1748.1,0.0,0.0432,0.683,7.11,66429.07
2026-02-22,CD-RJ1,12582,12487,24188,51,1677.6,0.0,0.047,0.655,6.28,63748.81
2026-02-23,CD-RJ1,17699,17330,33770,69,2359.9,12.8,0.0572,0.929,6.22,89918.19
2026-02-24,CD-RJ1,17466,17115,33564,83,2328.8,0.0,0.0532,0.91,4.91,88494.41
2026-02-25,CD-RJ1,15813,15638,29750,72,2108.4,0.0,0.0495,0.818,4.4,80119.21
2026-02-26,CD-RJ1,15012,14759,29315,68,2001.6,0.0,0.0397,0.766,4.94,76060.81
2026-02-27,CD-RJ1,14398,14376,26978,53,1919.7,0.0,0.0529,0.743,4.34,72949.87
2026-02-28,CD-RJ1,12045,11880,22341,53,1606.0,0.0,0.0431,0.613,4.45,61028.01
2026-03-01,CD-RJ1,11717,11560,21272,54,1562.3,0.0,0.0567,0.603,5.36,59366.14
2026-03-02,CD-RJ1,17621,17427,33270,77,2349.5,0.0,0.0671,0.914,6.55,89279.74
2026-03-03,CD-RJ1,17243,17132,33854,83,2299.1,0.0,0.044,0.87,4.79,87364.54
2026-03-04,CD-RJ1,16808,16682,31551,77,2241.1,0.0,0.0456,0.847,4.64,85160.54
2026-03-05,CD-RJ1,14802,14704,27104,83,1973.6,0.0,0.0531,0.749,3.64,74996.81
2026-03-06,CD-RJ1,14993,14930,28700,64,1999.1,0.0,0.0476,0.752,5.13,75964.54
2026-03-07,CD-RJ1,12311,12217,22990,46,1641.5,0.0,0.0511,0.618,5.23,62375.74
2026-03-08,CD-RJ1,12365,12190,24451,50,1648.7,0.0,0.0568,0.623,5.51,62649.34
2026-03-09,CD-RJ1,25011,24500,48865,101,3334.8,32.6,0.0561,0.936,8.79,127341.61
2026-03-10,CD-RJ1,22103,21964,40591,97,2947.1,0.0,0.0582,0.827,3.95,111988.54
2026-03-11,CD-RJ1,23048,22972,43591,101,3073.1,0.0,0.0558,0.857,6.01,116776.54
2026-03-12,CD-RJ1,21439,21160,39924,78,2858.5,0.0,0.047,0.788,5.79,108624.28
2026-03-13,CD-RJ1,20435,20212,37641,77,2724.7,0.0,0.0454,0.747,4.35,103537.34
2026-03-14,CD-RJ1,17316,17205,32852,60,2308.8,0.0,0.0469,0.632,3.42,87734.41
2026-03-15,CD-RJ1,16734,16537,32479,83,2231.2,0.0,0.043,0.607,5.49,84785.61
2026-03-16,CD-RJ1,18321,17930,34735,89,2442.8,0.0,0.0537,0.897,6.15,92826.41
2026-03-17,CD-RJ1,16854,16732,31588,77,2247.2,0.0,0.0493,0.819,3.41,85393.61
2026-03-18,CD-RJ1,16221,16149,29031,76,2162.8,0.0,0.0368,0.776,4.62,82186.41
2026-03-19,CD-RJ1,15934,15798,29744,82,2124.5,0.0,0.0423,0.764,4.09,80732.27
2026-03-20,CD-RJ1,15652,15561,30171,64,2086.9,0.0,0.0464,0.752,4.01,79303.47
2026-03-21,CD-RJ1,12769,12687,23404,50,1702.5,0.0,0.0341,0.604,3.12,64696.27
2026-03-22,CD-RJ1,11668,11575,22917,50,1555.7,0.0,0.0503,0.559,5.21,59117.87
2026-03-23,CD-RJ1,18833,18565,35233,75,2511.1,0.0,0.0582,0.908,3.99,95420.54
2026-03-24,CD-RJ1,16866,16822,32209,89,2248.8,0.0,0.0554,0.808,6.38,85454.41
2026-03-25,CD-RJ1,16758,16559,31506,76,2234.4,0.0,0.043,0.79,3.66,84907.21
2026-03-26,CD-RJ1,16038,15959,29529,69,2138.4,0.0,0.0417,0.753,3.42,81259.21
2026-03-27,CD-RJ1,14978,14787,28788,63,1997.1,0.0,0.0418,0.701,3.45,75888.54
2026-03-28,CD-RJ1,13157,13010,24605,67,1754.3,0.0,0.0453,0.616,3.6,66662.14
2026-03-29,CD-RJ1,13220,13177,24567,62,1762.7,0.0,0.0454,0.618,3.55,66981.34
2026-03-30,CD-RJ1,19587,19058,34888,81,2611.6,19.6,0.0659,0.933,5.69,99613.0
2026-03-31,CD-RJ1,17204,17050,33808,61,2293.9,0.0,0.0455,0.799,3.47,87166.94
2026-04-01,CD-RJ1,16313,16297,31000,64,2175.1,0.0,0.0618,0.769,5.15,82652.54
2026-04-02,CD-RJ1,16517,16453,32296,58,2202.3,0.0,0.0486,0.768,4.81,83686.14
2026-04-03,CD-RJ1,14686,14525,28359,62,1958.1,0.0,0.0411,0.677,4.6,74409.07
2026-04-04,CD-RJ1,13226,13090,25861,56,1763.5,0.0,0.0364,0.607,4.35,67011.74
2026-04-05,CD-RJ1,12435,12327,23276,46,1658.0,0.0,0.0493,0.578,2.93,63004.0
2026-04-06,CD-RJ1,18567,18516,34003,75,2475.6,0.0,0.0519,0.866,4.44,94072.81
2026-04-07,CD-RJ1,16758,16557,32479,77,2234.4,0.0,0.0498,0.78,4.82,84907.2
2026-04-08,CD-RJ1,15408,15219,29376,78,2054.4,0.0,0.0522,0.719,5.23,78067.2
2026-04-09,CD-RJ1,14848,14772,27865,66,1979.7,0.0,0.0524,0.693,2.73,75229.87
2026-04-10,CD-RJ1,14626,14411,28333,53,1950.1,0.0,0.042,0.675,4.74,74105.07
2026-04-11,CD-RJ1,12938,12787,24782,42,1725.1,0.0,0.0524,0.604,2.74,65552.54
2026-04-12,CD-RJ1,12389,12286,23935,58,1651.9,0.0,0.0476,0.575,4.19,62770.94
2026-04-13,CD-RJ1,19723,19341,36465,101,2629.7,4.6,0.0551,0.923,4.59,100016.76
2026-04-14,CD-RJ1,18033,17790,35144,64,2404.4,0.0,0.0437,0.834,3.01,91367.2
2026-04-15,CD-RJ1,15858,15754,30127,64,2114.4,0.0,0.0488,0.737,3.67,80347.2
2026-04-16,CD-RJ1,16298,16204,31850,83,2173.1,0.0,0.0396,0.75,3.5,82576.54
2026-04-17,CD-RJ1,15091,14930,29403,95,2012.1,0.0,0.0514,0.703,4.05,76461.07
2026-04-18,CD-RJ1,13093,13075,25326,63,1745.7,0.0,0.0566,0.614,3.63,66337.87
2026-04-19,CD-RJ1,12672,12588,24006,56,1689.6,0.0,0.0527,0.591,3.91,64204.8
2026-04-20,CD-RJ1,18980,18696,36735,94,2530.7,0.0,0.0607,0.893,3.55,96165.34
2026-04-21,CD-RJ1,17254,17228,33741,64,2300.5,0.0,0.0469,0.8,6.9,87420.27
2026-04-22,CD-RJ1,17119,16946,33045,80,2282.5,0.0,0.0407,0.789,3.93,86736.27
2026-04-23,CD-RJ1,15547,15434,29697,64,2072.9,0.0,0.0409,0.717,3.26,78771.47
2026-04-24,CD-RJ1,15401,15248,29810,39,2053.5,0.0,0.0367,0.707,3.22,78031.74
2026-04-25,CD-RJ1,14511,14431,27189,57,1934.8,0.0,0.047,0.673,4.37,73522.4
2026-04-26,CD-RJ1,12762,12635,25214,55,1701.6,0.0,0.0505,0.594,8.36,64660.8
2026-04-27,CD-RJ1,19622,19215,35632,78,2616.3,3.7,0.0594,0.922,5.58,99488.7
2026-04-28,CD-RJ1,17618,17466,33505,64,2349.1,0.0,0.038,0.81,3.59,89264.54
2026-04-29,CD-RJ1,16938,16768,31838,62,2258.4,0.0,0.0455,0.785,2.7,85819.2
2026-04-30,CD-RJ1,16256,16196,30365,76,2167.5,0.0,0.0557,0.761,3.04,82363.74
2026-05-01,CD-RJ1,20782,20511,39803,91,2770.9,0.0,0.0562,0.75,3.17,105295.47
2026-05-02,CD-RJ1,17568,17425,32391,77,2342.4,0.0,0.0448,0.627,2.69,89011.2
2026-05-03,CD-RJ1,17453,17320,35039,79,2327.1,0.0,0.0614,0.634,3.45,88428.54
2026-05-04,CD-RJ1,24614,24199,45103,68,3281.9,0.0,0.0816,0.913,4.68,124710.94
2026-05-05,CD-RJ1,24401,24300,45201,87,3253.5,0.0,0.0412,0.867,3.31,123631.74
2026-05-06,CD-RJ1,23395,23067,43227,94,3119.3,0.0,0.043,0.833,4.51,118534.67
2026-05-07,CD-RJ1,22399,22271,42780,73,2986.5,0.0,0.0505,0.804,3.21,113488.27
2026-05-08,CD-RJ1,20816,20546,40606,85,2775.5,0.0,0.0417,0.74,2.81,105467.74
2026-05-09,CD-RJ1,18453,18268,35546,97,2460.4,0.0,0.0518,0.663,3.11,93495.2
2026-05-10,CD-RJ1,17106,16877,33761,53,2280.8,0.0,0.0458,0.611,3.05,86670.4
2026-05-11,CD-RJ1,19520,19130,36281,80,2602.7,1.6,0.063,0.921,3.32,98932.13
2026-05-12,CD-RJ1,16627,16456,32139,94,2216.9,0.0,0.0404,0.766,2.95,84243.47
2026-05-13,CD-RJ1,16595,16571,31279,85,2212.7,0.0,0.0387,0.763,2.66,84081.34
2026-05-14,CD-RJ1,15328,15220,29298,51,2043.7,0.0,0.0291,0.698,2.64,77661.87
2026-05-15,CD-RJ1,14846,14753,29030,79,1979.5,0.0,0.0609,0.699,3.29,75219.74
2026-05-16,CD-RJ1,14179,14003,25740,43,1890.5,0.0,0.0525,0.662,3.16,71840.27
2026-05-17,CD-RJ1,13287,13220,26568,56,1771.6,0.0,0.0504,0.619,6.31,67320.8
2026-05-18,CD-RJ1,18532,18505,35076,67,2470.9,0.0,0.0628,0.874,2.97,93895.47
2026-05-19,CD-RJ1,16928,16851,30803,69,2257.1,0.0,0.0266,0.769,3.25,85768.54
2026-05-20,CD-RJ1,15137,14936,28236,56,2018.3,0.0,0.039,0.696,3.74,76694.14
2026-05-21,CD-RJ1,16256,16096,30970,63,2167.5,0.0,0.043,0.751,4.61,82363.74
2026-05-22,CD-RJ1,17091,16962,31881,69,2278.8,0.0,0.0403,0.787,5.16,86594.4
2026-05-23,CD-RJ1,13818,13676,24839,63,1842.4,0.0,0.0315,0.631,3.75,70011.2
2026-05-24,CD-RJ1,12704,12691,24199,49,1693.9,0.0,0.0372,0.583,3.46,64366.94
2026-05-25,CD-RJ1,19431,19069,36218,101,2590.8,0.0,0.0604,0.914,3.56,98450.4
2026-05-26,CD-RJ1,16989,16850,32832,60,2265.2,0.0,0.0454,0.787,3.64,86077.6
2026-05-27,CD-RJ1,16810,16635,31041,65,2241.3,0.0,0.0523,0.784,5.02,85170.67
2026-05-28,CD-RJ1,16725,16607,33669,67,2230.0,0.0,0.0615,0.788,3.61,84740.0
2026-05-29,CD-RJ1,15799,15760,30424,93,2106.5,0.0,0.0545,0.739,3.96,80048.27
2026-05-30,CD-RJ1,14069,13963,26870,68,1875.9,0.0,0.0436,0.65,4.44,71282.94
2026-05-31,CD-RJ1,13190,13073,25472,59,1758.7,0.0,0.0594,0.62,3.87,66829.34
2026-06-01,CD-RJ1,19680,19239,35600,68,2624.0,0.0,0.0533,0.919,4.6,99712.0
2026-06-02,CD-RJ1,17639,17583,33076,82,2351.9,0.0,0.0344,0.808,3.84,89370.94
2026-06-03,CD-RJ1,17621,17470,35051,44,2349.5,0.0,0.0439,0.815,2.93,89279.74
2026-06-04,CD-RJ1,17719,17564,33382,75,2362.5,0.0,0.0575,0.831,3.66,89776.27
2026-06-05,CD-RJ1,15397,15130,29206,73,2052.9,0.0,0.0563,0.721,3.75,78011.47
2026-06-06,CD-RJ1,13341,13227,25037,55,1778.8,0.0,0.042,0.616,5.71,67594.4
2026-06-07,CD-RJ1,13721,13589,27075,67,1829.5,0.0,0.0452,0.635,3.09,69519.74
2026-06-08,CD-RJ1,19212,18829,36268,93,2561.6,0.0,0.0561,0.9,3.99,97340.8
2026-06-09,CD-RJ1,19072,18995,35043,63,2542.9,0.0,0.0411,0.879,3.29,96631.47
2026-06-10,CD-RJ1,16917,16745,34324,68,2255.6,0.0,0.0634,0.799,5.52,85712.8
2026-06-11,CD-RJ1,17719,17701,32448,64,2362.5,0.0,0.0499,0.825,4.79,89776.27
2026-06-12,CD-RJ1,16104,16066,30519,52,2147.2,0.0,0.0692,0.765,3.69,81593.6
2026-06-13,CD-RJ1,13973,13821,25961,51,1863.1,0.0,0.0439,0.646,2.53,70796.53
2026-06-14,CD-RJ1,13906,13871,25934,65,1854.1,0.0,0.0549,0.651,4.86,70457.07
2026-06-15,CD-RJ1,19207,19029,35475,67,2560.9,0.0,0.0678,0.911,3.2,97315.47
2026-06-16,CD-RJ1,17682,17501,33118,84,2357.6,0.0,0.058,0.83,2.66,89588.8
2026-06-17,CD-RJ1,17011,16805,33158,77,2268.1,0.0,0.053,0.794,4.52,86189.07
2026-06-18,CD-RJ1,17226,16940,31091,67,2296.8,0.0,0.0589,0.809,4.0,87278.4
2026-06-19,CD-RJ1,15239,15140,29915,66,2031.9,0.0,0.0594,0.716,3.9,77210.93
2026-06-20,CD-RJ1,14239,14070,27829,77,1898.5,0.0,0.0423,0.657,3.12,72144.27
2026-06-21,CD-RJ1,13010,12927,25050,62,1734.7,0.0,0.0569,0.61,2.72,65917.33
2026-06-22,CD-RJ1,20351,19657,38795,84,2713.5,69.2,0.0652,0.963,3.7,104426.71
2026-06-23,CD-RJ1,16848,16661,32244,76,2246.4,0.0,0.0448,0.78,3.9,85363.2
2026-06-24,CD-RJ1,16904,16731,33321,59,2253.9,0.0,0.0566,0.792,2.82,85646.94
2026-06-25,CD-RJ1,16049,15837,29092,49,2139.9,0.0,0.0584,0.754,4.08,81314.93
2026-06-26,CD-RJ1,15747,15586,30492,78,2099.6,0.0,0.0511,0.734,2.86,79784.8
2026-06-27,CD-RJ1,14130,13975,26320,56,1884.0,0.0,0.0482,0.656,3.72,71592.0
2026-06-28,CD-RJ1,13252,13145,25726,41,1766.9,0.0,0.0399,0.61,2.91,67143.47
2026-06-29,CD-RJ1,19504,19215,36459,80,2600.5,0.0,0.0516,0.909,4.8,98820.27
2026-06-30,CD-RJ1,18393,18167,35597,82,2452.4,0.0,0.0491,0.855,3.85,93191.2
2026-07-01,CD-RJ1,17607,17544,32090,59,2347.6,0.0,0.0573,0.826,3.64,89208.8
2026-07-02,CD-RJ1,16548,16405,30041,67,2206.4,0.0,0.0464,0.767,2.98,83843.2
2026-07-03,CD-RJ1,16713,16680,31660,54,2228.4,0.0,0.0664,0.792,2.75,84679.2
2026-07-04,CD-RJ1,14416,14315,28425,67,1922.1,0.0,0.0494,0.67,3.9,73041.07
2026-07-05,CD-RJ1,13594,13489,26193,61,1812.5,0.0,0.0494,0.632,3.13,68876.27
2026-07-06,CD-RJ1,20177,19560,38870,73,2690.3,52.9,0.0637,0.953,4.6,103234.97
2026-07-07,CD-RJ1,18795,18681,36519,77,2506.0,0.0,0.0589,0.883,3.57,95228.0
2026-07-08,CD-RJ1,18836,18688,35415,75,2511.5,0.0,0.0433,0.871,3.48,95435.73
2026-07-09,CD-RJ1,17200,17121,33205,94,2293.3,0.0,0.05,0.8,4.81,87146.67
2026-07-10,CD-RJ1,16227,16201,30361,69,2163.6,0.0,0.0506,0.756,3.49,82216.8
2026-07-11,CD-RJ1,13797,13647,25998,48,1839.6,0.0,0.0465,0.64,2.92,69904.8
2026-07-12,CD-RJ1,13003,12931,24582,60,1733.7,0.0,0.0513,0.606,4.16,65881.87
2026-07-13,CD-RJ1,19039,18840,35655,68,2538.5,0.0,0.0651,0.9,4.41,96464.27
2026-07-14,CD-RJ1,18128,18016,34383,71,2417.1,0.0,0.0594,0.852,3.07,91848.53
2026-07-15,CD-RJ1,17641,17469,33293,74,2352.1,0.0,0.0509,0.822,2.98,89381.07
2026-07-16,CD-RJ1,17555,17386,32733,55,2340.7,0.0,0.0554,0.822,3.85,88945.33
2026-07-17,CD-RJ1,16528,16357,31287,71,2203.7,0.0,0.0564,0.774,2.83,83741.87
2026-07-18,CD-RJ1,13870,13726,26461,59,1849.3,0.0,0.0622,0.654,3.86,70274.67
2026-07-19,CD-RJ1,13996,13837,25823,57,1866.1,0.0,0.0486,0.65,5.25,70913.07
2026-07-20,CD-RJ1,20539,19827,39453,84,2738.5,81.8,0.0636,0.97,5.4,105618.08
2026-07-21,CD-RJ1,18713,18507,35093,66,2495.1,0.0,0.057,0.877,5.36,94812.53
2026-07-22,CD-RJ1,17381,17272,33196,88,2317.5,0.0,0.0485,0.808,3.58,88063.73
2026-07-23,CD-RJ1,17788,17650,33205,61,2371.7,0.0,0.055,0.832,3.58,90125.87
2026-07-24,CD-RJ1,16703,16581,32613,69,2227.1,0.0,0.0737,0.797,3.68,84628.53
2026-07-25,CD-RJ1,13608,13484,26506,52,1814.4,0.0,0.0432,0.629,3.96,68947.2
2026-07-26,CD-RJ1,13614,13509,25152,33,1815.2,0.0,0.0633,0.643,3.9,68977.6
2026-07-27,CD-RJ1,20321,19685,39143,91,2709.5,61.6,0.0621,0.958,4.09,104130.42
2026-07-28,CD-RJ1,18330,18241,36153,93,2444.0,0.0,0.0617,0.864,3.51,92872.0
2026-07-29,CD-RJ1,18008,17832,33361,69,2401.1,0.0,0.0565,0.844,4.75,91240.53
2026-07-30,CD-RJ1,16659,16551,30928,63,2221.2,0.0,0.0558,0.78,2.91,84405.6
2026-07-31,CD-RJ1,17470,17239,33835,62,2329.3,0.0,0.0538,0.816,3.68,88514.67
2026-08-01,CD-RJ1,15047,14969,27606,65,2006.3,0.0,0.043,0.695,3.94,76238.13
2026-08-02,CD-RJ1,13604,13465,25319,62,1813.9,0.0,0.0392,0.626,3.94,68926.93
2026-08-03,CD-RJ1,20510,19767,37928,102,2734.7,73.4,0.0601,0.965,3.93,105312.14
2026-08-04,CD-RJ1,17430,17211,33768,89,2324.0,0.0,0.0435,0.806,2.9,88312.0
2026-08-05,CD-RJ1,17265,17043,32206,74,2302.0,0.0,0.0465,0.801,4.7,87476.0
2026-08-06,CD-RJ1,17473,17300,32950,72,2329.7,0.0,0.0337,0.799,4.67,88529.87
2026-08-07,CD-RJ1,16156,16124,30092,43,2154.1,0.0,0.0492,0.751,3.55,81857.07
2026-08-08,CD-RJ1,14863,14706,29093,80,1981.7,0.0,0.0551,0.695,3.8,75305.87
2026-08-09,CD-RJ1,14770,14521,27428,56,1969.3,0.0,0.0526,0.689,2.94,74834.67
2026-08-10,CD-RJ1,19531,19208,35734,86,2604.1,0.0,0.0602,0.919,3.35,98957.07
2026-08-11,CD-RJ1,18584,18352,33965,70,2477.9,0.0,0.0655,0.879,2.67,94158.93
2026-08-12,CD-RJ1,18246,18159,35300,83,2432.8,0.0,0.0404,0.841,2.8,92446.4
2026-08-13,CD-RJ1,18758,18576,36359,65,2501.1,0.0,0.0443,0.868,3.8,95040.53
2026-08-14,CD-RJ1,16160,16013,31713,57,2154.7,0.0,0.0374,0.742,3.43,81877.33
2026-08-15,CD-RJ1,14711,14664,27023,59,1961.5,0.0,0.0418,0.679,3.63,74535.73
2026-08-16,CD-RJ1,14769,14687,27890,46,1969.2,0.0,0.0593,0.694,3.62,74829.6
2026-08-17,CD-RJ1,19303,18935,39018,74,2573.7,0.0,0.0571,0.905,3.24,97801.87
2026-08-18,CD-RJ1,18393,18165,34669,58,2452.4,0.0,0.0328,0.841,3.86,93191.2
2026-08-19,CD-RJ1,17931,17660,33564,73,2390.8,0.0,0.052,0.836,4.9,90850.4
2026-08-20,CD-RJ1,17534,17516,33296,60,2337.9,0.0,0.0481,0.814,2.89,88838.93
2026-08-21,CD-RJ1,17463,17263,33642,81,2328.4,0.0,0.0556,0.818,3.49,88479.2
2026-08-22,CD-RJ1,14793,14744,28486,70,1972.4,0.0,0.0426,0.683,4.2,74951.2
2026-08-23,CD-RJ1,13097,12964,24482,34,1746.3,0.0,0.0369,0.601,4.67,66358.13
2026-08-24,CD-RJ1,20977,20058,39243,99,2796.9,109.3,0.0585,0.985,5.45,108359.67
2026-08-25,CD-RJ1,18976,18817,35773,82,2530.1,0.0,0.0494,0.883,2.98,96145.07
2026-08-26,CD-RJ1,19123,18928,35636,100,2549.7,0.0,0.0444,0.885,2.72,96889.87
2026-08-27,CD-RJ1,17568,17484,32295,79,2342.4,0.0,0.0481,0.816,3.29,89011.2
2026-08-28,CD-RJ1,16698,16619,33236,83,2226.4,0.0,0.0447,0.773,3.4,84603.2
2026-08-29,CD-RJ1,15033,14877,28257,67,2004.4,0.0,0.0484,0.698,4.67,76167.2
2026-08-30,CD-RJ1,14420,14222,27145,56,1922.7,0.0,0.045,0.668,3.23,73061.33
2026-08-31,CD-RJ1,21050,20125,39659,78,2806.7,108.1,0.0544,0.984,4.34,108706.7
2026-09-01,CD-RJ1,18330,18016,34753,87,2444.0,0.0,0.0461,0.85,3.04,92872.0
2026-09-02,CD-RJ1,18759,18588,36050,87,2501.2,0.0,0.0419,0.866,3.97,95045.6
2026-09-03,CD-RJ1,17412,17272,32678,58,2321.6,0.0,0.0499,0.81,3.54,88220.8
2026-09-04,CD-RJ1,17318,17100,33891,53,2309.1,0.0,0.056,0.811,3.41,87744.53
2026-09-05,CD-RJ1,14099,13915,27210,47,1879.9,0.0,0.049,0.655,4.71,71434.93
2026-09-06,CD-RJ1,14347,14231,27122,74,1912.9,0.0,0.0319,0.655,2.58,72691.47
2026-09-07,CD-RJ1,20256,19676,37812,66,2700.8,40.5,0.0523,0.945,5.35,103399.61
2026-09-08,CD-RJ1,18712,18546,36568,55,2494.9,0.0,0.0399,0.862,2.52,94807.47
2026-09-09,CD-RJ1,18981,18801,35910,99,2530.8,0.0,0.0386,0.873,4.36,96170.4
2026-09-10,CD-RJ1,18324,18196,33677,60,2443.2,0.0,0.0407,0.844,3.67,92841.6
2026-09-11,CD-RJ1,16904,16731,32981,68,2253.9,0.0,0.0564,0.792,3.61,85646.93
2026-09-12,CD-RJ1,15682,15526,29226,66,2090.9,0.0,0.0506,0.73,3.63,79455.47
2026-09-13,CD-RJ1,13989,13772,27187,57,1865.2,0.0,0.0416,0.645,4.36,70877.6
2026-09-14,CD-RJ1,20988,20104,37239,74,2798.4,121.2,0.0647,0.992,4.44,108641.52
2026-09-15,CD-RJ1,19890,19512,37424,65,2652.0,5.4,0.0476,0.923,4.69,100878.1
2026-09-16,CD-RJ1,18221,18062,35677,63,2429.5,0.0,0.0447,0.843,4.4,92319.73
2026-09-17,CD-RJ1,18576,18557,35299,95,2476.8,0.0,0.0542,0.868,3.45,94118.4
2026-09-18,CD-RJ1,17051,16926,32907,78,2273.5,0.0,0.0437,0.788,3.11,86391.73
2026-09-19,CD-RJ1,14794,14666,27441,58,1972.5,0.0,0.0454,0.685,2.69,74956.27
2026-09-20,CD-RJ1,14971,14881,28705,46,1996.1,0.0,0.0366,0.687,7.73,75853.07
2026-09-21,CD-RJ1,20317,19942,38606,120,2708.9,44.7,0.052,0.948,4.57,103789.45
2026-09-22,CD-RJ1,18145,18018,34696,82,2419.3,0.0,0.0341,0.831,2.66,91934.67
2026-09-23,CD-RJ1,19789,19315,39617,106,2638.5,0.0,0.0371,0.909,3.32,100264.27
2026-09-24,CD-RJ1,20021,19642,39346,103,2669.5,12.1,0.0457,0.928,3.81,101669.31
2026-09-25,CD-RJ1,17228,17030,33415,60,2297.1,0.0,0.0466,0.799,4.43,87288.53
2026-09-26,CD-RJ1,14073,13852,27305,64,1876.4,0.0,0.0428,0.65,2.92,71303.2
2026-09-27,CD-RJ1,14216,14199,26364,78,1895.5,0.0,0.0426,0.657,3.11,72027.73
2026-09-28,CD-RJ1,20995,20162,39396,87,3042.8,150.9,0.0742,1.003,5.93,118490.79
2026-09-29,CD-RJ1,19800,19434,36103,52,2640.0,0.0,0.0359,0.908,3.66,100320.0
2026-09-30,CD-RJ1,18107,17897,33254,93,2414.3,0.0,0.035,0.83,3.59,91742.13
2025-01-01,CD-PR1,18316,18222,34959,69,2442.2,0.0,0.0342,0.755,4.95,92803.54
2025-01-02,CD-PR1,17938,17866,33190,80,2391.8,0.0,0.0489,0.751,5.61,90888.26
2025-01-03,CD-PR1,15872,15768,31166,93,2116.3,0.0,0.0396,0.658,5.74,80420.22
2025-01-04,CD-PR1,14822,14720,29461,59,1976.3,0.0,0.0505,0.621,5.61,75100.06
2025-01-05,CD-PR1,14763,14669,29433,93,1968.4,0.0,0.0365,0.61,5.24,74801.09
2025-01-06,CD-PR1,20446,20361,39213,134,2726.2,0.0,0.0496,0.856,6.96,103595.65
2025-01-07,CD-PR1,18876,18617,35429,74,2516.9,0.0,0.0448,0.786,5.52,95640.75
2025-01-08,CD-PR1,17966,17786,34424,87,2395.5,0.0,0.0446,0.748,6.03,91029.95
2025-01-09,CD-PR1,18098,17948,33536,114,2413.1,0.0,0.0458,0.755,5.8,91698.73
2025-01-10,CD-PR1,15824,15710,31921,103,2109.9,0.0,0.0419,0.657,4.73,80176.83
2025-01-11,CD-PR1,14635,14394,28680,73,1951.4,0.0,0.0466,0.611,5.36,74152.4
2025-01-12,CD-PR1,13663,13485,26168,80,1821.8,0.0,0.0474,0.571,5.59,69227.46
2025-01-13,CD-PR1,21763,21292,42435,127,2901.8,18.3,0.0693,0.931,5.76,110616.19
2025-01-14,CD-PR1,19095,19020,35811,74,2546.1,0.0,0.0465,0.797,4.85,96750.17
2025-01-15,CD-PR1,19220,19034,35453,71,2562.7,0.0,0.0402,0.797,6.59,97383.49
2025-01-16,CD-PR1,17130,16947,30651,83,2284.0,0.0,0.0342,0.706,4.84,86793.9
2025-01-17,CD-PR1,17290,17188,32923,92,2305.4,0.0,0.0368,0.714,6.31,87604.55
2025-01-18,CD-PR1,14799,14661,27964,68,1973.2,0.0,0.0476,0.618,4.66,74983.19
2025-01-19,CD-PR1,13509,13449,26018,77,1801.2,0.0,0.0513,0.567,6.1,68447.04
2025-01-20,CD-PR1,20686,20502,39317,139,2758.2,0.0,0.0529,0.869,5.02,104811.24
2025-01-21,CD-PR1,20143,19892,38749,144,2685.8,0.0,0.047,0.841,5.6,102059.95
2025-01-22,CD-PR1,18058,18016,35043,97,2407.8,0.0,0.0436,0.751,4.7,91495.71
2025-01-23,CD-PR1,16860,16809,30803,75,2248.0,0.0,0.0507,0.707,7.91,85425.7
2025-01-24,CD-PR1,17029,16828,33095,91,2270.6,0.0,0.0559,0.718,4.93,86281.96
2025-01-25,CD-PR1,14255,14164,26795,66,1900.7,0.0,0.0269,0.583,5.6,72226.73
2025-01-26,CD-PR1,13845,13716,26664,65,1846.0,0.0,0.0533,0.582,6.06,70149.34
2025-01-27,CD-PR1,20618,20504,40228,91,2749.1,0.0,0.062,0.875,6.84,104466.5
2025-01-28,CD-PR1,18274,18064,35661,96,2436.6,0.0,0.0407,0.758,5.19,92589.99
2025-01-29,CD-PR1,17331,17253,33041,88,2310.8,0.0,0.041,0.719,6.04,87812.01
2025-01-30,CD-PR1,18329,18270,34989,97,2443.9,0.0,0.0453,0.764,4.72,92868.62
2025-01-31,CD-PR1,16824,16626,32716,93,2243.2,0.0,0.045,0.701,5.48,85243.12
2025-02-01,CD-PR1,13476,13372,24593,81,1796.8,0.0,0.0415,0.559,5.12,68279.6
2025-02-02,CD-PR1,14481,14436,26825,63,1930.8,0.0,0.0433,0.602,5.97,73371.68
2025-02-03,CD-PR1,20995,20724,39597,114,2799.4,0.0,0.0557,0.885,5.19,106376.49
2025-02-04,CD-PR1,19058,18855,34940,101,2541.1,0.0,0.0598,0.807,5.76,96562.17
2025-02-05,CD-PR1,17625,17531,33248,98,2350.0,0.0,0.0494,0.738,6.96,89301.49
2025-02-06,CD-PR1,18659,18498,35148,113,2487.9,0.0,0.067,0.796,4.87,94540.49
2025-02-07,CD-PR1,17447,17197,33225,92,2326.3,0.0,0.056,0.735,5.61,88399.57
2025-02-08,CD-PR1,16132,15982,30605,79,2151.0,0.0,0.0537,0.678,6.21,81736.78
2025-02-09,CD-PR1,14384,14369,28099,84,1917.9,0.0,0.0405,0.597,4.86,72880.09
2025-02-10,CD-PR1,21201,21109,40889,98,2826.8,0.0,0.0623,0.9,5.61,107420.08
2025-02-11,CD-PR1,19545,19339,37066,107,2606.0,0.0,0.0496,0.818,6.98,99029.53
2025-02-12,CD-PR1,19114,18891,35998,118,2548.6,0.0,0.0439,0.796,4.81,96845.74
2025-02-13,CD-PR1,18632,18449,35356,80,2484.3,0.0,0.0453,0.777,5.69,94403.55
2025-02-14,CD-PR1,18095,18077,34353,92,2412.7,0.0,0.0564,0.763,5.28,91682.69
2025-02-15,CD-PR1,14703,14635,29787,73,1960.4,0.0,0.0525,0.617,5.05,74496.29
2025-02-16,CD-PR1,14040,14010,25653,63,1872.0,0.0,0.0383,0.581,6.29,71137.03
2025-02-17,CD-PR1,20685,20597,38344,118,2758.0,0.0,0.0663,0.882,6.59,104805.49
2025-02-18,CD-PR1,20320,20050,37518,110,2709.4,0.0,0.0534,0.854,4.89,102956.11
2025-02-19,CD-PR1,19670,19438,37638,90,2622.7,0.0,0.0443,0.819,5.19,99662.72
2025-02-20,CD-PR1,18044,17849,34491,73,2405.9,0.0,0.0435,0.751,5.9,91424.19
2025-02-21,CD-PR1,17177,17004,32144,88,2290.3,0.0,0.0565,0.724,6.51,87031.31
2025-02-22,CD-PR1,15228,15065,29616,88,2030.4,0.0,0.0284,0.624,5.1,77156.23
2025-02-23,CD-PR1,14216,14070,27273,59,1895.5,0.0,0.049,0.595,5.71,72028.68
2025-02-24,CD-PR1,21864,21365,42567,126,2915.2,39.7,0.0771,0.943,6.38,111532.55
2025-02-25,CD-PR1,18320,18183,35910,95,2442.7,0.0,0.0282,0.75,5.85,92822.52
2025-02-26,CD-PR1,18254,18197,32738,95,2433.9,0.0,0.0556,0.769,4.74,92488.1
2025-02-27,CD-PR1,17939,17814,34699,92,2391.9,0.0,0.0534,0.754,5.82,90892.07
2025-02-28,CD-PR1,16112,15940,29574,91,2148.3,0.0,0.0415,0.669,4.87,81635.14
2025-03-01,CD-PR1,14638,14532,27995,81,1951.8,0.0,0.0492,0.613,4.88,74166.77
2025-03-02,CD-PR1,13960,13764,26473,79,1861.4,0.0,0.053,0.587,4.82,70731.51
2025-03-03,CD-PR1,21131,20743,40117,101,2817.5,0.0,0.0506,0.886,5.68,107065.0
2025-03-04,CD-PR1,20781,20668,38232,103,2770.8,0.0,0.0393,0.861,5.9,105291.63
2025-03-05,CD-PR1,18744,18670,36579,89,2499.2,0.0,0.0452,0.781,5.59,94970.69
2025-03-06,CD-PR1,17882,17744,32822,100,2384.3,0.0,0.0528,0.751,4.9,90603.16
2025-03-07,CD-PR1,17603,17435,34106,96,2347.1,0.0,0.0447,0.733,7.02,89189.53
2025-03-08,CD-PR1,15796,15585,28881,73,2106.2,0.0,0.0447,0.658,5.14,80033.95
2025-03-09,CD-PR1,14010,13963,26606,65,1868.0,0.0,0.0397,0.581,5.21,70984.77
2025-03-10,CD-PR1,27974,27574,55674,181,3729.9,0.0,0.0602,0.913,5.96,141736.46
2025-03-11,CD-PR1,27690,27393,55881,147,3692.0,0.0,0.0534,0.897,6.05,140297.49
2025-03-12,CD-PR1,25472,25268,46335,141,3396.3,0.0,0.0458,0.819,4.77,129059.49
2025-03-13,CD-PR1,25759,25505,48035,117,3434.6,0.0,0.0421,0.825,5.15,130513.62
2025-03-14,CD-PR1,23937,23639,44855,94,3191.6,0.0,0.0487,0.772,5.47,121282.04
2025-03-15,CD-PR1,21196,21048,42662,156,2826.2,0.0,0.0386,0.676,4.74,107394.15
2025-03-16,CD-PR1,18982,18789,36001,107,2531.0,0.0,0.037,0.605,5.89,96176.42
2025-03-17,CD-PR1,21518,21084,42040,112,2869.1,0.6,0.0696,0.92,5.52,109036.24
2025-03-18,CD-PR1,20084,20061,38461,106,2677.9,0.0,0.0581,0.848,5.33,101759.92
2025-03-19,CD-PR1,18311,18161,33693,82,2441.5,0.0,0.0307,0.752,6.73,92776.62
2025-03-20,CD-PR1,17739,17423,32055,87,2365.2,0.0,0.0497,0.743,5.37,89878.45
2025-03-21,CD-PR1,18270,18085,34153,100,2436.0,0.0,0.0559,0.77,4.71,92568.86
2025-03-22,CD-PR1,15224,15041,30689,95,2029.9,0.0,0.0353,0.628,6.55,77135.64
2025-03-23,CD-PR1,14148,14027,27063,86,1886.4,0.0,0.0412,0.587,5.9,71683.85
2025-03-24,CD-PR1,21579,21129,42138,127,2877.2,0.0,0.0554,0.909,6.74,109334.58
2025-03-25,CD-PR1,21154,20947,38693,114,2820.6,0.0,0.0602,0.896,5.69,107181.21
2025-03-26,CD-PR1,17700,17537,33342,87,2360.0,0.0,0.0582,0.748,5.47,89680.78
2025-03-27,CD-PR1,17885,17708,34678,97,2384.7,0.0,0.0376,0.74,8.33,90618.11
2025-03-28,CD-PR1,17365,17236,32046,95,2315.4,0.0,0.0373,0.718,5.91,87983.41
2025-03-29,CD-PR1,16295,16160,30908,96,2172.7,0.0,0.0512,0.683,6.53,82562.02
2025-03-30,CD-PR1,14904,14777,27662,83,1987.2,0.0,0.0494,0.624,10.45,75514.22
2025-03-31,CD-PR1,22361,21672,43410,128,2981.5,65.7,0.07,0.957,9.33,114544.48
2025-04-01,CD-PR1,19651,19492,37728,114,2620.2,0.0,0.0365,0.812,4.86,99565.87
2025-04-02,CD-PR1,18589,18466,35954,90,2478.6,0.0,0.0508,0.779,4.94,94185.01
2025-04-03,CD-PR1,19280,19143,37472,85,2570.7,0.0,0.0391,0.798,4.79,97686.1
2025-04-04,CD-PR1,18085,18022,34156,108,2411.4,0.0,0.054,0.761,5.46,91631.37
2025-04-05,CD-PR1,15891,15729,30990,73,2118.8,0.0,0.0447,0.662,8.83,80515.01
2025-04-06,CD-PR1,14746,14642,27583,69,1966.1,0.0,0.0602,0.624,4.52,74713.63
2025-04-07,CD-PR1,22116,21791,42712,115,2948.8,35.0,0.0636,0.94,5.97,112720.51
2025-04-08,CD-PR1,20700,20531,37290,83,2760.0,0.0,0.0425,0.86,5.47,104880.77
2025-04-09,CD-PR1,19988,19828,37231,105,2665.1,0.0,0.0461,0.834,4.9,101273.26
2025-04-10,CD-PR1,19632,19376,39574,103,2617.6,0.0,0.0442,0.817,5.3,99469.51
2025-04-11,CD-PR1,17124,16938,33059,89,2283.2,0.0,0.0398,0.71,5.35,86762.21
2025-04-12,CD-PR1,14448,14326,27893,76,1926.4,0.0,0.0604,0.612,4.77,73203.71
2025-04-13,CD-PR1,15452,15361,28722,74,2060.3,0.0,0.0578,0.653,6.29,78290.67
2025-04-14,CD-PR1,22944,22217,42338,116,3059.2,91.4,0.0586,0.97,6.57,117987.4
2025-04-15,CD-PR1,19965,19831,37670,97,2662.0,0.0,0.0506,0.837,4.87,101156.67
2025-04-16,CD-PR1,18297,18209,34703,104,2439.6,0.0,0.0614,0.776,5.49,92705.41
2025-04-17,CD-PR1,19269,19038,38456,114,2569.2,0.0,0.0549,0.811,6.25,97630.23
2025-04-18,CD-PR1,18852,18738,36779,110,2513.6,0.0,0.0465,0.787,5.42,95517.41
2025-04-19,CD-PR1,16764,16631,31943,92,2235.2,0.0,0.0443,0.698,4.91,84938.14
2025-04-20,CD-PR1,15286,15171,29094,70,2038.1,0.0,0.0313,0.628,5.63,77449.55
2025-04-21,CD-PR1,21868,21356,42378,123,2915.8,20.7,0.0662,0.932,8.81,111192.66
2025-04-22,CD-PR1,20173,19935,36998,93,2689.7,0.0,0.0549,0.849,5.11,102210.49
2025-04-23,CD-PR1,19692,19439,35523,94,2625.6,0.0,0.055,0.829,4.97,99773.4
2025-04-24,CD-PR1,19111,18983,37021,108,2548.1,0.0,0.0506,0.801,5.19,96829.64
2025-04-25,CD-PR1,17711,17605,33715,77,2361.5,0.0,0.0518,0.743,5.0,89736.26
2025-04-26,CD-PR1,17001,16856,31187,78,2266.8,0.0,0.037,0.703,5.02,86138.9
2025-04-27,CD-PR1,16045,15916,28805,79,2139.3,0.0,0.0476,0.67,4.83,81295.13
2025-04-28,CD-PR1,23170,22264,45059,125,3089.4,103.0,0.0549,0.976,7.86,119352.89
2025-04-29,CD-PR1,20270,20149,37984,103,2702.7,0.0,0.0492,0.848,6.14,102701.9
2025-04-30,CD-PR1,20390,20232,39149,129,2718.7,0.0,0.0389,0.844,5.26,103309.9
2025-05-01,CD-PR1,25818,25574,48714,148,3442.4,0.0,0.0492,0.861,5.09,130811.9
2025-05-02,CD-PR1,24382,24271,46284,120,3251.0,0.0,0.0596,0.822,5.82,123536.12
2025-05-03,CD-PR1,21648,21531,40490,134,2886.4,0.0,0.048,0.721,5.61,109683.78
2025-05-04,CD-PR1,20185,19900,38274,115,2691.3,0.0,0.0476,0.672,5.58,102271.2
2025-05-05,CD-PR1,29891,28391,57655,169,4332.1,249.9,0.0673,1.016,8.87,169365.56
2025-05-06,CD-PR1,27996,27171,52806,92,3732.8,52.6,0.0592,0.943,6.82,142846.22
2025-05-07,CD-PR1,26194,25999,49333,124,3492.6,0.0,0.0441,0.869,12.03,132716.93
2025-05-08,CD-PR1,23813,23322,45968,109,3175.1,0.0,0.0492,0.794,5.14,120653.13
2025-05-09,CD-PR1,24219,24044,46832,142,3229.2,0.0,0.0611,0.818,8.18,122710.19
2025-05-10,CD-PR1,20455,20350,37701,99,2727.3,0.0,0.0504,0.683,5.88,103639.16
2025-05-11,CD-PR1,18970,18810,36016,121,2529.3,0.0,0.029,0.619,4.89,96115.12
2025-05-12,CD-PR1,23869,22655,44726,129,3459.3,175.0,0.0543,1.004,6.78,134777.53
2025-05-13,CD-PR1,22469,22079,42707,110,2995.9,39.8,0.051,0.942,6.94,114599.61
2025-05-14,CD-PR1,20979,20908,41364,134,2797.2,0.0,0.0418,0.871,4.81,106294.08
2025-05-15,CD-PR1,19825,19624,38023,99,2643.3,0.0,0.0565,0.836,5.42,100447.12
2025-05-16,CD-PR1,19566,19389,39293,102,2608.8,0.0,0.0639,0.832,9.1,99134.84
2025-05-17,CD-PR1,16146,15889,30855,91,2152.8,0.0,0.0403,0.669,4.54,81806.76
2025-05-18,CD-PR1,15474,15380,29272,89,2063.2,0.0,0.0367,0.639,5.41,78401.94
2025-05-19,CD-PR1,21804,21283,41406,124,2907.2,0.3,0.0571,0.92,5.6,110479.79
2025-05-20,CD-PR1,21605,21406,41204,118,2880.7,0.0,0.0416,0.897,8.52,109465.79
2025-05-21,CD-PR1,20185,20106,38677,111,2691.3,0.0,0.0573,0.852,5.36,102271.09
2025-05-22,CD-PR1,18862,18706,34902,90,2514.9,0.0,0.0367,0.779,4.97,95567.86
2025-05-23,CD-PR1,18757,18527,35420,104,2500.9,0.0,0.0549,0.79,4.81,95035.85
2025-05-24,CD-PR1,16187,16138,30169,66,2158.3,0.0,0.0561,0.682,4.85,82014.46
2025-05-25,CD-PR1,16426,16295,32055,70,2190.1,0.0,0.0516,0.689,7.9,83225.39
2025-05-26,CD-PR1,23516,22481,42416,113,3135.5,149.0,0.0635,0.999,6.25,121978.59
2025-05-27,CD-PR1,21441,21133,40906,117,2858.8,0.0,0.0437,0.892,6.09,108634.81
2025-05-28,CD-PR1,20435,20287,37275,109,2724.7,0.0,0.0598,0.865,7.13,103537.72
2025-05-29,CD-PR1,19908,19733,38255,101,2654.4,0.0,0.043,0.828,5.4,100867.57
2025-05-30,CD-PR1,18765,18515,35279,91,2502.0,0.0,0.0566,0.791,4.86,95076.35
2025-05-31,CD-PR1,15708,15667,28418,80,2094.4,0.0,0.0437,0.654,5.92,79587.49
2025-06-01,CD-PR1,15461,15446,30104,87,2061.5,0.0,0.0363,0.638,4.94,78336.01
2025-06-02,CD-PR1,22335,21811,39626,104,2978.0,52.5,0.0638,0.949,6.05,114161.14
2025-06-03,CD-PR1,20613,20520,39132,107,2748.4,0.0,0.0497,0.863,4.99,104439.56
2025-06-04,CD-PR1,20740,20719,40123,118,2765.3,0.0,0.0499,0.869,5.01,105083.03
2025-06-05,CD-PR1,20266,20019,39900,108,2702.1,0.0,0.0457,0.845,6.44,102681.41
2025-06-06,CD-PR1,17820,17602,32423,96,2376.0,0.0,0.06,0.754,5.32,90288.3
2025-06-07,CD-PR1,16350,16192,30643,92,2180.0,0.0,0.0569,0.69,5.98,82840.27
2025-06-08,CD-PR1,16177,16067,31613,87,2156.9,0.0,0.0486,0.677,5.98,81963.73
2025-06-09,CD-PR1,23922,22686,46829,140,3467.0,200.6,0.0635,1.016,7.37,135555.96
2025-06-10,CD-PR1,22459,21863,44110,133,2994.5,24.2,0.0426,0.933,7.99,114251.55
2025-06-11,CD-PR1,20521,20357,41618,99,2736.1,0.0,0.053,0.862,4.91,103973.39
2025-06-12,CD-PR1,19513,19350,36578,106,2601.7,0.0,0.062,0.828,5.38,98866.17
2025-06-13,CD-PR1,18393,18308,35289,74,2452.4,0.0,0.066,0.784,4.64,93191.48
2025-06-14,CD-PR1,16715,16584,31469,80,2228.7,0.0,0.0462,0.697,5.51,84689.59
2025-06-15,CD-PR1,15931,15682,28696,87,2124.1,0.0,0.0669,0.679,6.35,80717.31
2025-06-16,CD-PR1,24245,22942,45956,111,3513.8,231.3,0.0631,1.03,6.86,137919.06
2025-06-17,CD-PR1,22645,22223,40767,122,3019.3,38.9,0.0429,0.941,5.96,115473.22
2025-06-18,CD-PR1,20516,20354,38446,79,2735.5,0.0,0.0401,0.85,5.0,103948.03
2025-06-19,CD-PR1,19343,19265,35332,94,2579.1,0.0,0.0424,0.804,4.54,98004.81
2025-06-20,CD-PR1,19013,18822,36542,94,2535.1,0.0,0.0577,0.803,4.86,96332.8
2025-06-21,CD-PR1,16737,16641,31149,85,2231.6,0.0,0.0489,0.7,6.07,84801.03
2025-06-22,CD-PR1,15702,15530,28432,76,2093.6,0.0,0.0459,0.655,5.43,79557.01
2025-06-23,CD-PR1,22862,22077,44427,126,3048.3,85.9,0.0592,0.967,6.95,117467.19
2025-06-24,CD-PR1,22126,21703,41371,127,2950.1,0.0,0.0423,0.919,6.91,112105.36
2025-06-25,CD-PR1,20364,20240,38252,101,2715.2,0.0,0.0439,0.848,7.7,103177.87
2025-06-26,CD-PR1,19893,19668,36824,88,2652.4,0.0,0.0591,0.841,4.85,100791.46
2025-06-27,CD-PR1,19550,19279,38268,121,2606.7,0.0,0.0694,0.836,5.94,99053.58
2025-06-28,CD-PR1,16471,16370,31518,70,2196.1,0.0,0.0659,0.702,5.08,83453.27
2025-06-29,CD-PR1,16041,15940,29986,76,2138.8,0.0,0.0565,0.677,4.89,81274.6
2025-06-30,CD-PR1,23693,22602,42749,125,3433.8,175.5,0.0621,1.005,7.01,133817.44
2025-07-01,CD-PR1,21178,21076,42897,125,2823.7,0.0,0.0457,0.883,6.03,107302.12
2025-07-02,CD-PR1,20499,20318,40977,86,2733.2,0.0,0.057,0.865,5.5,103861.84
2025-07-03,CD-PR1,21487,21244,42376,103,2864.9,0.0,0.049,0.899,5.44,108867.72
2025-07-04,CD-PR1,18660,18485,34798,82,2488.0,0.0,0.0583,0.788,6.1,94544.22
2025-07-05,CD-PR1,15558,15417,29171,83,2074.4,0.0,0.0664,0.663,6.02,78827.38
2025-07-06,CD-PR1,14954,14855,28712,73,1993.9,0.0,0.0527,0.628,5.14,75767.1
2025-07-07,CD-PR1,23628,22562,43837,118,3424.4,219.2,0.0842,1.027,7.98,134289.59
2025-07-08,CD-PR1,22209,21851,41098,116,2961.2,4.4,0.042,0.922,6.07,112609.05
2025-07-09,CD-PR1,20884,20763,41203,112,2784.5,0.0,0.0546,0.879,5.0,105812.49
2025-07-10,CD-PR1,21450,21234,40696,96,2860.0,0.0,0.0535,0.902,6.31,108680.23
2025-07-11,CD-PR1,17733,17425,32700,72,2364.4,0.0,0.0471,0.741,6.04,89847.39
2025-07-12,CD-PR1,17134,17019,33371,95,2284.5,0.0,0.0574,0.723,4.83,86812.45
2025-07-13,CD-PR1,16968,16894,31752,102,2262.4,0.0,0.0632,0.721,5.92,85971.37
2025-07-14,CD-PR1,22803,21870,41069,89,3040.4,128.0,0.0836,0.99,8.08,117967.59
2025-07-15,CD-PR1,22017,21566,40583,88,2935.6,11.3,0.0543,0.926,5.51,111766.83
2025-07-16,CD-PR1,20535,20294,38486,100,2738.0,0.0,0.0358,0.847,5.62,104044.2
2025-07-17,CD-PR1,20047,19852,38310,81,2672.9,0.0,0.0548,0.844,4.87,101571.66
2025-07-18,CD-PR1,19451,19231,37124,98,2593.5,0.0,0.0609,0.824,4.9,98551.92
2025-07-19,CD-PR1,17847,17776,35005,107,2379.6,0.0,0.0491,0.747,4.69,90424.97
2025-07-20,CD-PR1,17222,17188,32518,104,2296.3,0.0,0.0527,0.723,6.72,87258.3
2025-07-21,CD-PR1,23596,22715,44283,142,3419.7,166.5,0.0621,1.001,8.24,133112.0
2025-07-22,CD-PR1,23939,22766,46974,129,3469.4,172.0,0.0499,1.003,8.35,135106.6
2025-07-23,CD-PR1,21239,20923,41393,121,2831.9,0.0,0.0591,0.898,5.45,107611.12
2025-07-24,CD-PR1,22092,21503,41739,123,2945.6,30.6,0.0621,0.937,7.16,112513.81
2025-07-25,CD-PR1,19725,19487,37766,105,2630.0,0.0,0.0448,0.822,4.88,99940.17
2025-07-26,CD-PR1,17174,16968,32222,79,2289.9,0.0,0.0469,0.717,4.82,87015.08
2025-07-27,CD-PR1,16483,16317,30360,89,2197.7,0.0,0.0383,0.682,5.21,83514.01
2025-07-28,CD-PR1,26687,24026,53637,182,3867.7,545.7,0.0807,1.155,10.31,157340.29
2025-07-29,CD-PR1,23244,22286,43534,127,3099.2,115.0,0.058,0.982,7.07,119954.38
2025-07-30,CD-PR1,20807,20728,39840,97,2774.3,0.0,0.035,0.858,5.14,105422.3
2025-07-31,CD-PR1,21644,21446,39484,110,2885.9,0.0,0.0505,0.907,5.49,109663.11
2025-08-01,CD-PR1,19652,19517,38062,101,2620.3,0.0,0.0467,0.82,6.73,99570.29
2025-08-02,CD-PR1,16900,16848,31091,69,2253.3,0.0,0.039,0.7,6.14,85626.8
2025-08-03,CD-PR1,16890,16663,33508,59,2252.0,0.0,0.0533,0.71,6.81,85576.13
2025-08-04,CD-PR1,24180,22765,48115,125,3504.4,236.5,0.0681,1.032,8.83,137659.09
2025-08-05,CD-PR1,22923,22250,44202,113,3056.4,68.4,0.0472,0.957,5.74,117442.57
2025-08-06,CD-PR1,21469,21272,40914,129,2862.5,0.0,0.0399,0.89,6.65,108776.43
2025-08-07,CD-PR1,21303,21243,40276,106,2840.4,0.0,0.0399,0.883,6.2,107935.36
2025-08-08,CD-PR1,20316,20072,38552,105,2708.8,0.0,0.0494,0.85,4.92,102934.55
2025-08-09,CD-PR1,16121,15957,30960,75,2149.5,0.0,0.0413,0.669,5.2,81679.85
2025-08-10,CD-PR1,16848,16707,32087,93,2246.4,0.0,0.045,0.702,5.34,85363.32
2025-08-11,CD-PR1,23458,22380,45722,123,3127.7,145.9,0.0645,0.998,9.3,121626.45
2025-08-12,CD-PR1,21680,21361,40197,102,2890.7,0.0,0.0327,0.892,5.67,109845.48
2025-08-13,CD-PR1,21538,21270,42568,89,2871.7,0.0,0.0389,0.892,6.28,109126.01
2025-08-14,CD-PR1,21239,21029,39905,88,2831.9,0.0,0.0447,0.885,6.56,107611.08
2025-08-15,CD-PR1,19646,19603,36595,84,2619.5,0.0,0.0615,0.833,5.17,99539.86
2025-08-16,CD-PR1,17899,17683,34333,86,2386.5,0.0,0.0518,0.751,6.69,90688.38
2025-08-17,CD-PR1,15781,15706,30320,88,2104.1,0.0,0.045,0.658,5.42,79957.17
2025-08-18,CD-PR1,24085,22934,43670,112,3490.6,215.8,0.0632,1.023,11.15,136743.22
2025-08-19,CD-PR1,22495,21922,42199,127,2999.3,29.7,0.0442,0.936,5.71,114538.87
2025-08-20,CD-PR1,21672,21352,38823,110,2889.6,0.0,0.0536,0.911,5.79,109804.93
2025-08-21,CD-PR1,21507,21288,40137,85,2867.6,0.0,0.0485,0.899,6.83,108968.93
2025-08-22,CD-PR1,19536,19412,36500,94,2604.8,0.0,0.0592,0.826,5.02,98982.52
2025-08-23,CD-PR1,17937,17799,34347,92,2391.6,0.0,0.0342,0.739,6.24,90880.91
2025-08-24,CD-PR1,16691,16512,31055,82,2225.5,0.0,0.0386,0.691,5.24,84567.83
2025-08-25,CD-PR1,22947,22191,42967,120,3059.6,98.5,0.0622,0.974,6.17,118136.52
2025-08-26,CD-PR1,21514,21208,42279,148,2868.5,0.0,0.0489,0.9,5.08,109004.39
2025-08-27,CD-PR1,21823,21372,43716,140,2909.7,13.9,0.0642,0.928,6.29,110833.75
2025-08-28,CD-PR1,21256,21101,39408,100,2834.1,0.0,0.0305,0.872,5.86,107697.19
2025-08-29,CD-PR1,20294,20201,39593,122,2705.9,0.0,0.0487,0.849,4.9,102823.05
2025-08-30,CD-PR1,17577,17559,33737,94,2343.6,0.0,0.0444,0.732,5.95,89056.9
2025-08-31,CD-PR1,16882,16697,30608,97,2250.9,0.0,0.0469,0.705,4.77,85535.56
2025-09-01,CD-PR1,25536,23485,47508,154,3700.9,393.4,0.0739,1.097,8.22,148107.74
2025-09-02,CD-PR1,22327,21667,39041,107,2976.9,30.7,0.052,0.937,6.2,113706.35
2025-09-03,CD-PR1,21058,21014,40351,98,2807.7,0.0,0.0322,0.866,5.35,106693.98
2025-09-04,CD-PR1,20721,20559,38254,90,2762.8,0.0,0.0573,0.875,5.57,104986.51
2025-09-05,CD-PR1,20692,20502,39453,119,2758.9,0.0,0.061,0.877,5.38,104839.57
2025-09-06,CD-PR1,18467,18323,37461,99,2462.3,0.0,0.0471,0.771,5.28,93566.22
2025-09-07,CD-PR1,16593,16467,32848,107,2212.4,0.0,0.0321,0.682,5.28,84071.28
2025-09-08,CD-PR1,22682,21920,42226,115,3024.3,70.6,0.0588,0.959,6.17,116264.35
2025-09-09,CD-PR1,21971,21678,40637,98,2929.5,0.0,0.0487,0.919,6.52,111319.84
2025-09-10,CD-PR1,21441,21219,42124,117,2858.8,0.0,0.053,0.901,5.58,108634.5
2025-09-11,CD-PR1,21247,21144,39302,90,2832.9,0.0,0.0308,0.872,5.01,107651.57
2025-09-12,CD-PR1,20309,20091,39594,97,2707.9,0.0,0.0428,0.844,5.91,102899.03
2025-09-13,CD-PR1,17822,17627,36300,97,2376.3,0.0,0.0538,0.749,5.76,90298.21
2025-09-14,CD-PR1,16759,16617,32408,92,2234.5,0.0,0.057,0.707,4.88,84912.34
2025-09-15,CD-PR1,25921,23875,50784,162,3756.7,408.7,0.0634,1.101,10.07,150518.36
2025-09-16,CD-PR1,22944,22238,44819,146,3059.2,83.1,0.0542,0.965,6.38,117829.11
2025-09-17,CD-PR1,21542,21196,40330,129,2872.3,0.0,0.0486,0.901,5.5,109146.23
2025-09-18,CD-PR1,22160,21739,42426,102,2954.7,19.2,0.0527,0.931,6.14,112642.68
2025-09-19,CD-PR1,19608,19375,36318,81,2614.4,0.0,0.0502,0.821,5.73,99347.28
2025-09-20,CD-PR1,18145,17952,35646,112,2419.3,0.0,0.0488,0.759,5.46,91934.74
2025-09-21,CD-PR1,17103,16977,31568,86,2280.4,0.0,0.0352,0.705,4.97,86655.27
2025-09-22,CD-PR1,25017,23185,48409,168,3625.7,316.6,0.0658,1.066,7.27,143791.17
2025-09-23,CD-PR1,24949,23482,48815,154,3615.8,235.9,0.035,1.029,9.02,141883.08
2025-09-24,CD-PR1,21854,21613,40985,109,2913.9,0.0,0.0508,0.916,5.42,110727.02
2025-09-25,CD-PR1,23501,22778,43805,128,3133.5,104.6,0.0415,0.976,7.17,121058.71
2025-09-26,CD-PR1,20677,20656,39111,134,2756.9,0.0,0.052,0.868,5.46,104763.55
2025-09-27,CD-PR1,17200,17093,31913,69,2293.3,0.0,0.0374,0.711,4.63,87146.73
2025-09-28,CD-PR1,17182,17089,32780,91,2290.9,0.0,0.041,0.713,5.06,87055.53
2025-09-29,CD-PR1,24339,22944,45128,145,3527.4,240.3,0.0629,1.034,9.5,138606.88
2025-09-30,CD-PR1,23146,22314,43000,116,3086.1,93.6,0.051,0.971,5.95,119051.61
2025-10-01,CD-PR1,22782,22170,43909,122,3037.6,69.3,0.0538,0.958,6.32,116745.77
2025-10-02,CD-PR1,22476,22134,43398,113,2996.8,13.6,0.0358,0.928,6.39,114136.9
2025-10-03,CD-PR1,20506,20406,38660,111,2734.1,0.0,0.037,0.847,4.92,103897.14
2025-10-04,CD-PR1,18734,18521,34052,90,2497.9,0.0,0.0372,0.774,5.54,94919.0
2025-10-05,CD-PR1,17938,17823,35132,85,2391.7,0.0,0.0365,0.741,5.92,90885.93
2025-10-06,CD-PR1,26717,23971,50163,179,3872.0,525.6,0.0725,1.146,9.52,157124.49
2025-10-07,CD-PR1,24352,23005,48780,149,3529.3,224.9,0.0557,1.026,7.58,138384.9
2025-10-08,CD-PR1,23678,22952,44831,110,3157.1,110.7,0.037,0.978,6.71,122071.02
2025-10-09,CD-PR1,20715,20450,39499,116,2762.0,0.0,0.0587,0.876,4.94,104956.07
2025-10-10,CD-PR1,20848,20827,39161,109,2779.7,0.0,0.0592,0.882,5.92,105629.93
2025-10-11,CD-PR1,17660,17558,33769,98,2354.7,0.0,0.032,0.726,5.44,89477.39
2025-10-12,CD-PR1,17411,17239,36107,104,2321.5,0.0,0.0368,0.719,7.61,88215.79
2025-10-13,CD-PR1,25073,23538,47201,143,3633.8,276.0,0.0467,1.047,8.49,143327.69
2025-10-14,CD-PR1,23907,22812,46949,150,3187.6,144.2,0.0443,0.995,6.75,123868.94
2025-10-15,CD-PR1,24227,23010,46141,121,3511.2,188.8,0.0451,1.01,7.44,137010.82
2025-10-16,CD-PR1,22170,21744,43424,103,2956.0,6.9,0.0451,0.924,5.44,112458.5
2025-10-17,CD-PR1,21512,21291,38795,109,2868.3,0.0,0.0328,0.885,4.73,108994.19
2025-10-18,CD-PR1,18169,17956,36288,88,2422.5,0.0,0.0336,0.748,5.12,92056.32
2025-10-19,CD-PR1,17485,17330,33520,98,2331.3,0.0,0.0471,0.73,4.76,88590.72
2025-10-20,CD-PR1,25738,23548,48558,154,3730.1,392.4,0.065,1.095,9.05,149201.29
2025-10-21,CD-PR1,24565,23286,47783,125,3560.1,184.8,0.0288,1.007,9.19,138796.73
2025-10-22,CD-PR1,23793,22766,45378,118,3172.4,115.8,0.0348,0.981,7.93,122751.89
2025-10-23,CD-PR1,23724,22847,43714,122,3163.2,146.2,0.0532,0.997,6.84,122979.76
2025-10-24,CD-PR1,21558,21360,38348,96,2874.4,0.0,0.0392,0.893,6.26,109227.26
2025-10-25,CD-PR1,18804,18698,37444,120,2507.2,0.0,0.0449,0.783,5.09,95273.65
2025-10-26,CD-PR1,16833,16699,31795,91,2244.4,0.0,0.0344,0.694,6.7,85287.24
2025-10-27,CD-PR1,25801,23747,48231,128,3739.3,403.8,0.0667,1.1,9.0,149764.72
2025-10-28,CD-PR1,25126,23857,47067,117,3641.5,239.3,0.0289,1.03,7.52,142921.68
2025-10-29,CD-PR1,23690,22798,46746,115,3158.7,122.4,0.0426,0.985,6.85,122354.58
2025-10-30,CD-PR1,22728,22213,42626,102,3030.4,62.8,0.0525,0.955,6.96,116347.77
2025-10-31,CD-PR1,22116,21638,42733,123,2948.8,18.0,0.0539,0.93,6.09,112395.64
2025-11-01,CD-PR1,18848,18742,35496,119,2513.1,0.0,0.0413,0.782,6.44,95496.58
2025-11-02,CD-PR1,18382,18287,33773,96,2450.9,0.0,0.0394,0.761,5.19,93135.51
2025-11-03,CD-PR1,26294,23939,51144,143,3810.7,436.4,0.0581,1.111,8.55,153099.2
2025-11-04,CD-PR1,24161,23120,47238,117,3221.5,146.8,0.0347,0.996,6.98,125205.09
2025-11-05,CD-PR1,23397,22389,43660,128,3119.6,101.2,0.0442,0.974,6.59,120467.39
2025-11-06,CD-PR1,20363,20190,38651,119,2715.1,0.0,0.0443,0.848,4.96,103172.58
2025-11-07,CD-PR1,21863,21491,41646,127,2915.1,0.0,0.0457,0.912,5.59,110772.58
2025-11-08,CD-PR1,16257,16105,31250,92,2167.6,0.0,0.053,0.683,5.42,82368.83
2025-11-09,CD-PR1,16672,16511,33320,114,2222.9,0.0,0.0364,0.688,5.37,84471.5
2025-11-10,CD-PR1,26594,24378,50098,161,3854.2,438.6,0.0464,1.11,10.37,154793.47
2025-11-11,CD-PR1,25018,23472,47121,133,3625.8,256.4,0.0408,1.038,7.94,142651.57
2025-11-12,CD-PR1,22313,21997,42199,117,2975.1,19.1,0.046,0.931,7.49,113414.64
2025-11-13,CD-PR1,22253,21852,41232,118,2967.1,11.4,0.0441,0.926,5.38,112964.39
2025-11-14,CD-PR1,22739,22034,41246,123,3031.9,55.0,0.0478,0.95,7.26,116256.02
2025-11-15,CD-PR1,18427,18327,35135,104,2456.9,0.0,0.036,0.761,5.73,93363.5
2025-11-16,CD-PR1,19246,19169,37075,109,2566.1,0.0,0.0371,0.795,5.36,97513.1
2025-11-17,CD-PR1,26330,24118,50030,139,3815.9,435.0,0.0561,1.11,8.15,153270.19
2025-11-18,CD-PR1,25103,23510,47617,136,3638.1,264.2,0.0405,1.041,8.27,143267.39
2025-11-19,CD-PR1,24717,23484,45852,80,3582.2,256.7,0.0538,1.039,8.1,141000.07
2025-11-20,CD-PR1,23059,22381,44103,126,3074.5,79.2,0.0471,0.963,7.21,118336.67
2025-11-21,CD-PR1,21058,20784,40189,104,2807.7,0.0,0.0447,0.877,5.14,106693.9
2025-11-22,CD-PR1,18780,18645,36128,103,2504.0,0.0,0.0538,0.79,6.44,95152.03
2025-11-23,CD-PR1,17926,17767,34350,98,2390.1,0.0,0.0486,0.75,5.94,90825.1
2025-11-24,CD-PR1,65568,58605,125870,517,9502.6,1383.6,0.0491,1.163,9.14,387387.35
2025-11-25,CD-PR1,64139,58537,126093,524,9295.5,1017.6,0.0191,1.102,10.09,372564.49
2025-11-26,CD-PR1,59585,56070,114916,571,8635.5,624.0,0.0344,1.04,7.85,340005.72
2025-11-27,CD-PR1,61966,56714,119224,579,8980.6,967.3,0.0498,1.1,7.76,359640.39
2025-11-28,CD-PR1,57138,54085,103584,451,8280.9,500.3,0.0561,1.021,7.15,324178.5
2025-11-29,CD-PR1,48812,48497,95314,422,6508.3,0.0,0.0317,0.85,6.42,247314.21
2025-11-30,CD-PR1,46760,46297,88148,421,6234.7,0.0,0.0503,0.83,5.2,236917.41
2025-12-01,CD-PR1,69795,59563,132887,645,10115.2,2054.8,0.065,1.259,10.77,423420.0
2025-12-02,CD-PR1,25576,23649,46967,171,3706.7,382.9,0.0682,1.092,9.43,148127.9
2025-12-03,CD-PR1,22836,21960,45775,124,3044.8,94.0,0.0646,0.971,6.49,117487.99
2025-12-04,CD-PR1,22373,21658,39741,99,2983.1,62.7,0.0678,0.955,7.18,114547.64
2025-12-05,CD-PR1,22930,22078,45273,111,3057.3,79.6,0.0529,0.963,6.0,117691.12
2025-12-06,CD-PR1,18796,18584,36112,101,2506.1,0.0,0.0486,0.786,5.7,95233.09
2025-12-07,CD-PR1,17255,17126,31141,69,2300.7,0.0,0.0423,0.717,5.65,87425.36
2025-12-08,CD-PR1,42170,36732,84417,396,6111.6,1118.4,0.0666,1.225,10.61,253489.92
2025-12-09,CD-PR1,39662,36087,76377,324,5748.1,668.0,0.0343,1.114,9.16,231120.78
2025-12-10,CD-PR1,34915,33560,62221,280,4655.3,196.1,0.0439,0.99,7.04,180627.76
2025-12-11,CD-PR1,36488,34339,68556,262,5288.1,383.0,0.0493,1.041,7.66,208225.36
2025-12-12,CD-PR1,35302,33296,68017,292,5116.2,302.7,0.0603,1.019,7.41,200168.36
2025-12-13,CD-PR1,30120,29900,59808,221,4016.0,0.0,0.0412,0.852,6.91,152608.04
2025-12-14,CD-PR1,28930,28837,54375,205,3857.3,0.0,0.0527,0.828,5.57,146578.7
2025-12-15,CD-PR1,39712,35494,70197,317,5755.4,772.2,0.0584,1.144,11.85,233375.46
2025-12-16,CD-PR1,39709,36216,78344,349,5754.9,748.8,0.0529,1.137,9.48,232914.43
2025-12-17,CD-PR1,36711,34516,70665,311,5320.4,368.3,0.0386,1.035,7.75,209174.94
2025-12-18,CD-PR1,35791,33670,64008,294,5187.1,318.8,0.0508,1.022,6.86,203166.92
2025-12-19,CD-PR1,35669,33890,68382,279,5169.4,298.4,0.0482,1.016,8.11,202106.83
2025-12-20,CD-PR1,31451,31279,60462,245,4193.5,0.0,0.0355,0.884,5.36,159351.77
2025-12-21,CD-PR1,19519,19341,36769,122,2602.5,0.0,0.0558,0.823,6.39,98896.29
2025-12-22,CD-PR1,28347,24602,52687,177,4108.3,762.9,0.0826,1.229,9.94,170609.08
2025-12-23,CD-PR1,25374,23888,47437,123,3677.4,312.3,0.0488,1.062,8.0,145673.98
2025-12-24,CD-PR1,24374,23279,45914,103,3532.5,176.2,0.0331,1.003,6.99,137580.53
2025-12-25,CD-PR1,24258,23342,46520,118,3515.7,198.6,0.0482,1.014,7.99,137367.71
2025-12-26,CD-PR1,22556,22183,43746,144,3007.5,19.2,0.0356,0.931,7.75,114648.94
2025-12-27,CD-PR1,19492,19340,34942,109,2598.9,0.0,0.0575,0.823,5.45,98759.49
2025-12-28,CD-PR1,19005,18875,36353,104,2534.0,0.0,0.0573,0.802,5.22,96292.02
2025-12-29,CD-PR1,27200,24287,52344,139,3942.0,571.6,0.0683,1.162,8.82,160658.2
2025-12-30,CD-PR1,24965,23515,47645,146,3618.1,260.7,0.0449,1.04,7.4,142442.58
2025-12-31,CD-PR1,23864,22781,44859,108,3458.6,183.4,0.0583,1.008,8.87,134910.16
2026-01-01,CD-PR1,24287,22960,47869,145,3519.9,218.6,0.0558,1.023,7.47,137907.36
2026-01-02,CD-PR1,22593,21932,44445,114,3012.4,31.6,0.0447,0.937,6.64,115071.22
2026-01-03,CD-PR1,19748,19694,37160,114,2633.1,0.0,0.0565,0.826,4.78,100056.55
2026-01-04,CD-PR1,19014,18936,36048,102,2535.2,0.0,0.0377,0.777,4.77,96337.62
2026-01-05,CD-PR1,27054,24421,52447,181,3920.9,484.2,0.0584,1.126,8.18,158192.28
2026-01-06,CD-PR1,26449,24660,51949,125,3833.2,333.5,0.0307,1.065,9.24,151998.38
2026-01-07,CD-PR1,24678,23624,45882,138,3576.5,184.6,0.0462,1.006,7.25,139415.68
2026-01-08,CD-PR1,22864,22493,42246,139,3048.5,9.4,0.0426,0.925,5.66,116022.85
2026-01-09,CD-PR1,23868,23023,45676,152,3182.4,85.7,0.0454,0.965,7.43,122559.44
2026-01-10,CD-PR1,19284,19205,35556,99,2571.2,0.0,0.0437,0.775,5.26,97705.62
2026-01-11,CD-PR1,17603,17463,31734,92,2347.1,0.0,0.0404,0.703,6.38,89188.55
2026-01-12,CD-PR1,26564,24653,49382,134,3849.9,366.7,0.0603,1.079,8.23,153261.72
2026-01-13,CD-PR1,24989,23732,48000,137,3621.6,186.0,0.0553,1.006,8.16,141154.61
2026-01-14,CD-PR1,24540,23323,48532,114,3272.0,87.8,0.0365,0.965,6.16,126003.87
2026-01-15,CD-PR1,23805,23090,44386,128,3174.0,52.4,0.0519,0.948,6.75,121607.34
2026-01-16,CD-PR1,22583,22378,42767,102,3011.1,0.0,0.0507,0.894,6.24,114420.55
2026-01-17,CD-PR1,20169,19991,38478,119,2689.2,0.0,0.048,0.794,4.75,102189.62
2026-01-18,CD-PR1,19017,18914,35516,116,2535.6,0.0,0.0448,0.743,5.49,96352.82
2026-01-19,CD-PR1,28038,25846,52253,172,4063.5,445.0,0.0543,1.103,7.99,162866.91
2026-01-20,CD-PR1,26439,24943,50677,163,3831.7,252.1,0.0486,1.03,6.87,150396.48
2026-01-21,CD-PR1,25168,24199,46312,147,3355.7,115.2,0.0492,0.977,6.67,129707.52
2026-01-22,CD-PR1,22390,22015,41682,109,2985.3,0.0,0.0386,0.857,5.85,113442.68
2026-01-23,CD-PR1,22691,22369,42883,122,3025.5,0.0,0.0383,0.865,5.04,114967.75
2026-01-24,CD-PR1,18340,18095,35142,95,2445.3,0.0,0.0457,0.702,5.34,92922.68
2026-01-25,CD-PR1,18926,18817,34526,89,2523.5,0.0,0.051,0.726,5.11,95891.75
2026-01-26,CD-PR1,27887,25733,52803,188,4041.6,400.6,0.068,1.085,9.17,161191.21
2026-01-27,CD-PR1,27175,25524,49879,132,3938.4,280.7,0.0546,1.039,8.97,154992.8
2026-01-28,CD-PR1,25809,24801,48154,153,3441.2,116.1,0.048,0.976,9.98,132971.4
2026-01-29,CD-PR1,24486,23974,47489,140,3264.8,0.0,0.0429,0.918,7.08,124062.42
2026-01-30,CD-PR1,22712,22614,43069,147,3028.3,0.0,0.049,0.854,5.93,115074.15
2026-01-31,CD-PR1,20309,20154,40282,102,2707.9,0.0,0.0351,0.75,6.29,102898.95
2026-02-01,CD-PR1,18660,18585,35387,118,2488.0,0.0,0.0435,0.693,5.12,94544.01
2026-02-02,CD-PR1,28051,25940,54655,181,4065.4,341.6,0.0636,1.06,7.78,160974.73
2026-02-03,CD-PR1,27277,26028,52910,167,3953.2,211.7,0.0469,1.009,7.41,154243.25
2026-02-04,CD-PR1,24436,24054,46412,128,3258.1,0.0,0.0497,0.904,4.97,123809.08
2026-02-05,CD-PR1,25143,24687,46118,128,3352.4,0.0,0.038,0.915,5.44,127391.22
2026-02-06,CD-PR1,23801,23739,45097,109,3173.5,0.0,0.0438,0.869,8.07,120591.75
2026-02-07,CD-PR1,19414,19228,36369,99,2588.5,0.0,0.0552,0.715,5.1,98364.28
2026-02-08,CD-PR1,19773,19654,37004,87,2636.4,0.0,0.0423,0.716,4.47,100183.21
2026-02-09,CD-PR1,28904,26857,55143,148,4189.0,354.0,0.0586,1.061,7.44,165906.61
2026-02-10,CD-PR1,26613,25753,48636,145,3548.4,94.6,0.0498,0.964,6.49,136635.71
2026-02-11,CD-PR1,24397,24047,45288,131,3252.9,0.0,0.0416,0.874,5.54,123611.48
2026-02-12,CD-PR1,23855,23659,44117,93,3180.7,0.0,0.0579,0.866,5.08,120865.35
2026-02-13,CD-PR1,22944,22796,43302,95,3059.2,0.0,0.0429,0.817,5.38,116249.61
2026-02-14,CD-PR1,20585,20511,38321,89,2744.7,0.0,0.049,0.735,4.64,104297.35
2026-02-15,CD-PR1,18588,18378,34664,79,2478.4,0.0,0.043,0.658,6.33,94179.21
2026-02-16,CD-PR1,28812,27046,54938,139,4175.7,301.6,0.0652,1.04,8.21,164405.75
2026-02-17,CD-PR1,25513,25132,47906,118,3401.7,0.0,0.045,0.899,4.4,129265.88
2026-02-18,CD-PR1,25031,24795,47565,122,3337.5,0.0,0.0488,0.882,4.38,126823.75
2026-02-19,CD-PR1,24832,24530,45796,90,3310.9,0.0,0.0588,0.882,5.67,125815.48
2026-02-20,CD-PR1,25532,25035,47453,129,3404.3,0.0,0.0475,0.893,5.27,129362.15
2026-02-21,CD-PR1,19338,19103,38715,95,2578.4,0.0,0.0434,0.671,5.01,97979.21
2026-02-22,CD-PR1,20339,20172,37935,119,2711.9,0.0,0.0465,0.706,4.86,103050.94
2026-02-23,CD-PR1,28691,27145,51491,159,4158.1,259.9,0.0758,1.024,7.84,162947.33
2026-02-24,CD-PR1,27212,26602,52168,98,3628.3,44.2,0.0483,0.94,5.77,138713.14
2026-02-25,CD-PR1,25461,25309,47475,109,3394.8,0.0,0.0589,0.887,5.18,129002.41
2026-02-26,CD-PR1,25267,25019,48315,124,3368.9,0.0,0.0476,0.867,4.75,128019.48
2026-02-27,CD-PR1,23528,23191,44598,110,3137.1,0.0,0.0625,0.817,4.09,119208.54
2026-02-28,CD-PR1,21475,21338,41393,122,2863.3,0.0,0.0523,0.736,5.43,108806.68
2026-03-01,CD-PR1,19143,18989,36276,95,2552.4,0.0,0.0494,0.652,4.32,96991.21
2026-03-02,CD-PR1,29843,28353,56364,169,4325.1,238.6,0.0485,1.012,6.12,168885.6
2026-03-03,CD-PR1,26372,26290,51620,132,3516.3,0.0,0.0323,0.877,4.37,133618.15
2026-03-04,CD-PR1,25449,25291,45531,100,3393.2,0.0,0.0536,0.862,3.8,128941.61
2026-03-05,CD-PR1,24084,23903,44163,100,3211.2,0.0,0.0535,0.813,6.81,122025.61
2026-03-06,CD-PR1,24170,23992,44926,84,3222.7,0.0,0.0684,0.827,5.14,122461.34
2026-03-07,CD-PR1,21592,21493,39197,90,2878.9,0.0,0.0331,0.709,3.79,109399.48
2026-03-08,CD-PR1,19513,19303,36607,120,2601.7,0.0,0.0489,0.65,6.03,98865.88
2026-03-09,CD-PR1,40141,38245,75108,128,5352.1,248.2,0.0518,0.997,5.59,208096.39
2026-03-10,CD-PR1,36509,36085,71146,190,4867.9,0.0,0.0391,0.892,4.18,184978.95
2026-03-11,CD-PR1,35622,35169,67525,156,4749.6,0.0,0.041,0.87,3.88,180484.81
2026-03-12,CD-PR1,33270,32998,62859,146,4436.0,0.0,0.0481,0.816,5.57,168568.01
2026-03-13,CD-PR1,32430,32183,61001,138,4324.0,0.0,0.0437,0.789,5.28,164312.01
2026-03-14,CD-PR1,29170,28929,53889,125,3889.3,0.0,0.0453,0.709,4.02,147794.68
2026-03-15,CD-PR1,28823,28551,56047,129,3843.1,0.0,0.0517,0.703,4.04,146036.54
2026-03-16,CD-PR1,31893,30002,62526,183,4622.2,384.2,0.069,1.059,7.26,182942.78
2026-03-17,CD-PR1,26733,26620,49172,69,3564.4,0.0,0.0505,0.867,4.69,135447.21
2026-03-18,CD-PR1,27094,26867,53673,111,3612.5,0.0,0.0486,0.875,3.99,137276.28
2026-03-19,CD-PR1,25529,25334,47649,108,3403.9,0.0,0.0439,0.818,3.98,129346.94
2026-03-20,CD-PR1,23940,23880,44585,73,3192.0,0.0,0.0444,0.765,4.69,121296.01
2026-03-21,CD-PR1,21106,20888,40600,107,2814.1,0.0,0.0493,0.676,3.12,106937.07
2026-03-22,CD-PR1,19836,19601,38246,75,2644.8,0.0,0.0366,0.625,4.19,100502.41
2026-03-23,CD-PR1,29319,28582,55602,136,3909.2,58.1,0.061,0.945,5.0,149653.69
2026-03-24,CD-PR1,27058,26886,50942,107,3607.7,0.0,0.0364,0.847,5.18,137093.88
2026-03-25,CD-PR1,24677,24528,48333,101,3290.3,0.0,0.0447,0.777,4.17,125030.14
2026-03-26,CD-PR1,24084,23971,45009,137,3211.2,0.0,0.0366,0.75,4.25,122025.61
2026-03-27,CD-PR1,24759,24488,46957,127,3301.2,0.0,0.0458,0.776,3.29,125445.61
2026-03-28,CD-PR1,20708,20426,41099,68,2761.1,0.0,0.0396,0.643,3.29,104920.54
2026-03-29,CD-PR1,19492,19290,35732,81,2598.9,0.0,0.0386,0.603,3.93,98759.47
2026-03-30,CD-PR1,29383,28859,55154,82,3917.7,14.1,0.0593,0.926,3.37,149142.06
2026-03-31,CD-PR1,28377,28045,55371,95,3783.6,0.0,0.0256,0.861,3.35,143776.81
2026-04-01,CD-PR1,26261,25848,50589,113,3501.5,0.0,0.0306,0.798,2.89,133055.74
2026-04-02,CD-PR1,25018,24832,48653,110,3335.7,0.0,0.0514,0.777,3.15,126757.87
2026-04-03,CD-PR1,25391,25130,46563,73,3385.5,0.0,0.0502,0.788,2.66,128647.74
2026-04-04,CD-PR1,22194,21863,42525,60,2959.2,0.0,0.0392,0.681,2.89,112449.61
2026-04-05,CD-PR1,20369,20212,38411,86,2715.9,0.0,0.0528,0.634,4.71,103202.94
2026-04-06,CD-PR1,30551,29629,61518,99,4073.5,80.2,0.0549,0.953,3.89,156314.7
2026-04-07,CD-PR1,28975,28877,56225,101,3863.3,0.0,0.0404,0.89,3.13,146806.68
2026-04-08,CD-PR1,27285,27076,51811,90,3638.0,0.0,0.0387,0.837,3.19,138244.01
2026-04-09,CD-PR1,26307,26158,50359,106,3507.6,0.0,0.0603,0.825,4.02,133288.81
2026-04-10,CD-PR1,24999,24797,47566,113,3333.2,0.0,0.0509,0.776,3.37,126661.61
2026-04-11,CD-PR1,21538,21314,41675,105,2871.7,0.0,0.0466,0.666,2.73,109125.87
2026-04-12,CD-PR1,19364,19171,35963,94,2581.9,0.0,0.0487,0.6,2.64,98110.94
2026-04-13,CD-PR1,30443,29830,59920,89,4059.1,48.2,0.0452,0.94,4.12,155159.56
2026-04-14,CD-PR1,26603,26470,48784,105,3547.1,0.0,0.0402,0.817,3.35,134788.54
2026-04-15,CD-PR1,25665,25307,49027,125,3422.0,0.0,0.0486,0.795,4.34,130036.01
2026-04-16,CD-PR1,27084,26732,50343,91,3611.2,0.0,0.045,0.836,2.91,137225.61
2026-04-17,CD-PR1,25352,25028,48223,112,3380.3,0.0,0.0666,0.801,5.07,128450.14
2026-04-18,CD-PR1,22382,22298,43631,104,2984.3,0.0,0.0407,0.688,2.73,113402.14
2026-04-19,CD-PR1,20061,19762,36398,52,2674.8,0.0,0.0525,0.624,2.73,101642.4
2026-04-20,CD-PR1,28681,28364,54251,142,3824.1,0.0,0.0664,0.906,3.62,145317.07
2026-04-21,CD-PR1,27853,27675,50916,105,3713.7,0.0,0.0461,0.861,4.3,141121.87
2026-04-22,CD-PR1,26646,26448,50255,118,3552.8,0.0,0.0476,0.825,3.67,135006.41
2026-04-23,CD-PR1,26124,25866,47752,115,3483.2,0.0,0.0427,0.804,2.89,132361.61
2026-04-24,CD-PR1,25752,25668,49137,131,3433.6,0.0,0.0332,0.785,5.98,130476.81
2026-04-25,CD-PR1,21127,20968,39691,85,2816.9,0.0,0.0478,0.654,3.63,107043.47
2026-04-26,CD-PR1,20622,20338,39952,98,2749.6,0.0,0.0484,0.639,3.71,104484.8
2026-04-27,CD-PR1,29018,28392,56917,111,3869.1,0.0,0.0647,0.914,4.66,147024.54
2026-04-28,CD-PR1,28697,28244,54540,118,3826.3,0.0,0.0455,0.886,3.83,145398.14
2026-04-29,CD-PR1,26707,26622,51937,117,3560.9,0.0,0.0528,0.831,3.16,135315.47
2026-04-30,CD-PR1,25515,25456,50242,123,3402.0,0.0,0.0381,0.782,5.32,129276.01
2026-05-01,CD-PR1,33354,33232,61835,102,4447.2,0.0,0.0607,0.807,4.91,168993.61
2026-05-02,CD-PR1,28866,28619,56917,108,3848.8,0.0,0.0371,0.681,5.65,146254.41
2026-05-03,CD-PR1,27398,27022,52006,124,3653.1,0.0,0.0441,0.651,3.22,138816.54
2026-05-04,CD-PR1,43343,40384,80231,221,6281.6,503.4,0.0654,1.054,7.68,248266.02
2026-05-05,CD-PR1,38228,37535,73204,206,5097.1,0.0,0.0409,0.905,3.23,193688.54
2026-05-06,CD-PR1,35949,35655,68174,119,4793.2,0.0,0.051,0.861,3.5,182141.61
2026-05-07,CD-PR1,32965,32884,60314,110,4395.3,0.0,0.0423,0.782,4.14,167022.67
2026-05-08,CD-PR1,32768,32687,60455,108,4369.1,0.0,0.0499,0.784,2.8,166024.54
2026-05-09,CD-PR1,28952,28664,57379,126,3860.3,0.0,0.0436,0.688,5.5,146690.14
2026-05-10,CD-PR1,27151,26691,51965,97,3620.1,0.0,0.0404,0.643,3.17,137565.07
2026-05-11,CD-PR1,31877,30088,62928,116,4619.9,274.6,0.078,1.019,6.93,180772.76
2026-05-12,CD-PR1,28414,28322,53395,116,3788.5,0.0,0.0383,0.871,2.83,143964.27
2026-05-13,CD-PR1,28232,28032,52509,119,3764.3,0.0,0.0267,0.855,3.48,143042.14
2026-05-14,CD-PR1,26563,26313,48234,120,3541.7,0.0,0.0386,0.814,3.06,134585.87
2026-05-15,CD-PR1,25234,24989,49166,98,3364.5,0.0,0.0501,0.783,3.07,127852.27
2026-05-16,CD-PR1,21703,21464,41681,81,2893.7,0.0,0.042,0.668,2.87,109961.87
2026-05-17,CD-PR1,20728,20462,38961,89,2763.7,0.0,0.0531,0.645,2.84,105021.87
2026-05-18,CD-PR1,32422,30951,60317,140,4698.8,296.6,0.0679,1.025,4.94,184192.09
2026-05-19,CD-PR1,26410,26380,51667,115,3521.3,0.0,0.0425,0.813,2.9,133810.67
2026-05-20,CD-PR1,25266,24981,47781,89,3368.8,0.0,0.0315,0.769,4.63,128014.4
2026-05-21,CD-PR1,26152,25759,49471,130,3486.9,0.0,0.0347,0.799,4.84,132503.47
2026-05-22,CD-PR1,25359,25173,47420,120,3381.2,0.0,0.0487,0.786,2.78,128485.6
2026-05-23,CD-PR1,22425,22232,42151,107,2990.0,0.0,0.0325,0.683,3.32,113620.0
2026-05-24,CD-PR1,21190,21074,40844,90,2825.3,0.0,0.0421,0.652,4.59,107362.67
2026-05-25,CD-PR1,30345,29476,55506,113,4046.0,104.8,0.0714,0.963,5.17,155739.2
2026-05-26,CD-PR1,29941,29190,57009,144,3992.1,16.2,0.0477,0.927,3.92,152009.02
2026-05-27,CD-PR1,28312,28230,55146,101,3774.9,0.0,0.0454,0.874,3.08,143447.47
2026-05-28,CD-PR1,26985,26731,51157,84,3598.0,0.0,0.0367,0.826,2.79,136724.0
2026-05-29,CD-PR1,26352,26205,51458,103,3513.6,0.0,0.0505,0.818,5.39,133516.8
2026-05-30,CD-PR1,22233,22032,43733,77,2964.4,0.0,0.0429,0.685,3.73,112647.2
2026-05-31,CD-PR1,20553,20464,39979,99,2740.4,0.0,0.0469,0.636,3.57,104135.2
2026-06-01,CD-PR1,31691,29905,59362,147,4592.9,238.0,0.0718,1.006,4.73,179052.76
2026-06-02,CD-PR1,29189,28795,55407,109,3891.9,0.0,0.0582,0.914,3.89,147890.94
2026-06-03,CD-PR1,27485,27174,52697,114,3664.7,0.0,0.052,0.855,4.62,139257.34
2026-06-04,CD-PR1,28357,28114,53212,131,3780.9,0.0,0.0551,0.885,2.82,143675.47
2026-06-05,CD-PR1,23441,23370,43948,73,3125.5,0.0,0.0509,0.728,2.96,118767.74
2026-06-06,CD-PR1,21050,20814,39402,81,2806.7,0.0,0.0601,0.66,2.81,106653.34
2026-06-07,CD-PR1,20210,19971,40969,78,2694.7,0.0,0.0439,0.623,5.0,102397.34
2026-06-08,CD-PR1,30719,29642,57950,138,4095.9,117.3,0.0643,0.968,3.97,157870.89
2026-06-09,CD-PR1,28984,28488,56618,88,3864.5,0.0,0.0609,0.91,4.1,146852.27
2026-06-10,CD-PR1,26184,25865,48611,107,3491.2,0.0,0.0471,0.81,2.82,132665.6
2026-06-11,CD-PR1,26188,25990,51986,93,3491.7,0.0,0.0403,0.804,3.59,132685.87
2026-06-12,CD-PR1,25011,24827,47047,111,3334.8,0.0,0.0517,0.777,2.81,126722.4
2026-06-13,CD-PR1,24193,24044,46031,96,3225.7,0.0,0.0621,0.76,3.12,122577.87
2026-06-14,CD-PR1,22546,22292,40771,80,3006.1,0.0,0.0328,0.687,5.27,114233.07
2026-06-15,CD-PR1,30843,29624,60324,88,4112.4,133.7,0.0668,0.974,5.17,158812.28
2026-06-16,CD-PR1,29039,28679,57110,132,3871.9,0.0,0.0459,0.897,3.79,147130.94
2026-06-17,CD-PR1,26684,26444,49116,102,3557.9,0.0,0.0497,0.828,3.79,135198.94
2026-06-18,CD-PR1,25458,25231,49866,97,3394.4,0.0,0.0482,0.788,5.42,128987.2
2026-06-19,CD-PR1,25831,25551,47352,125,3444.1,0.0,0.0627,0.812,3.6,130877.07
2026-06-20,CD-PR1,21623,21479,41767,122,2883.1,0.0,0.0514,0.672,4.52,109556.54
2026-06-21,CD-PR1,21267,21017,40101,100,2835.6,0.0,0.0591,0.666,4.56,107752.8
2026-06-22,CD-PR1,29712,28892,58438,106,3961.6,66.8,0.0763,0.948,5.33,151809.12
2026-06-23,CD-PR1,28794,28435,55067,85,3839.2,0.0,0.0512,0.895,6.98,145889.6
2026-06-24,CD-PR1,28108,27879,54714,135,3747.7,0.0,0.0481,0.87,4.04,142413.87
2026-06-25,CD-PR1,27789,27698,54519,140,3705.2,0.0,0.054,0.866,4.43,140797.6
2026-06-26,CD-PR1,26468,26117,49904,80,3529.1,0.0,0.0596,0.83,3.13,134104.54
2026-06-27,CD-PR1,21494,21116,40808,96,2865.9,0.0,0.0418,0.661,3.49,108902.94
2026-06-28,CD-PR1,22095,21866,40753,93,2946.0,0.0,0.0529,0.688,3.45,111948.0
2026-06-29,CD-PR1,30770,29583,58001,95,4102.7,120.5,0.064,0.969,4.2,158190.27
2026-06-30,CD-PR1,30413,29288,60715,103,4055.1,51.8,0.0476,0.941,3.86,155075.9
2026-07-01,CD-PR1,28114,28085,54479,99,3748.5,0.0,0.0455,0.868,3.44,142444.27
2026-07-02,CD-PR1,26266,26115,48534,133,3502.1,0.0,0.046,0.812,3.64,133081.07
2026-07-03,CD-PR1,25947,25809,51416,133,3459.6,0.0,0.065,0.818,5.35,131464.8
2026-07-04,CD-PR1,22955,22745,44061,77,3060.7,0.0,0.0481,0.711,2.95,116305.34
2026-07-05,CD-PR1,22040,21901,42791,87,2938.7,0.0,0.0602,0.691,2.93,111669.34
2026-07-06,CD-PR1,31682,30203,60973,148,4591.6,223.0,0.067,1.001,4.46,178717.77
2026-07-07,CD-PR1,31530,30550,60569,138,4204.0,126.2,0.0419,0.97,5.47,162150.12
2026-07-08,CD-PR1,29284,28845,52715,93,3904.5,0.0,0.0525,0.911,6.23,148372.27
2026-07-09,CD-PR1,27505,27281,53782,87,3667.3,0.0,0.0415,0.846,3.4,139358.67
2026-07-10,CD-PR1,27081,26869,48401,104,3610.8,0.0,0.0599,0.849,3.68,137210.4
2026-07-11,CD-PR1,24339,24287,47481,113,3245.2,0.0,0.0493,0.755,3.41,123317.6
2026-07-12,CD-PR1,23191,23021,44178,99,3092.1,0.0,0.0578,0.726,4.09,117501.07
2026-07-13,CD-PR1,30647,29373,59510,100,4086.3,145.1,0.0775,0.979,4.26,158035.21
2026-07-14,CD-PR1,29122,28856,55562,94,3882.9,0.0,0.0371,0.891,4.02,147551.47
2026-07-15,CD-PR1,29928,29383,58425,122,3990.4,14.2,0.0473,0.926,4.06,151905.61
2026-07-16,CD-PR1,26881,26650,51096,119,3584.1,0.0,0.0413,0.826,4.25,136197.07
2026-07-17,CD-PR1,25312,25104,48448,86,3374.9,0.0,0.0723,0.804,4.2,128247.47
2026-07-18,CD-PR1,22538,22262,43278,68,3005.1,0.0,0.0475,0.697,3.75,114192.54
2026-07-19,CD-PR1,22148,21979,44162,117,2953.1,0.0,0.0405,0.68,3.3,112216.53
2026-07-20,CD-PR1,32092,30128,61938,143,4651.0,314.2,0.0839,1.033,5.1,182707.64
2026-07-21,CD-PR1,29583,29069,54260,95,3944.4,0.0,0.0452,0.913,4.64,149887.2
2026-07-22,CD-PR1,27939,27641,52296,111,3725.2,0.0,0.038,0.856,3.51,141557.6
2026-07-23,CD-PR1,27376,27265,52833,123,3650.1,0.0,0.0417,0.842,3.5,138705.07
2026-07-24,CD-PR1,25872,25825,50786,106,3449.6,0.0,0.0561,0.808,3.2,131084.8
2026-07-25,CD-PR1,24902,24589,46415,94,3320.3,0.0,0.0514,0.774,5.05,126170.14
2026-07-26,CD-PR1,22182,22004,44630,114,2957.6,0.0,0.0443,0.684,5.13,112388.8
2026-07-27,CD-PR1,33399,31267,63751,143,4840.4,376.5,0.0621,1.05,5.62,191090.72
2026-07-28,CD-PR1,29926,29342,57489,116,3990.1,23.7,0.0514,0.93,3.73,152075.29
2026-07-29,CD-PR1,28592,28255,52532,122,3812.3,0.0,0.0616,0.898,3.56,144866.14
2026-07-30,CD-PR1,27533,27270,53848,130,3671.1,0.0,0.0537,0.858,3.06,139500.54
2026-07-31,CD-PR1,24356,24170,45734,107,3247.5,0.0,0.0505,0.756,3.84,123403.73
2026-08-01,CD-PR1,22075,21879,41119,102,2943.3,0.0,0.0432,0.68,3.49,111846.67
2026-08-02,CD-PR1,20681,20647,38966,72,2757.5,0.0,0.0512,0.642,4.12,104783.73
2026-08-03,CD-PR1,30015,29040,59104,147,4002.0,83.6,0.0734,0.955,4.3,153664.78
2026-08-04,CD-PR1,29341,29021,56431,118,3912.1,0.0,0.0362,0.897,7.23,148661.07
2026-08-05,CD-PR1,30287,29571,56199,128,4038.3,57.2,0.0539,0.944,3.67,154540.15
2026-08-06,CD-PR1,28357,28180,53126,127,3780.9,0.0,0.0425,0.873,3.46,143675.47
2026-08-07,CD-PR1,28223,27964,55613,93,3763.1,0.0,0.036,0.863,6.42,142996.53
2026-08-08,CD-PR1,23663,23603,44680,98,3155.1,0.0,0.0304,0.719,4.14,119892.53
2026-08-09,CD-PR1,22816,22443,43990,105,3042.1,0.0,0.0557,0.712,3.36,115601.07
2026-08-10,CD-PR1,31735,30094,61574,150,4599.3,241.6,0.0716,1.008,5.57,179363.8
2026-08-11,CD-PR1,31364,30439,54230,110,4181.9,109.0,0.0404,0.963,4.01,160981.47
2026-08-12,CD-PR1,29855,29203,58612,109,3980.7,0.0,0.0433,0.92,4.07,151265.33
2026-08-13,CD-PR1,27988,27659,51984,89,3731.7,0.0,0.0307,0.851,2.83,141805.87
2026-08-14,CD-PR1,27691,27418,52114,115,3692.1,0.0,0.0551,0.864,2.68,140301.07
2026-08-15,CD-PR1,23927,23660,47303,105,3190.3,0.0,0.0448,0.738,4.94,121230.13
2026-08-16,CD-PR1,21906,21787,43206,91,2920.8,0.0,0.0326,0.667,3.09,110990.4
2026-08-17,CD-PR1,31663,30423,60940,127,4221.7,188.9,0.0616,0.995,4.41,164015.27
2026-08-18,CD-PR1,29693,29279,57498,139,3959.1,0.0,0.0339,0.906,3.63,150444.53
2026-08-19,CD-PR1,29369,29033,57237,94,3915.9,0.0,0.0495,0.911,4.49,148802.93
2026-08-20,CD-PR1,29059,28612,57290,123,3874.5,0.0,0.0363,0.889,2.96,147232.27
2026-08-21,CD-PR1,26558,26354,52528,103,3541.1,0.0,0.0517,0.825,3.16,134560.53
2026-08-22,CD-PR1,23619,23557,45003,90,3149.2,0.0,0.0398,0.725,4.21,119669.6
2026-08-23,CD-PR1,22913,22819,42690,86,3055.1,0.0,0.0261,0.693,3.55,116092.53
2026-08-24,CD-PR1,33865,31670,63911,171,4908.0,444.6,0.068,1.071,7.66,194950.07
2026-08-25,CD-PR1,32848,31036,62620,138,4760.6,293.7,0.0534,1.023,6.22,186482.78
2026-08-26,CD-PR1,30765,30070,58372,79,4102.0,62.5,0.0408,0.945,4.86,157064.0
2026-08-27,CD-PR1,27883,27612,51567,82,3717.7,0.0,0.0472,0.863,4.18,141273.87
2026-08-28,CD-PR1,29092,28753,55910,117,3878.9,0.0,0.0525,0.905,3.12,147399.47
2026-08-29,CD-PR1,23292,23228,42429,97,3105.6,0.0,0.0488,0.722,3.45,118012.8
2026-08-30,CD-PR1,23420,23158,44598,131,3122.7,0.0,0.0588,0.733,6.05,118661.33
2026-08-31,CD-PR1,33419,31054,63746,156,4843.3,382.5,0.0633,1.052,5.61,191315.06
2026-09-01,CD-PR1,30884,30252,58858,128,4117.9,75.0,0.0421,0.95,4.45,157904.26
2026-09-02,CD-PR1,27745,27577,53896,122,3699.3,0.0,0.0484,0.859,3.1,140574.67
2026-09-03,CD-PR1,28888,28595,55925,125,3851.7,0.0,0.0416,0.888,3.21,146365.87
2026-09-04,CD-PR1,26124,25898,52539,102,3483.2,0.0,0.0405,0.802,4.36,132361.6
2026-09-05,CD-PR1,24678,24274,46249,116,3290.4,0.0,0.0548,0.77,5.95,125035.2
2026-09-06,CD-PR1,23931,23760,45803,94,3190.8,0.0,0.0493,0.742,5.21,121250.4
2026-09-07,CD-PR1,32597,31001,62285,137,4724.2,244.3,0.0451,1.006,4.43,184161.72
2026-09-08,CD-PR1,31850,30683,60783,149,4246.7,146.3,0.0395,0.977,4.78,164153.49
2026-09-09,CD-PR1,29034,28655,53328,83,3871.2,0.0,0.0511,0.902,3.53,147105.6
2026-09-10,CD-PR1,28587,27972,52624,99,3811.6,0.0,0.0325,0.871,2.87,144840.8
2026-09-11,CD-PR1,28545,28373,54245,132,3806.0,0.0,0.043,0.879,4.41,144628.0
2026-09-12,CD-PR1,23976,23802,43665,86,3196.8,0.0,0.0663,0.757,3.27,121478.4
2026-09-13,CD-PR1,24247,24084,45664,120,3232.9,0.0,0.0424,0.746,2.91,122851.47
2026-09-14,CD-PR1,33156,31060,61923,155,4805.2,372.9,0.0687,1.049,6.16,189683.01
2026-09-15,CD-PR1,32807,31050,61845,108,4754.6,300.8,0.057,1.025,4.87,186391.98
2026-09-16,CD-PR1,30064,29525,58824,119,4008.5,2.1,0.0377,0.921,5.29,152365.07
2026-09-17,CD-PR1,30218,29560,55785,115,4029.1,35.6,0.0471,0.935,5.6,153781.56
2026-09-18,CD-PR1,27514,27346,53473,96,3668.5,0.0,0.0655,0.868,4.16,139404.27
2026-09-19,CD-PR1,24105,23939,45111,87,3214.0,0.0,0.0487,0.747,3.9,122132.0
2026-09-20,CD-PR1,22895,22872,42989,96,3052.7,0.0,0.0639,0.721,3.41,116001.33
2026-09-21,CD-PR1,32927,31044,63328,120,4772.0,306.1,0.0549,1.027,5.79,187153.46
2026-09-22,CD-PR1,32620,30856,61531,172,4727.5,289.8,0.0594,1.022,5.38,185153.16
2026-09-23,CD-PR1,30821,30161,57185,136,4109.5,77.4,0.0451,0.951,3.76,157630.68
2026-09-24,CD-PR1,30183,29528,56789,124,4024.4,21.8,0.0424,0.929,4.79,153341.27
2026-09-25,CD-PR1,29626,29164,53658,105,3950.1,7.6,0.0541,0.923,5.67,150249.14
2026-09-26,CD-PR1,25518,25328,48971,111,3402.4,0.0,0.0441,0.787,3.1,129291.2
2026-09-27,CD-PR1,22817,22614,39814,110,3042.3,0.0,0.0443,0.704,4.3,115606.13
2026-09-28,CD-PR1,34561,32032,67200,205,5008.8,505.5,0.0639,1.088,6.4,199941.03
2026-09-29,CD-PR1,31366,30524,60560,132,4182.1,84.4,0.0305,0.954,4.17,160525.14
2026-09-30,CD-PR1,30334,29499,60063,139,4044.5,24.3,0.0386,0.93,3.32,154153.92
2025-01-01,CD-GO1,0,0,0,0,0.0,0.0,,0.0,,0.0
2025-01-02,CD-GO1,0,0,0,0,0.0,0.0,,0.0,,0.0
2025-01-03,CD-GO1,0,0,0,0,0.0,0.0,,0.0,,0.0
2025-01-04,CD-GO1,0,0,0,0,0.0,0.0,,0.0,,0.0
2025-01-05,CD-GO1,0,0,0,0,0.0,0.0,,0.0,,0.0
2025-01-06,CD-GO1,0,0,0,0,0.0,0.0,,0.0,,0.0
2025-01-07,CD-GO1,0,0,0,0,0.0,0.0,,0.0,,0.0
2025-01-08,CD-GO1,0,0,0,0,0.0,0.0,,0.0,,0.0
2025-01-09,CD-GO1,0,0,0,0,0.0,0.0,,0.0,,0.0
2025-01-10,CD-GO1,0,0,0,0,0.0,0.0,,0.0,,0.0
2025-01-11,CD-GO1,0,0,0,0,0.0,0.0,,0.0,,0.0
2025-01-12,CD-GO1,0,0,0,0,0.0,0.0,,0.0,,0.0
2025-01-13,CD-GO1,0,0,0,0,0.0,0.0,,0.0,,0.0
2025-01-14,CD-GO1,0,0,0,0,0.0,0.0,,0.0,,0.0
2025-01-15,CD-GO1,0,0,0,0,0.0,0.0,,0.0,,0.0
2025-01-16,CD-GO1,0,0,0,0,0.0,0.0,,0.0,,0.0
2025-01-17,CD-GO1,0,0,0,0,0.0,0.0,,0.0,,0.0
2025-01-18,CD-GO1,0,0,0,0,0.0,0.0,,0.0,,0.0
2025-01-19,CD-GO1,0,0,0,0,0.0,0.0,,0.0,,0.0
2025-01-20,CD-GO1,0,0,0,0,0.0,0.0,,0.0,,0.0
2025-01-21,CD-GO1,0,0,0,0,0.0,0.0,,0.0,,0.0
2025-01-22,CD-GO1,0,0,0,0,0.0,0.0,,0.0,,0.0
2025-01-23,CD-GO1,0,0,0,0,0.0,0.0,,0.0,,0.0
2025-01-24,CD-GO1,0,0,0,0,0.0,0.0,,0.0,,0.0
2025-01-25,CD-GO1,0,0,0,0,0.0,0.0,,0.0,,0.0
2025-01-26,CD-GO1,0,0,0,0,0.0,0.0,,0.0,,0.0
2025-01-27,CD-GO1,0,0,0,0,0.0,0.0,,0.0,,0.0
2025-01-28,CD-GO1,0,0,0,0,0.0,0.0,,0.0,,0.0
2025-01-29,CD-GO1,0,0,0,0,0.0,0.0,,0.0,,0.0
2025-01-30,CD-GO1,0,0,0,0,0.0,0.0,,0.0,,0.0
2025-01-31,CD-GO1,0,0,0,0,0.0,0.0,,0.0,,0.0
2025-02-01,CD-GO1,0,0,0,0,0.0,0.0,,0.0,,0.0
2025-02-02,CD-GO1,0,0,0,0,0.0,0.0,,0.0,,0.0
2025-02-03,CD-GO1,0,0,0,0,0.0,0.0,,0.0,,0.0
2025-02-04,CD-GO1,0,0,0,0,0.0,0.0,,0.0,,0.0
2025-02-05,CD-GO1,0,0,0,0,0.0,0.0,,0.0,,0.0
2025-02-06,CD-GO1,0,0,0,0,0.0,0.0,,0.0,,0.0
2025-02-07,CD-GO1,0,0,0,0,0.0,0.0,,0.0,,0.0
2025-02-08,CD-GO1,0,0,0,0,0.0,0.0,,0.0,,0.0
2025-02-09,CD-GO1,0,0,0,0,0.0,0.0,,0.0,,0.0
2025-02-10,CD-GO1,0,0,0,0,0.0,0.0,,0.0,,0.0
2025-02-11,CD-GO1,0,0,0,0,0.0,0.0,,0.0,,0.0
2025-02-12,CD-GO1,0,0,0,0,0.0,0.0,,0.0,,0.0
2025-02-13,CD-GO1,0,0,0,0,0.0,0.0,,0.0,,0.0
2025-02-14,CD-GO1,0,0,0,0,0.0,0.0,,0.0,,0.0
2025-02-15,CD-GO1,0,0,0,0,0.0,0.0,,0.0,,0.0
2025-02-16,CD-GO1,0,0,0,0,0.0,0.0,,0.0,,0.0
2025-02-17,CD-GO1,0,0,0,0,0.0,0.0,,0.0,,0.0
2025-02-18,CD-GO1,0,0,0,0,0.0,0.0,,0.0,,0.0
2025-02-19,CD-GO1,0,0,0,0,0.0,0.0,,0.0,,0.0
2025-02-20,CD-GO1,0,0,0,0,0.0,0.0,,0.0,,0.0
2025-02-21,CD-GO1,0,0,0,0,0.0,0.0,,0.0,,0.0
2025-02-22,CD-GO1,0,0,0,0,0.0,0.0,,0.0,,0.0
2025-02-23,CD-GO1,0,0,0,0,0.0,0.0,,0.0,,0.0
2025-02-24,CD-GO1,0,0,0,0,0.0,0.0,,0.0,,0.0
2025-02-25,CD-GO1,0,0,0,0,0.0,0.0,,0.0,,0.0
2025-02-26,CD-GO1,0,0,0,0,0.0,0.0,,0.0,,0.0
2025-02-27,CD-GO1,0,0,0,0,0.0,0.0,,0.0,,0.0
2025-02-28,CD-GO1,0,0,0,0,0.0,0.0,,0.0,,0.0
2025-03-01,CD-GO1,0,0,0,0,0.0,0.0,,0.0,,0.0
2025-03-02,CD-GO1,0,0,0,0,0.0,0.0,,0.0,,0.0
2025-03-03,CD-GO1,0,0,0,0,0.0,0.0,,0.0,,0.0
2025-03-04,CD-GO1,0,0,0,0,0.0,0.0,,0.0,,0.0
2025-03-05,CD-GO1,0,0,0,0,0.0,0.0,,0.0,,0.0
2025-03-06,CD-GO1,0,0,0,0,0.0,0.0,,0.0,,0.0
2025-03-07,CD-GO1,0,0,0,0,0.0,0.0,,0.0,,0.0
2025-03-08,CD-GO1,0,0,0,0,0.0,0.0,,0.0,,0.0
2025-03-09,CD-GO1,0,0,0,0,0.0,0.0,,0.0,,0.0
2025-03-10,CD-GO1,0,0,0,0,0.0,0.0,,0.0,,0.0
2025-03-11,CD-GO1,0,0,0,0,0.0,0.0,,0.0,,0.0
2025-03-12,CD-GO1,0,0,0,0,0.0,0.0,,0.0,,0.0
2025-03-13,CD-GO1,0,0,0,0,0.0,0.0,,0.0,,0.0
2025-03-14,CD-GO1,0,0,0,0,0.0,0.0,,0.0,,0.0
2025-03-15,CD-GO1,0,0,0,0,0.0,0.0,,0.0,,0.0
2025-03-16,CD-GO1,0,0,0,0,0.0,0.0,,0.0,,0.0
2025-03-17,CD-GO1,0,0,0,0,0.0,0.0,,0.0,,0.0
2025-03-18,CD-GO1,0,0,0,0,0.0,0.0,,0.0,,0.0
2025-03-19,CD-GO1,0,0,0,0,0.0,0.0,,0.0,,0.0
2025-03-20,CD-GO1,0,0,0,0,0.0,0.0,,0.0,,0.0
2025-03-21,CD-GO1,0,0,0,0,0.0,0.0,,0.0,,0.0
2025-03-22,CD-GO1,0,0,0,0,0.0,0.0,,0.0,,0.0
2025-03-23,CD-GO1,0,0,0,0,0.0,0.0,,0.0,,0.0
2025-03-24,CD-GO1,0,0,0,0,0.0,0.0,,0.0,,0.0
2025-03-25,CD-GO1,0,0,0,0,0.0,0.0,,0.0,,0.0
2025-03-26,CD-GO1,0,0,0,0,0.0,0.0,,0.0,,0.0
2025-03-27,CD-GO1,0,0,0,0,0.0,0.0,,0.0,,0.0
2025-03-28,CD-GO1,0,0,0,0,0.0,0.0,,0.0,,0.0
2025-03-29,CD-GO1,0,0,0,0,0.0,0.0,,0.0,,0.0
2025-03-30,CD-GO1,0,0,0,0,0.0,0.0,,0.0,,0.0
2025-03-31,CD-GO1,0,0,0,0,0.0,0.0,,0.0,,0.0
2025-04-01,CD-GO1,0,0,0,0,0.0,0.0,,0.0,,0.0
2025-04-02,CD-GO1,0,0,0,0,0.0,0.0,,0.0,,0.0
2025-04-03,CD-GO1,0,0,0,0,0.0,0.0,,0.0,,0.0
2025-04-04,CD-GO1,0,0,0,0,0.0,0.0,,0.0,,0.0
2025-04-05,CD-GO1,0,0,0,0,0.0,0.0,,0.0,,0.0
2025-04-06,CD-GO1,0,0,0,0,0.0,0.0,,0.0,,0.0
2025-04-07,CD-GO1,0,0,0,0,0.0,0.0,,0.0,,0.0
2025-04-08,CD-GO1,0,0,0,0,0.0,0.0,,0.0,,0.0
2025-04-09,CD-GO1,0,0,0,0,0.0,0.0,,0.0,,0.0
2025-04-10,CD-GO1,0,0,0,0,0.0,0.0,,0.0,,0.0
2025-04-11,CD-GO1,0,0,0,0,0.0,0.0,,0.0,,0.0
2025-04-12,CD-GO1,0,0,0,0,0.0,0.0,,0.0,,0.0
2025-04-13,CD-GO1,0,0,0,0,0.0,0.0,,0.0,,0.0
2025-04-14,CD-GO1,0,0,0,0,0.0,0.0,,0.0,,0.0
2025-04-15,CD-GO1,0,0,0,0,0.0,0.0,,0.0,,0.0
2025-04-16,CD-GO1,0,0,0,0,0.0,0.0,,0.0,,0.0
2025-04-17,CD-GO1,0,0,0,0,0.0,0.0,,0.0,,0.0
2025-04-18,CD-GO1,0,0,0,0,0.0,0.0,,0.0,,0.0
2025-04-19,CD-GO1,0,0,0,0,0.0,0.0,,0.0,,0.0
2025-04-20,CD-GO1,0,0,0,0,0.0,0.0,,0.0,,0.0
2025-04-21,CD-GO1,0,0,0,0,0.0,0.0,,0.0,,0.0
2025-04-22,CD-GO1,0,0,0,0,0.0,0.0,,0.0,,0.0
2025-04-23,CD-GO1,0,0,0,0,0.0,0.0,,0.0,,0.0
2025-04-24,CD-GO1,0,0,0,0,0.0,0.0,,0.0,,0.0
2025-04-25,CD-GO1,0,0,0,0,0.0,0.0,,0.0,,0.0
2025-04-26,CD-GO1,0,0,0,0,0.0,0.0,,0.0,,0.0
2025-04-27,CD-GO1,0,0,0,0,0.0,0.0,,0.0,,0.0
2025-04-28,CD-GO1,0,0,0,0,0.0,0.0,,0.0,,0.0
2025-04-29,CD-GO1,0,0,0,0,0.0,0.0,,0.0,,0.0
2025-04-30,CD-GO1,0,0,0,0,0.0,0.0,,0.0,,0.0
2025-05-01,CD-GO1,0,0,0,0,0.0,0.0,,0.0,,0.0
2025-05-02,CD-GO1,0,0,0,0,0.0,0.0,,0.0,,0.0
2025-05-03,CD-GO1,0,0,0,0,0.0,0.0,,0.0,,0.0
2025-05-04,CD-GO1,0,0,0,0,0.0,0.0,,0.0,,0.0
2025-05-05,CD-GO1,0,0,0,0,0.0,0.0,,0.0,,0.0
2025-05-06,CD-GO1,0,0,0,0,0.0,0.0,,0.0,,0.0
2025-05-07,CD-GO1,0,0,0,0,0.0,0.0,,0.0,,0.0
2025-05-08,CD-GO1,0,0,0,0,0.0,0.0,,0.0,,0.0
2025-05-09,CD-GO1,0,0,0,0,0.0,0.0,,0.0,,0.0
2025-05-10,CD-GO1,0,0,0,0,0.0,0.0,,0.0,,0.0
2025-05-11,CD-GO1,0,0,0,0,0.0,0.0,,0.0,,0.0
2025-05-12,CD-GO1,0,0,0,0,0.0,0.0,,0.0,,0.0
2025-05-13,CD-GO1,0,0,0,0,0.0,0.0,,0.0,,0.0
2025-05-14,CD-GO1,0,0,0,0,0.0,0.0,,0.0,,0.0
2025-05-15,CD-GO1,0,0,0,0,0.0,0.0,,0.0,,0.0
2025-05-16,CD-GO1,0,0,0,0,0.0,0.0,,0.0,,0.0
2025-05-17,CD-GO1,0,0,0,0,0.0,0.0,,0.0,,0.0
2025-05-18,CD-GO1,0,0,0,0,0.0,0.0,,0.0,,0.0
2025-05-19,CD-GO1,0,0,0,0,0.0,0.0,,0.0,,0.0
2025-05-20,CD-GO1,0,0,0,0,0.0,0.0,,0.0,,0.0
2025-05-21,CD-GO1,0,0,0,0,0.0,0.0,,0.0,,0.0
2025-05-22,CD-GO1,0,0,0,0,0.0,0.0,,0.0,,0.0
2025-05-23,CD-GO1,0,0,0,0,0.0,0.0,,0.0,,0.0
2025-05-24,CD-GO1,0,0,0,0,0.0,0.0,,0.0,,0.0
2025-05-25,CD-GO1,0,0,0,0,0.0,0.0,,0.0,,0.0
2025-05-26,CD-GO1,0,0,0,0,0.0,0.0,,0.0,,0.0
2025-05-27,CD-GO1,0,0,0,0,0.0,0.0,,0.0,,0.0
2025-05-28,CD-GO1,0,0,0,0,0.0,0.0,,0.0,,0.0
2025-05-29,CD-GO1,0,0,0,0,0.0,0.0,,0.0,,0.0
2025-05-30,CD-GO1,0,0,0,0,0.0,0.0,,0.0,,0.0
2025-05-31,CD-GO1,0,0,0,0,0.0,0.0,,0.0,,0.0
2025-06-01,CD-GO1,3159,3070,6099,32,765.8,0.0,0.0531,0.446,9.35,23376.6
2025-06-02,CD-GO1,4713,4610,9138,48,1130.3,0.0,0.0744,0.673,10.57,34876.2
2025-06-03,CD-GO1,4532,4433,8574,48,1075.5,0.0,0.0596,0.63,9.07,33536.8
2025-06-04,CD-GO1,4215,4112,7958,52,990.1,0.0,0.0428,0.57,9.49,31191.0
2025-06-05,CD-GO1,4115,4019,7742,47,956.9,0.0,0.0469,0.553,9.55,30451.0
2025-06-06,CD-GO1,3993,3867,7245,42,919.5,0.0,0.0549,0.536,9.59,29548.2
2025-06-07,CD-GO1,3413,3319,6175,31,778.4,0.0,0.0454,0.449,9.04,25256.2
2025-06-08,CD-GO1,3534,3465,6857,40,798.5,0.0,0.0491,0.463,8.88,26151.6
2025-06-09,CD-GO1,5243,5123,10241,60,1173.9,0.0,0.0684,0.694,9.32,38798.2
2025-06-10,CD-GO1,4945,4788,9543,52,1097.3,0.0,0.05,0.636,9.91,36593.0
2025-06-11,CD-GO1,4324,4203,8298,50,951.1,0.0,0.051,0.552,8.95,31997.6
2025-06-12,CD-GO1,4595,4505,8910,49,1002.1,0.0,0.0435,0.577,9.27,34003.0
2025-06-13,CD-GO1,4818,4704,9327,54,1042.0,0.0,0.0591,0.61,11.79,35653.2
2025-06-14,CD-GO1,3969,3871,7385,33,851.3,0.0,0.0545,0.496,9.51,29370.6
2025-06-15,CD-GO1,3973,3876,7593,44,845.4,0.0,0.0449,0.488,9.1,29400.2
2025-06-16,CD-GO1,5584,5442,10527,50,1178.9,0.0,0.0557,0.688,9.19,41321.6
2025-06-17,CD-GO1,5873,5714,11076,64,1230.4,0.0,0.0608,0.722,11.21,43460.2
2025-06-18,CD-GO1,5328,5178,10427,55,1107.8,0.0,0.065,0.653,9.67,39427.2
2025-06-19,CD-GO1,5376,5265,10638,55,1109.6,0.0,0.0529,0.645,8.7,39782.4
2025-06-20,CD-GO1,5541,5411,9878,52,1135.4,0.0,0.0521,0.66,9.7,41003.4
2025-06-21,CD-GO1,4718,4617,8904,47,959.9,0.0,0.0594,0.562,8.49,34913.2
2025-06-22,CD-GO1,4270,4176,8047,40,862.8,0.0,0.0548,0.503,9.1,31598.0
2025-06-23,CD-GO1,6310,6194,12355,64,1266.3,0.0,0.0643,0.746,10.28,46694.0
2025-06-24,CD-GO1,6056,5922,11067,59,1207.3,0.0,0.0587,0.707,9.05,44814.4
2025-06-25,CD-GO1,5960,5838,10433,57,1180.4,0.0,0.0445,0.681,8.33,44104.0
2025-06-26,CD-GO1,5787,5654,11233,60,1138.8,0.0,0.0455,0.657,8.91,42823.8
2025-06-27,CD-GO1,5504,5354,10723,57,1076.3,0.0,0.0579,0.629,10.14,40729.6
2025-06-28,CD-GO1,5122,4997,9275,49,995.5,0.0,0.0519,0.578,8.38,37902.8
2025-06-29,CD-GO1,4667,4569,8838,46,901.6,0.0,0.0561,0.526,9.4,34535.8
2025-06-30,CD-GO1,7546,7392,14915,85,1449.1,0.0,0.0755,0.864,10.14,55840.4
2025-07-01,CD-GO1,6650,6535,12277,68,1269.6,0.0,0.0386,0.728,9.09,49210.0
2025-07-02,CD-GO1,6721,6555,12804,62,1275.9,0.0,0.0513,0.741,8.77,49735.4
2025-07-03,CD-GO1,6344,6205,12215,72,1197.6,0.0,0.0662,0.707,8.28,46945.6
2025-07-04,CD-GO1,6215,6071,11365,53,1166.8,0.0,0.0502,0.677,8.31,45991.0
2025-07-05,CD-GO1,5108,5026,9561,51,953.8,0.0,0.0453,0.55,8.48,37799.2
2025-07-06,CD-GO1,4883,4781,8865,40,907.0,0.0,0.0331,0.517,9.24,36134.2
2025-07-07,CD-GO1,7613,7455,14402,67,1406.8,0.0,0.0668,0.831,11.61,56336.2
2025-07-08,CD-GO1,7348,7184,13671,71,1350.9,0.0,0.0556,0.788,8.11,54375.2
2025-07-09,CD-GO1,6779,6623,12950,66,1240.1,0.0,0.0556,0.723,9.02,50164.6
2025-07-10,CD-GO1,6395,6217,12353,55,1164.1,0.0,0.0427,0.67,9.51,47323.0
2025-07-11,CD-GO1,6112,5947,12037,55,1107.2,0.0,0.0549,0.646,8.52,45228.8
2025-07-12,CD-GO1,5309,5197,10706,50,957.2,0.0,0.0528,0.557,8.47,39286.6
2025-07-13,CD-GO1,5029,4921,9607,44,902.5,0.0,0.0514,0.524,7.73,37214.6
2025-07-14,CD-GO1,8001,7834,15075,81,1429.3,0.0,0.0572,0.835,8.57,59207.4
2025-07-15,CD-GO1,7845,7706,14759,72,1395.2,0.0,0.0516,0.811,8.36,58053.0
2025-07-16,CD-GO1,7183,7032,13301,69,1271.8,0.0,0.0445,0.733,8.15,53154.2
2025-07-17,CD-GO1,6540,6392,12573,67,1153.0,0.0,0.036,0.659,8.64,48396.0
2025-07-18,CD-GO1,6755,6606,12667,61,1185.8,0.0,0.0605,0.695,7.79,49987.0
2025-07-19,CD-GO1,5882,5764,11328,57,1028.3,0.0,0.0521,0.598,7.84,43526.8
2025-07-20,CD-GO1,6086,5949,11279,56,1059.5,0.0,0.0557,0.618,8.45,45036.4
2025-07-21,CD-GO1,7992,7859,14999,76,1385.8,0.0,0.0617,0.814,9.92,59140.8
2025-07-22,CD-GO1,7859,7695,15102,80,1357.3,0.0,0.056,0.792,8.13,58156.6
2025-07-23,CD-GO1,8033,7874,15213,65,1381.9,0.0,0.0592,0.809,8.25,59444.2
2025-07-24,CD-GO1,7603,7421,13716,66,1303.0,0.0,0.065,0.768,8.21,56262.2
2025-07-25,CD-GO1,7302,7183,13868,74,1246.7,0.0,0.0615,0.732,7.62,54034.8
2025-07-26,CD-GO1,6249,6157,11623,55,1062.9,0.0,0.0541,0.619,7.97,46242.6
2025-07-27,CD-GO1,6030,5874,11813,50,1022.0,0.0,0.04,0.586,8.27,44622.0
2025-07-28,CD-GO1,9088,8864,17708,79,1534.7,0.0,0.0651,0.904,8.57,67251.2
2025-07-29,CD-GO1,8127,7959,14514,72,1367.6,0.0,0.0396,0.785,8.46,60139.8
2025-07-30,CD-GO1,8196,8040,15901,79,1374.4,0.0,0.0444,0.792,7.51,60650.4
2025-07-31,CD-GO1,7469,7333,14336,73,1248.3,0.0,0.0666,0.737,7.68,55270.6
2025-08-01,CD-GO1,7587,7368,13852,69,1263.7,0.0,0.0408,0.726,7.28,56143.8
2025-08-02,CD-GO1,6556,6445,12744,63,1088.4,0.0,0.0263,0.616,9.43,48514.4
2025-08-03,CD-GO1,6101,6007,11201,59,1009.6,0.0,0.0515,0.586,7.73,45147.4
2025-08-04,CD-GO1,9242,9089,18089,88,1524.5,0.0,0.0546,0.888,8.32,68390.8
2025-08-05,CD-GO1,8548,8348,15965,73,1405.6,0.0,0.0511,0.816,7.96,63255.2
2025-08-06,CD-GO1,7991,7833,14576,71,1310.0,0.0,0.0356,0.748,7.08,59133.4
2025-08-07,CD-GO1,8085,7910,16219,75,1321.4,0.0,0.0416,0.76,7.3,59829.0
2025-08-08,CD-GO1,7520,7316,13707,56,1225.4,0.0,0.0586,0.717,7.88,55648.0
2025-08-09,CD-GO1,6867,6717,12771,51,1115.7,0.0,0.0344,0.637,8.36,50815.8
2025-08-10,CD-GO1,6234,6087,11654,55,1009.9,0.0,0.0436,0.582,8.26,46131.6
2025-08-11,CD-GO1,9869,9539,18526,80,1594.2,16.0,0.0623,0.937,7.98,73030.6
2025-08-12,CD-GO1,8716,8492,16865,79,1404.1,0.0,0.0392,0.805,7.29,64498.4
2025-08-13,CD-GO1,8462,8267,16102,77,1359.4,0.0,0.0469,0.786,8.13,62618.8
2025-08-14,CD-GO1,8323,8147,16232,81,1333.4,0.0,0.0451,0.769,8.19,61590.2
2025-08-15,CD-GO1,8503,8368,16314,75,1358.7,0.0,0.0533,0.791,7.11,62922.2
2025-08-16,CD-GO1,7132,7076,12954,55,1136.6,0.0,0.0597,0.666,8.08,52776.8
2025-08-17,CD-GO1,6691,6573,12897,65,1063.6,0.0,0.0664,0.628,7.73,49513.4
2025-08-18,CD-GO1,10163,9736,19429,91,1611.4,27.3,0.0637,0.948,8.54,75206.2
2025-08-19,CD-GO1,8732,8545,16318,77,1381.0,0.0,0.0441,0.796,9.45,64616.8
2025-08-20,CD-GO1,8934,8791,17901,80,1409.5,0.0,0.0485,0.816,7.62,66111.6
2025-08-21,CD-GO1,9431,9205,18206,81,1484.3,0.0,0.0431,0.855,7.37,69789.4
2025-08-22,CD-GO1,8453,8334,16459,72,1327.2,0.0,0.0363,0.759,8.39,62552.2
2025-08-23,CD-GO1,7314,7187,14254,55,1145.7,0.0,0.0446,0.661,8.33,54123.6
2025-08-24,CD-GO1,7107,6973,13354,65,1110.7,0.0,0.0537,0.647,8.99,52591.8
2025-08-25,CD-GO1,10653,10135,20578,100,1661.1,41.5,0.0483,0.962,9.37,78832.2
2025-08-26,CD-GO1,9063,8931,17363,77,1410.0,0.0,0.0371,0.807,8.17,67066.2
2025-08-27,CD-GO1,8700,8515,16288,65,1350.5,0.0,0.0403,0.775,7.64,64380.0
2025-08-28,CD-GO1,9171,9010,16865,85,1420.5,0.0,0.048,0.822,10.4,67865.4
2025-08-29,CD-GO1,8469,8310,16101,71,1309.0,0.0,0.068,0.774,7.07,62670.6
2025-08-30,CD-GO1,7876,7684,15196,69,1214.8,0.0,0.0385,0.696,7.99,58282.4
2025-08-31,CD-GO1,7115,6980,13524,57,1095.1,0.0,0.0457,0.632,7.0,52651.0
2025-09-01,CD-GO1,9930,9673,18776,80,1525.3,0.0,0.06,0.894,7.77,73482.0
2025-09-02,CD-GO1,9599,9402,18251,81,1471.5,0.0,0.0426,0.847,7.54,71032.6
2025-09-03,CD-GO1,8610,8471,16235,70,1317.3,0.0,0.0446,0.76,7.55,63714.0
2025-09-04,CD-GO1,9301,9162,18392,86,1420.2,0.0,0.0413,0.816,6.75,68827.4
2025-09-05,CD-GO1,8886,8728,17003,71,1354.2,0.0,0.0709,0.803,7.24,65756.4
2025-09-06,CD-GO1,7637,7475,14325,57,1161.7,0.0,0.051,0.674,10.75,56513.8
2025-09-07,CD-GO1,7683,7527,13903,61,1166.5,0.0,0.0414,0.67,7.59,56854.2
2025-09-08,CD-GO1,11417,10667,21580,100,1880.7,117.9,0.0695,1.024,10.44,84485.8
2025-09-09,CD-GO1,10269,9958,19215,86,1553.5,0.0,0.0471,0.898,8.02,75990.6
2025-09-10,CD-GO1,9062,8906,16940,70,1368.4,0.0,0.0455,0.79,9.97,67058.8
2025-09-11,CD-GO1,9847,9609,19173,85,1484.4,0.0,0.0435,0.855,7.75,72867.8
2025-09-12,CD-GO1,9369,9209,17838,86,1409.9,0.0,0.047,0.815,7.54,69330.6
2025-09-13,CD-GO1,8049,7862,14616,59,1209.2,0.0,0.0352,0.691,6.78,59562.6
2025-09-14,CD-GO1,7863,7689,15183,72,1179.3,0.0,0.0316,0.671,6.78,58186.2
2025-09-15,CD-GO1,10790,10420,19647,83,1615.6,29.0,0.063,0.95,8.03,79846.0
2025-09-16,CD-GO1,11347,10827,21953,111,1696.2,58.0,0.0435,0.977,8.63,83967.8
2025-09-17,CD-GO1,9711,9471,18220,79,1449.3,0.0,0.052,0.842,6.78,71861.4
2025-09-18,CD-GO1,10145,9948,19320,85,1511.7,0.0,0.0379,0.866,7.47,75073.0
2025-09-19,CD-GO1,8868,8726,16838,85,1319.4,0.0,0.0402,0.757,7.43,65623.2
2025-09-20,CD-GO1,7897,7743,14946,63,1173.1,0.0,0.0512,0.681,9.3,58437.8
2025-09-21,CD-GO1,8204,8053,15674,74,1216.9,0.0,0.0426,0.7,9.57,60709.6
2025-09-22,CD-GO1,11420,10824,21745,94,1691.4,79.8,0.0668,0.999,9.69,84508.0
2025-09-23,CD-GO1,11179,10756,22285,100,1653.2,33.8,0.0453,0.954,9.09,82724.6
2025-09-24,CD-GO1,10376,10116,19831,96,1532.3,0.0,0.06,0.898,8.73,76782.4
2025-09-25,CD-GO1,10084,9915,19284,91,1487.0,0.0,0.051,0.863,7.62,74621.6
2025-09-26,CD-GO1,10107,9925,18845,88,1488.3,0.0,0.0523,0.865,8.54,74791.8
2025-09-27,CD-GO1,8284,8202,15897,63,1218.2,0.0,0.0514,0.708,6.62,61301.6
2025-09-28,CD-GO1,7474,7346,13818,56,1097.6,0.0,0.0428,0.632,8.14,55307.6
2025-09-29,CD-GO1,11458,10966,22429,80,1680.4,51.8,0.0469,0.971,7.97,84789.2
2025-09-30,CD-GO1,11320,10885,20668,93,1658.0,39.2,0.0479,0.959,7.84,83768.0
2025-10-01,CD-GO1,10667,10381,19817,89,1560.3,0.0,0.0605,0.915,8.89,78935.8
2025-10-02,CD-GO1,9779,9588,17784,76,1428.6,0.0,0.0267,0.809,6.84,72364.6
2025-10-03,CD-GO1,9609,9467,18459,82,1402.0,0.0,0.0528,0.815,6.72,71106.6
2025-10-04,CD-GO1,8361,8238,15709,71,1218.4,0.0,0.0327,0.694,7.61,61871.4
2025-10-05,CD-GO1,8039,7973,15550,66,1170.0,0.0,0.0448,0.675,6.77,59488.6
2025-10-06,CD-GO1,11461,10976,21217,86,1666.0,57.1,0.0606,0.977,8.05,84811.4
2025-10-07,CD-GO1,11091,10777,21368,107,1610.3,14.4,0.051,0.935,7.27,82073.4
2025-10-08,CD-GO1,10467,10325,20191,90,1517.9,0.0,0.0467,0.877,6.91,77455.8
2025-10-09,CD-GO1,10846,10536,20722,99,1571.1,0.0,0.056,0.917,8.4,80260.4
2025-10-10,CD-GO1,10346,10125,19673,85,1496.9,0.0,0.0583,0.876,8.05,76560.4
2025-10-11,CD-GO1,8664,8488,16521,68,1252.1,0.0,0.0434,0.721,7.02,64113.6
2025-10-12,CD-GO1,8193,8082,15194,59,1182.8,0.0,0.0538,0.689,9.08,60628.2
2025-10-13,CD-GO1,12341,11579,22784,103,1934.4,139.6,0.0575,1.04,9.84,91323.4
2025-10-14,CD-GO1,11234,10935,21650,91,1618.2,9.5,0.0411,0.93,9.02,83131.6
2025-10-15,CD-GO1,10512,10335,19779,96,1512.6,0.0,0.0354,0.864,6.8,77788.8
2025-10-16,CD-GO1,10411,10312,20017,91,1496.5,0.0,0.0555,0.873,6.94,77041.4
2025-10-17,CD-GO1,10027,9847,19829,83,1439.8,0.0,0.0466,0.832,7.02,74199.8
2025-10-18,CD-GO1,8513,8337,15980,75,1221.2,0.0,0.0256,0.691,6.92,62996.2
2025-10-19,CD-GO1,8512,8384,15917,60,1219.8,0.0,0.0493,0.707,6.27,62988.8
2025-10-20,CD-GO1,12830,11879,24169,102,1996.5,182.8,0.0565,1.073,9.87,94942.0
2025-10-21,CD-GO1,11125,10808,21159,96,1591.1,0.0,0.0426,0.916,7.91,82325.0
2025-10-22,CD-GO1,11163,10798,21552,102,1595.0,0.0,0.0431,0.918,7.89,82606.2
2025-10-23,CD-GO1,10877,10673,20651,92,1552.7,0.0,0.0423,0.893,9.41,80489.8
2025-10-24,CD-GO1,10564,10397,21169,96,1506.6,0.0,0.0708,0.893,9.56,78173.6
2025-10-25,CD-GO1,9029,8778,17345,80,1286.5,0.0,0.0583,0.753,6.31,66814.6
2025-10-26,CD-GO1,8175,8077,15852,74,1163.8,0.0,0.0506,0.675,8.63,60495.0
2025-10-27,CD-GO1,12168,11391,23097,100,1881.1,108.9,0.0619,1.016,10.99,90043.2
2025-10-28,CD-GO1,11997,11431,23401,92,1704.8,74.6,0.054,0.993,7.82,88777.8
2025-10-29,CD-GO1,11754,11185,22212,99,1668.8,44.8,0.0469,0.965,8.89,86979.6
2025-10-30,CD-GO1,10286,10063,19212,78,1459.2,0.0,0.0515,0.848,7.13,76116.4
2025-10-31,CD-GO1,10745,10588,20902,90,1523.0,0.0,0.0535,0.886,9.05,79513.0
2025-11-01,CD-GO1,9568,9464,18152,72,1355.0,0.0,0.046,0.783,8.82,70803.2
2025-11-02,CD-GO1,8711,8574,16658,74,1232.6,0.0,0.0525,0.717,11.39,64461.4
2025-11-03,CD-GO1,13191,12193,25711,111,2027.2,205.9,0.0566,1.089,10.65,97613.4
2025-11-04,CD-GO1,11882,11338,22658,94,1678.6,49.3,0.0455,0.969,8.75,87926.8
2025-11-05,CD-GO1,11482,11110,21730,80,1620.8,7.3,0.0372,0.927,7.23,84966.8
2025-11-06,CD-GO1,10687,10507,20019,80,1507.5,0.0,0.0381,0.863,6.72,79083.8
2025-11-07,CD-GO1,9902,9733,19339,79,1395.7,0.0,0.0288,0.792,7.54,73274.8
2025-11-08,CD-GO1,9640,9501,18151,85,1357.7,0.0,0.0487,0.786,6.68,71336.0
2025-11-09,CD-GO1,8589,8430,16297,71,1208.8,0.0,0.0509,0.702,7.08,63558.6
2025-11-10,CD-GO1,12935,11929,24762,115,1977.2,185.2,0.0687,1.076,9.0,95719.0
2025-11-11,CD-GO1,11770,11398,22529,100,1654.0,25.3,0.0362,0.946,8.04,87098.0
2025-11-12,CD-GO1,11131,10963,21713,90,1563.1,0.0,0.0485,0.905,6.53,82369.4
2025-11-13,CD-GO1,11433,11096,21683,88,1604.4,5.4,0.045,0.926,8.74,84604.2
2025-11-14,CD-GO1,10671,10520,21009,85,1496.4,0.0,0.0549,0.872,7.15,78965.4
2025-11-15,CD-GO1,9598,9473,18117,67,1345.0,0.0,0.0398,0.772,6.61,71025.2
2025-11-16,CD-GO1,9172,9030,17597,70,1284.5,0.0,0.0423,0.739,6.89,67872.8
2025-11-17,CD-GO1,13489,12318,25505,122,2051.9,211.8,0.0476,1.092,9.61,99818.6
2025-11-18,CD-GO1,12658,11826,25375,104,1924.3,110.0,0.0393,1.015,8.37,93669.2
2025-11-19,CD-GO1,12535,11839,23597,93,1904.3,103.7,0.045,1.011,8.54,92759.0
2025-11-20,CD-GO1,11234,11015,21198,78,1569.1,0.0,0.0464,0.907,7.08,83131.6
2025-11-21,CD-GO1,11087,10906,21129,88,1547.6,0.0,0.0355,0.884,6.86,82043.8
2025-11-22,CD-GO1,9988,9804,18844,79,1393.4,0.0,0.0409,0.8,6.08,73911.2
2025-11-23,CD-GO1,9562,9351,18318,69,1333.1,0.0,0.0463,0.77,8.17,70758.8
2025-11-24,CD-GO1,33420,26215,65552,432,5061.4,1062.9,0.0713,1.409,15.61,247308.0
2025-11-25,CD-GO1,32732,26718,62432,438,4954.3,1040.4,0.0382,1.332,13.27,242216.8
2025-11-26,CD-GO1,32804,26713,62630,446,4962.3,1042.1,0.0489,1.349,15.89,242749.6
2025-11-27,CD-GO1,31307,26121,59125,335,4733.1,993.9,0.0405,1.276,12.26,231671.8
2025-11-28,CD-GO1,29478,25554,55264,372,4454.0,766.2,0.0454,1.207,11.6,218137.2
2025-11-29,CD-GO1,25126,24611,47861,271,3490.7,0.0,0.038,0.847,7.38,185932.4
2025-11-30,CD-GO1,23805,23541,45239,240,3305.4,0.0,0.0366,0.801,7.0,176157.0
2025-12-01,CD-GO1,36001,31025,70514,480,5430.5,1029.1,0.0562,1.236,11.53,266407.4
2025-12-02,CD-GO1,12784,12011,23677,109,1927.3,144.9,0.0654,1.045,9.27,94601.6
2025-12-03,CD-GO1,12185,11661,24038,109,1689.2,61.5,0.051,0.981,7.64,90169.0
2025-12-04,CD-GO1,12019,11577,22748,79,1665.3,45.5,0.0497,0.966,7.62,88940.6
2025-12-05,CD-GO1,11137,10950,21243,72,1542.3,0.0,0.0507,0.895,8.05,82413.8
2025-12-06,CD-GO1,10048,9919,18556,81,1390.8,0.0,0.045,0.802,10.62,74355.2
2025-12-07,CD-GO1,10358,10204,19971,78,1432.9,0.0,0.0445,0.826,6.51,76649.2
2025-12-08,CD-GO1,20181,18308,37375,216,3033.1,358.4,0.062,1.117,10.09,149339.4
2025-12-09,CD-GO1,20474,18809,39283,234,3075.7,337.9,0.0369,1.103,9.86,151507.6
2025-12-10,CD-GO1,18644,17664,35681,220,2799.4,142.7,0.0378,1.005,8.85,137965.6
2025-12-11,CD-GO1,19191,17851,36150,177,2880.2,225.3,0.0529,1.05,10.37,142013.4
2025-12-12,CD-GO1,17931,17169,32217,200,2474.6,82.8,0.0478,0.976,8.36,132689.4
2025-12-13,CD-GO1,15891,15643,31910,176,2192.1,0.0,0.0498,0.866,6.21,117593.4
2025-12-14,CD-GO1,15355,15140,28365,165,2117.2,0.0,0.0548,0.841,6.52,113627.0
2025-12-15,CD-GO1,21928,18958,41962,242,3284.9,583.0,0.0668,1.216,11.91,162267.2
2025-12-16,CD-GO1,21302,19175,39696,224,3189.7,422.1,0.034,1.141,10.29,157634.8
2025-12-17,CD-GO1,17794,17179,34741,206,2450.2,62.2,0.0441,0.962,7.81,131675.6
2025-12-18,CD-GO1,20096,18514,37801,230,3006.5,319.2,0.0533,1.097,9.71,148710.4
2025-12-19,CD-GO1,18352,17396,34179,209,2744.4,133.7,0.0532,1.001,8.54,135804.8
2025-12-20,CD-GO1,16252,16028,31362,173,2235.0,0.0,0.0465,0.88,6.34,120264.8
2025-12-21,CD-GO1,9216,9088,16924,65,1266.9,0.0,0.0439,0.73,7.76,68198.4
2025-12-22,CD-GO1,13803,12485,25940,117,2061.5,247.5,0.0671,1.12,9.54,102142.2
2025-12-23,CD-GO1,13441,12419,26002,113,2006.7,191.8,0.0576,1.079,9.96,99463.4
2025-12-24,CD-GO1,12643,11955,24974,85,1735.8,72.5,0.0336,0.99,8.06,93558.2
2025-12-25,CD-GO1,12545,11922,23232,87,1721.7,82.6,0.0513,1.0,8.59,92833.0
2025-12-26,CD-GO1,12269,11844,22936,82,1683.2,54.7,0.0481,0.974,9.64,90790.6
2025-12-27,CD-GO1,9587,9497,18384,89,1314.7,0.0,0.0292,0.746,8.28,70943.8
2025-12-28,CD-GO1,10067,9968,18122,70,1380.0,0.0,0.0405,0.792,7.9,74495.8
2025-12-29,CD-GO1,14380,12863,28298,123,2141.9,298.4,0.0577,1.152,12.42,106412.0
2025-12-30,CD-GO1,13426,12411,24838,115,1999.1,167.8,0.044,1.06,12.58,99352.4
2025-12-31,CD-GO1,12132,11597,22785,101,1661.3,49.8,0.0564,0.97,9.0,89776.8
2026-01-01,CD-GO1,12780,12020,24449,102,1901.5,107.4,0.0496,1.014,9.16,94572.0
2026-01-02,CD-GO1,10940,10729,20814,94,1497.0,0.0,0.0381,0.854,6.31,80956.0
2026-01-03,CD-GO1,10564,10448,19563,85,1445.0,0.0,0.0331,0.817,7.45,78173.6
2026-01-04,CD-GO1,9327,9244,18524,78,1275.4,0.0,0.0429,0.726,6.93,69019.8
2026-01-05,CD-GO1,14558,13014,25786,109,2163.1,298.2,0.061,1.15,12.75,107729.2
2026-01-06,CD-GO1,13610,12651,25095,112,2021.5,171.4,0.0529,1.061,10.15,100714.0
2026-01-07,CD-GO1,13456,12530,25138,109,1998.0,157.7,0.0588,1.052,8.61,99574.4
2026-01-08,CD-GO1,12613,12072,23366,86,1722.4,64.1,0.0593,0.982,8.53,93336.2
2026-01-09,CD-GO1,11782,11453,23104,108,1608.4,0.0,0.0455,0.9,8.05,87186.8
2026-01-10,CD-GO1,10253,10115,18631,74,1399.3,0.0,0.0525,0.786,6.9,75872.2
2026-01-11,CD-GO1,10387,10217,20544,80,1417.1,0.0,0.0484,0.79,9.96,76863.8
2026-01-12,CD-GO1,14957,13424,28210,119,2217.4,287.5,0.0513,1.136,11.14,110681.8
2026-01-13,CD-GO1,13622,12897,24955,106,2018.8,106.4,0.0299,1.008,8.09,100802.8
2026-01-14,CD-GO1,12952,12381,23248,103,1765.4,53.7,0.0462,0.971,7.54,95844.8
2026-01-15,CD-GO1,12119,11857,22896,80,1651.4,0.0,0.033,0.892,6.53,89680.6
2026-01-16,CD-GO1,12364,12035,23058,100,1684.3,0.0,0.0422,0.915,7.0,91493.6
2026-01-17,CD-GO1,9895,9693,18918,84,1347.6,0.0,0.0395,0.728,6.85,73223.0
2026-01-18,CD-GO1,10308,10110,19353,78,1403.4,0.0,0.0468,0.761,7.14,76279.2
2026-01-19,CD-GO1,14896,13389,29014,133,2203.8,268.3,0.0702,1.123,11.67,110230.4
2026-01-20,CD-GO1,15111,13663,28603,112,2235.0,247.8,0.0451,1.105,10.85,111821.4
2026-01-21,CD-GO1,12681,12394,23825,98,1725.1,0.0,0.0407,0.919,7.15,93839.4
2026-01-22,CD-GO1,12902,12534,25142,91,1754.7,0.0,0.0285,0.92,7.16,95474.8
2026-01-23,CD-GO1,13093,12530,25026,97,1780.2,36.0,0.0527,0.954,8.66,96888.2
2026-01-24,CD-GO1,11091,10912,21502,89,1507.6,0.0,0.0452,0.799,6.48,82073.4
2026-01-25,CD-GO1,9894,9706,19367,70,1344.5,0.0,0.0406,0.706,7.31,73215.6
2026-01-26,CD-GO1,15090,13812,28449,129,2228.4,248.9,0.0693,1.106,9.24,111666.0
2026-01-27,CD-GO1,14081,13406,26781,111,1912.5,82.8,0.0355,0.992,8.74,104199.4
2026-01-28,CD-GO1,13447,12916,26117,100,1826.0,30.6,0.0395,0.948,7.99,99507.8
2026-01-29,CD-GO1,12752,12540,22666,89,1731.2,0.0,0.043,0.899,6.75,94364.8
2026-01-30,CD-GO1,12396,12220,23489,100,1682.5,0.0,0.0445,0.872,6.13,91730.4
2026-01-31,CD-GO1,10147,9990,19165,87,1376.9,0.0,0.0494,0.715,6.09,75087.8
2026-02-01,CD-GO1,10285,10200,19734,79,1395.3,0.0,0.0527,0.724,6.96,76109.0
2026-02-02,CD-GO1,15351,13939,28552,129,2263.1,244.2,0.0724,1.1,10.18,113597.4
2026-02-03,CD-GO1,14098,13505,27558,110,1911.7,75.4,0.053,0.986,7.44,104325.2
2026-02-04,CD-GO1,12680,12475,23624,98,1719.0,0.0,0.0481,0.879,5.95,93832.0
2026-02-05,CD-GO1,13650,13222,25622,109,1850.1,23.0,0.0463,0.941,7.04,101010.0
2026-02-06,CD-GO1,12710,12483,23727,97,1722.3,0.0,0.0566,0.882,6.27,94054.0
2026-02-07,CD-GO1,10571,10389,20735,84,1432.2,0.0,0.0475,0.724,6.34,78225.4
2026-02-08,CD-GO1,10229,10063,18368,69,1385.5,0.0,0.0494,0.7,6.96,75694.6
2026-02-09,CD-GO1,14449,13578,28744,111,2126.9,107.8,0.0681,1.004,9.57,106922.6
2026-02-10,CD-GO1,13825,13418,27286,89,1871.8,22.0,0.0501,0.94,8.68,102305.0
2026-02-11,CD-GO1,13305,13048,24904,99,1801.0,0.0,0.0515,0.902,7.71,98457.0
2026-02-12,CD-GO1,13884,13416,27092,115,1879.0,10.8,0.0427,0.93,8.47,102741.6
2026-02-13,CD-GO1,12378,12232,23599,96,1674.9,0.0,0.0638,0.844,6.24,91597.2
2026-02-14,CD-GO1,11188,11092,22182,84,1513.6,0.0,0.0401,0.742,7.36,82791.2
2026-02-15,CD-GO1,10226,10051,19915,73,1383.2,0.0,0.0525,0.685,7.51,75672.4
2026-02-16,CD-GO1,15518,14433,31186,114,2281.0,169.0,0.0601,1.043,8.3,114833.2
2026-02-17,CD-GO1,14395,13910,26226,114,1946.3,49.2,0.0577,0.962,9.39,106523.0
2026-02-18,CD-GO1,14097,13695,26919,96,1905.7,19.8,0.0561,0.937,8.37,104317.8
2026-02-19,CD-GO1,13176,12979,23899,96,1780.8,0.0,0.049,0.867,6.39,97502.4
2026-02-20,CD-GO1,12069,11935,22618,98,1630.9,0.0,0.0654,0.805,5.96,89310.6
2026-02-21,CD-GO1,10504,10364,21139,86,1419.2,0.0,0.0475,0.685,6.92,77729.6
2026-02-22,CD-GO1,10316,10227,19842,71,1393.5,0.0,0.0561,0.677,6.55,76338.4
2026-02-23,CD-GO1,14839,14223,28925,111,2004.2,62.6,0.0582,0.972,7.38,109808.6
2026-02-24,CD-GO1,14800,14271,28500,126,1998.6,48.2,0.0522,0.96,7.9,109520.0
2026-02-25,CD-GO1,13571,13436,26091,115,1832.3,0.0,0.0415,0.868,6.45,100425.4
2026-02-26,CD-GO1,14667,14061,27484,122,1979.9,26.3,0.0492,0.942,8.43,108535.8
2026-02-27,CD-GO1,12097,11978,22556,96,1632.7,0.0,0.0526,0.777,5.91,89517.8
2026-02-28,CD-GO1,11210,11026,20991,83,1512.8,0.0,0.056,0.72,7.69,82954.0
2026-03-01,CD-GO1,10182,10056,17956,79,1373.8,0.0,0.0396,0.641,6.72,75346.8
2026-03-02,CD-GO1,15377,14646,29153,122,2254.8,120.4,0.0846,1.009,9.16,113789.8
2026-03-03,CD-GO1,14785,14431,28269,99,1994.3,0.0,0.0339,0.913,8.83,109409.0
2026-03-04,CD-GO1,12779,12572,23884,82,1723.4,0.0,0.0469,0.795,7.09,94564.6
2026-03-05,CD-GO1,13767,13567,26067,90,1856.4,0.0,0.0473,0.851,7.67,101875.8
2026-03-06,CD-GO1,13851,13572,26681,123,1867.4,0.0,0.0533,0.856,6.01,102497.4
2026-03-07,CD-GO1,11044,10983,21472,73,1488.8,0.0,0.0409,0.669,6.04,81725.6
2026-03-08,CD-GO1,10784,10628,19844,79,1453.5,0.0,0.0469,0.653,6.52,79801.6
2026-03-09,CD-GO1,22877,21557,42557,173,3351.1,235.3,0.0555,1.037,8.54,169289.8
2026-03-10,CD-GO1,20645,20018,40003,145,2781.8,23.8,0.06,0.934,7.93,152773.0
2026-03-11,CD-GO1,19234,18961,37111,139,2591.3,0.0,0.0399,0.847,7.17,142331.6
2026-03-12,CD-GO1,17736,17549,34891,162,2389.2,0.0,0.0438,0.779,7.98,131246.4
2026-03-13,CD-GO1,18739,18388,36825,155,2523.9,0.0,0.0437,0.818,6.7,138668.6
2026-03-14,CD-GO1,15775,15543,31877,131,2124.4,0.0,0.0386,0.68,6.01,116735.0
2026-03-15,CD-GO1,14548,14393,27428,122,1958.9,0.0,0.0338,0.62,7.99,107655.2
2026-03-16,CD-GO1,15972,15479,31607,115,2150.4,22.6,0.0654,0.938,8.72,118192.8
2026-03-17,CD-GO1,14645,14407,27152,95,1971.5,0.0,0.0396,0.831,6.52,108373.0
2026-03-18,CD-GO1,13874,13738,28021,112,1867.5,0.0,0.0386,0.782,7.96,102667.6
2026-03-19,CD-GO1,14168,14045,27241,106,1906.8,0.0,0.0373,0.792,5.97,104843.2
2026-03-20,CD-GO1,12577,12476,24237,97,1692.5,0.0,0.0514,0.709,6.56,93069.8
2026-03-21,CD-GO1,11820,11619,23043,91,1590.4,0.0,0.0452,0.658,6.13,87468.0
2026-03-22,CD-GO1,10326,10155,18920,68,1389.2,0.0,0.0452,0.571,7.62,76412.4
2026-03-23,CD-GO1,15654,15401,28901,133,2105.8,0.0,0.0539,0.869,6.33,115839.6
2026-03-24,CD-GO1,16081,15893,30647,117,2162.9,0.0,0.0485,0.882,7.81,118999.4
2026-03-25,CD-GO1,14807,14525,28389,113,1991.3,0.0,0.0397,0.8,6.09,109571.8
2026-03-26,CD-GO1,14029,13765,28116,119,1886.5,0.0,0.0456,0.758,9.4,103814.6
2026-03-27,CD-GO1,12859,12639,23822,99,1729.0,0.0,0.0479,0.692,6.5,95156.6
2026-03-28,CD-GO1,11277,11074,22295,75,1516.1,0.0,0.0315,0.593,6.43,83449.8
2026-03-29,CD-GO1,10969,10852,20695,92,1474.5,0.0,0.0612,0.591,7.52,81170.6
2026-03-30,CD-GO1,16170,15993,30497,123,2173.4,0.0,0.0646,0.87,7.07,119658.0
2026-03-31,CD-GO1,15133,14888,28629,98,2033.8,0.0,0.0464,0.794,6.5,111984.2
2026-04-01,CD-GO1,14338,14123,27023,120,1926.8,0.0,0.0477,0.748,6.41,106101.2
2026-04-02,CD-GO1,13982,13641,26906,111,1878.8,0.0,0.0614,0.738,8.68,103466.8
2026-04-03,CD-GO1,12721,12517,23919,95,1709.1,0.0,0.0581,0.667,6.64,94135.4
2026-04-04,CD-GO1,11367,11262,20796,80,1527.1,0.0,0.0478,0.588,6.67,84115.8
2026-04-05,CD-GO1,11376,11191,21462,86,1528.1,0.0,0.0393,0.581,6.09,84182.4
2026-04-06,CD-GO1,15491,15203,29787,128,2080.7,0.0,0.0556,0.803,8.25,114633.4
2026-04-07,CD-GO1,15194,15062,27803,106,2040.6,0.0,0.0306,0.765,6.19,112435.6
2026-04-08,CD-GO1,14046,13784,27096,109,1886.2,0.0,0.0421,0.713,6.15,103940.4
2026-04-09,CD-GO1,14248,14134,27912,105,1913.2,0.0,0.0503,0.728,7.67,105435.2
2026-04-10,CD-GO1,13313,13278,26280,96,1787.5,0.0,0.0541,0.68,5.77,98516.2
2026-04-11,CD-GO1,12265,12085,23511,106,1646.6,0.0,0.0499,0.622,6.86,90761.0
2026-04-12,CD-GO1,11302,11198,20454,74,1517.2,0.0,0.0409,0.566,6.42,83634.8
2026-04-13,CD-GO1,15637,15311,30217,123,2098.9,0.0,0.0644,0.801,6.57,115713.8
2026-04-14,CD-GO1,15770,15438,30726,113,2116.6,0.0,0.0516,0.794,6.2,116698.0
2026-04-15,CD-GO1,14172,13926,26433,101,1901.9,0.0,0.0272,0.694,6.31,104872.8
2026-04-16,CD-GO1,14008,13855,26564,88,1879.8,0.0,0.0474,0.698,5.88,103659.2
2026-04-17,CD-GO1,13745,13550,26448,105,1844.3,0.0,0.0656,0.696,7.5,101713.0
2026-04-18,CD-GO1,11545,11373,22967,95,1549.0,0.0,0.0427,0.569,6.49,85433.0
2026-04-19,CD-GO1,11535,11312,21769,90,1547.5,0.0,0.0248,0.557,7.77,85359.0
2026-04-20,CD-GO1,16061,15825,31232,135,2154.5,0.0,0.0535,0.796,9.71,118851.4
2026-04-21,CD-GO1,15184,14930,29090,107,2036.7,0.0,0.0305,0.733,6.09,112361.6
2026-04-22,CD-GO1,14336,14080,27381,119,1922.8,0.0,0.0399,0.697,7.25,106086.4
2026-04-23,CD-GO1,14115,13858,27757,103,1893.0,0.0,0.0352,0.681,6.13,104451.0
2026-04-24,CD-GO1,14220,14029,26427,107,1907.0,0.0,0.0564,0.699,6.24,105228.0
2026-04-25,CD-GO1,12092,11886,23114,106,1621.5,0.0,0.0512,0.589,6.62,89480.8
2026-04-26,CD-GO1,11940,11771,22702,78,1601.0,0.0,0.0477,0.578,9.28,88356.0
2026-04-27,CD-GO1,17947,17540,32747,169,2406.2,0.0,0.0698,0.887,6.54,132807.8
2026-04-28,CD-GO1,15067,14884,29556,118,2019.9,0.0,0.0405,0.72,6.6,111495.8
2026-04-29,CD-GO1,14814,14618,28761,112,1985.9,0.0,0.0456,0.71,6.85,109623.6
2026-04-30,CD-GO1,13905,13695,26443,126,1863.9,0.0,0.0626,0.676,6.58,102897.0
2026-05-01,CD-GO1,18111,17866,34174,130,2427.5,0.0,0.0537,0.671,6.08,134021.4
2026-05-02,CD-GO1,15731,15567,29889,126,2108.4,0.0,0.0497,0.578,7.88,116409.4
2026-05-03,CD-GO1,14750,14456,28547,116,1976.7,0.0,0.0389,0.535,6.38,109150.0
2026-05-04,CD-GO1,21772,21470,41424,145,2917.6,0.0,0.0567,0.802,5.97,161112.8
2026-05-05,CD-GO1,21142,20732,39464,155,2833.0,0.0,0.037,0.761,6.92,156450.8
2026-05-06,CD-GO1,19234,18969,36047,148,2577.2,0.0,0.0584,0.706,7.97,142331.6
2026-05-07,CD-GO1,20296,19988,38550,155,2719.3,0.0,0.0325,0.723,6.18,150190.4
2026-05-08,CD-GO1,18145,17887,33629,113,2430.9,0.0,0.0563,0.661,6.49,134273.0
2026-05-09,CD-GO1,17791,17600,34099,131,2383.4,0.0,0.0496,0.641,6.64,131653.4
2026-05-10,CD-GO1,15179,15014,28238,121,2033.3,0.0,0.0322,0.536,6.33,112324.6
2026-05-11,CD-GO1,16903,16738,31309,130,2264.1,0.0,0.0691,0.803,6.67,125082.2
2026-05-12,CD-GO1,15131,14893,31165,137,2026.6,0.0,0.0429,0.697,8.58,111969.4
2026-05-13,CD-GO1,15878,15698,31708,131,2126.6,0.0,0.0344,0.723,6.68,117497.2
2026-05-14,CD-GO1,15280,15095,29142,99,2046.3,0.0,0.0479,0.704,7.12,113072.0
2026-05-15,CD-GO1,14128,13907,27444,110,1892.0,0.0,0.0424,0.645,6.41,104547.2
2026-05-16,CD-GO1,11512,11355,22460,100,1541.5,0.0,0.0434,0.525,6.9,85188.8
2026-05-17,CD-GO1,11588,11418,21973,84,1551.6,0.0,0.041,0.525,7.01,85751.2
2026-05-18,CD-GO1,16310,16171,31220,128,2183.8,0.0,0.053,0.747,7.41,120694.0
2026-05-19,CD-GO1,16775,16592,31653,119,2245.9,0.0,0.0355,0.752,6.35,124135.0
2026-05-20,CD-GO1,15513,15273,30449,123,2076.8,0.0,0.0514,0.705,6.51,114796.2
2026-05-21,CD-GO1,14854,14620,29165,101,1988.5,0.0,0.0476,0.671,7.54,109919.6
2026-05-22,CD-GO1,12878,12746,25474,109,1723.9,0.0,0.0511,0.582,6.4,95297.2
2026-05-23,CD-GO1,11745,11642,22472,98,1572.1,0.0,0.0421,0.525,6.07,86913.0
2026-05-24,CD-GO1,11860,11708,23820,87,1587.5,0.0,0.0454,0.53,6.33,87764.0
2026-05-25,CD-GO1,17817,17612,33784,158,2384.7,0.0,0.0541,0.802,7.49,131845.8
2026-05-26,CD-GO1,16690,16541,33419,135,2233.7,0.0,0.039,0.737,7.69,123506.0
2026-05-27,CD-GO1,14342,14130,26918,99,1919.4,0.0,0.0587,0.645,7.27,106130.8
2026-05-28,CD-GO1,15062,14855,27641,131,2015.6,0.0,0.0521,0.671,7.92,111458.8
2026-05-29,CD-GO1,14676,14498,29372,116,1963.9,0.0,0.0445,0.647,8.43,108602.4
2026-05-30,CD-GO1,11534,11352,22295,100,1543.4,0.0,0.033,0.501,7.33,85351.6
2026-05-31,CD-GO1,11656,11571,22449,103,1559.6,0.0,0.0314,0.505,6.57,86254.4
2026-06-01,CD-GO1,17370,17095,32690,142,2324.1,0.0,0.0609,0.777,5.97,128538.0
2026-06-02,CD-GO1,16003,15781,29729,120,2141.1,0.0,0.0519,0.709,6.04,118422.2
2026-06-03,CD-GO1,14298,14206,26630,112,1912.9,0.0,0.0519,0.633,6.2,105805.2
2026-06-04,CD-GO1,14833,14513,28285,101,1984.3,0.0,0.0522,0.657,7.74,109764.2
2026-06-05,CD-GO1,14104,13917,26692,105,1886.7,0.0,0.0577,0.629,6.23,104369.6
2026-06-06,CD-GO1,12263,12058,22110,91,1640.4,0.0,0.0427,0.538,6.22,90746.2
2026-06-07,CD-GO1,11505,11343,22834,101,1538.9,0.0,0.0631,0.516,6.27,85137.0
2026-06-08,CD-GO1,17051,16728,32039,124,2280.7,0.0,0.0644,0.765,6.65,126177.4
2026-06-09,CD-GO1,16258,16005,31897,103,2174.5,0.0,0.0534,0.721,6.91,120309.2
2026-06-10,CD-GO1,15629,15410,29144,123,2090.3,0.0,0.0458,0.688,6.91,115654.6
2026-06-11,CD-GO1,14942,14746,28505,119,1998.3,0.0,0.0535,0.663,6.29,110570.8
2026-06-12,CD-GO1,14155,14006,27583,120,1893.0,0.0,0.0716,0.64,7.64,104747.0
2026-06-13,CD-GO1,12448,12157,24170,86,1664.6,0.0,0.0431,0.546,6.6,92115.2
2026-06-14,CD-GO1,11019,10858,20788,76,1473.5,0.0,0.0421,0.483,7.46,81540.6
2026-06-15,CD-GO1,17724,17462,34127,141,2370.0,0.0,0.0591,0.791,6.7,131157.6
2026-06-16,CD-GO1,16387,16152,31689,132,2191.1,0.0,0.0483,0.723,6.27,121263.8
2026-06-17,CD-GO1,15513,15297,29360,126,2074.2,0.0,0.0468,0.683,6.41,114796.2
2026-06-18,CD-GO1,15713,15440,28980,118,2100.9,0.0,0.0427,0.689,6.17,116276.2
2026-06-19,CD-GO1,13467,13194,25167,91,1800.5,0.0,0.0546,0.598,5.94,99655.8
2026-06-20,CD-GO1,11626,11472,21869,86,1554.3,0.0,0.0635,0.521,6.79,86032.4
2026-06-21,CD-GO1,12004,11787,22823,80,1604.8,0.0,0.0498,0.53,6.11,88829.6
2026-06-22,CD-GO1,17542,17323,34726,146,2345.1,0.0,0.0652,0.788,6.0,129810.8
2026-06-23,CD-GO1,16592,16296,32278,154,2218.0,0.0,0.0537,0.736,7.39,122780.8
2026-06-24,CD-GO1,15340,15167,28520,87,2050.6,0.0,0.0562,0.682,8.01,113516.0
2026-06-25,CD-GO1,15656,15432,31184,121,2092.7,0.0,0.062,0.7,6.22,115854.4
2026-06-26,CD-GO1,15023,14812,28484,105,2008.1,0.0,0.0569,0.668,12.05,111170.2
2026-06-27,CD-GO1,12782,12590,24715,105,1708.5,0.0,0.051,0.565,7.36,94586.8
2026-06-28,CD-GO1,11858,11672,21973,97,1584.9,0.0,0.0431,0.52,6.78,87749.2
2026-06-29,CD-GO1,16357,16112,30708,120,2186.1,0.0,0.0719,0.739,5.85,121041.8
2026-06-30,CD-GO1,17047,16888,33274,155,2278.3,0.0,0.0442,0.748,7.09,126147.8
2026-07-01,CD-GO1,16363,16032,30371,123,2186.8,0.0,0.044,0.718,6.06,121086.2
2026-07-02,CD-GO1,15746,15484,29961,108,2104.3,0.0,0.0525,0.697,6.12,116520.4
2026-07-03,CD-GO1,14191,14051,27297,104,1896.4,0.0,0.0673,0.638,7.19,105013.4
2026-07-04,CD-GO1,12948,12808,23939,93,1730.3,0.0,0.0568,0.576,9.05,95815.2
2026-07-05,CD-GO1,12406,12298,22469,75,1657.8,0.0,0.0507,0.548,6.81,91804.4
2026-07-06,CD-GO1,18742,18474,36460,140,2504.4,0.0,0.0581,0.835,7.62,138690.8
2026-07-07,CD-GO1,16194,15881,33087,153,2163.8,0.0,0.0632,0.725,9.01,119835.6
2026-07-08,CD-GO1,15667,15377,30127,121,2093.4,0.0,0.0505,0.692,5.93,115935.8
2026-07-09,CD-GO1,15902,15659,30731,101,2124.7,0.0,0.0487,0.701,7.21,117674.8
2026-07-10,CD-GO1,14765,14602,27401,111,1972.7,0.0,0.0594,0.658,8.06,109261.0
2026-07-11,CD-GO1,12232,12048,24140,80,1634.3,0.0,0.0474,0.539,7.81,90516.8
2026-07-12,CD-GO1,12296,12107,23131,83,1642.8,0.0,0.045,0.54,7.94,90990.4
2026-07-13,CD-GO1,18248,18020,35733,147,2437.9,0.0,0.0607,0.815,6.34,135035.2
2026-07-14,CD-GO1,16864,16629,32554,141,2252.9,0.0,0.0457,0.741,6.94,124793.6
2026-07-15,CD-GO1,16015,15762,30934,119,2139.5,0.0,0.042,0.701,8.07,118511.0
2026-07-16,CD-GO1,15454,15175,29821,105,2064.5,0.0,0.0411,0.676,7.17,114359.6
2026-07-17,CD-GO1,15596,15436,30070,136,2083.4,0.0,0.0628,0.698,6.02,115410.4
2026-07-18,CD-GO1,12407,12285,23749,93,1657.3,0.0,0.0564,0.551,6.08,91811.8
2026-07-19,CD-GO1,11946,11728,23276,109,1595.7,0.0,0.0444,0.524,7.85,88400.4
2026-07-20,CD-GO1,18005,17723,33556,137,2405.0,0.0,0.0731,0.815,5.76,133237.0
2026-07-21,CD-GO1,17439,17240,32926,149,2329.3,0.0,0.0535,0.773,7.23,129048.6
2026-07-22,CD-GO1,15154,14872,29905,112,2024.1,0.0,0.0484,0.668,7.45,112139.6
2026-07-23,CD-GO1,14973,14784,28578,120,1999.9,0.0,0.0412,0.655,7.04,110800.2
2026-07-24,CD-GO1,13857,13644,26102,93,1850.8,0.0,0.0577,0.617,7.46,102541.8
2026-07-25,CD-GO1,12906,12662,25189,104,1723.7,0.0,0.0659,0.579,7.45,95504.4
2026-07-26,CD-GO1,11793,11711,22900,96,1575.0,0.0,0.0511,0.521,5.78,87268.2
2026-07-27,CD-GO1,17868,17593,32788,148,2386.3,0.0,0.074,0.809,5.86,132223.2
2026-07-28,CD-GO1,17418,17210,33730,129,2326.2,0.0,0.0493,0.768,6.22,128893.2
2026-07-29,CD-GO1,15731,15439,29997,114,2100.8,0.0,0.0584,0.7,7.03,116409.4
2026-07-30,CD-GO1,15919,15794,30813,112,2125.9,0.0,0.0498,0.702,6.93,117800.6
2026-07-31,CD-GO1,14857,14764,28236,105,1984.0,0.0,0.0358,0.646,6.09,109941.8
2026-08-01,CD-GO1,13277,13011,25535,97,1773.0,0.0,0.0392,0.579,8.16,98249.8
2026-08-02,CD-GO1,12555,12370,22705,85,1676.5,0.0,0.0461,0.552,9.62,92907.0
2026-08-03,CD-GO1,17783,17628,32992,122,2374.6,0.0,0.0687,0.8,7.44,131594.2
2026-08-04,CD-GO1,17029,16758,32985,120,2273.9,0.0,0.0438,0.747,6.91,126014.6
2026-08-05,CD-GO1,16784,16576,34090,153,2241.1,0.0,0.0452,0.737,7.05,124201.6
2026-08-06,CD-GO1,16108,15774,30901,127,2150.8,0.0,0.0403,0.704,6.27,119199.2
2026-08-07,CD-GO1,14369,14122,26803,121,1918.6,0.0,0.0615,0.642,6.0,106330.6
2026-08-08,CD-GO1,13352,13181,25459,98,1782.8,0.0,0.057,0.594,7.65,98804.8
2026-08-09,CD-GO1,11955,11759,22180,75,1596.2,0.0,0.0396,0.522,7.43,88467.0
2026-08-10,CD-GO1,19244,18946,37766,138,2569.4,0.0,0.0479,0.847,7.67,142405.6
2026-08-11,CD-GO1,17854,17495,33966,142,2383.7,0.0,0.0305,0.772,7.0,132119.6
2026-08-12,CD-GO1,16458,16270,32137,121,2197.3,0.0,0.0498,0.726,5.98,121789.2
2026-08-13,CD-GO1,16075,15763,30419,117,2146.1,0.0,0.0461,0.706,5.96,118955.0
2026-08-14,CD-GO1,15090,14971,29533,114,2014.6,0.0,0.0427,0.661,6.1,111666.0
2026-08-15,CD-GO1,13445,13220,24454,108,1795.0,0.0,0.0472,0.591,8.4,99493.0
2026-08-16,CD-GO1,12341,12207,23463,82,1647.5,0.0,0.0352,0.536,5.93,91323.4
2026-08-17,CD-GO1,18602,18393,35846,157,2483.3,0.0,0.0664,0.835,6.57,137654.8
2026-08-18,CD-GO1,17871,17550,33715,138,2385.7,0.0,0.0419,0.782,6.32,132245.4
2026-08-19,CD-GO1,16071,15808,30824,112,2145.4,0.0,0.0363,0.699,5.97,118925.4
2026-08-20,CD-GO1,15739,15489,30174,123,2101.0,0.0,0.0421,0.689,7.12,116468.6
2026-08-21,CD-GO1,14655,14426,28613,112,1956.3,0.0,0.0458,0.644,8.46,108447.0
2026-08-22,CD-GO1,12721,12476,24565,96,1698.1,0.0,0.0479,0.56,6.63,94135.4
2026-08-23,CD-GO1,11775,11635,22604,89,1571.8,0.0,0.0543,0.522,5.89,87135.0
2026-08-24,CD-GO1,19037,18717,37007,145,2541.1,0.0,0.0689,0.857,6.45,140873.8
2026-08-25,CD-GO1,18553,18284,33996,132,2476.5,0.0,0.0463,0.815,6.29,137292.2
2026-08-26,CD-GO1,17316,17143,32249,127,2311.3,0.0,0.0435,0.759,6.45,128138.4
2026-08-27,CD-GO1,15263,15084,27943,119,2037.3,0.0,0.0405,0.667,6.53,112946.2
2026-08-28,CD-GO1,15779,15518,30413,137,2106.1,0.0,0.0349,0.685,8.77,116764.6
2026-08-29,CD-GO1,13956,13818,26805,97,1862.8,0.0,0.0448,0.612,7.05,103274.4
2026-08-30,CD-GO1,12454,12312,24525,88,1662.3,0.0,0.0382,0.543,7.04,92159.6
2026-08-31,CD-GO1,18743,18427,35941,138,2501.6,0.0,0.0697,0.844,6.27,138698.2
2026-09-01,CD-GO1,16321,16058,30494,117,2178.3,0.0,0.0434,0.715,7.6,120775.4
2026-09-02,CD-GO1,16749,16581,31935,137,2235.4,0.0,0.051,0.739,7.78,123942.6
2026-09-03,CD-GO1,15677,15506,28316,136,2092.3,0.0,0.0411,0.685,7.25,116009.8
2026-09-04,CD-GO1,15590,15278,29303,118,2080.7,0.0,0.0436,0.683,7.15,115366.0
2026-09-05,CD-GO1,12644,12416,22540,104,1687.5,0.0,0.0498,0.558,5.95,93565.6
2026-09-06,CD-GO1,12976,12830,24868,97,1731.8,0.0,0.0472,0.571,7.01,96022.4
2026-09-07,CD-GO1,19464,19100,36710,128,2597.6,0.0,0.0626,0.87,8.28,144033.6
2026-09-08,CD-GO1,17178,16992,32525,136,2292.5,0.0,0.0442,0.753,7.06,127117.2
2026-09-09,CD-GO1,16031,15930,29712,123,2139.4,0.0,0.0513,0.708,7.42,118629.4
2026-09-10,CD-GO1,15145,14955,28269,122,2021.2,0.0,0.0502,0.668,6.46,112073.0
2026-09-11,CD-GO1,15431,15158,29853,118,2059.3,0.0,0.0316,0.668,6.23,114189.4
2026-09-12,CD-GO1,13182,13006,24099,96,1759.1,0.0,0.0429,0.577,6.05,97546.8
2026-09-13,CD-GO1,12115,11995,23325,101,1616.7,0.0,0.0531,0.536,8.0,89651.0
2026-09-14,CD-GO1,19204,18942,35709,130,2562.7,0.0,0.0518,0.849,6.59,142109.6
2026-09-15,CD-GO1,17489,17278,31759,96,2333.8,0.0,0.0315,0.756,7.79,129418.6
2026-09-16,CD-GO1,16164,15886,31703,112,2157.0,0.0,0.0439,0.708,6.38,119613.6
2026-09-17,CD-GO1,16161,15888,31780,127,2156.6,0.0,0.0492,0.712,7.89,119591.4
2026-09-18,CD-GO1,16258,16089,30452,122,2169.5,0.0,0.0453,0.713,6.74,120309.2
2026-09-19,CD-GO1,13823,13590,25884,107,1844.5,0.0,0.0553,0.613,6.45,102290.2
2026-09-20,CD-GO1,12830,12517,24216,100,1712.0,0.0,0.0597,0.572,6.45,94942.0
2026-09-21,CD-GO1,19430,19134,36130,131,2592.7,0.0,0.0446,0.852,7.55,143782.0
2026-09-22,CD-GO1,17149,16930,32040,115,2288.3,0.0,0.0419,0.75,7.05,126902.6
2026-09-23,CD-GO1,16916,16750,32521,142,2257.2,0.0,0.0267,0.728,7.56,125178.4
2026-09-24,CD-GO1,16666,16542,33394,128,2223.8,0.0,0.0503,0.735,8.26,123328.4
2026-09-25,CD-GO1,15505,15293,29185,104,2068.9,0.0,0.0436,0.679,6.54,114737.0
2026-09-26,CD-GO1,13827,13670,26979,110,1844.9,0.0,0.0412,0.604,7.27,102319.8
2026-09-27,CD-GO1,12612,12441,24185,97,1682.8,0.0,0.0542,0.559,6.63,93328.8
2026-09-28,CD-GO1,19474,19229,35372,131,2598.4,0.0,0.0494,0.858,6.4,144107.6
2026-09-29,CD-GO1,18331,18060,34807,129,2445.8,0.0,0.0324,0.794,7.07,135649.4
2026-09-30,CD-GO1,15263,15073,28885,110,2036.5,0.0,0.0268,0.657,5.95,112946.2
2025-01-01,CD-PE1,0,0,0,0,0.0,0.0,,0.0,,0.0
2025-01-02,CD-PE1,0,0,0,0,0.0,0.0,,0.0,,0.0
2025-01-03,CD-PE1,0,0,0,0,0.0,0.0,,0.0,,0.0
2025-01-04,CD-PE1,0,0,0,0,0.0,0.0,,0.0,,0.0
2025-01-05,CD-PE1,0,0,0,0,0.0,0.0,,0.0,,0.0
2025-01-06,CD-PE1,0,0,0,0,0.0,0.0,,0.0,,0.0
2025-01-07,CD-PE1,0,0,0,0,0.0,0.0,,0.0,,0.0
2025-01-08,CD-PE1,0,0,0,0,0.0,0.0,,0.0,,0.0
2025-01-09,CD-PE1,0,0,0,0,0.0,0.0,,0.0,,0.0
2025-01-10,CD-PE1,0,0,0,0,0.0,0.0,,0.0,,0.0
2025-01-11,CD-PE1,0,0,0,0,0.0,0.0,,0.0,,0.0
2025-01-12,CD-PE1,0,0,0,0,0.0,0.0,,0.0,,0.0
2025-01-13,CD-PE1,0,0,0,0,0.0,0.0,,0.0,,0.0
2025-01-14,CD-PE1,0,0,0,0,0.0,0.0,,0.0,,0.0
2025-01-15,CD-PE1,0,0,0,0,0.0,0.0,,0.0,,0.0
2025-01-16,CD-PE1,0,0,0,0,0.0,0.0,,0.0,,0.0
2025-01-17,CD-PE1,0,0,0,0,0.0,0.0,,0.0,,0.0
2025-01-18,CD-PE1,0,0,0,0,0.0,0.0,,0.0,,0.0
2025-01-19,CD-PE1,0,0,0,0,0.0,0.0,,0.0,,0.0
2025-01-20,CD-PE1,0,0,0,0,0.0,0.0,,0.0,,0.0
2025-01-21,CD-PE1,0,0,0,0,0.0,0.0,,0.0,,0.0
2025-01-22,CD-PE1,0,0,0,0,0.0,0.0,,0.0,,0.0
2025-01-23,CD-PE1,0,0,0,0,0.0,0.0,,0.0,,0.0
2025-01-24,CD-PE1,0,0,0,0,0.0,0.0,,0.0,,0.0
2025-01-25,CD-PE1,0,0,0,0,0.0,0.0,,0.0,,0.0
2025-01-26,CD-PE1,0,0,0,0,0.0,0.0,,0.0,,0.0
2025-01-27,CD-PE1,0,0,0,0,0.0,0.0,,0.0,,0.0
2025-01-28,CD-PE1,0,0,0,0,0.0,0.0,,0.0,,0.0
2025-01-29,CD-PE1,0,0,0,0,0.0,0.0,,0.0,,0.0
2025-01-30,CD-PE1,0,0,0,0,0.0,0.0,,0.0,,0.0
2025-01-31,CD-PE1,0,0,0,0,0.0,0.0,,0.0,,0.0
2025-02-01,CD-PE1,0,0,0,0,0.0,0.0,,0.0,,0.0
2025-02-02,CD-PE1,0,0,0,0,0.0,0.0,,0.0,,0.0
2025-02-03,CD-PE1,0,0,0,0,0.0,0.0,,0.0,,0.0
2025-02-04,CD-PE1,0,0,0,0,0.0,0.0,,0.0,,0.0
2025-02-05,CD-PE1,0,0,0,0,0.0,0.0,,0.0,,0.0
2025-02-06,CD-PE1,0,0,0,0,0.0,0.0,,0.0,,0.0
2025-02-07,CD-PE1,0,0,0,0,0.0,0.0,,0.0,,0.0
2025-02-08,CD-PE1,0,0,0,0,0.0,0.0,,0.0,,0.0
2025-02-09,CD-PE1,0,0,0,0,0.0,0.0,,0.0,,0.0
2025-02-10,CD-PE1,0,0,0,0,0.0,0.0,,0.0,,0.0
2025-02-11,CD-PE1,0,0,0,0,0.0,0.0,,0.0,,0.0
2025-02-12,CD-PE1,0,0,0,0,0.0,0.0,,0.0,,0.0
2025-02-13,CD-PE1,0,0,0,0,0.0,0.0,,0.0,,0.0
2025-02-14,CD-PE1,0,0,0,0,0.0,0.0,,0.0,,0.0
2025-02-15,CD-PE1,0,0,0,0,0.0,0.0,,0.0,,0.0
2025-02-16,CD-PE1,0,0,0,0,0.0,0.0,,0.0,,0.0
2025-02-17,CD-PE1,0,0,0,0,0.0,0.0,,0.0,,0.0
2025-02-18,CD-PE1,0,0,0,0,0.0,0.0,,0.0,,0.0
2025-02-19,CD-PE1,0,0,0,0,0.0,0.0,,0.0,,0.0
2025-02-20,CD-PE1,0,0,0,0,0.0,0.0,,0.0,,0.0
2025-02-21,CD-PE1,0,0,0,0,0.0,0.0,,0.0,,0.0
2025-02-22,CD-PE1,0,0,0,0,0.0,0.0,,0.0,,0.0
2025-02-23,CD-PE1,0,0,0,0,0.0,0.0,,0.0,,0.0
2025-02-24,CD-PE1,0,0,0,0,0.0,0.0,,0.0,,0.0
2025-02-25,CD-PE1,0,0,0,0,0.0,0.0,,0.0,,0.0
2025-02-26,CD-PE1,0,0,0,0,0.0,0.0,,0.0,,0.0
2025-02-27,CD-PE1,0,0,0,0,0.0,0.0,,0.0,,0.0
2025-02-28,CD-PE1,0,0,0,0,0.0,0.0,,0.0,,0.0
2025-03-01,CD-PE1,0,0,0,0,0.0,0.0,,0.0,,0.0
2025-03-02,CD-PE1,0,0,0,0,0.0,0.0,,0.0,,0.0
2025-03-03,CD-PE1,0,0,0,0,0.0,0.0,,0.0,,0.0
2025-03-04,CD-PE1,0,0,0,0,0.0,0.0,,0.0,,0.0
2025-03-05,CD-PE1,0,0,0,0,0.0,0.0,,0.0,,0.0
2025-03-06,CD-PE1,0,0,0,0,0.0,0.0,,0.0,,0.0
2025-03-07,CD-PE1,0,0,0,0,0.0,0.0,,0.0,,0.0
2025-03-08,CD-PE1,0,0,0,0,0.0,0.0,,0.0,,0.0
2025-03-09,CD-PE1,0,0,0,0,0.0,0.0,,0.0,,0.0
2025-03-10,CD-PE1,0,0,0,0,0.0,0.0,,0.0,,0.0
2025-03-11,CD-PE1,0,0,0,0,0.0,0.0,,0.0,,0.0
2025-03-12,CD-PE1,0,0,0,0,0.0,0.0,,0.0,,0.0
2025-03-13,CD-PE1,0,0,0,0,0.0,0.0,,0.0,,0.0
2025-03-14,CD-PE1,0,0,0,0,0.0,0.0,,0.0,,0.0
2025-03-15,CD-PE1,0,0,0,0,0.0,0.0,,0.0,,0.0
2025-03-16,CD-PE1,0,0,0,0,0.0,0.0,,0.0,,0.0
2025-03-17,CD-PE1,0,0,0,0,0.0,0.0,,0.0,,0.0
2025-03-18,CD-PE1,0,0,0,0,0.0,0.0,,0.0,,0.0
2025-03-19,CD-PE1,0,0,0,0,0.0,0.0,,0.0,,0.0
2025-03-20,CD-PE1,0,0,0,0,0.0,0.0,,0.0,,0.0
2025-03-21,CD-PE1,0,0,0,0,0.0,0.0,,0.0,,0.0
2025-03-22,CD-PE1,0,0,0,0,0.0,0.0,,0.0,,0.0
2025-03-23,CD-PE1,0,0,0,0,0.0,0.0,,0.0,,0.0
2025-03-24,CD-PE1,0,0,0,0,0.0,0.0,,0.0,,0.0
2025-03-25,CD-PE1,0,0,0,0,0.0,0.0,,0.0,,0.0
2025-03-26,CD-PE1,0,0,0,0,0.0,0.0,,0.0,,0.0
2025-03-27,CD-PE1,0,0,0,0,0.0,0.0,,0.0,,0.0
2025-03-28,CD-PE1,0,0,0,0,0.0,0.0,,0.0,,0.0
2025-03-29,CD-PE1,0,0,0,0,0.0,0.0,,0.0,,0.0
2025-03-30,CD-PE1,0,0,0,0,0.0,0.0,,0.0,,0.0
2025-03-31,CD-PE1,0,0,0,0,0.0,0.0,,0.0,,0.0
2025-04-01,CD-PE1,9366,9180,17392,93,2270.5,0.0,0.0565,0.575,8.02,86280.73
2025-04-02,CD-PE1,9875,9682,18665,84,2368.3,0.0,0.0494,0.595,10.59,89994.46
2025-04-03,CD-PE1,9477,9173,18463,87,2249.0,0.0,0.0667,0.575,8.15,85463.26
2025-04-04,CD-PE1,8856,8693,16580,78,2080.2,0.0,0.0447,0.52,10.34,79046.62
2025-04-05,CD-PE1,8447,8276,15534,76,1964.3,0.0,0.0513,0.494,9.11,74642.97
2025-04-06,CD-PE1,8032,7875,15842,72,1849.6,0.0,0.0563,0.468,7.73,70283.13
2025-04-07,CD-PE1,11281,11103,21019,97,2572.9,0.0,0.07,0.661,7.87,97771.63
2025-04-08,CD-PE1,11986,11657,22097,100,2708.2,0.0,0.055,0.684,7.69,102913.25
2025-04-09,CD-PE1,11094,10815,21205,105,2483.8,0.0,0.0508,0.625,8.11,94386.06
2025-04-10,CD-PE1,10808,10589,20508,88,2398.2,0.0,0.0593,0.609,9.15,91133.01
2025-04-11,CD-PE1,11023,10702,20668,95,2424.6,0.0,0.0493,0.609,9.83,92135.34
2025-04-12,CD-PE1,9210,9021,17499,85,2008.5,0.0,0.0538,0.507,7.63,76324.67
2025-04-13,CD-PE1,8841,8698,16389,73,1912.0,0.0,0.0585,0.485,7.55,72655.05
2025-04-14,CD-PE1,12943,12713,24261,110,2776.2,0.0,0.0673,0.711,8.43,105496.08
2025-04-15,CD-PE1,12887,12644,24462,103,2742.1,0.0,0.055,0.693,7.41,104199.55
2025-04-16,CD-PE1,12306,12060,22129,98,2598.0,0.0,0.0567,0.658,8.91,98722.68
2025-04-17,CD-PE1,12043,11795,23457,111,2522.9,0.0,0.0409,0.628,8.57,95872.07
2025-04-18,CD-PE1,11275,11042,20649,93,2344.3,0.0,0.0457,0.586,8.04,89084.18
2025-04-19,CD-PE1,10192,10012,18886,90,2103.6,0.0,0.0561,0.532,8.76,79935.09
2025-04-20,CD-PE1,9756,9515,19024,71,1999.1,0.0,0.0501,0.502,8.69,75964.27
2025-04-21,CD-PE1,13926,13752,26856,99,2833.4,0.0,0.0656,0.724,7.37,107668.13
2025-04-22,CD-PE1,13179,12900,25098,91,2662.8,0.0,0.0596,0.676,7.23,101187.86
2025-04-23,CD-PE1,13551,13336,24590,106,2719.4,0.0,0.0471,0.681,7.79,103338.65
2025-04-24,CD-PE1,11986,11775,22410,81,2389.4,0.0,0.0357,0.592,8.63,90796.67
2025-04-25,CD-PE1,12770,12484,24125,94,2529.1,0.0,0.0723,0.651,7.23,96105.42
2025-04-26,CD-PE1,10887,10751,20607,89,2142.4,0.0,0.0647,0.547,7.13,81410.84
2025-04-27,CD-PE1,11142,10995,21806,93,2178.8,0.0,0.0646,0.556,7.12,82795.81
2025-04-28,CD-PE1,15612,15242,31220,127,3034.2,0.0,0.061,0.772,7.4,115299.62
2025-04-29,CD-PE1,15433,15162,29797,118,2981.3,0.0,0.0544,0.753,6.72,113290.96
2025-04-30,CD-PE1,14201,13969,26602,102,2727.1,0.0,0.0449,0.682,7.14,103630.99
2025-05-01,CD-PE1,18624,18152,36516,145,3555.8,0.0,0.0545,0.761,7.97,135119.63
2025-05-02,CD-PE1,18267,17803,34169,139,3467.8,0.0,0.0562,0.743,8.39,131775.67
2025-05-03,CD-PE1,15277,14969,27022,93,2884.0,0.0,0.0464,0.612,10.11,109591.08
2025-05-04,CD-PE1,15440,15101,28371,112,2898.8,0.0,0.059,0.623,7.44,110153.67
2025-05-05,CD-PE1,21442,20997,38197,151,4004.0,0.0,0.0679,0.869,7.12,152151.39
2025-05-06,CD-PE1,21282,20820,40027,158,3953.1,0.0,0.0688,0.859,9.54,150219.16
2025-05-07,CD-PE1,20733,20384,39208,153,3831.2,0.0,0.0557,0.821,7.44,145585.99
2025-05-08,CD-PE1,20334,19931,37015,160,3738.4,0.0,0.0346,0.784,7.44,142058.13
2025-05-09,CD-PE1,20333,20096,37764,158,3719.5,0.0,0.0445,0.788,8.65,141341.89
2025-05-10,CD-PE1,16152,15905,29537,88,2940.2,0.0,0.0718,0.641,6.6,111727.82
2025-05-11,CD-PE1,15158,14965,28704,126,2746.0,0.0,0.0521,0.586,7.4,104347.25
2025-05-12,CD-PE1,17586,17189,32663,121,3170.8,0.0,0.0719,0.816,6.65,120489.13
2025-05-13,CD-PE1,17657,17335,34440,126,3168.8,0.0,0.0551,0.801,6.46,120413.78
2025-05-14,CD-PE1,16723,16471,31916,109,2987.5,0.0,0.0663,0.764,6.74,113524.06
2025-05-15,CD-PE1,16306,16083,32290,117,2899.9,0.0,0.0397,0.721,8.96,110197.25
2025-05-16,CD-PE1,14950,14681,28065,86,2647.1,0.0,0.0696,0.679,6.45,100588.54
2025-05-17,CD-PE1,13903,13662,27906,102,2451.0,0.0,0.0651,0.626,6.9,93139.4
2025-05-18,CD-PE1,12424,12216,23607,76,2181.0,0.0,0.055,0.551,7.88,82877.54
2025-05-19,CD-PE1,20069,19627,37601,125,3508.3,0.0,0.0733,0.904,6.98,133316.48
2025-05-20,CD-PE1,20076,19947,40562,128,3495.2,0.0,0.052,0.88,9.66,132815.72
2025-05-21,CD-PE1,17589,17348,31811,117,3049.8,0.0,0.0415,0.76,7.08,115893.33
2025-05-22,CD-PE1,17502,17245,32770,115,3022.7,0.0,0.0596,0.767,6.3,114863.0
2025-05-23,CD-PE1,16130,15811,29304,111,2774.9,0.0,0.061,0.706,6.53,105446.34
2025-05-24,CD-PE1,13365,13103,24165,87,2290.4,0.0,0.0571,0.58,6.27,87036.16
2025-05-25,CD-PE1,13380,13174,24039,85,2284.4,0.0,0.0589,0.58,6.54,86805.82
2025-05-26,CD-PE1,19516,19322,37682,164,3319.6,0.0,0.0652,0.848,6.79,126145.91
2025-05-27,CD-PE1,18216,17939,33400,122,3087.2,0.0,0.0669,0.79,7.71,117314.64
2025-05-28,CD-PE1,19344,19055,36507,120,3266.7,0.0,0.0551,0.825,9.97,124133.48
2025-05-29,CD-PE1,18177,17864,35347,143,3058.8,0.0,0.0593,0.776,6.75,116234.31
2025-05-30,CD-PE1,17446,17078,33552,131,2925.6,0.0,0.0568,0.741,7.47,111173.95
2025-05-31,CD-PE1,14795,14613,28417,90,2472.6,0.0,0.0634,0.63,6.8,93959.83
2025-06-01,CD-PE1,14231,14017,27903,86,2370.4,0.0,0.0618,0.603,6.33,90075.62
2025-06-02,CD-PE1,21959,21321,43489,163,3645.6,46.6,0.0753,0.941,7.3,139417.51
2025-06-03,CD-PE1,20050,19785,36840,128,3317.9,0.0,0.0707,0.852,8.4,126080.24
2025-06-04,CD-PE1,19427,19085,37381,132,3204.6,0.0,0.0472,0.803,6.51,121773.76
2025-06-05,CD-PE1,18682,18443,35242,109,3072.0,0.0,0.0588,0.779,8.68,116737.2
2025-06-06,CD-PE1,17761,17428,33616,124,2911.6,0.0,0.0601,0.74,6.84,110640.34
2025-06-07,CD-PE1,14839,14651,27073,98,2425.2,0.0,0.064,0.619,6.89,92157.93
2025-06-08,CD-PE1,13898,13708,26037,78,2264.6,0.0,0.0635,0.577,7.97,86056.5
2025-06-09,CD-PE1,21937,21546,41217,157,3564.1,1.8,0.0759,0.921,7.49,135469.08
2025-06-10,CD-PE1,20950,20599,41303,150,3393.9,0.0,0.0553,0.858,5.78,128968.76
2025-06-11,CD-PE1,18962,18610,34932,119,3063.1,0.0,0.0608,0.779,6.24,116399.11
2025-06-12,CD-PE1,19549,19259,34811,101,3149.1,0.0,0.0636,0.803,6.8,119667.13
2025-06-13,CD-PE1,18730,18530,35581,137,3008.9,0.0,0.0636,0.767,6.88,114338.46
2025-06-14,CD-PE1,14998,14635,27554,101,2402.9,0.0,0.0699,0.617,6.84,91308.49
2025-06-15,CD-PE1,15015,14873,28424,91,2399.2,0.0,0.0659,0.613,6.57,91168.57
2025-06-16,CD-PE1,23316,22457,45071,142,3715.8,89.8,0.0762,0.96,7.83,142905.69
2025-06-17,CD-PE1,21993,21610,41677,138,3495.9,0.0,0.0422,0.871,7.97,132844.31
2025-06-18,CD-PE1,19765,19483,37127,127,3133.8,0.0,0.0593,0.795,6.33,119083.44
2025-06-19,CD-PE1,20406,20086,38612,129,3227.3,0.0,0.066,0.825,6.51,122638.22
2025-06-20,CD-PE1,20067,19715,38978,152,3165.9,0.0,0.0628,0.806,7.45,120304.22
2025-06-21,CD-PE1,17261,16910,31799,106,2716.6,0.0,0.0634,0.693,7.49,103231.34
2025-06-22,CD-PE1,16007,15853,30996,88,2513.2,0.0,0.0592,0.638,5.9,95503.48
2025-06-23,CD-PE1,23402,22603,43289,165,3665.7,64.0,0.0779,0.949,6.64,140512.5
2025-06-24,CD-PE1,21953,21635,42372,153,3430.8,0.0,0.0722,0.883,7.21,130370.27
2025-06-25,CD-PE1,21647,21453,39459,137,3375.3,0.0,0.0673,0.864,6.84,128260.7
2025-06-26,CD-PE1,21120,20865,40701,140,3285.7,0.0,0.0506,0.826,6.48,124857.98
2025-06-27,CD-PE1,20458,20080,38766,103,3175.7,0.0,0.0517,0.8,7.24,120677.73
2025-06-28,CD-PE1,17435,17270,33211,121,2700.6,0.0,0.0645,0.689,6.3,102622.41
2025-06-29,CD-PE1,17056,16951,33224,123,2636.2,0.0,0.0703,0.677,6.74,100177.05
2025-06-30,CD-PE1,24634,23755,45793,138,3799.5,109.0,0.0627,0.968,7.34,146453.07
2025-07-01,CD-PE1,23793,23110,45177,159,3662.2,20.8,0.0593,0.929,6.63,139559.24
2025-07-02,CD-PE1,22633,22110,43346,130,3476.5,0.0,0.08,0.902,6.54,132108.31
2025-07-03,CD-PE1,21015,20689,39614,132,3221.5,0.0,0.0589,0.817,5.64,122417.57
2025-07-04,CD-PE1,19322,19101,37404,116,2956.1,0.0,0.0852,0.772,5.87,112332.67
2025-07-05,CD-PE1,18844,18729,36114,137,2877.4,0.0,0.0544,0.727,6.34,109340.18
2025-07-06,CD-PE1,17228,16973,32234,100,2625.6,0.0,0.0558,0.664,6.69,99771.64
2025-07-07,CD-PE1,23759,23114,46640,148,3614.1,17.7,0.0704,0.928,8.2,137671.09
2025-07-08,CD-PE1,23236,23026,44801,149,3527.9,0.0,0.0508,0.887,6.37,134060.97
2025-07-09,CD-PE1,23206,22891,43114,158,3516.9,0.0,0.0475,0.882,5.86,133642.33
2025-07-10,CD-PE1,22020,21916,40899,129,3331.1,0.0,0.0592,0.845,5.66,126583.13
2025-07-11,CD-PE1,20827,20575,39343,117,3145.1,0.0,0.0662,0.804,7.37,119512.07
2025-07-12,CD-PE1,19275,19144,37054,126,2905.6,0.0,0.0553,0.734,6.41,110412.33
2025-07-13,CD-PE1,16901,16734,30241,102,2543.3,0.0,0.0572,0.644,6.18,96646.28
2025-07-14,CD-PE1,25236,24165,46938,137,3791.1,163.8,0.0876,0.992,7.98,147175.47
2025-07-15,CD-PE1,24652,23886,46127,120,3697.2,61.9,0.0688,0.948,7.99,141669.77
2025-07-16,CD-PE1,23512,23168,42983,123,3520.4,0.0,0.0589,0.893,8.06,133775.76
2025-07-17,CD-PE1,23218,22970,42928,133,3470.7,0.0,0.0644,0.886,5.61,131888.2
2025-07-18,CD-PE1,22452,22272,42813,140,3350.9,0.0,0.0519,0.844,6.07,127332.69
2025-07-19,CD-PE1,18978,18806,35594,113,2827.9,0.0,0.0632,0.721,6.9,107460.63
2025-07-20,CD-PE1,18298,17965,34391,125,2722.3,0.0,0.0605,0.692,5.53,103449.12
2025-07-21,CD-PE1,26373,25057,48291,156,4258.4,227.5,0.073,1.009,10.29,166140.41
2025-07-22,CD-PE1,25134,24310,47486,131,3728.0,63.0,0.0613,0.948,6.98,142861.65
2025-07-23,CD-PE1,23855,23446,43531,136,3533.1,0.0,0.06,0.897,9.02,134256.24
2025-07-24,CD-PE1,23554,23339,46471,156,3483.4,0.0,0.0505,0.876,5.45,132367.97
2025-07-25,CD-PE1,22885,22791,45476,154,3379.5,0.0,0.0784,0.876,7.18,128422.66
2025-07-26,CD-PE1,19671,19439,36910,116,2900.8,0.0,0.0686,0.744,5.74,110229.77
2025-07-27,CD-PE1,18443,18389,34007,121,2715.9,0.0,0.0579,0.688,6.16,103203.59
2025-07-28,CD-PE1,26465,25180,51414,177,3891.8,164.6,0.0619,0.99,8.23,151016.3
2025-07-29,CD-PE1,25720,25139,49630,128,3777.1,46.9,0.0413,0.941,7.88,144420.34
2025-07-30,CD-PE1,24286,23806,48420,168,3561.7,2.9,0.077,0.921,7.08,135400.12
2025-07-31,CD-PE1,24069,23751,48308,164,3525.2,0.0,0.0596,0.895,6.3,133959.04
2025-08-01,CD-PE1,24541,24185,44141,133,3589.7,0.0,0.0651,0.917,6.74,136408.09
2025-08-02,CD-PE1,19363,19108,37911,123,2828.6,0.0,0.0474,0.709,10.06,107488.66
2025-08-03,CD-PE1,19097,18992,36072,111,2786.3,0.0,0.0525,0.702,7.21,105877.91
2025-08-04,CD-PE1,28869,26662,55644,166,4572.6,432.3,0.0679,1.078,8.29,181971.3
2025-08-05,CD-PE1,26302,25273,50997,185,3828.0,112.8,0.0569,0.969,7.43,147606.01
2025-08-06,CD-PE1,26860,25571,52022,147,3904.5,157.4,0.0557,0.987,8.0,151360.21
2025-08-07,CD-PE1,24089,23990,46974,154,3497.5,0.0,0.0476,0.877,5.15,132904.06
2025-08-08,CD-PE1,23522,23384,44033,140,3411.1,0.0,0.0515,0.859,7.35,129623.14
2025-08-09,CD-PE1,19570,19329,36251,87,2834.7,0.0,0.0543,0.716,5.52,107719.73
2025-08-10,CD-PE1,18969,18814,37167,132,2744.5,0.0,0.041,0.683,5.66,104292.31
2025-08-11,CD-PE1,28642,26738,53171,159,4499.4,365.0,0.0634,1.055,7.85,177910.24
2025-08-12,CD-PE1,27532,26173,54873,146,4320.2,214.8,0.0538,1.003,8.77,168247.31
2025-08-13,CD-PE1,25606,25051,47673,157,3692.5,35.5,0.0582,0.936,7.4,140989.54
2025-08-14,CD-PE1,25992,25079,48890,160,3744.1,85.6,0.067,0.958,8.2,143903.22
2025-08-15,CD-PE1,23635,23187,44681,142,3401.0,0.0,0.0552,0.859,7.77,129236.54
2025-08-16,CD-PE1,20285,20100,36978,121,2915.9,0.0,0.0553,0.737,6.21,110802.44
2025-08-17,CD-PE1,21427,21215,39063,118,3076.8,0.0,0.0401,0.765,5.68,116919.45
2025-08-18,CD-PE1,29334,26994,57072,167,4573.9,448.4,0.0727,1.083,9.06,182325.95
2025-08-19,CD-PE1,26558,25635,48176,152,3805.9,78.1,0.0477,0.954,6.63,146108.41
2025-08-20,CD-PE1,25170,24587,50994,138,3603.4,0.0,0.0525,0.908,6.88,136930.4
2025-08-21,CD-PE1,24520,24189,46473,118,3507.0,0.0,0.0588,0.89,7.45,133264.12
2025-08-22,CD-PE1,24941,24431,46104,132,3563.7,0.0,0.0631,0.908,5.86,135421.86
2025-08-23,CD-PE1,20631,20505,39632,112,2945.1,0.0,0.0434,0.735,6.19,111913.7
2025-08-24,CD-PE1,20016,19858,35567,114,2854.6,0.0,0.0614,0.726,5.9,108476.12
2025-08-25,CD-PE1,29387,27159,55345,228,4551.4,422.2,0.0697,1.075,8.67,180972.38
2025-08-26,CD-PE1,28438,26828,53740,155,4400.4,300.7,0.0651,1.034,9.09,172927.19
2025-08-27,CD-PE1,25473,24894,46786,127,3623.0,14.8,0.0667,0.927,7.03,137955.32
2025-08-28,CD-PE1,24827,24415,46387,135,3528.0,0.0,0.0678,0.904,6.09,134064.36
2025-08-29,CD-PE1,24760,24506,48933,131,3515.4,0.0,0.0476,0.881,5.85,133586.18
2025-08-30,CD-PE1,21703,21644,41435,132,3078.7,0.0,0.0582,0.78,6.02,116992.44
2025-08-31,CD-PE1,20502,20354,39363,110,2905.9,0.0,0.0424,0.724,5.97,110424.81
2025-09-01,CD-PE1,29101,26972,54147,143,4479.7,403.2,0.0804,1.07,8.67,177886.85
2025-09-02,CD-PE1,28860,27161,52924,151,4438.9,331.6,0.0666,1.045,8.97,174979.29
2025-09-03,CD-PE1,25991,25430,49070,123,3674.8,35.7,0.0628,0.936,6.03,140321.58
2025-09-04,CD-PE1,25744,25288,45750,114,3637.0,0.0,0.0516,0.916,6.84,138206.01
2025-09-05,CD-PE1,24143,23878,44548,151,3408.1,0.0,0.0634,0.869,6.45,129508.91
2025-09-06,CD-PE1,22583,22330,41493,113,3185.4,0.0,0.0506,0.801,8.33,121046.53
2025-09-07,CD-PE1,21048,20755,37846,121,2966.6,0.0,0.0551,0.75,5.84,112732.35
2025-09-08,CD-PE1,31070,28236,60042,220,4756.4,577.9,0.0693,1.122,9.7,191723.29
2025-09-09,CD-PE1,29886,27947,56588,180,4571.7,342.7,0.039,1.045,9.15,180238.51
2025-09-10,CD-PE1,29772,27799,55644,137,4551.0,356.6,0.0485,1.051,8.66,179712.04
2025-09-11,CD-PE1,25037,24700,48410,152,3518.4,0.0,0.0732,0.906,5.37,133700.81
2025-09-12,CD-PE1,24697,24629,44894,160,3468.2,0.0,0.0583,0.879,5.02,131790.95
2025-09-13,CD-PE1,21457,21285,39327,136,3011.1,0.0,0.0563,0.762,5.74,114420.64
2025-09-14,CD-PE1,20281,20080,39667,110,2844.1,0.0,0.0549,0.718,5.88,108074.44
2025-09-15,CD-PE1,29719,27638,59856,202,4526.9,394.9,0.0667,1.065,8.74,179525.39
2025-09-16,CD-PE1,28759,27382,55626,206,4377.7,257.0,0.0553,1.018,7.09,171234.72
2025-09-17,CD-PE1,26335,25792,50657,174,3685.6,17.6,0.0517,0.928,7.1,140384.82
2025-09-18,CD-PE1,27339,26584,51149,147,3823.6,63.5,0.0367,0.948,6.1,146501.85
2025-09-19,CD-PE1,25769,25288,48241,128,3601.6,0.0,0.0653,0.92,6.78,136862.42
2025-09-20,CD-PE1,22622,22281,43239,134,3159.8,0.0,0.0679,0.809,5.25,120071.58
2025-09-21,CD-PE1,21581,21413,42485,115,3012.5,0.0,0.0457,0.754,6.36,114474.08
2025-09-22,CD-PE1,31986,28703,61456,182,4850.1,644.5,0.0667,1.141,10.45,196550.55
2025-09-23,CD-PE1,29091,27404,56666,187,4408.5,311.7,0.067,1.038,7.55,173444.44
2025-09-24,CD-PE1,29964,27980,55559,171,4538.0,348.4,0.0488,1.048,8.53,179063.48
2025-09-25,CD-PE1,27624,26658,53338,167,3846.6,127.0,0.0581,0.975,7.3,148585.78
2025-09-26,CD-PE1,24380,24065,45504,124,3392.9,0.0,0.0936,0.894,5.5,128930.94
2025-09-27,CD-PE1,21763,21462,41502,130,3027.0,0.0,0.0601,0.769,5.1,115024.55
2025-09-28,CD-PE1,20185,19975,38973,130,2805.9,0.0,0.0556,0.709,6.41,106623.36
2025-09-29,CD-PE1,31770,28901,59519,193,4797.6,638.4,0.0771,1.142,11.58,194438.38
2025-09-30,CD-PE1,29747,27570,55007,146,4489.6,351.4,0.0612,1.05,7.99,177281.88
2025-10-01,CD-PE1,27804,26841,53332,145,3858.5,114.4,0.0497,0.969,6.17,148797.9
2025-10-02,CD-PE1,29718,27957,56264,147,4480.4,285.8,0.0411,1.026,6.89,175683.07
2025-10-03,CD-PE1,26932,26285,51354,133,3733.5,71.8,0.0638,0.952,6.87,143238.76
2025-10-04,CD-PE1,23431,23294,45289,131,3246.5,0.0,0.061,0.825,5.0,123366.05
2025-10-05,CD-PE1,21065,20889,41400,129,2917.1,0.0,0.0526,0.735,4.95,110851.38
2025-10-06,CD-PE1,31037,28359,60000,210,4669.5,556.6,0.0832,1.119,8.6,188015.01
2025-10-07,CD-PE1,30297,28143,58370,212,4555.8,415.6,0.0666,1.072,9.04,181017.56
2025-10-08,CD-PE1,28801,27354,54001,135,4328.7,241.0,0.0612,1.013,8.11,169069.44
2025-10-09,CD-PE1,26290,25749,49495,149,3633.4,0.0,0.0528,0.916,6.91,138070.2
2025-10-10,CD-PE1,26588,26068,51121,178,3672.8,0.0,0.0423,0.916,5.91,139567.69
2025-10-11,CD-PE1,23148,22896,43561,107,3196.1,0.0,0.0536,0.806,5.45,121452.22
2025-10-12,CD-PE1,21880,21684,42065,120,3019.6,0.0,0.0403,0.751,6.81,114745.29
2025-10-13,CD-PE1,31632,28804,58811,164,4742.9,506.3,0.0511,1.098,8.57,189849.08
2025-10-14,CD-PE1,30051,28231,59996,186,4503.8,358.3,0.0602,1.053,7.45,177950.23
2025-10-15,CD-PE1,28798,27577,54995,175,4314.0,240.1,0.0644,1.013,7.11,168495.28
2025-10-16,CD-PE1,28548,27419,54424,148,3932.7,135.5,0.0394,0.977,7.77,152017.17
2025-10-17,CD-PE1,27653,26863,51873,140,3807.7,100.5,0.0569,0.964,7.26,146603.03
2025-10-18,CD-PE1,24299,24069,48492,144,3344.4,0.0,0.0549,0.845,5.6,127088.69
2025-10-19,CD-PE1,22078,21828,40565,98,3037.4,0.0,0.0527,0.766,4.93,115423.06
2025-10-20,CD-PE1,32418,29301,60455,173,4845.8,613.7,0.059,1.131,9.58,195800.48
2025-10-21,CD-PE1,31464,28815,61124,179,4701.2,522.3,0.0656,1.105,8.62,188571.3
2025-10-22,CD-PE1,29943,28196,57251,190,4472.1,289.1,0.0442,1.028,7.07,175433.1
2025-10-23,CD-PE1,28350,27441,53047,175,3893.9,111.7,0.0394,0.968,7.59,150090.38
2025-10-24,CD-PE1,28150,27107,52714,129,3864.9,114.3,0.048,0.969,6.74,149036.62
2025-10-25,CD-PE1,24494,24172,46182,168,3361.6,0.0,0.0589,0.853,5.75,127741.17
2025-10-26,CD-PE1,23583,23373,44928,130,3235.3,0.0,0.0529,0.816,6.99,122942.38
2025-10-27,CD-PE1,35392,30422,69994,238,5275.6,1005.9,0.0638,1.238,10.97,219584.85
2025-10-28,CD-PE1,30389,28336,58659,186,4528.1,372.8,0.0592,1.057,8.74,179151.08
2025-10-29,CD-PE1,29659,27989,57870,170,4417.7,290.8,0.0577,1.03,7.79,173398.06
2025-10-30,CD-PE1,29120,27757,54696,148,3989.0,163.9,0.0365,0.988,8.0,154694.27
2025-10-31,CD-PE1,27601,26856,53154,163,3779.5,97.9,0.0631,0.963,6.21,145481.18
2025-11-01,CD-PE1,23399,23270,42639,109,3203.0,0.0,0.0644,0.817,4.9,121712.56
2025-11-02,CD-PE1,21624,21380,41283,109,2958.9,0.0,0.054,0.747,5.01,112440.03
2025-11-03,CD-PE1,33790,29880,64400,217,5024.0,796.4,0.0681,1.184,9.65,206043.69
2025-11-04,CD-PE1,30827,28574,61379,205,4581.9,446.3,0.0702,1.082,9.08,182591.36
2025-11-05,CD-PE1,30054,28373,59443,176,4465.5,299.4,0.0493,1.032,7.44,175376.22
2025-11-06,CD-PE1,28603,27658,53976,114,3908.6,155.0,0.0537,0.986,7.69,151472.19
2025-11-07,CD-PE1,26914,26247,50037,156,3676.6,34.1,0.0616,0.935,6.54,140357.82
2025-11-08,CD-PE1,24395,24299,45387,105,3331.4,0.0,0.0554,0.842,8.16,126592.91
2025-11-09,CD-PE1,23172,22847,43685,151,3163.4,0.0,0.0528,0.797,5.78,120207.87
2025-11-10,CD-PE1,34724,30076,68236,252,5151.0,919.5,0.0707,1.218,9.97,213207.56
2025-11-11,CD-PE1,34458,30435,66185,234,5109.9,869.8,0.0676,1.204,10.62,210704.47
2025-11-12,CD-PE1,30569,28457,58873,157,4531.8,382.3,0.0615,1.061,8.22,179473.03
2025-11-13,CD-PE1,30229,28275,58661,171,4480.1,324.3,0.0544,1.041,7.27,176404.53
2025-11-14,CD-PE1,27212,26571,50350,120,3709.2,31.7,0.0521,0.934,6.28,141550.57
2025-11-15,CD-PE1,23343,23259,43524,129,3180.9,0.0,0.0492,0.799,5.51,120873.08
2025-11-16,CD-PE1,24574,24287,47330,135,3347.6,0.0,0.0626,0.853,5.55,127210.29
2025-11-17,CD-PE1,33267,29909,61912,205,4924.5,671.8,0.0573,1.147,8.78,199895.64
2025-11-18,CD-PE1,31150,28432,56808,134,4609.8,480.5,0.0742,1.094,10.8,184303.61
2025-11-19,CD-PE1,30536,28547,56366,189,4517.7,351.8,0.0547,1.05,7.26,178356.88
2025-11-20,CD-PE1,29926,28511,58437,178,4426.2,257.4,0.044,1.017,8.88,173088.36
2025-11-21,CD-PE1,27657,26732,52031,165,3762.4,81.4,0.0605,0.956,6.67,144516.5
2025-11-22,CD-PE1,24422,24088,46678,123,3321.4,0.0,0.0486,0.833,5.09,126212.86
2025-11-23,CD-PE1,24525,24238,45331,146,3334.5,0.0,0.0516,0.839,7.47,126711.6
2025-11-24,CD-PE1,87711,73892,168315,739,12959.1,2721.4,0.0579,1.28,10.28,544154.7
2025-11-25,CD-PE1,80739,72055,152316,720,11926.0,1804.7,0.0531,1.172,9.17,487476.33
2025-11-26,CD-PE1,82921,73457,159400,740,12245.2,1945.0,0.038,1.185,9.72,502270.38
2025-11-27,CD-PE1,80163,71882,150394,686,11834.9,1702.2,0.0502,1.16,9.05,482069.09
2025-11-28,CD-PE1,73337,68346,141189,634,10824.5,929.7,0.0524,1.063,8.1,428993.97
2025-11-29,CD-PE1,61206,60463,114679,491,8309.2,0.0,0.051,0.886,6.19,315749.79
2025-11-30,CD-PE1,60107,59408,113962,489,8158.0,0.0,0.0489,0.868,4.93,310005.6
2025-12-01,CD-PE1,90937,74577,171545,857,13412.5,2816.6,0.0703,1.343,12.26,563191.86
2025-12-02,CD-PE1,34298,30341,65211,235,5057.5,849.0,0.0741,1.2,10.68,208317.01
2025-12-03,CD-PE1,30033,28070,57482,188,4427.6,333.6,0.0699,1.046,7.28,174587.04
2025-12-04,CD-PE1,30502,28218,57199,155,4495.7,405.5,0.0774,1.07,8.38,178540.26
2025-12-05,CD-PE1,29788,28093,56419,162,4389.5,264.1,0.055,1.02,7.43,171817.64
2025-12-06,CD-PE1,23055,22936,44019,155,3124.8,0.0,0.0576,0.792,5.02,118743.82
2025-12-07,CD-PE1,24822,24607,47792,142,3363.6,0.0,0.0579,0.852,5.06,127816.68
2025-12-08,CD-PE1,52546,45012,99638,441,7737.9,1568.4,0.0792,1.258,10.35,323841.7
2025-12-09,CD-PE1,52143,45508,96759,473,7677.0,1328.7,0.0492,1.208,9.87,316969.65
2025-12-10,CD-PE1,49163,44211,93622,457,7236.7,1015.6,0.0613,1.154,9.11,294291.22
2025-12-11,CD-PE1,49664,44573,96026,500,7308.9,1005.6,0.0481,1.149,10.76,296844.72
2025-12-12,CD-PE1,46390,42642,85049,401,6825.7,657.2,0.0544,1.08,8.64,271862.83
2025-12-13,CD-PE1,36062,35891,66135,312,4880.6,0.0,0.0521,0.838,5.86,185462.51
2025-12-14,CD-PE1,36434,36121,68018,283,4930.0,0.0,0.0586,0.852,5.66,187338.34
2025-12-15,CD-PE1,55570,46356,105049,530,8171.5,1716.0,0.0613,1.303,11.64,343122.59
2025-12-16,CD-PE1,51646,45564,92454,455,7593.0,1244.1,0.0474,1.193,10.3,312172.68
2025-12-17,CD-PE1,49995,44475,96426,479,7348.9,1047.9,0.0498,1.158,8.84,299168.17
2025-12-18,CD-PE1,49602,44548,93791,390,7289.8,1028.2,0.0554,1.155,9.33,296546.71
2025-12-19,CD-PE1,46889,43160,83577,399,6889.8,691.3,0.0515,1.087,7.96,274946.11
2025-12-20,CD-PE1,39380,38635,72630,330,5322.5,0.0,0.0571,0.918,7.0,202255.49
2025-12-21,CD-PE1,22804,22716,42985,124,3081.6,0.0,0.0641,0.786,5.2,117100.01
2025-12-22,CD-PE1,35414,30444,64148,222,5200.8,1034.7,0.0873,1.252,11.12,217290.12
2025-12-23,CD-PE1,34332,30306,66897,207,5041.0,808.8,0.0675,1.187,10.4,206927.03
2025-12-24,CD-PE1,30776,28638,58762,155,4518.1,395.7,0.069,1.066,8.37,179206.76
2025-12-25,CD-PE1,32102,29186,62082,170,4712.0,498.6,0.056,1.096,8.7,188527.34
2025-12-26,CD-PE1,30823,28833,56978,117,4523.5,339.4,0.0493,1.045,7.86,178340.34
2025-12-27,CD-PE1,25931,25719,49802,169,3500.5,0.0,0.0533,0.883,6.18,133019.3
2025-12-28,CD-PE1,21950,21699,40980,111,2962.6,0.0,0.0552,0.749,5.08,112579.24
2025-12-29,CD-PE1,34668,30383,65536,227,5085.2,829.1,0.0627,1.192,10.19,208991.22
2025-12-30,CD-PE1,36376,31179,69756,191,5334.9,1076.0,0.0671,1.256,10.02,223170.24
2025-12-31,CD-PE1,31648,29511,60020,176,4640.8,434.0,0.0525,1.076,7.91,184594.14
2026-01-01,CD-PE1,29471,28071,57186,201,3975.2,188.1,0.0498,0.999,6.9,154631.15
2026-01-02,CD-PE1,31424,29285,59924,169,4606.5,422.2,0.0605,1.073,7.54,183067.82
2026-01-03,CD-PE1,26042,25900,48877,132,3511.6,0.0,0.0478,0.874,5.67,133440.67
2026-01-04,CD-PE1,25748,25433,50006,126,3471.4,0.0,0.0627,0.874,5.1,131914.41
2026-01-05,CD-PE1,36945,31317,72142,268,5413.4,1128.1,0.0761,1.267,12.13,227141.76
2026-01-06,CD-PE1,34955,31396,66568,206,5121.0,764.8,0.056,1.169,9.41,209130.3
2026-01-07,CD-PE1,32942,30076,64791,204,4825.4,525.6,0.0597,1.102,9.15,193353.19
2026-01-08,CD-PE1,32707,30205,61758,199,4790.3,458.0,0.051,1.079,9.26,190735.62
2026-01-09,CD-PE1,32787,30693,62086,177,4801.4,441.4,0.047,1.073,8.63,190839.09
2026-01-10,CD-PE1,27133,26790,51559,141,3655.0,0.0,0.0524,0.89,5.42,138890.83
2026-01-11,CD-PE1,23607,23539,44700,108,3179.6,0.0,0.051,0.77,5.53,120825.13
2026-01-12,CD-PE1,37461,32437,70594,235,5483.6,989.1,0.0537,1.221,9.61,227169.47
2026-01-13,CD-PE1,36064,32255,67233,201,5278.4,765.7,0.0465,1.162,10.01,215127.89
2026-01-14,CD-PE1,34169,31585,63223,218,5000.4,524.8,0.0452,1.095,11.16,199986.46
2026-01-15,CD-PE1,31702,30066,60409,141,4638.8,260.2,0.0466,1.013,8.23,181217.19
2026-01-16,CD-PE1,31855,29981,62433,197,4660.6,334.7,0.0697,1.04,7.48,183460.9
2026-01-17,CD-PE1,27307,27162,52995,131,3675.1,0.0,0.0591,0.878,5.3,139653.25
2026-01-18,CD-PE1,27454,27115,52695,142,3694.4,0.0,0.0627,0.883,6.45,140387.59
2026-01-19,CD-PE1,36199,32508,71039,225,5294.1,806.0,0.0741,1.174,8.99,216490.41
2026-01-20,CD-PE1,34330,31706,65260,180,5020.2,532.0,0.0637,1.097,8.14,200875.55
2026-01-21,CD-PE1,32691,30812,60497,219,4779.9,318.6,0.0552,1.031,7.26,187690.44
2026-01-22,CD-PE1,31877,30251,60009,181,4660.4,264.1,0.0671,1.014,6.6,182112.56
2026-01-23,CD-PE1,29885,29470,56691,143,4019.1,23.2,0.0491,0.93,6.54,153168.95
2026-01-24,CD-PE1,24076,23843,45128,95,3237.5,0.0,0.0545,0.75,5.25,123026.46
2026-01-25,CD-PE1,24995,24742,48253,135,3360.7,0.0,0.0468,0.77,5.25,127708.04
2026-01-26,CD-PE1,37946,33408,73872,307,5545.1,953.2,0.0799,1.207,10.18,228825.85
2026-01-27,CD-PE1,34611,31961,62763,193,5057.2,459.2,0.0584,1.071,7.46,200899.13
2026-01-28,CD-PE1,35554,32581,67294,206,5194.4,572.6,0.0645,1.104,8.58,208268.28
2026-01-29,CD-PE1,32696,31359,57376,137,4394.3,183.0,0.0438,0.989,6.31,170459.55
2026-01-30,CD-PE1,32485,31045,61573,170,4365.4,184.1,0.0542,0.99,7.39,169384.14
2026-01-31,CD-PE1,27102,26709,51355,166,3641.7,0.0,0.0407,0.812,6.57,138383.81
2026-02-01,CD-PE1,26313,26104,52332,128,3535.3,0.0,0.0619,0.803,6.04,134341.32
2026-02-02,CD-PE1,38114,34054,75230,225,5565.6,833.9,0.0706,1.17,9.17,227335.91
2026-02-03,CD-PE1,37185,33600,72385,241,5429.4,685.6,0.065,1.13,9.37,219341.02
2026-02-04,CD-PE1,33615,31804,62255,157,4907.6,271.0,0.0593,1.012,7.07,191638.61
2026-02-05,CD-PE1,33498,32316,61942,182,4498.9,180.4,0.042,0.987,6.92,174383.56
2026-02-06,CD-PE1,31714,31011,58519,166,4258.8,47.5,0.0497,0.939,6.53,162738.89
2026-02-07,CD-PE1,26783,26524,52932,154,3596.3,0.0,0.0597,0.798,4.38,136660.35
2026-02-08,CD-PE1,26129,26011,48456,136,3508.2,0.0,0.0627,0.779,4.49,133310.83
2026-02-09,CD-PE1,40998,35905,77106,224,5982.7,1037.6,0.0563,1.209,9.71,247055.77
2026-02-10,CD-PE1,35409,33526,65684,225,5166.6,381.0,0.0583,1.043,7.01,203570.37
2026-02-11,CD-PE1,34293,32862,62999,144,4603.1,217.2,0.0509,0.999,6.79,179042.55
2026-02-12,CD-PE1,34629,32832,66371,174,5051.9,255.2,0.0501,1.004,6.95,196819.79
2026-02-13,CD-PE1,32802,31739,62575,175,4402.1,94.1,0.0578,0.956,5.8,169069.69
2026-02-14,CD-PE1,27266,26976,48773,129,3658.9,0.0,0.06,0.794,4.83,139037.23
2026-02-15,CD-PE1,23787,23622,43647,129,3191.7,0.0,0.0533,0.685,4.47,121286.46
2026-02-16,CD-PE1,38995,35380,74588,262,5686.9,699.3,0.0581,1.125,8.6,229388.01
2026-02-17,CD-PE1,33211,32062,62981,184,4455.5,98.1,0.0599,0.957,6.7,171173.9
2026-02-18,CD-PE1,35794,33972,67291,224,5219.2,324.4,0.0562,1.024,6.22,204492.38
2026-02-19,CD-PE1,33607,32770,64871,199,4507.9,89.5,0.0515,0.953,6.53,173000.64
2026-02-20,CD-PE1,32883,32074,60105,189,4410.4,48.6,0.0605,0.938,5.96,168521.29
2026-02-21,CD-PE1,26585,26390,49721,107,3565.4,0.0,0.0562,0.753,5.36,135486.88
2026-02-22,CD-PE1,24719,24421,47606,143,3314.9,0.0,0.0594,0.7,5.88,125967.28
2026-02-23,CD-PE1,38929,35460,72701,207,5674.1,658.8,0.072,1.114,7.67,228132.96
2026-02-24,CD-PE1,36223,34273,69390,153,5279.3,316.3,0.0603,1.02,7.57,206622.23
2026-02-25,CD-PE1,33696,32898,62091,139,4517.8,64.7,0.0586,0.944,6.7,172904.94
2026-02-26,CD-PE1,33747,32849,62729,165,4524.3,79.3,0.0656,0.949,4.94,173429.56
2026-02-27,CD-PE1,35096,33541,63555,166,4704.8,211.0,0.0757,0.995,6.31,182789.7
2026-02-28,CD-PE1,28454,28180,51136,125,3814.1,0.0,0.0589,0.79,4.64,144936.28
2026-03-01,CD-PE1,27291,26854,51203,90,3658.0,0.0,0.05,0.748,5.76,139002.48
2026-03-02,CD-PE1,39998,37006,76896,199,5826.9,624.3,0.0585,1.099,10.86,233285.05
2026-03-03,CD-PE1,38413,35677,72764,172,5595.6,436.5,0.0602,1.05,7.41,220928.47
2026-03-04,CD-PE1,34297,33727,67154,112,4596.1,0.0,0.0478,0.919,7.26,174650.39
2026-03-05,CD-PE1,31447,31195,59132,139,4213.9,0.0,0.0738,0.861,3.98,160126.63
2026-03-06,CD-PE1,32009,31714,57424,117,4288.9,0.0,0.0812,0.878,4.83,162977.53
2026-03-07,CD-PE1,28631,28397,54892,124,3836.0,0.0,0.0533,0.757,4.3,145768.55
2026-03-08,CD-PE1,25608,25332,47274,107,3430.8,0.0,0.0417,0.665,4.67,130369.21
2026-03-09,CD-PE1,54431,50424,103761,307,7925.9,787.3,0.0752,1.086,7.72,316140.71
2026-03-10,CD-PE1,50240,47867,89715,251,6729.9,290.3,0.0718,0.992,6.56,261253.33
2026-03-11,CD-PE1,51233,49423,96638,248,6862.5,232.1,0.0445,0.976,5.34,265186.69
2026-03-12,CD-PE1,49019,47458,94858,196,6565.6,133.6,0.0702,0.954,5.11,252030.26
2026-03-13,CD-PE1,46458,46001,89619,186,6222.2,0.0,0.0442,0.874,4.8,236442.54
2026-03-14,CD-PE1,40099,39709,75685,143,5370.2,0.0,0.0434,0.749,4.34,204067.04
2026-03-15,CD-PE1,37318,36990,70808,166,4997.5,0.0,0.0575,0.703,3.68,189903.18
2026-03-16,CD-PE1,39663,37723,74374,163,5773.0,336.9,0.0781,1.017,5.88,225776.21
2026-03-17,CD-PE1,35493,35188,66907,143,4752.5,0.0,0.0545,0.882,5.02,180595.41
2026-03-18,CD-PE1,32327,32185,62434,147,4328.3,0.0,0.0586,0.802,3.45,164476.92
2026-03-19,CD-PE1,34533,34397,64318,156,4623.4,0.0,0.0638,0.856,3.92,175691.09
2026-03-20,CD-PE1,33037,32809,61693,174,4422.9,0.0,0.0688,0.818,3.26,168070.79
2026-03-21,CD-PE1,29418,29259,53571,125,3938.2,0.0,0.05,0.71,4.98,149651.58
2026-03-22,CD-PE1,28351,28323,54784,127,3795.2,0.0,0.0481,0.679,7.26,144215.97
2026-03-23,CD-PE1,41837,39310,78821,153,6087.1,394.1,0.0784,1.028,7.36,238798.1
2026-03-24,CD-PE1,35978,35841,66086,121,4815.6,0.0,0.0586,0.86,3.45,182993.89
2026-03-25,CD-PE1,34808,34741,67566,148,4658.8,0.0,0.0597,0.828,3.42,177033.88
2026-03-26,CD-PE1,35166,34942,66638,101,4706.5,0.0,0.0497,0.823,4.74,178845.62
2026-03-27,CD-PE1,35801,35765,66596,144,4791.2,0.0,0.0641,0.845,4.54,182065.99
2026-03-28,CD-PE1,29886,29856,58036,108,3999.4,0.0,0.0462,0.688,5.35,151977.78
2026-03-29,CD-PE1,28113,27847,52858,118,3762.0,0.0,0.057,0.651,3.62,142954.69
2026-03-30,CD-PE1,39383,38615,71630,186,5269.8,0.0,0.0709,0.92,3.56,200253.07
2026-03-31,CD-PE1,36370,36152,70747,165,4866.4,0.0,0.0559,0.831,3.57,184923.94
2026-04-01,CD-PE1,36458,36072,67640,112,4878.0,0.0,0.0612,0.833,3.43,185362.73
2026-04-02,CD-PE1,33475,33442,68566,155,4478.6,0.0,0.0468,0.751,6.3,170188.48
2026-04-03,CD-PE1,32830,32668,61556,143,4392.1,0.0,0.0644,0.748,4.05,166901.69
2026-04-04,CD-PE1,28488,28263,51179,111,3811.1,0.0,0.0552,0.641,2.7,144821.27
2026-04-05,CD-PE1,28752,28357,57073,131,3846.2,0.0,0.0487,0.64,4.09,146156.87
2026-04-06,CD-PE1,39691,39313,75193,131,5309.3,0.0,0.0594,0.891,4.74,201754.98
2026-04-07,CD-PE1,34554,34110,66001,99,4622.0,0.0,0.0701,0.783,4.37,175635.31
2026-04-08,CD-PE1,36344,36160,69649,150,4861.2,0.0,0.0544,0.807,4.3,184725.89
2026-04-09,CD-PE1,34189,33570,62540,123,4572.8,0.0,0.0522,0.755,3.68,173765.38
2026-04-10,CD-PE1,33375,33290,59706,109,4463.7,0.0,0.0499,0.733,3.36,169621.21
2026-04-11,CD-PE1,28705,28424,57266,122,3839.0,0.0,0.0637,0.638,2.87,145880.99
2026-04-12,CD-PE1,27151,26748,49391,122,3631.0,0.0,0.0631,0.601,5.3,137977.89
2026-04-13,CD-PE1,41574,40662,82283,190,5559.6,37.5,0.0765,0.931,4.67,211978.44
2026-04-14,CD-PE1,35987,35698,69225,140,4812.3,0.0,0.0545,0.785,3.16,182866.86
2026-04-15,CD-PE1,35298,35003,67280,136,4720.0,0.0,0.061,0.773,3.59,179358.79
2026-04-16,CD-PE1,36121,36028,67686,189,4829.8,0.0,0.0484,0.778,2.87,183533.67
2026-04-17,CD-PE1,32823,32608,66064,153,4388.7,0.0,0.0607,0.714,3.58,166769.98
2026-04-18,CD-PE1,27348,27214,50940,123,3656.5,0.0,0.0546,0.59,4.79,138946.96
2026-04-19,CD-PE1,28238,27982,52637,97,3775.4,0.0,0.0571,0.609,4.09,143463.52
2026-04-20,CD-PE1,42319,41758,81716,197,5657.7,0.0,0.0555,0.908,4.93,214994.43
2026-04-21,CD-PE1,38215,37706,71219,165,5108.9,0.0,0.07,0.83,4.43,194137.83
2026-04-22,CD-PE1,33699,33462,62233,145,4505.0,0.0,0.0679,0.729,3.86,171189.85
2026-04-23,CD-PE1,36383,35979,68925,130,4863.6,0.0,0.0458,0.766,3.4,184818.06
2026-04-24,CD-PE1,31800,31711,61429,112,4250.8,0.0,0.0636,0.68,3.26,161531.83
2026-04-25,CD-PE1,29483,29254,58710,117,3941.0,0.0,0.0431,0.616,5.17,149757.29
2026-04-26,CD-PE1,26908,26762,53857,95,3596.7,0.0,0.0557,0.568,3.98,136673.15
2026-04-27,CD-PE1,39318,39042,71080,123,5255.3,0.0,0.0524,0.824,3.91,199700.38
2026-04-28,CD-PE1,37927,37889,73938,207,5069.2,0.0,0.0527,0.793,3.98,192629.08
2026-04-29,CD-PE1,36182,35664,66870,131,4835.8,0.0,0.0511,0.753,3.32,183760.42
2026-04-30,CD-PE1,34928,34630,64640,148,4668.1,0.0,0.0643,0.735,3.85,177386.02
2026-05-01,CD-PE1,46816,46258,87565,228,6256.7,0.0,0.0723,0.764,3.11,237753.21
2026-05-02,CD-PE1,39011,38376,72842,165,5213.4,0.0,0.0685,0.632,3.21,198109.72
2026-05-03,CD-PE1,39026,38551,71960,137,5215.3,0.0,0.0643,0.628,4.13,198179.87
2026-05-04,CD-PE1,56228,55647,100149,165,7513.8,0.0,0.0707,0.908,4.34,285525.62
2026-05-05,CD-PE1,51060,50642,100575,264,6823.0,0.0,0.0581,0.812,4.17,259274.86
2026-05-06,CD-PE1,47976,47547,93186,181,6410.7,0.0,0.0581,0.76,4.33,243607.66
2026-05-07,CD-PE1,45750,45523,86770,128,6113.1,0.0,0.0456,0.714,3.32,232298.0
2026-05-08,CD-PE1,46633,46279,86227,131,6230.9,0.0,0.0682,0.743,3.52,236774.74
2026-05-09,CD-PE1,39388,39167,77169,260,5262.7,0.0,0.0605,0.621,4.08,199983.31
2026-05-10,CD-PE1,34819,34583,65956,92,4652.1,0.0,0.0609,0.547,3.05,176780.39
2026-05-11,CD-PE1,40729,40489,76110,139,5441.6,0.0,0.0517,0.821,2.56,206780.54
2026-05-12,CD-PE1,37785,37412,68589,203,5048.1,0.0,0.0586,0.765,2.74,191828.72
2026-05-13,CD-PE1,38915,38764,74886,182,5199.0,0.0,0.063,0.789,3.18,197560.3
2026-05-14,CD-PE1,34034,33595,64009,110,4546.7,0.0,0.0549,0.682,3.33,172776.33
2026-05-15,CD-PE1,32676,32401,62428,127,4365.2,0.0,0.055,0.654,3.81,165878.03
2026-05-16,CD-PE1,30885,30772,58863,139,4125.8,0.0,0.0441,0.609,4.6,156782.1
2026-05-17,CD-PE1,29649,29392,57200,122,3960.6,0.0,0.0435,0.583,3.37,150503.98
2026-05-18,CD-PE1,40680,40282,77631,153,5434.1,0.0,0.0712,0.821,3.14,206494.29
2026-05-19,CD-PE1,38393,38355,72264,171,5128.4,0.0,0.0531,0.758,2.87,194880.55
2026-05-20,CD-PE1,37914,37824,72992,161,5064.3,0.0,0.053,0.747,3.08,192444.51
2026-05-21,CD-PE1,33452,33202,65065,120,4468.2,0.0,0.0672,0.667,3.07,169792.15
2026-05-22,CD-PE1,32373,31987,63930,154,4324.0,0.0,0.049,0.631,3.62,164311.6
2026-05-23,CD-PE1,29623,29143,54549,144,3956.6,0.0,0.0522,0.578,3.08,150350.27
2026-05-24,CD-PE1,30028,29871,58647,140,4010.6,0.0,0.0686,0.595,3.3,152402.32
2026-05-25,CD-PE1,41390,41266,75251,186,5528.0,0.0,0.0675,0.817,3.24,210063.58
2026-05-26,CD-PE1,39648,39392,77243,183,5295.2,0.0,0.0555,0.771,3.54,201218.03
2026-05-27,CD-PE1,38828,38250,72529,200,5185.6,0.0,0.0536,0.751,4.02,197052.09
2026-05-28,CD-PE1,39349,39058,76320,158,5255.0,0.0,0.0606,0.765,3.84,199691.82
2026-05-29,CD-PE1,34142,33801,67333,125,4559.6,0.0,0.0426,0.65,2.99,173263.14
2026-05-30,CD-PE1,30086,29863,57433,140,4017.8,0.0,0.0534,0.577,3.17,152676.6
2026-05-31,CD-PE1,30488,30458,57855,138,4071.4,0.0,0.0554,0.586,4.22,154713.38
2026-06-01,CD-PE1,40040,39844,75879,169,5346.9,0.0,0.068,0.78,4.51,203181.44
2026-06-02,CD-PE1,41184,40948,77281,191,5499.5,0.0,0.0637,0.799,2.82,208982.37
2026-06-03,CD-PE1,36240,35942,70893,128,4839.2,0.0,0.0673,0.706,2.78,183891.04
2026-06-04,CD-PE1,37007,36771,70114,173,4941.6,0.0,0.0646,0.719,5.22,187779.27
2026-06-05,CD-PE1,34764,34384,62271,146,4642.0,0.0,0.0792,0.686,2.87,176394.49
2026-06-06,CD-PE1,29275,29105,56917,138,3909.0,0.0,0.0575,0.564,3.04,148540.12
2026-06-07,CD-PE1,27846,27601,54065,97,3718.1,0.0,0.065,0.541,3.31,141286.74
2026-06-08,CD-PE1,42968,42481,81732,183,5737.1,0.0,0.0798,0.848,3.02,218009.58
2026-06-09,CD-PE1,41395,41197,77019,112,5527.0,0.0,0.0591,0.799,3.04,210024.64
2026-06-10,CD-PE1,37640,37001,69332,141,5025.5,0.0,0.0701,0.735,3.05,190969.51
2026-06-11,CD-PE1,37194,36814,69208,121,4965.9,0.0,0.0633,0.721,3.62,188703.28
2026-06-12,CD-PE1,35984,35783,68727,156,4804.2,0.0,0.0554,0.692,2.73,182561.11
2026-06-13,CD-PE1,29442,29350,53226,132,3930.7,0.0,0.067,0.573,4.22,149368.32
2026-06-14,CD-PE1,29768,29585,57191,124,3974.2,0.0,0.057,0.573,2.78,151019.6
2026-06-15,CD-PE1,44047,43575,83849,201,5880.4,0.0,0.0734,0.863,5.02,223456.27
2026-06-16,CD-PE1,43915,43553,86265,246,5862.7,0.0,0.059,0.848,3.18,222782.85
2026-06-17,CD-PE1,37544,37286,72650,131,5012.1,0.0,0.0669,0.731,3.14,190459.29
2026-06-18,CD-PE1,36733,36667,68465,147,4903.7,0.0,0.0696,0.717,2.68,186342.05
2026-06-19,CD-PE1,36451,36292,66175,159,4866.0,0.0,0.0637,0.707,2.66,184908.5
2026-06-20,CD-PE1,31545,31409,58640,119,4211.0,0.0,0.0593,0.609,3.45,160018.8
2026-06-21,CD-PE1,28648,28425,56410,121,3824.2,0.0,0.0446,0.545,2.68,145320.84
2026-06-22,CD-PE1,42474,41951,81326,135,5669.8,0.0,0.0703,0.83,3.03,215451.73
2026-06-23,CD-PE1,41262,40698,79630,160,5507.9,0.0,0.0534,0.792,3.96,209300.57
2026-06-24,CD-PE1,37170,36827,69454,153,4961.6,0.0,0.0635,0.721,3.6,188541.13
2026-06-25,CD-PE1,37021,36827,71237,136,4941.6,0.0,0.0601,0.715,3.25,187782.53
2026-06-26,CD-PE1,35826,35466,65346,142,4782.1,0.0,0.0577,0.69,3.52,181718.41
2026-06-27,CD-PE1,31929,31746,62158,130,4261.8,0.0,0.0622,0.618,3.99,161949.49
2026-06-28,CD-PE1,28752,28430,52968,91,3837.7,0.0,0.0605,0.556,3.17,145833.09
2026-06-29,CD-PE1,40550,40120,73042,187,5412.4,0.0,0.0557,0.78,4.19,205670.83
2026-06-30,CD-PE1,38009,37918,76517,188,5073.2,0.0,0.0699,0.742,3.45,192780.1
2026-07-01,CD-PE1,36815,36632,70197,162,4913.7,0.0,0.0691,0.718,4.45,186721.6
2026-07-02,CD-PE1,36053,35719,68694,155,4812.0,0.0,0.0591,0.696,3.51,182854.32
2026-07-03,CD-PE1,35737,35331,64559,113,4769.7,0.0,0.0678,0.696,2.78,181249.18
2026-07-04,CD-PE1,29750,29624,57451,152,3970.6,0.0,0.0584,0.574,3.01,150882.6
2026-07-05,CD-PE1,28826,28696,56046,121,3847.2,0.0,0.0482,0.55,3.42,146194.45
2026-07-06,CD-PE1,42428,42196,80190,188,5662.5,0.0,0.0933,0.85,6.74,215175.81
2026-07-07,CD-PE1,40358,40005,78476,122,5386.2,0.0,0.067,0.785,2.98,204675.08
2026-07-08,CD-PE1,40540,40037,79399,146,5410.4,0.0,0.0685,0.79,6.09,205595.5
2026-07-09,CD-PE1,38900,38585,74933,155,5191.5,0.0,0.0587,0.75,4.3,197275.91
2026-07-10,CD-PE1,36170,36083,64805,118,4827.1,0.0,0.074,0.709,4.36,183428.85
2026-07-11,CD-PE1,30726,30368,56610,148,4100.5,0.0,0.05,0.587,3.99,155818.82
2026-07-12,CD-PE1,29281,29052,58104,84,3907.6,0.0,0.059,0.565,5.88,148489.11
2026-07-13,CD-PE1,44377,44311,84499,207,5922.1,0.0,0.0819,0.878,3.05,225040.93
2026-07-14,CD-PE1,42082,41693,80139,137,5615.8,0.0,0.056,0.809,4.26,213400.23
2026-07-15,CD-PE1,37743,37421,70142,138,5036.7,0.0,0.0683,0.735,2.83,191394.72
2026-07-16,CD-PE1,38299,37785,71547,147,5110.8,0.0,0.0634,0.742,3.06,194211.99
2026-07-17,CD-PE1,33782,33595,66200,114,4508.0,0.0,0.0667,0.657,4.07,171304.64
2026-07-18,CD-PE1,31652,31304,62510,113,4223.7,0.0,0.0552,0.608,4.39,160501.88
2026-07-19,CD-PE1,30710,30273,59573,126,4098.0,0.0,0.0642,0.596,3.79,155723.47
2026-07-20,CD-PE1,43706,43189,84247,194,5832.1,0.0,0.0915,0.873,2.64,221620.86
2026-07-21,CD-PE1,44125,43808,85220,180,5888.0,0.0,0.0624,0.854,2.97,223743.12
2026-07-22,CD-PE1,38007,37462,72080,158,5071.5,0.0,0.0654,0.738,2.78,192718.78
2026-07-23,CD-PE1,38773,38247,71335,145,5173.7,0.0,0.0666,0.754,3.37,196600.84
2026-07-24,CD-PE1,36542,36331,66836,120,4876.0,0.0,0.0558,0.703,2.77,185286.53
2026-07-25,CD-PE1,31497,31235,61915,123,4202.7,0.0,0.0599,0.608,3.07,159704.21
2026-07-26,CD-PE1,29972,29622,56897,119,3999.2,0.0,0.0597,0.579,3.06,151970.26
2026-07-27,CD-PE1,44571,44156,85748,204,5947.1,0.0,0.059,0.86,4.71,225990.93
2026-07-28,CD-PE1,42976,42930,82107,167,5734.3,0.0,0.0673,0.836,3.11,217901.6
2026-07-29,CD-PE1,41355,41235,79115,217,5517.9,0.0,0.0535,0.793,6.01,209680.64
2026-07-30,CD-PE1,38709,38382,74215,180,5164.8,0.0,0.0664,0.753,3.19,196262.88
2026-07-31,CD-PE1,37858,37678,73250,142,5051.2,0.0,0.0589,0.73,3.92,191946.35
2026-08-01,CD-PE1,31017,30783,57742,106,4138.4,0.0,0.0713,0.606,3.65,157259.91
2026-08-02,CD-PE1,31084,30614,60897,132,4147.3,0.0,0.0528,0.596,3.53,157598.18
2026-08-03,CD-PE1,43480,42792,81008,169,5801.2,0.0,0.0854,0.863,4.28,220444.85
2026-08-04,CD-PE1,43591,43083,83345,169,5815.9,0.0,0.0536,0.836,3.42,221005.69
2026-08-05,CD-PE1,42760,42148,78715,151,5705.0,0.0,0.0546,0.821,3.07,216790.65
2026-08-06,CD-PE1,38778,38509,73355,163,5173.7,0.0,0.0675,0.755,4.08,196600.46
2026-08-07,CD-PE1,34187,33838,63827,159,4561.1,0.0,0.0517,0.654,2.9,173323.1
2026-08-08,CD-PE1,31375,31177,59650,120,4185.9,0.0,0.0554,0.603,3.21,159065.35
2026-08-09,CD-PE1,31767,31568,61525,90,4238.2,0.0,0.0593,0.613,4.27,161051.39
2026-08-10,CD-PE1,45808,45389,87209,216,6111.4,0.0,0.0732,0.897,3.59,232234.15
2026-08-11,CD-PE1,42607,42107,85131,187,5684.3,0.0,0.0553,0.819,3.83,216004.22
2026-08-12,CD-PE1,41336,41090,80183,183,5514.7,0.0,0.0542,0.793,3.67,209558.99
2026-08-13,CD-PE1,39841,39369,75243,98,5315.2,0.0,0.0618,0.771,3.1,201978.29
2026-08-14,CD-PE1,38837,38636,73623,183,5181.2,0.0,0.0604,0.75,3.38,196886.89
2026-08-15,CD-PE1,33215,33111,63736,141,4431.2,0.0,0.0627,0.643,2.88,168384.49
2026-08-16,CD-PE1,32268,32103,62446,142,4304.8,0.0,0.0581,0.622,4.48,163582.42
2026-08-17,CD-PE1,45775,45182,84148,218,6106.7,0.0,0.0752,0.898,3.49,232054.35
2026-08-18,CD-PE1,43837,43585,84686,221,5848.1,0.0,0.0641,0.85,4.59,222228.12
2026-08-19,CD-PE1,39733,39171,73093,143,5300.6,0.0,0.0525,0.761,3.32,201421.78
2026-08-20,CD-PE1,38581,38000,74345,142,5146.9,0.0,0.0639,0.748,3.9,195580.46
2026-08-21,CD-PE1,39710,39466,77633,182,5297.4,0.0,0.0577,0.765,2.88,201302.34
2026-08-22,CD-PE1,32616,32525,62459,104,4351.0,0.0,0.0438,0.619,4.38,165339.51
2026-08-23,CD-PE1,31687,31277,56521,166,4227.1,0.0,0.0524,0.607,3.35,160629.05
2026-08-24,CD-PE1,45673,45259,82708,214,6092.8,0.0,0.0642,0.886,3.22,231525.91
2026-08-25,CD-PE1,41867,41605,80725,197,5585.0,0.0,0.058,0.807,2.84,212231.09
2026-08-26,CD-PE1,40419,39996,71837,155,5391.8,0.0,0.0527,0.774,7.32,204889.59
2026-08-27,CD-PE1,41638,41248,80382,186,5554.4,0.0,0.056,0.8,2.78,211067.51
2026-08-28,CD-PE1,38427,38213,74903,166,5126.0,0.0,0.0671,0.748,5.95,194789.36
2026-08-29,CD-PE1,30613,30381,59902,119,4083.6,0.0,0.0669,0.595,5.25,155178.63
2026-08-30,CD-PE1,30768,30535,58088,95,4104.3,0.0,0.0573,0.592,2.77,155963.36
2026-08-31,CD-PE1,48600,46945,93406,175,6483.0,144.9,0.0787,0.957,4.49,249106.46
2026-09-01,CD-PE1,42676,42329,81530,174,5692.7,0.0,0.0536,0.818,3.35,216322.52
2026-09-02,CD-PE1,38082,37716,69551,152,5079.9,0.0,0.0425,0.722,3.43,193034.61
2026-09-03,CD-PE1,42523,42124,82378,146,5672.2,0.0,0.0456,0.808,3.67,215544.41
2026-09-04,CD-PE1,38824,38429,76465,114,5178.8,0.0,0.0574,0.747,4.61,196793.44
2026-09-05,CD-PE1,32677,32412,63213,122,4358.8,0.0,0.0614,0.632,2.83,165634.21
2026-09-06,CD-PE1,30780,30426,57708,134,4105.7,0.0,0.0535,0.59,3.35,156017.75
2026-09-07,CD-PE1,47761,46568,92513,191,6370.8,82.3,0.0795,0.942,4.01,243652.61
2026-09-08,CD-PE1,42432,42030,83374,162,5659.9,0.0,0.0697,0.828,3.09,215077.06
2026-09-09,CD-PE1,42528,42029,83283,195,5672.7,0.0,0.0479,0.811,3.46,215562.48
2026-09-10,CD-PE1,40878,40232,79767,147,5452.6,0.0,0.072,0.799,3.28,207197.99
2026-09-11,CD-PE1,38470,38308,70031,144,5131.4,0.0,0.0459,0.732,2.57,194991.54
2026-09-12,CD-PE1,33119,32953,63586,111,4417.6,0.0,0.0698,0.646,3.68,167868.24
2026-09-13,CD-PE1,31178,30828,60245,150,4158.7,0.0,0.0547,0.599,2.64,158029.2
2026-09-14,CD-PE1,47984,47023,93662,259,6400.3,55.1,0.0681,0.934,5.21,244258.78
2026-09-15,CD-PE1,42191,41680,81251,186,5627.6,0.0,0.0549,0.81,3.54,213847.67
2026-09-16,CD-PE1,38792,38434,76715,164,5174.2,0.0,0.0486,0.74,3.23,196618.65
2026-09-17,CD-PE1,41222,40804,74554,207,5498.3,0.0,0.067,0.802,2.76,208934.17
2026-09-18,CD-PE1,39216,38858,75605,179,5230.7,0.0,0.0535,0.752,3.71,198765.78
2026-09-19,CD-PE1,33703,33520,64843,110,4495.3,0.0,0.0505,0.644,3.41,170822.4
2026-09-20,CD-PE1,32006,31698,62256,122,4269.0,0.0,0.044,0.607,3.46,162220.46
2026-09-21,CD-PE1,46041,45482,91028,191,6140.9,0.0,0.0642,0.893,3.74,233354.92
2026-09-22,CD-PE1,44972,44745,83449,210,5998.3,0.0,0.0494,0.858,3.98,227935.74
2026-09-23,CD-PE1,41303,40982,81591,140,5508.9,0.0,0.0489,0.788,3.68,209338.86
2026-09-24,CD-PE1,39900,39486,77436,178,5321.8,0.0,0.0536,0.765,5.12,202227.04
2026-09-25,CD-PE1,38173,37904,72171,153,5091.4,0.0,0.0501,0.729,3.98,193473.16
2026-09-26,CD-PE1,35699,35555,66206,133,4761.4,0.0,0.0678,0.695,3.66,180933.34
2026-09-27,CD-PE1,29814,29701,56939,119,3976.5,0.0,0.0538,0.572,3.49,151105.73
2026-09-28,CD-PE1,47657,46343,91229,149,6356.3,48.8,0.073,0.933,3.66,242464.98
2026-09-29,CD-PE1,41436,40893,79435,155,5526.5,0.0,0.0619,0.801,2.72,210007.53
2026-09-30,CD-PE1,41455,41289,77465,157,5529.0,0.0,0.0712,0.81,2.55,210102.96
2025-01-01,CD-AM1,0,0,0,0,0.0,0.0,,0.0,,0.0
2025-01-02,CD-AM1,0,0,0,0,0.0,0.0,,0.0,,0.0
2025-01-03,CD-AM1,0,0,0,0,0.0,0.0,,0.0,,0.0
2025-01-04,CD-AM1,0,0,0,0,0.0,0.0,,0.0,,0.0
2025-01-05,CD-AM1,0,0,0,0,0.0,0.0,,0.0,,0.0
2025-01-06,CD-AM1,0,0,0,0,0.0,0.0,,0.0,,0.0
2025-01-07,CD-AM1,0,0,0,0,0.0,0.0,,0.0,,0.0
2025-01-08,CD-AM1,0,0,0,0,0.0,0.0,,0.0,,0.0
2025-01-09,CD-AM1,0,0,0,0,0.0,0.0,,0.0,,0.0
2025-01-10,CD-AM1,0,0,0,0,0.0,0.0,,0.0,,0.0
2025-01-11,CD-AM1,0,0,0,0,0.0,0.0,,0.0,,0.0
2025-01-12,CD-AM1,0,0,0,0,0.0,0.0,,0.0,,0.0
2025-01-13,CD-AM1,0,0,0,0,0.0,0.0,,0.0,,0.0
2025-01-14,CD-AM1,0,0,0,0,0.0,0.0,,0.0,,0.0
2025-01-15,CD-AM1,0,0,0,0,0.0,0.0,,0.0,,0.0
2025-01-16,CD-AM1,0,0,0,0,0.0,0.0,,0.0,,0.0
2025-01-17,CD-AM1,0,0,0,0,0.0,0.0,,0.0,,0.0
2025-01-18,CD-AM1,0,0,0,0,0.0,0.0,,0.0,,0.0
2025-01-19,CD-AM1,0,0,0,0,0.0,0.0,,0.0,,0.0
2025-01-20,CD-AM1,0,0,0,0,0.0,0.0,,0.0,,0.0
2025-01-21,CD-AM1,0,0,0,0,0.0,0.0,,0.0,,0.0
2025-01-22,CD-AM1,0,0,0,0,0.0,0.0,,0.0,,0.0
2025-01-23,CD-AM1,0,0,0,0,0.0,0.0,,0.0,,0.0
2025-01-24,CD-AM1,0,0,0,0,0.0,0.0,,0.0,,0.0
2025-01-25,CD-AM1,0,0,0,0,0.0,0.0,,0.0,,0.0
2025-01-26,CD-AM1,0,0,0,0,0.0,0.0,,0.0,,0.0
2025-01-27,CD-AM1,0,0,0,0,0.0,0.0,,0.0,,0.0
2025-01-28,CD-AM1,0,0,0,0,0.0,0.0,,0.0,,0.0
2025-01-29,CD-AM1,0,0,0,0,0.0,0.0,,0.0,,0.0
2025-01-30,CD-AM1,0,0,0,0,0.0,0.0,,0.0,,0.0
2025-01-31,CD-AM1,0,0,0,0,0.0,0.0,,0.0,,0.0
2025-02-01,CD-AM1,0,0,0,0,0.0,0.0,,0.0,,0.0
2025-02-02,CD-AM1,0,0,0,0,0.0,0.0,,0.0,,0.0
2025-02-03,CD-AM1,0,0,0,0,0.0,0.0,,0.0,,0.0
2025-02-04,CD-AM1,0,0,0,0,0.0,0.0,,0.0,,0.0
2025-02-05,CD-AM1,0,0,0,0,0.0,0.0,,0.0,,0.0
2025-02-06,CD-AM1,0,0,0,0,0.0,0.0,,0.0,,0.0
2025-02-07,CD-AM1,0,0,0,0,0.0,0.0,,0.0,,0.0
2025-02-08,CD-AM1,0,0,0,0,0.0,0.0,,0.0,,0.0
2025-02-09,CD-AM1,0,0,0,0,0.0,0.0,,0.0,,0.0
2025-02-10,CD-AM1,0,0,0,0,0.0,0.0,,0.0,,0.0
2025-02-11,CD-AM1,0,0,0,0,0.0,0.0,,0.0,,0.0
2025-02-12,CD-AM1,0,0,0,0,0.0,0.0,,0.0,,0.0
2025-02-13,CD-AM1,0,0,0,0,0.0,0.0,,0.0,,0.0
2025-02-14,CD-AM1,0,0,0,0,0.0,0.0,,0.0,,0.0
2025-02-15,CD-AM1,0,0,0,0,0.0,0.0,,0.0,,0.0
2025-02-16,CD-AM1,0,0,0,0,0.0,0.0,,0.0,,0.0
2025-02-17,CD-AM1,0,0,0,0,0.0,0.0,,0.0,,0.0
2025-02-18,CD-AM1,0,0,0,0,0.0,0.0,,0.0,,0.0
2025-02-19,CD-AM1,0,0,0,0,0.0,0.0,,0.0,,0.0
2025-02-20,CD-AM1,0,0,0,0,0.0,0.0,,0.0,,0.0
2025-02-21,CD-AM1,0,0,0,0,0.0,0.0,,0.0,,0.0
2025-02-22,CD-AM1,0,0,0,0,0.0,0.0,,0.0,,0.0
2025-02-23,CD-AM1,0,0,0,0,0.0,0.0,,0.0,,0.0
2025-02-24,CD-AM1,0,0,0,0,0.0,0.0,,0.0,,0.0
2025-02-25,CD-AM1,0,0,0,0,0.0,0.0,,0.0,,0.0
2025-02-26,CD-AM1,0,0,0,0,0.0,0.0,,0.0,,0.0
2025-02-27,CD-AM1,0,0,0,0,0.0,0.0,,0.0,,0.0
2025-02-28,CD-AM1,0,0,0,0,0.0,0.0,,0.0,,0.0
2025-03-01,CD-AM1,0,0,0,0,0.0,0.0,,0.0,,0.0
2025-03-02,CD-AM1,0,0,0,0,0.0,0.0,,0.0,,0.0
2025-03-03,CD-AM1,0,0,0,0,0.0,0.0,,0.0,,0.0
2025-03-04,CD-AM1,0,0,0,0,0.0,0.0,,0.0,,0.0
2025-03-05,CD-AM1,0,0,0,0,0.0,0.0,,0.0,,0.0
2025-03-06,CD-AM1,0,0,0,0,0.0,0.0,,0.0,,0.0
2025-03-07,CD-AM1,0,0,0,0,0.0,0.0,,0.0,,0.0
2025-03-08,CD-AM1,0,0,0,0,0.0,0.0,,0.0,,0.0
2025-03-09,CD-AM1,0,0,0,0,0.0,0.0,,0.0,,0.0
2025-03-10,CD-AM1,0,0,0,0,0.0,0.0,,0.0,,0.0
2025-03-11,CD-AM1,0,0,0,0,0.0,0.0,,0.0,,0.0
2025-03-12,CD-AM1,0,0,0,0,0.0,0.0,,0.0,,0.0
2025-03-13,CD-AM1,0,0,0,0,0.0,0.0,,0.0,,0.0
2025-03-14,CD-AM1,0,0,0,0,0.0,0.0,,0.0,,0.0
2025-03-15,CD-AM1,0,0,0,0,0.0,0.0,,0.0,,0.0
2025-03-16,CD-AM1,0,0,0,0,0.0,0.0,,0.0,,0.0
2025-03-17,CD-AM1,0,0,0,0,0.0,0.0,,0.0,,0.0
2025-03-18,CD-AM1,0,0,0,0,0.0,0.0,,0.0,,0.0
2025-03-19,CD-AM1,0,0,0,0,0.0,0.0,,0.0,,0.0
2025-03-20,CD-AM1,0,0,0,0,0.0,0.0,,0.0,,0.0
2025-03-21,CD-AM1,0,0,0,0,0.0,0.0,,0.0,,0.0
2025-03-22,CD-AM1,0,0,0,0,0.0,0.0,,0.0,,0.0
2025-03-23,CD-AM1,0,0,0,0,0.0,0.0,,0.0,,0.0
2025-03-24,CD-AM1,0,0,0,0,0.0,0.0,,0.0,,0.0
2025-03-25,CD-AM1,0,0,0,0,0.0,0.0,,0.0,,0.0
2025-03-26,CD-AM1,0,0,0,0,0.0,0.0,,0.0,,0.0
2025-03-27,CD-AM1,0,0,0,0,0.0,0.0,,0.0,,0.0
2025-03-28,CD-AM1,0,0,0,0,0.0,0.0,,0.0,,0.0
2025-03-29,CD-AM1,0,0,0,0,0.0,0.0,,0.0,,0.0
2025-03-30,CD-AM1,0,0,0,0,0.0,0.0,,0.0,,0.0
2025-03-31,CD-AM1,0,0,0,0,0.0,0.0,,0.0,,0.0
2025-04-01,CD-AM1,0,0,0,0,0.0,0.0,,0.0,,0.0
2025-04-02,CD-AM1,0,0,0,0,0.0,0.0,,0.0,,0.0
2025-04-03,CD-AM1,0,0,0,0,0.0,0.0,,0.0,,0.0
2025-04-04,CD-AM1,0,0,0,0,0.0,0.0,,0.0,,0.0
2025-04-05,CD-AM1,0,0,0,0,0.0,0.0,,0.0,,0.0
2025-04-06,CD-AM1,0,0,0,0,0.0,0.0,,0.0,,0.0
2025-04-07,CD-AM1,0,0,0,0,0.0,0.0,,0.0,,0.0
2025-04-08,CD-AM1,0,0,0,0,0.0,0.0,,0.0,,0.0
2025-04-09,CD-AM1,0,0,0,0,0.0,0.0,,0.0,,0.0
2025-04-10,CD-AM1,0,0,0,0,0.0,0.0,,0.0,,0.0
2025-04-11,CD-AM1,0,0,0,0,0.0,0.0,,0.0,,0.0
2025-04-12,CD-AM1,0,0,0,0,0.0,0.0,,0.0,,0.0
2025-04-13,CD-AM1,0,0,0,0,0.0,0.0,,0.0,,0.0
2025-04-14,CD-AM1,0,0,0,0,0.0,0.0,,0.0,,0.0
2025-04-15,CD-AM1,0,0,0,0,0.0,0.0,,0.0,,0.0
2025-04-16,CD-AM1,0,0,0,0,0.0,0.0,,0.0,,0.0
2025-04-17,CD-AM1,0,0,0,0,0.0,0.0,,0.0,,0.0
2025-04-18,CD-AM1,0,0,0,0,0.0,0.0,,0.0,,0.0
2025-04-19,CD-AM1,0,0,0,0,0.0,0.0,,0.0,,0.0
2025-04-20,CD-AM1,0,0,0,0,0.0,0.0,,0.0,,0.0
2025-04-21,CD-AM1,0,0,0,0,0.0,0.0,,0.0,,0.0
2025-04-22,CD-AM1,0,0,0,0,0.0,0.0,,0.0,,0.0
2025-04-23,CD-AM1,0,0,0,0,0.0,0.0,,0.0,,0.0
2025-04-24,CD-AM1,0,0,0,0,0.0,0.0,,0.0,,0.0
2025-04-25,CD-AM1,0,0,0,0,0.0,0.0,,0.0,,0.0
2025-04-26,CD-AM1,0,0,0,0,0.0,0.0,,0.0,,0.0
2025-04-27,CD-AM1,0,0,0,0,0.0,0.0,,0.0,,0.0
2025-04-28,CD-AM1,0,0,0,0,0.0,0.0,,0.0,,0.0
2025-04-29,CD-AM1,0,0,0,0,0.0,0.0,,0.0,,0.0
2025-04-30,CD-AM1,0,0,0,0,0.0,0.0,,0.0,,0.0
2025-05-01,CD-AM1,0,0,0,0,0.0,0.0,,0.0,,0.0
2025-05-02,CD-AM1,0,0,0,0,0.0,0.0,,0.0,,0.0
2025-05-03,CD-AM1,0,0,0,0,0.0,0.0,,0.0,,0.0
2025-05-04,CD-AM1,0,0,0,0,0.0,0.0,,0.0,,0.0
2025-05-05,CD-AM1,0,0,0,0,0.0,0.0,,0.0,,0.0
2025-05-06,CD-AM1,0,0,0,0,0.0,0.0,,0.0,,0.0
2025-05-07,CD-AM1,0,0,0,0,0.0,0.0,,0.0,,0.0
2025-05-08,CD-AM1,0,0,0,0,0.0,0.0,,0.0,,0.0
2025-05-09,CD-AM1,0,0,0,0,0.0,0.0,,0.0,,0.0
2025-05-10,CD-AM1,0,0,0,0,0.0,0.0,,0.0,,0.0
2025-05-11,CD-AM1,0,0,0,0,0.0,0.0,,0.0,,0.0
2025-05-12,CD-AM1,0,0,0,0,0.0,0.0,,0.0,,0.0
2025-05-13,CD-AM1,0,0,0,0,0.0,0.0,,0.0,,0.0
2025-05-14,CD-AM1,0,0,0,0,0.0,0.0,,0.0,,0.0
2025-05-15,CD-AM1,0,0,0,0,0.0,0.0,,0.0,,0.0
2025-05-16,CD-AM1,0,0,0,0,0.0,0.0,,0.0,,0.0
2025-05-17,CD-AM1,0,0,0,0,0.0,0.0,,0.0,,0.0
2025-05-18,CD-AM1,0,0,0,0,0.0,0.0,,0.0,,0.0
2025-05-19,CD-AM1,0,0,0,0,0.0,0.0,,0.0,,0.0
2025-05-20,CD-AM1,0,0,0,0,0.0,0.0,,0.0,,0.0
2025-05-21,CD-AM1,0,0,0,0,0.0,0.0,,0.0,,0.0
2025-05-22,CD-AM1,0,0,0,0,0.0,0.0,,0.0,,0.0
2025-05-23,CD-AM1,0,0,0,0,0.0,0.0,,0.0,,0.0
2025-05-24,CD-AM1,0,0,0,0,0.0,0.0,,0.0,,0.0
2025-05-25,CD-AM1,0,0,0,0,0.0,0.0,,0.0,,0.0
2025-05-26,CD-AM1,0,0,0,0,0.0,0.0,,0.0,,0.0
2025-05-27,CD-AM1,0,0,0,0,0.0,0.0,,0.0,,0.0
2025-05-28,CD-AM1,0,0,0,0,0.0,0.0,,0.0,,0.0
2025-05-29,CD-AM1,0,0,0,0,0.0,0.0,,0.0,,0.0
2025-05-30,CD-AM1,0,0,0,0,0.0,0.0,,0.0,,0.0
2025-05-31,CD-AM1,0,0,0,0,0.0,0.0,,0.0,,0.0
2025-06-01,CD-AM1,0,0,0,0,0.0,0.0,,0.0,,0.0
2025-06-02,CD-AM1,0,0,0,0,0.0,0.0,,0.0,,0.0
2025-06-03,CD-AM1,0,0,0,0,0.0,0.0,,0.0,,0.0
2025-06-04,CD-AM1,0,0,0,0,0.0,0.0,,0.0,,0.0
2025-06-05,CD-AM1,0,0,0,0,0.0,0.0,,0.0,,0.0
2025-06-06,CD-AM1,0,0,0,0,0.0,0.0,,0.0,,0.0
2025-06-07,CD-AM1,0,0,0,0,0.0,0.0,,0.0,,0.0
2025-06-08,CD-AM1,0,0,0,0,0.0,0.0,,0.0,,0.0
2025-06-09,CD-AM1,0,0,0,0,0.0,0.0,,0.0,,0.0
2025-06-10,CD-AM1,0,0,0,0,0.0,0.0,,0.0,,0.0
2025-06-11,CD-AM1,0,0,0,0,0.0,0.0,,0.0,,0.0
2025-06-12,CD-AM1,0,0,0,0,0.0,0.0,,0.0,,0.0
2025-06-13,CD-AM1,0,0,0,0,0.0,0.0,,0.0,,0.0
2025-06-14,CD-AM1,0,0,0,0,0.0,0.0,,0.0,,0.0
2025-06-15,CD-AM1,0,0,0,0,0.0,0.0,,0.0,,0.0
2025-06-16,CD-AM1,0,0,0,0,0.0,0.0,,0.0,,0.0
2025-06-17,CD-AM1,0,0,0,0,0.0,0.0,,0.0,,0.0
2025-06-18,CD-AM1,0,0,0,0,0.0,0.0,,0.0,,0.0
2025-06-19,CD-AM1,0,0,0,0,0.0,0.0,,0.0,,0.0
2025-06-20,CD-AM1,0,0,0,0,0.0,0.0,,0.0,,0.0
2025-06-21,CD-AM1,0,0,0,0,0.0,0.0,,0.0,,0.0
2025-06-22,CD-AM1,0,0,0,0,0.0,0.0,,0.0,,0.0
2025-06-23,CD-AM1,0,0,0,0,0.0,0.0,,0.0,,0.0
2025-06-24,CD-AM1,0,0,0,0,0.0,0.0,,0.0,,0.0
2025-06-25,CD-AM1,0,0,0,0,0.0,0.0,,0.0,,0.0
2025-06-26,CD-AM1,0,0,0,0,0.0,0.0,,0.0,,0.0
2025-06-27,CD-AM1,0,0,0,0,0.0,0.0,,0.0,,0.0
2025-06-28,CD-AM1,0,0,0,0,0.0,0.0,,0.0,,0.0
2025-06-29,CD-AM1,0,0,0,0,0.0,0.0,,0.0,,0.0
2025-06-30,CD-AM1,0,0,0,0,0.0,0.0,,0.0,,0.0
2025-07-01,CD-AM1,0,0,0,0,0.0,0.0,,0.0,,0.0
2025-07-02,CD-AM1,0,0,0,0,0.0,0.0,,0.0,,0.0
2025-07-03,CD-AM1,0,0,0,0,0.0,0.0,,0.0,,0.0
2025-07-04,CD-AM1,0,0,0,0,0.0,0.0,,0.0,,0.0
2025-07-05,CD-AM1,0,0,0,0,0.0,0.0,,0.0,,0.0
2025-07-06,CD-AM1,0,0,0,0,0.0,0.0,,0.0,,0.0
2025-07-07,CD-AM1,0,0,0,0,0.0,0.0,,0.0,,0.0
2025-07-08,CD-AM1,0,0,0,0,0.0,0.0,,0.0,,0.0
2025-07-09,CD-AM1,0,0,0,0,0.0,0.0,,0.0,,0.0
2025-07-10,CD-AM1,0,0,0,0,0.0,0.0,,0.0,,0.0
2025-07-11,CD-AM1,0,0,0,0,0.0,0.0,,0.0,,0.0
2025-07-12,CD-AM1,0,0,0,0,0.0,0.0,,0.0,,0.0
2025-07-13,CD-AM1,0,0,0,0,0.0,0.0,,0.0,,0.0
2025-07-14,CD-AM1,0,0,0,0,0.0,0.0,,0.0,,0.0
2025-07-15,CD-AM1,0,0,0,0,0.0,0.0,,0.0,,0.0
2025-07-16,CD-AM1,0,0,0,0,0.0,0.0,,0.0,,0.0
2025-07-17,CD-AM1,0,0,0,0,0.0,0.0,,0.0,,0.0
2025-07-18,CD-AM1,0,0,0,0,0.0,0.0,,0.0,,0.0
2025-07-19,CD-AM1,0,0,0,0,0.0,0.0,,0.0,,0.0
2025-07-20,CD-AM1,0,0,0,0,0.0,0.0,,0.0,,0.0
2025-07-21,CD-AM1,0,0,0,0,0.0,0.0,,0.0,,0.0
2025-07-22,CD-AM1,0,0,0,0,0.0,0.0,,0.0,,0.0
2025-07-23,CD-AM1,0,0,0,0,0.0,0.0,,0.0,,0.0
2025-07-24,CD-AM1,0,0,0,0,0.0,0.0,,0.0,,0.0
2025-07-25,CD-AM1,0,0,0,0,0.0,0.0,,0.0,,0.0
2025-07-26,CD-AM1,0,0,0,0,0.0,0.0,,0.0,,0.0
2025-07-27,CD-AM1,0,0,0,0,0.0,0.0,,0.0,,0.0
2025-07-28,CD-AM1,0,0,0,0,0.0,0.0,,0.0,,0.0
2025-07-29,CD-AM1,0,0,0,0,0.0,0.0,,0.0,,0.0
2025-07-30,CD-AM1,0,0,0,0,0.0,0.0,,0.0,,0.0
2025-07-31,CD-AM1,0,0,0,0,0.0,0.0,,0.0,,0.0
2025-08-01,CD-AM1,2990,2909,5566,31,724.8,0.0,0.0693,0.62,9.85,22126.0
2025-08-02,CD-AM1,2622,2556,5038,28,628.8,0.0,0.0493,0.526,9.17,19402.8
2025-08-03,CD-AM1,2443,2374,4738,26,579.8,0.0,0.0597,0.491,9.04,18078.2
2025-08-04,CD-AM1,4164,4026,7810,47,978.1,0.0,0.0724,0.839,9.64,30813.6
2025-08-05,CD-AM1,3865,3786,7154,39,898.8,0.0,0.0585,0.76,8.87,28601.0
2025-08-06,CD-AM1,3713,3620,6972,42,855.0,0.0,0.0481,0.715,8.8,27476.2
2025-08-07,CD-AM1,3732,3659,7057,40,851.2,0.0,0.0467,0.711,9.95,27616.8
2025-08-08,CD-AM1,3562,3479,6972,39,804.8,0.0,0.0633,0.684,8.84,26358.8
2025-08-09,CD-AM1,3040,2977,5881,31,680.6,0.0,0.062,0.577,9.91,22496.0
2025-08-10,CD-AM1,2949,2886,5603,31,654.4,0.0,0.0501,0.548,10.72,21822.6
2025-08-11,CD-AM1,4380,4255,8738,49,963.4,0.0,0.0749,0.829,9.72,32412.0
2025-08-12,CD-AM1,4635,4507,8798,44,1010.8,0.0,0.0646,0.86,8.65,34299.0
2025-08-13,CD-AM1,4150,4037,8178,46,897.5,0.0,0.0521,0.754,12.02,30710.0
2025-08-14,CD-AM1,3987,3871,7819,44,855.2,0.0,0.0435,0.712,9.4,29503.8
2025-08-15,CD-AM1,3972,3900,7775,47,845.2,0.0,0.0485,0.707,9.3,29392.8
2025-08-16,CD-AM1,3302,3220,6327,35,697.1,0.0,0.0496,0.584,9.15,24434.8
2025-08-17,CD-AM1,3476,3396,6625,38,728.2,0.0,0.0514,0.611,8.79,25722.4
2025-08-18,CD-AM1,4823,4678,9165,50,1002.8,0.0,0.0697,0.858,8.6,35690.2
2025-08-19,CD-AM1,4783,4681,9291,49,987.2,0.0,0.0549,0.831,8.24,35394.2
2025-08-20,CD-AM1,4667,4545,8683,50,956.3,0.0,0.0528,0.803,8.44,34535.8
2025-08-21,CD-AM1,4528,4441,8544,48,921.3,0.0,0.0604,0.78,8.92,33507.2
2025-08-22,CD-AM1,4314,4198,8556,50,871.7,0.0,0.0529,0.732,9.41,31923.6
2025-08-23,CD-AM1,3759,3689,7259,40,754.4,0.0,0.0651,0.642,8.48,27816.6
2025-08-24,CD-AM1,3611,3538,7033,39,719.8,0.0,0.0625,0.611,9.23,26721.4
2025-08-25,CD-AM1,5290,5125,9728,44,1047.7,0.0,0.0769,0.903,9.07,39146.0
2025-08-26,CD-AM1,5049,4958,9484,45,993.6,0.0,0.0497,0.832,8.86,37362.6
2025-08-27,CD-AM1,5155,5057,9881,47,1008.1,0.0,0.0541,0.848,9.76,38147.0
2025-08-28,CD-AM1,4841,4737,9188,52,940.9,0.0,0.0608,0.797,9.11,35823.4
2025-08-29,CD-AM1,4539,4415,8346,44,876.8,0.0,0.0574,0.74,9.28,33588.6
2025-08-30,CD-AM1,3999,3919,7750,43,768.0,0.0,0.0494,0.643,11.73,29592.6
2025-08-31,CD-AM1,4066,3973,7944,36,776.3,0.0,0.0491,0.65,8.25,30088.4
2025-09-01,CD-AM1,5971,5689,11260,55,1133.5,30.1,0.0645,0.964,10.69,44185.4
2025-09-02,CD-AM1,5642,5505,10944,60,1065.1,0.0,0.0457,0.888,9.26,41750.8
2025-09-03,CD-AM1,5232,5113,10472,52,982.3,0.0,0.078,0.848,9.11,38716.8
2025-09-04,CD-AM1,5332,5193,10537,59,995.7,0.0,0.0394,0.825,8.81,39456.8
2025-09-05,CD-AM1,4901,4761,9253,47,910.4,0.0,0.0512,0.764,8.96,36267.4
2025-09-06,CD-AM1,4329,4202,7986,41,799.9,0.0,0.0598,0.677,8.42,32034.6
2025-09-07,CD-AM1,4337,4246,8290,40,797.4,0.0,0.0495,0.668,8.62,32093.8
2025-09-08,CD-AM1,6432,5983,12976,61,1278.9,64.3,0.0672,1.004,11.35,47596.8
2025-09-09,CD-AM1,5711,5602,11233,56,1039.6,0.0,0.0582,0.878,8.17,42261.4
2025-09-10,CD-AM1,5467,5358,10386,53,990.4,0.0,0.0633,0.841,8.2,40455.8
2025-09-11,CD-AM1,5594,5465,11066,68,1008.6,0.0,0.0528,0.847,8.84,41395.6
2025-09-12,CD-AM1,5662,5562,11089,49,1016.1,0.0,0.0664,0.866,8.73,41898.8
2025-09-13,CD-AM1,4336,4238,7827,41,774.6,0.0,0.0414,0.643,8.23,32086.4
2025-09-14,CD-AM1,4501,4412,8791,43,800.5,0.0,0.0502,0.671,8.8,33307.4
2025-09-15,CD-AM1,6307,5978,12021,50,1116.7,26.6,0.074,0.96,9.88,46671.8
2025-09-16,CD-AM1,6133,5873,11387,61,1081.2,3.9,0.0708,0.926,11.56,45384.2
2025-09-17,CD-AM1,5895,5764,11227,55,1034.8,0.0,0.0473,0.864,11.65,43623.0
2025-09-18,CD-AM1,5812,5699,11163,53,1016.0,0.0,0.0459,0.847,12.08,43008.8
2025-09-19,CD-AM1,5542,5447,10310,46,964.8,0.0,0.0617,0.818,8.67,41010.8
2025-09-20,CD-AM1,4912,4806,9303,45,851.7,0.0,0.0554,0.718,9.17,36348.8
2025-09-21,CD-AM1,4618,4526,8698,39,797.6,0.0,0.0493,0.668,8.6,34173.2
2025-09-22,CD-AM1,6631,6348,12863,64,1140.8,31.5,0.0603,0.966,9.4,49069.4
2025-09-23,CD-AM1,6791,6455,12801,59,1163.8,39.0,0.0509,0.976,9.99,50253.4
2025-09-24,CD-AM1,6453,6245,11712,55,1101.7,7.9,0.0592,0.932,8.87,47752.2
2025-09-25,CD-AM1,6390,6178,11998,58,1086.9,0.0,0.0523,0.913,8.72,47286.0
2025-09-26,CD-AM1,5617,5465,10407,49,952.0,0.0,0.0684,0.813,8.17,41565.8
2025-09-27,CD-AM1,5213,5096,9567,49,880.3,0.0,0.0539,0.741,8.16,38576.2
2025-09-28,CD-AM1,5057,4970,9907,48,851.0,0.0,0.0598,0.72,7.76,37421.8
2025-09-29,CD-AM1,7067,6604,13711,72,1288.2,74.6,0.0722,1.017,10.78,52295.8
2025-09-30,CD-AM1,6932,6623,12836,63,1158.5,36.4,0.0518,0.972,9.77,51296.8
2025-10-01,CD-AM1,6559,6320,12046,52,1092.5,4.3,0.0617,0.927,8.34,48536.6
2025-10-02,CD-AM1,6916,6610,13105,60,1148.2,25.5,0.0453,0.957,9.11,51178.4
2025-10-03,CD-AM1,6629,6428,12156,56,1097.0,2.2,0.0546,0.923,8.08,49054.6
2025-10-04,CD-AM1,5079,4965,9589,51,837.8,0.0,0.0517,0.703,8.21,37584.6
2025-10-05,CD-AM1,5612,5490,10683,49,922.8,0.0,0.0581,0.78,9.04,41528.8
2025-10-06,CD-AM1,7409,6795,14190,69,1320.2,99.0,0.075,1.045,10.1,54826.6
2025-10-07,CD-AM1,7479,7024,14337,65,1328.6,81.6,0.0485,1.022,10.69,55344.6
2025-10-08,CD-AM1,7102,6781,13217,55,1157.3,32.5,0.0474,0.967,9.18,52554.8
2025-10-09,CD-AM1,6536,6363,12441,60,1061.9,0.0,0.0556,0.895,7.98,48366.4
2025-10-10,CD-AM1,6581,6488,12925,62,1066.1,0.0,0.0467,0.89,7.64,48699.4
2025-10-11,CD-AM1,5594,5469,10042,43,903.7,0.0,0.0631,0.768,7.8,41395.6
2025-10-12,CD-AM1,5474,5358,10490,51,881.8,0.0,0.0532,0.741,8.65,40507.6
2025-10-13,CD-AM1,8024,7273,14773,71,1401.1,144.7,0.0606,1.092,11.14,59377.6
2025-10-14,CD-AM1,7830,7299,15427,84,1363.5,103.0,0.0455,1.046,9.67,57942.0
2025-10-15,CD-AM1,7154,6882,13885,66,1143.1,31.0,0.0575,0.965,9.46,52939.6
2025-10-16,CD-AM1,6990,6779,13555,56,1114.0,13.6,0.0573,0.94,8.83,51726.0
2025-10-17,CD-AM1,6972,6782,12949,58,1108.2,7.4,0.0529,0.931,7.97,51592.8
2025-10-18,CD-AM1,5943,5817,11370,49,942.3,0.0,0.0541,0.793,7.14,43978.2
2025-10-19,CD-AM1,5711,5642,10958,46,903.2,0.0,0.046,0.753,7.11,42261.4
2025-10-20,CD-AM1,8058,7353,14355,62,1381.8,137.2,0.0679,1.085,11.49,59629.2
2025-10-21,CD-AM1,7500,7022,14305,67,1283.0,66.7,0.0668,1.007,8.97,55500.0
2025-10-22,CD-AM1,7241,6891,13980,59,1136.9,37.5,0.072,0.975,8.92,53583.4
2025-10-23,CD-AM1,7119,6885,13023,49,1115.1,11.7,0.0533,0.937,8.89,52680.6
2025-10-24,CD-AM1,7137,6854,13775,63,1115.4,17.9,0.0625,0.947,8.95,52813.8
2025-10-25,CD-AM1,6229,6118,11866,59,971.2,0.0,0.0581,0.821,8.0,46094.6
2025-10-26,CD-AM1,5724,5632,11271,53,890.5,0.0,0.0412,0.739,7.08,42357.6
2025-10-27,CD-AM1,8950,7870,16820,81,1510.1,233.1,0.0608,1.177,12.21,66230.0
2025-10-28,CD-AM1,8425,7745,16082,85,1418.5,134.4,0.0365,1.078,10.25,62345.0
2025-10-29,CD-AM1,7692,7251,14746,70,1292.3,66.0,0.0586,1.005,9.48,56920.8
2025-10-30,CD-AM1,7294,6965,12835,59,1125.0,29.2,0.0706,0.963,8.84,53975.6
2025-10-31,CD-AM1,7560,7120,14230,63,1163.6,51.0,0.0675,0.993,9.13,55944.0
2025-11-01,CD-AM1,6198,6085,11803,45,952.0,0.0,0.0554,0.802,8.59,45865.2
2025-11-02,CD-AM1,5959,5839,10620,45,913.5,0.0,0.0542,0.769,8.4,44096.6
2025-11-03,CD-AM1,8679,7770,16783,87,1443.3,184.3,0.0672,1.133,15.43,64224.6
2025-11-04,CD-AM1,8025,7402,15282,49,1331.9,96.9,0.0635,1.041,11.39,59385.0
2025-11-05,CD-AM1,7450,7106,14185,63,1135.4,25.8,0.0567,0.958,7.89,55130.0
2025-11-06,CD-AM1,7902,7453,15299,77,1306.5,72.7,0.0555,1.013,9.4,58474.8
2025-11-07,CD-AM1,7171,6939,13478,65,1088.8,0.0,0.0502,0.912,9.41,53065.4
2025-11-08,CD-AM1,7074,6896,13456,64,1072.1,0.0,0.0598,0.907,7.82,52347.6
2025-11-09,CD-AM1,5869,5746,11405,56,887.8,0.0,0.0538,0.747,7.28,43430.6
2025-11-10,CD-AM1,8633,7750,16427,75,1417.0,169.5,0.0732,1.119,10.24,63884.2
2025-11-11,CD-AM1,8665,7847,15665,88,1419.8,161.3,0.063,1.109,10.06,64121.0
2025-11-12,CD-AM1,8502,7849,16176,68,1390.7,119.1,0.0419,1.063,10.75,62914.8
2025-11-13,CD-AM1,7959,7534,15148,62,1299.6,65.8,0.0526,1.004,9.31,58896.6
2025-11-14,CD-AM1,7723,7336,15021,68,1158.3,38.9,0.0555,0.976,7.93,57150.2
2025-11-15,CD-AM1,6136,6008,11553,47,918.7,0.0,0.0508,0.77,8.52,45406.4
2025-11-16,CD-AM1,6113,6035,11316,54,913.8,0.0,0.0461,0.762,8.71,45236.2
2025-11-17,CD-AM1,8917,7989,16508,83,1446.5,183.8,0.0642,1.132,10.81,65985.8
2025-11-18,CD-AM1,8152,7686,16077,68,1320.4,74.1,0.0462,1.014,9.3,60324.8
2025-11-19,CD-AM1,8309,7700,15907,73,1343.7,103.5,0.0616,1.048,11.38,61486.6
2025-11-20,CD-AM1,7502,7260,14776,68,1114.4,14.4,0.058,0.942,8.09,55514.8
2025-11-21,CD-AM1,7401,7100,14630,64,1097.8,7.1,0.0615,0.931,7.3,54767.4
2025-11-22,CD-AM1,6594,6512,12283,48,976.6,0.0,0.0396,0.809,8.1,48795.6
2025-11-23,CD-AM1,6227,6110,11576,45,920.9,0.0,0.0706,0.789,8.59,46079.8
2025-11-24,CD-AM1,25011,17184,47361,341,4014.7,843.1,0.0667,1.607,17.68,185081.4
2025-11-25,CD-AM1,23491,17188,45355,328,3765.3,790.7,0.069,1.511,15.63,173833.4
2025-11-26,CD-AM1,22711,17346,41559,281,3635.2,763.4,0.061,1.446,16.69,168061.4
2025-11-27,CD-AM1,22230,17427,42743,305,3553.3,746.2,0.0531,1.402,14.38,164502.0
2025-11-28,CD-AM1,21466,17016,41219,263,3426.5,719.6,0.0753,1.384,13.9,158848.4
2025-11-29,CD-AM1,17872,15952,32951,191,2849.0,361.8,0.0595,1.132,10.96,132252.8
2025-11-30,CD-AM1,17235,15854,31807,170,2743.8,267.6,0.0532,1.083,9.99,127539.0
2025-12-01,CD-AM1,25673,17398,49349,378,4081.8,857.2,0.0669,1.634,18.47,189980.2
2025-12-02,CD-AM1,9183,8137,18400,92,1458.2,205.2,0.0753,1.154,14.0,67954.2
2025-12-03,CD-AM1,8536,7896,16093,68,1353.7,111.6,0.0627,1.057,9.26,63166.4
2025-12-04,CD-AM1,8413,7859,16123,72,1332.5,97.8,0.064,1.042,10.35,62256.2
2025-12-05,CD-AM1,7878,7553,14730,58,1146.6,30.8,0.0542,0.965,8.28,58297.2
2025-12-06,CD-AM1,7125,6992,13622,52,1035.7,0.0,0.049,0.867,7.87,52725.0
2025-12-07,CD-AM1,6676,6558,12476,46,969.3,0.0,0.0494,0.812,7.41,49402.4
2025-12-08,CD-AM1,14994,11716,28294,193,2363.5,496.3,0.0842,1.421,14.52,110955.6
2025-12-09,CD-AM1,14122,11725,28561,178,2223.5,466.9,0.0631,1.306,14.05,104502.8
2025-12-10,CD-AM1,13113,11412,24985,161,2062.2,351.1,0.0569,1.204,11.53,97036.2
2025-12-11,CD-AM1,13923,11734,25365,161,2187.2,457.0,0.0506,1.268,12.19,103030.2
2025-12-12,CD-AM1,12859,11442,24845,154,2017.8,308.6,0.0546,1.175,12.1,95156.6
2025-12-13,CD-AM1,10764,10290,21059,122,1552.2,55.7,0.0521,0.98,8.13,79653.6
2025-12-14,CD-AM1,10887,10287,21053,108,1704.6,90.3,0.0693,1.008,9.7,80563.8
2025-12-15,CD-AM1,15344,11882,29018,211,2399.9,504.0,0.0723,1.424,14.88,113545.6
2025-12-16,CD-AM1,14012,11733,25980,168,2189.3,459.8,0.061,1.283,12.95,103688.8
2025-12-17,CD-AM1,14455,11705,26819,175,2256.2,473.8,0.0566,1.317,12.77,106967.0
2025-12-18,CD-AM1,13460,11699,25446,154,2098.7,369.6,0.0479,1.213,12.0,99604.0
2025-12-19,CD-AM1,12879,11279,24234,159,2006.1,306.5,0.0598,1.175,11.02,95304.6
2025-12-20,CD-AM1,11324,10625,21200,124,1762.2,102.8,0.0464,1.017,10.77,83797.6
2025-12-21,CD-AM1,7235,7060,14186,63,1034.8,0.0,0.0766,0.892,6.67,53539.0
2025-12-22,CD-AM1,10290,8647,20025,114,1598.2,332.1,0.076,1.266,13.68,76146.0
2025-12-23,CD-AM1,9275,8345,18210,75,1439.1,176.0,0.0624,1.124,11.8,68635.0
2025-12-24,CD-AM1,9341,8430,17380,88,1448.0,182.2,0.0615,1.13,11.05,69123.4
2025-12-25,CD-AM1,8856,8255,16419,81,1371.6,112.3,0.0494,1.056,11.2,65534.4
2025-12-26,CD-AM1,9146,8401,17413,72,1415.2,152.1,0.0572,1.099,10.05,67680.4
2025-12-27,CD-AM1,7423,7308,14258,62,1055.8,0.0,0.0339,0.87,7.06,54930.2
2025-12-28,CD-AM1,6525,6416,12421,53,927.2,0.0,0.0524,0.779,7.6,48285.0
2025-12-29,CD-AM1,10592,8846,20308,102,1634.6,343.3,0.0748,1.294,12.78,78380.8
2025-12-30,CD-AM1,10518,8908,20818,92,1621.8,321.0,0.05,1.25,11.43,77833.2
2025-12-31,CD-AM1,9836,8610,18581,90,1515.4,236.1,0.0595,1.18,10.64,72786.4
2026-01-01,CD-AM1,9748,8623,18915,83,1500.6,218.3,0.0549,1.162,10.43,72135.2
2026-01-02,CD-AM1,8411,7933,16199,75,1293.7,71.4,0.0677,1.012,9.7,62241.4
2026-01-03,CD-AM1,7787,7533,14832,60,1101.0,0.0,0.0491,0.914,7.58,57623.8
2026-01-04,CD-AM1,7013,6933,13592,52,990.8,0.0,0.0531,0.823,7.75,51896.2
2026-01-05,CD-AM1,10715,9085,19947,86,1644.1,334.0,0.0582,1.259,13.23,79291.0
2026-01-06,CD-AM1,9561,8689,17703,88,1465.9,169.9,0.0543,1.113,10.2,70751.4
2026-01-07,CD-AM1,9258,8479,17791,79,1418.4,127.7,0.0516,1.07,9.98,68509.2
2026-01-08,CD-AM1,9086,8397,16519,62,1390.9,114.9,0.0627,1.058,8.88,67236.4
2026-01-09,CD-AM1,9139,8472,17598,70,1398.0,108.5,0.054,1.049,9.05,67628.6
2026-01-10,CD-AM1,7879,7717,14526,61,1108.0,0.0,0.0516,0.898,7.14,58304.6
2026-01-11,CD-AM1,7377,7261,14576,61,1036.7,0.0,0.0496,0.836,7.08,54589.8
2026-01-12,CD-AM1,10285,9056,19338,87,1569.9,250.1,0.0702,1.186,10.6,76109.0
2026-01-13,CD-AM1,10049,8945,19823,92,1532.8,215.3,0.0709,1.154,10.71,74362.6
2026-01-14,CD-AM1,9364,8773,17693,71,1427.3,87.7,0.027,1.022,8.55,69293.6
2026-01-15,CD-AM1,9734,8993,18371,77,1482.7,150.4,0.0546,1.089,12.57,72031.6
2026-01-16,CD-AM1,9364,8667,18197,85,1425.4,118.4,0.0684,1.058,9.6,69293.6
2026-01-17,CD-AM1,8066,7893,15444,67,1128.8,0.0,0.0509,0.891,7.83,59688.4
2026-01-18,CD-AM1,7218,7052,13690,59,1009.5,0.0,0.0592,0.801,7.68,53413.2
2026-01-19,CD-AM1,9903,8955,18616,84,1504.5,179.0,0.0794,1.118,10.48,73282.2
2026-01-20,CD-AM1,9670,8995,18182,76,1468.1,120.5,0.0528,1.057,9.84,71558.0
2026-01-21,CD-AM1,10239,9239,20661,90,1553.5,177.7,0.0498,1.111,10.5,75768.6
2026-01-22,CD-AM1,9447,8863,17158,77,1432.5,98.2,0.0625,1.034,9.43,69907.8
2026-01-23,CD-AM1,8881,8518,16340,60,1238.2,36.2,0.063,0.969,9.66,65719.4
2026-01-24,CD-AM1,8341,8120,16339,67,1162.2,0.0,0.0545,0.898,7.29,61723.4
2026-01-25,CD-AM1,7850,7750,15347,55,1093.1,0.0,0.0599,0.846,6.49,58090.0
2026-01-26,CD-AM1,11114,9599,20604,86,1681.2,298.9,0.0777,1.216,12.39,82243.6
2026-01-27,CD-AM1,10342,9378,18744,89,1563.5,168.5,0.0546,1.1,9.47,76530.8
2026-01-28,CD-AM1,9842,9208,19326,85,1487.1,111.9,0.0574,1.045,9.22,72830.8
2026-01-29,CD-AM1,9789,9186,18087,79,1478.2,104.2,0.0592,1.037,8.87,72438.6
2026-01-30,CD-AM1,9761,9119,18306,74,1473.2,93.7,0.0553,1.026,8.87,72231.4
2026-01-31,CD-AM1,8112,7998,15452,60,1125.8,0.0,0.0645,0.858,7.4,60028.8
2026-02-01,CD-AM1,7811,7699,14422,58,1083.4,0.0,0.0508,0.811,7.32,57801.4
2026-02-02,CD-AM1,11712,10014,22794,112,1764.8,338.4,0.0729,1.24,11.86,86668.8
2026-02-03,CD-AM1,10153,9380,19301,71,1529.1,129.7,0.0651,1.061,9.12,75132.2
2026-02-04,CD-AM1,10281,9541,19080,84,1547.5,124.4,0.0505,1.054,10.29,76079.4
2026-02-05,CD-AM1,9736,9232,18112,70,1464.8,79.7,0.066,1.011,9.27,72046.4
2026-02-06,CD-AM1,8538,8421,16776,69,1181.2,0.0,0.0645,0.881,6.24,63181.2
2026-02-07,CD-AM1,7492,7321,14130,58,1035.9,0.0,0.0696,0.775,6.25,55440.8
2026-02-08,CD-AM1,7439,7263,14363,55,1028.1,0.0,0.0639,0.762,6.63,55048.6
2026-02-09,CD-AM1,11605,10055,22044,89,1742.5,287.1,0.0727,1.195,10.52,85877.0
2026-02-10,CD-AM1,10761,9792,19502,82,1615.0,164.3,0.0609,1.09,9.22,79631.4
2026-02-11,CD-AM1,10206,9539,19773,86,1531.0,100.8,0.0611,1.03,9.18,75524.4
2026-02-12,CD-AM1,10639,9736,20785,79,1595.2,158.5,0.0752,1.086,10.15,78728.6
2026-02-13,CD-AM1,9056,8852,18041,71,1248.6,0.0,0.0637,0.909,7.24,67014.4
2026-02-14,CD-AM1,8186,8062,14775,59,1128.2,0.0,0.0579,0.814,6.83,60576.4
2026-02-15,CD-AM1,7891,7771,13747,51,1087.0,0.0,0.0574,0.781,6.62,58393.4
2026-02-16,CD-AM1,11234,10161,21704,93,1681.4,211.4,0.0755,1.13,9.99,83131.6
2026-02-17,CD-AM1,10858,9995,20305,68,1624.4,134.9,0.0499,1.058,10.04,80349.2
2026-02-18,CD-AM1,9687,9374,17713,72,1332.7,21.4,0.0559,0.947,8.56,71683.8
2026-02-19,CD-AM1,10574,9951,20147,75,1580.6,98.8,0.0509,1.024,8.8,78247.6
2026-02-20,CD-AM1,9360,9109,17574,69,1286.7,0.0,0.0559,0.908,6.66,69264.0
2026-02-21,CD-AM1,8879,8766,16304,64,1220.0,0.0,0.0654,0.867,6.48,65704.6
2026-02-22,CD-AM1,7889,7783,14956,63,1083.6,0.0,0.0592,0.762,6.85,58378.6
2026-02-23,CD-AM1,12084,10657,23302,108,1803.4,275.6,0.0681,1.175,10.9,89421.6
2026-02-24,CD-AM1,10951,10087,20903,84,1633.6,126.6,0.0578,1.049,9.78,81037.4
2026-02-25,CD-AM1,10367,9913,19792,86,1422.2,58.7,0.057,0.989,7.97,76715.8
2026-02-26,CD-AM1,9983,9643,19189,82,1369.0,25.6,0.0594,0.951,8.28,73874.2
2026-02-27,CD-AM1,9737,9518,17677,72,1334.8,0.0,0.0509,0.916,7.36,72053.8
2026-02-28,CD-AM1,8476,8236,16083,58,1161.5,0.0,0.0503,0.794,9.4,62722.4
2026-03-01,CD-AM1,7767,7636,14850,60,1063.9,0.0,0.0435,0.72,6.81,57475.8
2026-03-02,CD-AM1,11742,10605,22088,95,1747.7,196.1,0.0628,1.107,9.66,86890.8
2026-03-03,CD-AM1,10855,10333,20174,90,1615.1,82.6,0.0492,1.005,9.98,80327.0
2026-03-04,CD-AM1,11337,10526,21117,75,1686.2,124.9,0.0467,1.043,9.04,83893.8
2026-03-05,CD-AM1,10270,9955,19362,71,1404.8,30.7,0.0611,0.956,8.28,75998.0
2026-03-06,CD-AM1,10332,9940,20103,73,1412.8,44.0,0.0737,0.972,7.36,76456.8
2026-03-07,CD-AM1,8415,8298,16631,76,1150.3,0.0,0.0616,0.779,7.88,62271.0
2026-03-08,CD-AM1,8145,8062,16014,63,1113.0,0.0,0.0505,0.742,6.44,60273.0
2026-03-09,CD-AM1,15915,14428,28997,134,2363.1,260.0,0.0717,1.103,9.39,117771.0
2026-03-10,CD-AM1,15448,14340,28626,111,2293.0,176.0,0.0545,1.048,9.98,114315.2
2026-03-11,CD-AM1,14953,14207,28902,114,2218.8,114.9,0.0501,1.006,8.16,110652.2
2026-03-12,CD-AM1,15383,14264,30228,120,2281.9,176.4,0.0656,1.049,8.69,113834.2
2026-03-13,CD-AM1,13973,13376,25873,111,1906.4,44.9,0.0751,0.959,7.31,103400.2
2026-03-14,CD-AM1,12566,12365,23991,106,1713.9,0.0,0.0432,0.831,6.54,92988.4
2026-03-15,CD-AM1,11674,11462,21520,92,1591.7,0.0,0.0665,0.789,6.38,86387.6
2026-03-16,CD-AM1,12727,11465,24357,105,1885.6,256.8,0.0653,1.147,11.2,94179.8
2026-03-17,CD-AM1,11301,10749,21108,87,1673.9,82.2,0.0529,1.002,8.12,83627.4
2026-03-18,CD-AM1,11607,10859,22159,89,1718.7,113.7,0.0573,1.03,8.6,85891.8
2026-03-19,CD-AM1,10337,10023,19014,84,1407.8,3.8,0.0674,0.924,7.07,76493.8
2026-03-20,CD-AM1,9735,9606,17701,71,1325.4,0.0,0.0612,0.862,7.27,72039.0
2026-03-21,CD-AM1,8281,8199,17017,60,1127.1,0.0,0.0583,0.729,7.55,61279.4
2026-03-22,CD-AM1,8909,8789,16958,66,1212.3,0.0,0.0618,0.784,6.79,65926.6
2026-03-23,CD-AM1,12509,11275,25102,105,1849.7,218.7,0.0781,1.117,10.08,92566.6
2026-03-24,CD-AM1,11302,10714,22327,87,1537.1,60.6,0.0591,0.986,8.36,83634.8
2026-03-25,CD-AM1,11289,10750,20526,86,1534.9,60.5,0.0631,0.986,8.43,83538.6
2026-03-26,CD-AM1,10874,10572,20857,72,1478.1,12.0,0.0502,0.934,8.1,80467.6
2026-03-27,CD-AM1,10796,10510,19814,77,1467.1,0.0,0.0451,0.919,7.83,79890.4
2026-03-28,CD-AM1,8258,8171,15568,62,1121.9,0.0,0.0696,0.719,6.26,61109.2
2026-03-29,CD-AM1,8239,8136,14878,56,1119.1,0.0,0.0467,0.698,5.97,60968.6
2026-03-30,CD-AM1,12078,11293,21998,83,1782.7,129.3,0.0657,1.041,9.25,89377.2
2026-03-31,CD-AM1,10748,10533,19962,89,1459.1,0.0,0.0523,0.91,6.58,79535.2
2026-04-01,CD-AM1,11324,10856,21207,85,1537.0,32.0,0.051,0.955,8.18,83797.6
2026-04-02,CD-AM1,10617,10411,20193,65,1440.7,0.0,0.0492,0.893,7.11,78565.8
2026-04-03,CD-AM1,10460,10236,19332,66,1419.0,0.0,0.0627,0.892,6.91,77404.0
2026-04-04,CD-AM1,9540,9416,18197,74,1293.9,0.0,0.0588,0.81,6.61,70596.0
2026-04-05,CD-AM1,8290,8136,16222,61,1124.1,0.0,0.06,0.705,7.5,61346.0
2026-04-06,CD-AM1,12209,11349,23364,100,1799.1,144.9,0.0745,1.054,9.64,90346.6
2026-04-07,CD-AM1,11701,11152,22193,86,1585.9,62.7,0.0517,0.986,7.7,86587.4
2026-04-08,CD-AM1,11400,10999,21855,91,1544.8,37.3,0.0517,0.96,8.07,84360.0
2026-04-09,CD-AM1,10602,10335,19383,81,1436.4,0.0,0.064,0.905,7.18,78454.8
2026-04-10,CD-AM1,10062,9935,19597,83,1362.9,0.0,0.0548,0.85,7.85,74458.8
2026-04-11,CD-AM1,9222,9049,16970,58,1248.9,0.0,0.0507,0.776,8.04,68242.8
2026-04-12,CD-AM1,8582,8425,16972,71,1162.0,0.0,0.0624,0.731,6.78,63506.8
2026-04-13,CD-AM1,11608,11025,22503,81,1571.3,71.5,0.0699,0.996,10.78,85899.2
2026-04-14,CD-AM1,11253,10937,21694,90,1523.0,23.8,0.051,0.946,7.26,83272.2
2026-04-15,CD-AM1,11702,11131,22585,95,1583.4,60.5,0.051,0.984,7.51,86594.8
2026-04-16,CD-AM1,11067,10635,21026,81,1497.2,20.6,0.064,0.943,9.07,81895.8
2026-04-17,CD-AM1,10104,9920,18800,84,1366.7,0.0,0.0637,0.86,6.27,74769.6
2026-04-18,CD-AM1,8918,8776,16524,62,1206.0,0.0,0.0569,0.754,6.06,65993.2
2026-04-19,CD-AM1,8548,8489,16990,69,1155.8,0.0,0.0457,0.714,6.3,63255.2
2026-04-20,CD-AM1,12937,11764,24647,110,1900.9,217.7,0.0719,1.111,9.67,95733.8
2026-04-21,CD-AM1,11296,10874,20833,89,1526.7,28.1,0.0533,0.951,6.94,83590.4
2026-04-22,CD-AM1,10884,10639,20961,69,1470.8,0.0,0.0477,0.91,6.98,80541.6
2026-04-23,CD-AM1,11113,10867,21305,86,1501.5,10.7,0.0502,0.932,7.11,82236.2
2026-04-24,CD-AM1,10434,10256,19653,79,1409.5,0.0,0.0646,0.888,6.91,77211.6
2026-04-25,CD-AM1,9229,9088,17121,63,1246.5,0.0,0.0649,0.786,5.87,68294.6
2026-04-26,CD-AM1,8246,8114,15971,69,1113.5,0.0,0.0465,0.688,6.59,61020.4
2026-04-27,CD-AM1,12879,11814,25079,96,1890.1,196.7,0.0625,1.093,12.53,95304.6
2026-04-28,CD-AM1,12417,11524,23792,99,1822.0,144.1,0.0606,1.052,10.02,91885.8
2026-04-29,CD-AM1,11502,11093,21895,98,1552.4,42.0,0.0517,0.965,7.26,85114.8
2026-04-30,CD-AM1,11155,10846,20758,87,1505.4,21.2,0.0594,0.943,7.2,82547.0
2026-05-01,CD-AM1,14206,13881,27332,120,1916.8,2.5,0.0556,0.922,7.04,105124.4
2026-05-02,CD-AM1,11958,11776,22341,89,1613.2,0.0,0.0596,0.779,8.12,88489.2
2026-05-03,CD-AM1,11701,11468,21487,92,1578.3,0.0,0.044,0.75,6.55,86587.4
2026-05-04,CD-AM1,18079,15779,35368,170,2650.2,440.2,0.0744,1.197,10.89,133784.6
2026-05-05,CD-AM1,16212,15152,29968,119,2376.2,160.6,0.0382,1.033,8.25,119968.8
2026-05-06,CD-AM1,14914,14239,26922,107,2010.8,65.6,0.0624,0.974,7.78,110363.6
2026-05-07,CD-AM1,14849,14270,29185,104,2001.7,50.6,0.0547,0.962,7.67,109882.6
2026-05-08,CD-AM1,14471,14028,26233,94,1950.5,29.6,0.0625,0.945,7.76,107085.4
2026-05-09,CD-AM1,12256,12050,23048,92,1651.7,0.0,0.0569,0.796,6.25,90694.4
2026-05-10,CD-AM1,12027,11789,22192,85,1620.6,0.0,0.0414,0.768,6.11,88999.8
2026-05-11,CD-AM1,13167,11765,24541,118,1928.2,252.0,0.0809,1.138,9.71,97435.8
2026-05-12,CD-AM1,12535,11725,25210,98,1835.4,150.1,0.0577,1.056,10.1,92759.0
2026-05-13,CD-AM1,12067,11391,22866,89,1766.6,106.4,0.0611,1.02,9.8,89295.8
2026-05-14,CD-AM1,11675,11139,22393,82,1572.3,51.2,0.0486,0.974,8.97,86395.0
2026-05-15,CD-AM1,10379,10284,20130,82,1397.6,0.0,0.0609,0.877,6.45,76804.6
2026-05-16,CD-AM1,8979,8842,16770,69,1208.9,0.0,0.0445,0.746,7.58,66444.6
2026-05-17,CD-AM1,8806,8760,17205,70,1185.4,0.0,0.0562,0.74,7.41,65164.4
2026-05-18,CD-AM1,12827,11783,24612,91,1876.7,186.5,0.0625,1.086,9.93,94919.8
2026-05-19,CD-AM1,11765,11060,22797,90,1721.1,115.1,0.0951,1.031,8.62,87061.0
2026-05-20,CD-AM1,11406,11010,21258,96,1534.9,39.1,0.0598,0.962,8.2,84404.4
2026-05-21,CD-AM1,11182,10871,21494,81,1504.5,26.4,0.0656,0.949,7.03,82746.8
2026-05-22,CD-AM1,10560,10373,20059,83,1420.7,0.0,0.057,0.888,7.57,78144.0
2026-05-23,CD-AM1,9241,9161,18080,65,1243.1,0.0,0.0582,0.778,5.87,68383.4
2026-05-24,CD-AM1,9266,9111,17355,66,1246.3,0.0,0.0622,0.783,6.5,68568.4
2026-05-25,CD-AM1,13226,11957,26473,102,1933.4,228.7,0.0614,1.117,9.93,97872.4
2026-05-26,CD-AM1,13416,12139,25718,101,1960.9,234.2,0.0496,1.119,9.81,99278.4
2026-05-27,CD-AM1,11745,11218,22242,81,1579.2,69.5,0.0628,0.993,9.06,86913.0
2026-05-28,CD-AM1,11342,10944,21412,77,1524.8,27.0,0.0533,0.949,7.03,83930.8
2026-05-29,CD-AM1,10899,10728,20704,77,1465.1,0.0,0.053,0.912,6.62,80652.6
2026-05-30,CD-AM1,9501,9416,17753,75,1277.0,0.0,0.05,0.792,6.76,70307.4
2026-05-31,CD-AM1,9103,8975,17599,77,1223.4,0.0,0.0452,0.755,5.98,67362.2
2026-06-01,CD-AM1,14196,12349,26964,128,2073.6,344.4,0.0603,1.197,10.85,105050.4
2026-06-02,CD-AM1,12074,11491,24114,90,1763.5,88.9,0.0474,1.004,9.82,89347.6
2026-06-03,CD-AM1,12117,11302,22760,110,1769.6,108.8,0.0614,1.022,9.15,89665.8
2026-06-04,CD-AM1,11629,11127,22025,88,1562.3,62.3,0.0664,0.986,9.57,86054.6
2026-06-05,CD-AM1,10376,10151,19489,79,1393.8,0.0,0.0852,0.898,6.52,76782.4
2026-06-06,CD-AM1,9743,9653,19422,69,1308.6,0.0,0.0607,0.821,6.96,72098.2
2026-06-07,CD-AM1,9435,9249,17244,69,1267.1,0.0,0.0508,0.787,6.91,69819.0
2026-06-08,CD-AM1,12933,11724,24633,108,1887.8,212.7,0.0758,1.108,8.21,95704.2
2026-06-09,CD-AM1,12531,11630,24005,88,1828.9,156.6,0.0666,1.063,7.8,92729.4
2026-06-10,CD-AM1,11135,10795,20528,82,1495.0,24.1,0.0692,0.947,6.39,82399.0
2026-06-11,CD-AM1,11118,10732,22594,92,1492.6,22.0,0.0685,0.945,7.43,82273.2
2026-06-12,CD-AM1,11466,10966,21252,88,1539.2,51.0,0.0696,0.975,6.22,84848.4
2026-06-13,CD-AM1,9401,9303,17878,69,1261.9,0.0,0.0618,0.793,6.89,69567.4
2026-06-14,CD-AM1,8747,8658,17356,71,1174.0,0.0,0.0669,0.742,5.15,64727.8
2026-06-15,CD-AM1,13539,12080,25470,114,1975.0,269.5,0.0665,1.147,8.62,100188.6
2026-06-16,CD-AM1,12396,11617,23641,84,1808.1,115.8,0.0449,1.027,6.62,91730.4
2026-06-17,CD-AM1,11741,11051,22106,88,1712.4,89.4,0.0777,1.007,5.81,86883.4
2026-06-18,CD-AM1,12019,11369,22804,95,1752.8,96.7,0.0606,1.012,7.65,88940.6
2026-06-19,CD-AM1,10688,10497,20885,90,1433.9,0.0,0.0693,0.908,5.87,79091.2
2026-06-20,CD-AM1,9322,9195,17515,68,1250.5,0.0,0.0386,0.767,4.68,68982.8
2026-06-21,CD-AM1,9216,9051,16287,68,1236.2,0.0,0.0734,0.786,4.91,68198.4
2026-06-22,CD-AM1,13987,12253,26552,123,2039.1,353.6,0.0852,1.209,7.47,103503.8
2026-06-23,CD-AM1,13269,11979,25253,114,1934.3,211.8,0.0485,1.103,6.27,98190.6
2026-06-24,CD-AM1,11744,11245,22428,88,1574.9,62.4,0.0585,0.986,5.97,86905.6
2026-06-25,CD-AM1,12187,11455,23044,104,1776.3,115.4,0.0631,1.028,6.1,90183.8
2026-06-26,CD-AM1,10913,10689,20264,78,1463.3,0.0,0.0549,0.913,5.89,80756.2
2026-06-27,CD-AM1,10315,10136,19472,81,1383.0,0.0,0.0649,0.872,4.57,76331.0
2026-06-28,CD-AM1,8865,8734,17626,66,1188.5,0.0,0.0694,0.753,4.16,65601.0
2026-06-29,CD-AM1,14258,12324,27060,118,2077.6,377.5,0.0786,1.223,7.15,105509.2
2026-06-30,CD-AM1,12514,11697,24185,98,1823.3,130.4,0.0485,1.039,5.27,92603.6
2026-07-01,CD-AM1,12962,11824,23958,93,1888.4,182.6,0.0527,1.081,5.5,95918.8
2026-07-02,CD-AM1,12129,11512,22868,79,1767.0,105.5,0.06,1.019,5.13,89754.6
2026-07-03,CD-AM1,10898,10663,20161,71,1460.5,0.0,0.063,0.919,4.49,80645.2
2026-07-04,CD-AM1,9585,9451,18831,83,1284.5,0.0,0.0592,0.805,3.65,70929.0
2026-07-05,CD-AM1,9551,9420,17404,73,1279.8,0.0,0.0589,0.802,3.21,70677.4
2026-07-06,CD-AM1,14226,12524,27294,126,2071.9,344.8,0.0616,1.197,6.11,105272.4
2026-07-07,CD-AM1,12866,11749,24665,98,1873.7,190.8,0.0674,1.09,5.0,95208.4
2026-07-08,CD-AM1,12212,11401,23371,99,1778.3,120.2,0.066,1.033,5.54,90368.8
2026-07-09,CD-AM1,12284,11535,21899,93,1788.7,126.4,0.0652,1.038,5.76,90901.6
2026-07-10,CD-AM1,11431,10993,20563,87,1531.2,45.0,0.0684,0.969,4.09,84589.4
2026-07-11,CD-AM1,9386,9215,17888,69,1257.2,0.0,0.0587,0.787,3.56,69456.4
2026-07-12,CD-AM1,9095,9006,16861,63,1218.2,0.0,0.0561,0.761,3.63,67303.0
2026-07-13,CD-AM1,13929,12285,26017,126,2027.7,316.1,0.0679,1.18,5.73,103074.6
2026-07-14,CD-AM1,13539,12019,25437,115,1970.9,276.1,0.0733,1.153,6.01,100188.6
2026-07-15,CD-AM1,12972,11907,23964,116,1888.2,193.0,0.0608,1.09,4.94,95992.8
2026-07-16,CD-AM1,12377,11650,22758,111,1801.5,114.6,0.0477,1.026,4.92,91589.8
2026-07-17,CD-AM1,11572,11073,21987,83,1549.5,52.7,0.0648,0.977,4.83,85632.8
2026-07-18,CD-AM1,10158,10030,18332,71,1360.1,0.0,0.0443,0.839,3.96,75169.2
2026-07-19,CD-AM1,9205,9098,17257,67,1232.4,0.0,0.063,0.775,3.92,68117.0
2026-07-20,CD-AM1,13835,12217,25825,100,2013.3,317.9,0.0771,1.183,5.78,102379.0
2026-07-21,CD-AM1,12698,11771,24111,114,1847.7,157.7,0.0567,1.062,5.9,93965.2
2026-07-22,CD-AM1,11821,11267,23871,112,1582.4,62.2,0.0535,0.986,5.09,87475.4
2026-07-23,CD-AM1,12272,11501,22714,101,1785.5,124.5,0.0655,1.036,4.75,90812.8
2026-07-24,CD-AM1,11610,11160,22295,105,1554.0,55.1,0.0643,0.979,4.79,85914.0
2026-07-25,CD-AM1,10206,10088,19504,82,1366.0,0.0,0.0455,0.844,3.5,75524.4
2026-07-26,CD-AM1,9670,9521,18644,70,1294.2,0.0,0.0706,0.821,4.03,71558.0
2026-07-27,CD-AM1,14122,12349,26681,116,2054.3,340.2,0.0685,1.196,5.76,104502.8
2026-07-28,CD-AM1,13420,12254,26465,103,1952.1,228.3,0.0505,1.115,6.03,99308.0
2026-07-29,CD-AM1,12426,11580,24035,96,1807.4,147.6,0.0719,1.056,4.87,91952.4
2026-07-30,CD-AM1,12388,11542,23972,101,1801.8,140.7,0.0695,1.05,4.7,91671.2
2026-07-31,CD-AM1,11317,10981,20702,86,1514.2,28.4,0.0616,0.951,3.91,83745.8
2026-08-01,CD-AM1,10163,9998,19359,74,1359.8,0.0,0.045,0.839,3.81,75206.2
2026-08-02,CD-AM1,9776,9651,18325,82,1307.9,0.0,0.0477,0.81,3.96,72342.4
2026-08-03,CD-AM1,13767,12321,25564,140,2002.0,292.0,0.0665,1.163,5.79,101875.8
2026-08-04,CD-AM1,13275,12046,24807,102,1930.3,230.9,0.0647,1.119,5.93,98235.0
2026-08-05,CD-AM1,12254,11562,23248,92,1781.8,121.8,0.0654,1.034,4.41,90679.6
2026-08-06,CD-AM1,12067,11415,23203,80,1754.5,93.0,0.0563,1.008,4.71,89295.8
2026-08-07,CD-AM1,11229,10842,21886,81,1502.0,23.6,0.0642,0.946,4.11,83094.6
2026-08-08,CD-AM1,10547,10447,20532,79,1410.7,0.0,0.0533,0.878,3.41,78047.8
2026-08-09,CD-AM1,9974,9760,19097,78,1334.0,0.0,0.048,0.826,3.37,73807.6
2026-08-10,CD-AM1,14457,12567,27509,131,2101.7,365.7,0.058,1.21,6.54,106981.8
2026-08-11,CD-AM1,14260,12543,26863,122,2073.0,339.5,0.0576,1.193,5.74,105524.0
2026-08-12,CD-AM1,12526,11678,23644,89,1820.8,145.3,0.0622,1.053,5.02,92692.4
2026-08-13,CD-AM1,13687,12175,25471,105,1989.5,258.9,0.0509,1.137,5.26,101283.8
2026-08-14,CD-AM1,11673,11067,21929,80,1560.9,63.6,0.0685,0.988,4.08,86380.2
2026-08-15,CD-AM1,10256,10107,19668,77,1371.4,0.0,0.0519,0.853,3.66,75894.4
2026-08-16,CD-AM1,9544,9428,18869,81,1276.2,0.0,0.0557,0.797,3.78,70625.6
2026-08-17,CD-AM1,14469,12514,27383,113,2102.8,383.5,0.0682,1.224,6.06,107070.6
2026-08-18,CD-AM1,13819,12255,25698,103,2008.3,295.0,0.0649,1.165,6.1,102260.6
2026-08-19,CD-AM1,12641,11767,24631,100,1837.0,152.9,0.0589,1.059,5.65,93543.4
2026-08-20,CD-AM1,13229,12078,23811,96,1922.4,210.8,0.0545,1.103,5.74,97894.6
2026-08-21,CD-AM1,11942,11326,23313,88,1735.3,84.1,0.0596,1.001,4.59,88370.8
2026-08-22,CD-AM1,10329,10206,18885,78,1380.8,0.0,0.0455,0.853,4.22,76434.6
2026-08-23,CD-AM1,9432,9275,18231,74,1260.9,0.0,0.0371,0.772,3.73,69796.8
2026-08-24,CD-AM1,14586,12584,27366,133,2119.3,394.6,0.0657,1.23,6.08,107936.4
2026-08-25,CD-AM1,13450,12122,25771,112,1954.2,234.1,0.0534,1.12,5.81,99530.0
2026-08-26,CD-AM1,12502,11679,25056,93,1816.4,138.6,0.0593,1.047,5.43,92514.8
2026-08-27,CD-AM1,12194,11532,22658,84,1771.6,101.3,0.0537,1.015,4.34,90235.6
2026-08-28,CD-AM1,13034,11940,24113,96,1893.6,189.8,0.0552,1.087,5.16,96451.6
2026-08-29,CD-AM1,10203,10085,19426,70,1363.7,0.0,0.0314,0.83,3.38,75502.2
2026-08-30,CD-AM1,9304,9231,18387,75,1243.5,0.0,0.0592,0.779,3.75,68849.6
2026-08-31,CD-AM1,14115,12272,26945,131,2050.4,341.9,0.0717,1.198,6.05,104451.0
2026-09-01,CD-AM1,13575,12227,25823,113,1971.9,259.8,0.0615,1.14,5.37,100455.0
2026-09-02,CD-AM1,13102,12048,25005,105,1903.1,197.0,0.0552,1.092,5.3,96954.8
2026-09-03,CD-AM1,12861,11808,23790,93,1868.1,182.3,0.0642,1.083,5.35,95171.4
2026-09-04,CD-AM1,12280,11595,23442,90,1783.6,110.5,0.0546,1.023,5.03,90872.0
2026-09-05,CD-AM1,10130,9977,19048,69,1353.6,0.0,0.0547,0.844,4.74,74962.0
2026-09-06,CD-AM1,9985,9895,19632,92,1334.2,0.0,0.0569,0.834,3.59,73889.0
2026-09-07,CD-AM1,14114,12149,27380,130,2049.8,347.1,0.0753,1.202,6.18,104443.6
2026-09-08,CD-AM1,13390,12189,24555,105,1944.6,233.4,0.0583,1.12,5.53,99086.0
2026-09-09,CD-AM1,12522,11614,23615,92,1818.5,139.6,0.0588,1.048,6.5,92662.8
2026-09-10,CD-AM1,12168,11484,23440,77,1767.1,102.3,0.0572,1.016,4.56,90043.2
2026-09-11,CD-AM1,12522,11637,23177,102,1818.4,137.8,0.0575,1.046,4.88,92662.8
2026-09-12,CD-AM1,10681,10553,19718,83,1427.0,0.0,0.0622,0.897,3.76,79039.4
2026-09-13,CD-AM1,10269,10115,19274,79,1371.9,0.0,0.0416,0.844,3.32,75990.6
2026-09-14,CD-AM1,14673,12557,28131,135,2130.6,403.7,0.065,1.236,6.63,108580.2
2026-09-15,CD-AM1,14148,12438,27615,131,2054.3,339.1,0.0677,1.195,6.18,104695.2
2026-09-16,CD-AM1,12217,11580,23354,93,1773.9,98.2,0.0496,1.012,4.51,90405.8
2026-09-17,CD-AM1,13162,12010,26628,103,1911.1,201.9,0.0544,1.096,5.58,97398.8
2026-09-18,CD-AM1,12223,11401,22810,91,1774.7,122.5,0.0701,1.035,5.03,90450.2
2026-09-19,CD-AM1,10726,10497,20776,88,1432.7,0.0,0.054,0.893,3.47,79372.4
2026-09-20,CD-AM1,10125,10034,18676,75,1352.4,0.0,0.0483,0.838,3.9,74925.0
2026-09-21,CD-AM1,14236,12343,28195,137,2066.8,369.4,0.0796,1.218,5.84,105346.4
2026-09-22,CD-AM1,13133,12033,25845,99,1906.6,196.3,0.0527,1.092,5.33,97184.2
2026-09-23,CD-AM1,12775,11862,24727,89,1854.6,158.5,0.0532,1.062,4.82,94535.0
2026-09-24,CD-AM1,13110,11987,23771,112,1903.2,176.2,0.0392,1.074,6.01,97014.0
2026-09-25,CD-AM1,12520,11659,24228,97,1817.5,137.8,0.058,1.046,5.5,92648.0
2026-09-26,CD-AM1,10055,9902,18693,79,1342.9,0.0,0.0605,0.843,4.53,74407.0
2026-09-27,CD-AM1,9709,9611,18667,73,1296.6,0.0,0.0516,0.806,3.44,71846.6
2026-09-28,CD-AM1,14462,12471,26426,119,2099.3,366.4,0.0597,1.211,5.92,107018.8
2026-09-29,CD-AM1,13772,12393,26353,126,1999.1,267.1,0.0512,1.143,5.66,101912.8
2026-09-30,CD-AM1,12555,11826,23633,86,1822.4,131.7,0.0501,1.04,4.7,92907.0
