data,regiao_id,viagens,partidas_no_horario,chegadas_na_janela,volumes,kg,ocupacao_media,km_total,km_vazio,custo_frete
2025-01-01,SE,40,39,38,58421,105159.0,0.811,14400,3262.0,111144.71
2025-01-02,SE,38,37,37,54654,98377.0,0.799,13680,1921.0,107993.45
2025-01-03,SE,38,38,38,55344,99619.0,0.809,13680,2490.0,108219.34
2025-01-04,SE,33,33,32,48121,86617.0,0.81,11880,2900.0,90040.99
2025-01-05,SE,28,28,28,41321,74378.0,0.82,10080,2086.0,74334.08
2025-01-06,SE,43,42,41,62459,112426.0,0.807,15480,2695.0,130056.87
2025-01-07,SE,42,42,41,61783,111209.0,0.817,15120,3084.0,118095.73
2025-01-08,SE,39,39,38,57494,103489.0,0.819,14040,2507.0,111370.15
2025-01-09,SE,39,38,37,57012,102622.0,0.812,14040,3145.0,105756.02
2025-01-10,SE,36,36,35,52619,94714.0,0.812,12960,2652.0,106612.25
2025-01-11,SE,33,32,31,48298,86936.0,0.813,11880,1830.0,96519.12
2025-01-12,SE,32,31,31,45820,82477.0,0.795,11520,2156.0,90073.37
2025-01-13,SE,45,44,43,65971,118748.0,0.814,16200,3119.0,127421.99
2025-01-14,SE,44,43,41,64304,115747.0,0.812,15840,3074.0,124960.41
2025-01-15,SE,41,41,39,59432,106977.0,0.805,14760,2798.0,115580.15
2025-01-16,SE,38,37,37,55649,100169.0,0.814,13680,2694.0,109085.23
2025-01-17,SE,38,37,36,55255,99459.0,0.808,13680,2634.0,108311.33
2025-01-18,SE,31,30,30,45544,81979.0,0.816,11160,1767.0,86435.52
2025-01-19,SE,32,31,31,46243,83237.0,0.803,11520,1916.0,85655.85
2025-01-20,SE,45,44,43,66083,118950.0,0.816,16200,2792.0,126231.93
2025-01-21,SE,42,42,40,61818,111273.0,0.818,15120,2765.0,121475.3
2025-01-22,SE,39,38,38,57410,103338.0,0.818,14040,2422.0,112456.38
2025-01-23,SE,41,40,40,60175,108316.0,0.815,14760,3145.0,121171.82
2025-01-24,SE,37,36,35,54570,98226.0,0.819,13320,2014.0,109789.95
2025-01-25,SE,32,31,30,46686,84035.0,0.811,11520,1474.0,92377.81
2025-01-26,SE,31,30,29,44565,80217.0,0.799,11160,2667.0,87700.66
2025-01-27,SE,46,45,45,67822,122079.0,0.819,16560,2575.0,130942.79
2025-01-28,SE,43,43,42,63379,114081.0,0.819,15480,3297.0,117969.92
2025-01-29,SE,41,40,38,60006,108011.0,0.813,14760,2926.0,118808.77
2025-01-30,SE,40,39,38,58914,106046.0,0.818,14400,2254.0,118267.01
2025-01-31,SE,41,40,39,59321,106777.0,0.804,14760,2598.0,119924.82
2025-02-01,SE,32,31,31,46993,84587.0,0.816,11520,1976.0,91855.69
2025-02-02,SE,31,30,29,44569,80225.0,0.799,11160,2128.0,86210.06
2025-02-03,SE,45,44,43,65059,117105.0,0.803,16200,2543.0,124560.77
2025-02-04,SE,44,43,42,64298,115737.0,0.812,15840,2767.0,122762.33
2025-02-05,SE,42,41,41,61844,111319.0,0.818,15120,2705.0,114491.48
2025-02-06,SE,40,39,39,58141,104655.0,0.808,14400,3068.0,113554.06
2025-02-07,SE,37,36,36,53870,96966.0,0.809,13320,2233.0,92274.15
2025-02-08,SE,32,32,31,46563,83813.0,0.808,11520,1736.0,87919.46
2025-02-09,SE,32,31,30,46683,84029.0,0.81,11520,1885.0,90100.93
2025-02-10,SE,47,46,44,69105,124389.0,0.817,16920,3232.0,145182.35
2025-02-11,SE,44,43,42,64506,116112.0,0.814,15840,2009.0,123573.88
2025-02-12,SE,40,40,39,58443,105197.0,0.812,14400,3109.0,112505.44
2025-02-13,SE,41,40,39,59189,106540.0,0.802,14760,2666.0,111289.49
2025-02-14,SE,38,38,37,56048,100887.0,0.819,13680,2640.0,114043.26
2025-02-15,SE,33,32,31,48592,87466.0,0.818,11880,2217.0,89649.12
2025-02-16,SE,33,32,32,47308,85154.0,0.796,11880,1901.0,100198.69
2025-02-17,SE,47,47,46,68272,122889.0,0.807,16920,2496.0,128069.82
2025-02-18,SE,45,44,43,65183,117329.0,0.805,16200,2576.0,131119.38
2025-02-19,SE,41,40,39,60324,108584.0,0.817,14760,1990.0,114866.9
2025-02-20,SE,41,41,39,59648,107366.0,0.808,14760,2811.0,112538.18
2025-02-21,SE,39,38,37,57384,103292.0,0.817,14040,2459.0,113934.49
2025-02-22,SE,32,31,31,46028,82850.0,0.799,11520,1543.0,94630.95
2025-02-23,SE,31,30,30,45657,82182.0,0.818,11160,1802.0,86402.0
2025-02-24,SE,46,44,44,67010,120617.0,0.809,16560,3305.0,129043.04
2025-02-25,SE,43,42,42,62605,112688.0,0.809,15480,3387.0,118751.2
2025-02-26,SE,41,40,39,59947,107904.0,0.812,14760,2088.0,116159.8
2025-02-27,SE,43,41,41,62498,112497.0,0.807,15480,3790.0,115457.04
2025-02-28,SE,38,37,37,54758,98564.0,0.801,13680,2069.0,95208.2
2025-03-01,SE,35,34,33,50434,90780.0,0.801,12600,1624.0,90927.76
2025-03-02,SE,30,30,29,43704,78666.0,0.809,10800,2513.0,83495.11
2025-03-03,SE,46,46,45,67722,121899.0,0.818,16560,2464.0,123640.22
2025-03-04,SE,44,44,42,64775,116595.0,0.818,15840,3575.0,122970.86
2025-03-05,SE,43,43,41,62128,111830.0,0.803,15480,2478.0,118268.84
2025-03-06,SE,42,41,40,61223,110201.0,0.81,15120,2589.0,114603.75
2025-03-07,SE,40,39,38,58372,105070.0,0.811,14400,2028.0,109404.87
2025-03-08,SE,33,32,32,48464,87234.0,0.816,11880,2594.0,96249.0
2025-03-09,SE,32,31,30,45951,82712.0,0.798,11520,2468.0,90701.65
2025-03-10,SE,65,63,61,95835,172503.0,0.819,23400,3748.0,193945.38
2025-03-11,SE,59,58,57,86865,156357.0,0.818,21240,3775.0,166356.29
2025-03-12,SE,54,53,52,78969,142144.0,0.812,19440,3885.0,140047.62
2025-03-13,SE,53,52,51,77890,140203.0,0.816,19080,3165.0,142610.29
2025-03-14,SE,51,50,49,74632,134338.0,0.813,18360,4056.0,143867.49
2025-03-15,SE,46,46,44,67776,121996.0,0.819,16560,2928.0,130418.23
2025-03-16,SE,44,43,43,63736,114725.0,0.805,15840,2604.0,120655.99
2025-03-17,SE,49,47,45,70993,127788.0,0.805,17640,2338.0,133212.51
2025-03-18,SE,44,43,42,64178,115521.0,0.81,15840,2236.0,120547.34
2025-03-19,SE,42,42,41,61925,111465.0,0.819,15120,2989.0,117254.53
2025-03-20,SE,42,41,40,61750,111150.0,0.817,15120,2828.0,117704.78
2025-03-21,SE,39,38,37,56830,102294.0,0.81,14040,2871.0,104702.77
2025-03-22,SE,35,34,33,50424,90762.0,0.8,12600,2055.0,99248.07
2025-03-23,SE,32,32,31,46154,83077.0,0.801,11520,1506.0,90707.93
2025-03-24,SE,47,45,45,68833,123899.0,0.814,16920,2794.0,131395.58
2025-03-25,SE,44,43,42,64653,116376.0,0.816,15840,3820.0,120137.06
2025-03-26,SE,41,40,39,59347,106824.0,0.804,14760,2230.0,118220.67
2025-03-27,SE,42,42,41,61812,111261.0,0.818,15120,2705.0,124180.1
2025-03-28,SE,39,38,38,56834,102302.0,0.81,14040,1511.0,107548.5
2025-03-29,SE,34,33,33,49940,89891.0,0.816,12240,2012.0,93071.85
2025-03-30,SE,33,32,31,48320,86976.0,0.813,11880,1991.0,94390.95
2025-03-31,SE,49,48,47,71215,128187.0,0.807,17640,3351.0,131149.48
2025-04-01,SE,46,45,44,67443,121397.0,0.815,16560,2823.0,122572.35
2025-04-02,SE,43,42,42,62082,111747.0,0.802,15480,2081.0,117610.25
2025-04-03,SE,41,39,39,60219,108394.0,0.816,14760,2363.0,116553.21
2025-04-04,SE,40,40,39,57954,104318.0,0.805,14400,2504.0,108364.35
2025-04-05,SE,33,33,33,47240,85033.0,0.795,11880,1783.0,92594.49
2025-04-06,SE,31,31,30,45375,81674.0,0.813,11160,1724.0,80051.66
2025-04-07,SE,46,45,44,67262,121071.0,0.812,16560,3480.0,132354.79
2025-04-08,SE,44,44,44,63973,115152.0,0.808,15840,2554.0,130670.85
2025-04-09,SE,44,43,43,63533,114360.0,0.802,15840,3060.0,119055.35
2025-04-10,SE,41,40,39,59529,107152.0,0.807,14760,2578.0,117173.15
2025-04-11,SE,40,39,38,57679,103822.0,0.801,14400,2061.0,111385.24
2025-04-12,SE,36,35,34,52790,95022.0,0.815,12960,2203.0,101517.29
2025-04-13,SE,33,32,32,47473,85452.0,0.799,11880,2242.0,91752.58
2025-04-14,SE,50,49,48,72763,130973.0,0.808,18000,4178.0,138695.52
2025-04-15,SE,44,43,43,64491,116083.0,0.814,15840,2484.0,119434.58
2025-04-16,SE,43,43,41,62564,112616.0,0.808,15480,2747.0,115465.69
2025-04-17,SE,41,40,41,59777,107598.0,0.81,14760,3059.0,120190.81
2025-04-18,SE,40,40,38,58092,104566.0,0.807,14400,3137.0,104776.33
2025-04-19,SE,36,35,34,52280,94105.0,0.807,12960,2081.0,101012.45
2025-04-20,SE,31,31,31,45427,81769.0,0.814,11160,1957.0,86824.74
2025-04-21,SE,50,49,47,72427,130369.0,0.805,18000,3841.0,140136.47
2025-04-22,SE,46,45,45,67613,121704.0,0.817,16560,3235.0,132603.18
2025-04-23,SE,43,43,42,62064,111715.0,0.802,15480,3266.0,118953.42
2025-04-24,SE,41,41,40,59042,106275.0,0.8,14760,3176.0,118135.15
2025-04-25,SE,41,41,40,59279,106703.0,0.803,14760,2902.0,124273.2
2025-04-26,SE,34,33,33,50132,90238.0,0.819,12240,2256.0,94890.72
2025-04-27,SE,34,33,33,49024,88242.0,0.801,12240,1957.0,87712.12
2025-04-28,SE,49,48,47,71809,129256.0,0.814,17640,3046.0,136807.47
2025-04-29,SE,49,48,48,71223,128201.0,0.808,17640,3081.0,136266.97
2025-04-30,SE,43,41,40,63213,113783.0,0.817,15480,3343.0,122685.64
2025-05-01,SE,54,53,52,78400,141120.0,0.807,19440,3602.0,139537.41
2025-05-02,SE,53,51,50,77796,140033.0,0.815,19080,3541.0,150755.72
2025-05-03,SE,46,45,44,67301,121141.0,0.813,16560,2487.0,126990.61
2025-05-04,SE,46,45,45,66605,119890.0,0.804,16560,3579.0,133315.51
2025-05-05,SE,66,63,62,96561,173809.0,0.813,23760,3730.0,181484.63
2025-05-06,SE,61,61,59,89282,160707.0,0.813,21960,3765.0,177235.02
2025-05-07,SE,60,58,56,87620,157716.0,0.811,21600,4736.0,158298.9
2025-05-08,SE,54,52,51,78380,141084.0,0.806,19440,4016.0,151739.86
2025-05-09,SE,52,51,50,76017,136830.0,0.812,18720,2892.0,140339.89
2025-05-10,SE,45,44,44,64994,116988.0,0.802,16200,2392.0,123892.88
2025-05-11,SE,43,42,41,63076,113537.0,0.815,15480,2692.0,133881.37
2025-05-12,SE,47,47,46,69087,124357.0,0.817,16920,2753.0,126963.18
2025-05-13,SE,48,46,45,69739,125530.0,0.807,17280,2350.0,132775.2
2025-05-14,SE,44,44,44,63983,115170.0,0.808,15840,2493.0,117899.54
2025-05-15,SE,41,40,39,60015,108027.0,0.813,14760,1440.0,113714.25
2025-05-16,SE,40,40,40,58020,104437.0,0.806,14400,2983.0,111646.26
2025-05-17,SE,36,36,35,52539,94571.0,0.811,12960,2660.0,98117.74
2025-05-18,SE,35,34,34,50925,91666.0,0.808,12600,2801.0,104477.01
2025-05-19,SE,53,51,49,78105,140590.0,0.819,19080,3637.0,155700.68
2025-05-20,SE,52,50,50,75612,136102.0,0.808,18720,3118.0,140486.03
2025-05-21,SE,45,44,43,65798,118436.0,0.812,16200,3413.0,130487.97
2025-05-22,SE,42,41,41,61434,110582.0,0.813,15120,2403.0,115671.21
2025-05-23,SE,38,38,37,55991,100784.0,0.819,13680,1918.0,101457.1
2025-05-24,SE,36,35,34,52759,94966.0,0.814,12960,2276.0,98185.34
2025-05-25,SE,33,32,31,48345,87021.0,0.814,11880,2285.0,88008.69
2025-05-26,SE,50,49,49,72359,130246.0,0.804,18000,2802.0,145685.71
2025-05-27,SE,46,45,45,67534,121561.0,0.816,16560,2460.0,124639.92
2025-05-28,SE,44,43,42,64911,116839.0,0.82,15840,2653.0,129918.06
2025-05-29,SE,45,44,43,66394,119508.0,0.82,16200,3116.0,127072.03
2025-05-30,SE,42,42,41,61190,110142.0,0.809,15120,2656.0,116032.16
2025-05-31,SE,36,36,36,52280,94105.0,0.807,12960,3358.0,99057.76
2025-06-01,SE,33,32,31,48232,86817.0,0.812,11880,2090.0,99160.27
2025-06-02,SE,48,48,47,69520,125135.0,0.805,17280,3500.0,134839.57
2025-06-03,SE,47,47,46,68230,122815.0,0.807,16920,2310.0,129313.58
2025-06-04,SE,45,45,43,65485,117874.0,0.808,16200,3201.0,130673.64
2025-06-05,SE,47,46,45,68359,123047.0,0.808,16920,2811.0,135067.13
2025-06-06,SE,42,41,40,61486,110674.0,0.813,15120,2717.0,113274.73
2025-06-07,SE,38,38,37,54692,98445.0,0.8,13680,3155.0,106726.39
2025-06-08,SE,34,33,32,49458,89025.0,0.808,12240,2067.0,88564.82
2025-06-09,SE,49,48,48,71194,128149.0,0.807,17640,2483.0,137407.89
2025-06-10,SE,46,45,44,67453,121416.0,0.815,16560,2408.0,130791.41
2025-06-11,SE,44,43,42,64310,115759.0,0.812,15840,2933.0,125765.38
2025-06-12,SE,48,47,46,69569,125224.0,0.805,17280,3172.0,129395.49
2025-06-13,SE,41,40,39,59789,107620.0,0.81,14760,2691.0,111726.89
2025-06-14,SE,38,37,37,54740,98532.0,0.8,13680,1935.0,107759.92
2025-06-15,SE,34,33,32,49028,88250.0,0.801,12240,2947.0,100247.44
2025-06-16,SE,53,51,51,77140,138852.0,0.809,19080,4273.0,149372.06
2025-06-17,SE,49,47,47,71161,128091.0,0.807,17640,3244.0,134520.36
2025-06-18,SE,45,44,43,66004,118807.0,0.815,16200,2177.0,131263.9
2025-06-19,SE,45,44,43,65028,117051.0,0.803,16200,3686.0,127012.48
2025-06-20,SE,41,41,40,60496,108892.0,0.82,14760,3160.0,115951.09
2025-06-21,SE,37,36,36,54321,97778.0,0.816,13320,2439.0,107211.17
2025-06-22,SE,34,33,32,50110,90198.0,0.819,12240,2643.0,95104.23
2025-06-23,SE,49,47,46,71912,129441.0,0.815,17640,2914.0,132454.72
2025-06-24,SE,46,45,44,67460,121428.0,0.815,16560,2504.0,128369.3
2025-06-25,SE,46,45,45,67154,120877.0,0.811,16560,3059.0,134914.1
2025-06-26,SE,47,47,46,69116,124409.0,0.817,16920,2257.0,141967.5
2025-06-27,SE,43,43,42,62621,112719.0,0.809,15480,2271.0,114857.79
2025-06-28,SE,37,36,36,53572,96429.0,0.804,13320,2615.0,110700.15
2025-06-29,SE,36,36,35,51726,93107.0,0.798,12960,2426.0,99604.42
2025-06-30,SE,54,51,50,79022,142239.0,0.813,19440,2693.0,151756.08
2025-07-01,SE,49,48,47,71572,128830.0,0.811,17640,2959.0,146947.54
2025-07-02,SE,45,44,44,66171,119107.0,0.817,16200,2266.0,124289.19
2025-07-03,SE,47,47,46,68424,123163.0,0.809,16920,2798.0,130527.45
2025-07-04,SE,44,43,41,63571,114428.0,0.803,15840,2567.0,120375.29
2025-07-05,SE,39,39,37,57012,102622.0,0.812,14040,2945.0,109677.9
2025-07-06,SE,36,36,35,51839,93311.0,0.8,12960,2272.0,102348.61
2025-07-07,SE,50,49,48,72747,130945.0,0.808,18000,3109.0,136541.39
2025-07-08,SE,47,45,45,68016,122430.0,0.804,16920,2846.0,139632.51
2025-07-09,SE,49,47,47,71426,128566.0,0.81,17640,2265.0,133478.95
2025-07-10,SE,48,46,45,70251,126452.0,0.813,17280,3059.0,137471.04
2025-07-11,SE,43,42,41,62599,112678.0,0.809,15480,3011.0,120872.21
2025-07-12,SE,37,36,35,53689,96641.0,0.806,13320,2490.0,109064.71
2025-07-13,SE,37,37,36,54457,98022.0,0.818,13320,2674.0,100554.99
2025-07-14,SE,50,48,47,73482,132268.0,0.816,18000,3640.0,143615.34
2025-07-15,SE,48,47,46,69599,125278.0,0.806,17280,4250.0,147836.91
2025-07-16,SE,48,47,46,69442,124996.0,0.804,17280,2525.0,127011.74
2025-07-17,SE,45,45,44,65715,118287.0,0.811,16200,3030.0,121808.08
2025-07-18,SE,43,41,41,63345,114021.0,0.818,15480,2947.0,130809.09
2025-07-19,SE,37,36,35,54420,97955.0,0.817,13320,2270.0,103338.43
2025-07-20,SE,36,36,35,52721,94897.0,0.814,12960,2087.0,101547.32
2025-07-21,SE,55,53,52,80672,145210.0,0.815,19800,3860.0,152387.4
2025-07-22,SE,50,49,48,72494,130490.0,0.805,18000,3458.0,149689.9
2025-07-23,SE,48,46,44,69847,125724.0,0.808,17280,2564.0,126084.51
2025-07-24,SE,43,43,41,62213,111983.0,0.804,15480,1952.0,126718.58
2025-07-25,SE,44,43,42,63615,114507.0,0.803,15840,2618.0,116250.04
2025-07-26,SE,37,36,36,53423,96161.0,0.802,13320,2128.0,97384.01
2025-07-27,SE,34,34,33,50170,90307.0,0.82,12240,2425.0,91320.98
2025-07-28,SE,51,50,49,74952,134913.0,0.816,18360,2796.0,142475.71
2025-07-29,SE,49,48,48,71831,129296.0,0.814,17640,3081.0,133660.62
2025-07-30,SE,49,48,46,70902,127623.0,0.804,17640,2272.0,133334.23
2025-07-31,SE,44,44,43,64279,115702.0,0.812,15840,2114.0,118967.79
2025-08-01,SE,44,43,42,64159,115487.0,0.81,15840,2486.0,119053.27
2025-08-02,SE,37,36,36,54428,97970.0,0.817,13320,2297.0,100019.26
2025-08-03,SE,36,36,36,52104,93786.0,0.804,12960,2014.0,102037.67
2025-08-04,SE,55,52,52,80504,144908.0,0.813,19800,3649.0,150511.63
2025-08-05,SE,51,50,49,74478,134060.0,0.811,18360,2368.0,127940.89
2025-08-06,SE,50,49,48,72330,130193.0,0.804,18000,3124.0,140190.56
2025-08-07,SE,46,45,44,67432,121377.0,0.814,16560,2880.0,133040.03
2025-08-08,SE,43,41,40,62890,113202.0,0.813,15480,2114.0,119397.39
2025-08-09,SE,38,38,36,55248,99447.0,0.808,13680,2556.0,101322.75
2025-08-10,SE,37,37,35,53462,96232.0,0.803,13320,1531.0,106992.24
2025-08-11,SE,54,52,51,78707,141672.0,0.81,19440,3100.0,143307.14
2025-08-12,SE,48,48,47,70732,127318.0,0.819,17280,3519.0,133052.42
2025-08-13,SE,48,48,48,69716,125488.0,0.807,17280,1957.0,134666.15
2025-08-14,SE,47,46,44,68733,123720.0,0.812,16920,3386.0,137672.92
2025-08-15,SE,48,47,46,70544,126980.0,0.816,17280,2506.0,137898.78
2025-08-16,SE,41,40,38,59686,107435.0,0.809,14760,2395.0,116226.02
2025-08-17,SE,36,36,35,51726,93107.0,0.798,12960,2880.0,104850.88
2025-08-18,SE,53,50,48,77883,140189.0,0.816,19080,3076.0,141930.46
2025-08-19,SE,48,47,48,70159,126286.0,0.812,17280,3947.0,143302.19
2025-08-20,SE,47,46,45,68450,123210.0,0.809,16920,2891.0,115795.55
2025-08-21,SE,47,47,46,69339,124811.0,0.82,16920,3003.0,139513.25
2025-08-22,SE,47,47,46,67957,122323.0,0.803,16920,3473.0,127534.97
2025-08-23,SE,38,37,37,54892,98806.0,0.803,13680,2686.0,108326.67
2025-08-24,SE,36,35,34,52397,94315.0,0.809,12960,2393.0,106944.89
2025-08-25,SE,50,49,47,73182,131727.0,0.813,18000,2990.0,143550.26
2025-08-26,SE,51,50,50,73950,133110.0,0.806,18360,2451.0,145341.33
2025-08-27,SE,46,45,43,67687,121837.0,0.817,16560,2235.0,133644.07
2025-08-28,SE,46,45,45,67700,121859.0,0.818,16560,3633.0,121521.57
2025-08-29,SE,44,43,42,63570,114426.0,0.803,15840,3659.0,116979.3
2025-08-30,SE,39,38,38,56467,101641.0,0.804,14040,2582.0,110700.68
2025-08-31,SE,35,34,33,50618,91113.0,0.803,12600,1598.0,97503.16
2025-09-01,SE,52,51,51,75499,135899.0,0.807,18720,2936.0,144188.99
2025-09-02,SE,55,53,51,80378,144680.0,0.812,19800,3076.0,162089.1
2025-09-03,SE,46,45,44,67519,121535.0,0.815,16560,2705.0,135117.38
2025-09-04,SE,46,46,45,66713,120083.0,0.806,16560,2541.0,124410.82
2025-09-05,SE,48,48,46,70204,126367.0,0.813,17280,3380.0,137169.25
2025-09-06,SE,43,42,41,62776,112997.0,0.811,15480,2901.0,113188.7
2025-09-07,SE,36,35,34,52023,93641.0,0.803,12960,2947.0,94665.38
2025-09-08,SE,54,52,51,79014,142225.0,0.813,19440,3272.0,146216.63
2025-09-09,SE,52,50,48,76134,137042.0,0.813,18720,3482.0,145706.61
2025-09-10,SE,52,52,50,75416,135749.0,0.806,18720,3786.0,142201.72
2025-09-11,SE,46,45,44,67366,121258.0,0.814,16560,3488.0,131499.3
2025-09-12,SE,45,44,43,65774,118394.0,0.812,16200,2316.0,126282.5
2025-09-13,SE,40,39,38,58871,105967.0,0.818,14400,2767.0,117325.38
2025-09-14,SE,38,38,37,55390,99701.0,0.81,13680,2523.0,109032.87
2025-09-15,SE,54,50,49,79447,143005.0,0.817,19440,3676.0,145333.02
2025-09-16,SE,52,51,51,75313,135564.0,0.805,18720,3403.0,151276.22
2025-09-17,SE,47,47,45,68081,122547.0,0.805,16920,3915.0,127425.71
2025-09-18,SE,48,47,46,69595,125270.0,0.805,17280,2649.0,137002.38
2025-09-19,SE,45,44,43,66104,118986.0,0.816,16200,2454.0,123871.78
2025-09-20,SE,40,39,38,58110,104598.0,0.807,14400,2237.0,118268.83
2025-09-21,SE,37,37,36,53809,96857.0,0.808,13320,2282.0,106934.69
2025-09-22,SE,56,53,50,82309,148156.0,0.817,20160,3806.0,152891.47
2025-09-23,SE,54,52,50,78803,141846.0,0.811,19440,3233.0,149290.72
2025-09-24,SE,50,49,48,72328,130191.0,0.804,18000,3783.0,158760.46
2025-09-25,SE,49,49,48,71454,128617.0,0.81,17640,3173.0,130652.12
2025-09-26,SE,46,46,46,67236,121025.0,0.812,16560,2933.0,125448.42
2025-09-27,SE,40,39,37,57975,104354.0,0.805,14400,2017.0,109305.26
2025-09-28,SE,37,36,36,53798,96837.0,0.808,13320,3125.0,99079.66
2025-09-29,SE,56,52,52,82341,148214.0,0.817,20160,3600.0,150619.35
2025-09-30,SE,52,50,49,76284,137312.0,0.815,18720,4289.0,145381.33
2025-10-01,SE,53,50,48,77653,139775.0,0.814,19080,3078.0,151660.78
2025-10-02,SE,51,49,48,74902,134824.0,0.816,18360,3762.0,134081.96
2025-10-03,SE,47,47,47,68408,123135.0,0.809,16920,2760.0,129328.88
2025-10-04,SE,39,38,38,56752,102153.0,0.808,14040,3293.0,105990.15
2025-10-05,SE,37,36,35,53349,96028.0,0.801,13320,2845.0,99031.65
2025-10-06,SE,58,53,51,85324,153583.0,0.817,20880,4291.0,169351.12
2025-10-07,SE,53,51,50,77696,139852.0,0.814,19080,3020.0,144269.9
2025-10-08,SE,51,49,48,73992,133185.0,0.806,18360,4355.0,135360.82
2025-10-09,SE,46,45,44,67041,120674.0,0.81,16560,3993.0,133715.48
2025-10-10,SE,48,47,46,70091,126163.0,0.811,17280,2914.0,141529.89
2025-10-11,SE,41,40,39,59578,107241.0,0.807,14760,2728.0,116222.43
2025-10-12,SE,37,36,35,53660,96589.0,0.806,13320,2768.0,99985.98
2025-10-13,SE,55,52,50,81024,145843.0,0.818,19800,2393.0,152724.71
2025-10-14,SE,53,52,50,78146,140662.0,0.819,19080,4090.0,144924.6
2025-10-15,SE,50,49,47,73324,131983.0,0.815,18000,3793.0,140122.62
2025-10-16,SE,49,47,46,71080,127943.0,0.806,17640,2877.0,141532.14
2025-10-17,SE,47,47,45,68032,122458.0,0.804,16920,1933.0,131842.82
2025-10-18,SE,40,39,38,58463,105233.0,0.812,14400,2736.0,112304.15
2025-10-19,SE,39,38,37,56452,101614.0,0.804,14040,2050.0,107264.44
2025-10-20,SE,60,56,55,87124,156823.0,0.807,21600,2859.0,172960.66
2025-10-21,SE,49,48,47,70883,127589.0,0.804,17640,3371.0,139618.93
2025-10-22,SE,50,49,48,73002,131403.0,0.811,18000,3952.0,130076.73
2025-10-23,SE,50,49,49,72675,130814.0,0.807,18000,3122.0,130395.18
2025-10-24,SE,48,48,47,69386,124895.0,0.803,17280,3725.0,132995.98
2025-10-25,SE,40,39,39,58552,105394.0,0.813,14400,2879.0,116681.04
2025-10-26,SE,36,35,34,53006,95411.0,0.818,12960,1799.0,105805.36
2025-10-27,SE,58,55,54,84293,151728.0,0.807,20880,3411.0,167834.28
2025-10-28,SE,57,54,53,83063,149513.0,0.81,20520,4358.0,159091.39
2025-10-29,SE,48,48,48,70063,126113.0,0.811,17280,2819.0,142681.81
2025-10-30,SE,51,50,49,74842,134715.0,0.815,18360,3756.0,139069.32
2025-10-31,SE,47,45,44,68276,122897.0,0.807,16920,2837.0,130175.73
2025-11-01,SE,41,40,38,59539,107171.0,0.807,14760,2976.0,108584.43
2025-11-02,SE,38,37,36,54710,98478.0,0.8,13680,2639.0,105230.05
2025-11-03,SE,57,54,54,82836,149105.0,0.807,20520,3541.0,154539.05
2025-11-04,SE,56,54,53,82366,148259.0,0.817,20160,4048.0,166921.08
2025-11-05,SE,52,51,50,75984,136771.0,0.812,18720,2157.0,153848.3
2025-11-06,SE,53,50,49,77494,139489.0,0.812,19080,2813.0,149200.7
2025-11-07,SE,50,49,48,72330,130193.0,0.804,18000,2990.0,143022.37
2025-11-08,SE,42,41,40,60934,109680.0,0.806,15120,3254.0,115085.7
2025-11-09,SE,42,41,41,60618,109112.0,0.802,15120,2066.0,105969.5
2025-11-10,SE,58,54,54,85595,154071.0,0.82,20880,3737.0,157896.88
2025-11-11,SE,56,55,54,81529,146753.0,0.809,20160,3821.0,161952.63
2025-11-12,SE,51,50,49,74116,133409.0,0.807,18360,3441.0,145717.9
2025-11-13,SE,50,48,48,73656,132580.0,0.818,18000,3187.0,138198.13
2025-11-14,SE,47,46,45,68164,122696.0,0.806,16920,2731.0,135879.86
2025-11-15,SE,43,42,41,62448,112406.0,0.807,15480,2672.0,118470.02
2025-11-16,SE,38,37,36,55091,99163.0,0.805,13680,2862.0,101831.42
2025-11-17,SE,60,56,54,87109,156796.0,0.807,21600,3442.0,173464.26
2025-11-18,SE,54,53,51,79160,142489.0,0.814,19440,2240.0,147921.13
2025-11-19,SE,54,52,50,78415,141146.0,0.807,19440,3771.0,157858.69
2025-11-20,SE,52,51,49,75852,136534.0,0.81,18720,4210.0,134348.35
2025-11-21,SE,51,51,50,74751,134552.0,0.814,18360,2726.0,139945.47
2025-11-22,SE,43,41,41,62259,112065.0,0.804,15480,3418.0,123628.22
2025-11-23,SE,38,38,37,54612,98302.0,0.798,13680,2676.0,108811.89
2025-11-24,SE,150,136,129,221200,398160.0,0.819,54000,7847.0,417474.2
2025-11-25,SE,136,127,125,199848,359727.0,0.816,48960,7779.0,386276.99
2025-11-26,SE,132,125,122,193406,348131.0,0.814,47520,7488.0,372734.03
2025-11-27,SE,138,129,127,203498,366297.0,0.819,49680,9194.0,364423.69
2025-11-28,SE,128,123,119,187863,338154.0,0.815,46080,8044.0,354196.23
2025-11-29,SE,105,102,99,154864,278754.0,0.819,37800,8058.0,297521.76
2025-11-30,SE,99,96,95,145766,262378.0,0.818,35640,7323.0,283620.98
2025-12-01,SE,152,140,138,223254,401857.0,0.816,54720,7313.0,425704.2
2025-12-02,SE,53,51,49,77183,138929.0,0.809,19080,2622.0,145538.2
2025-12-03,SE,51,50,48,74409,133937.0,0.811,18360,3643.0,135563.57
2025-12-04,SE,52,51,50,75582,136048.0,0.808,18720,3080.0,150412.72
2025-12-05,SE,51,50,48,73960,133129.0,0.806,18360,3208.0,146890.44
2025-12-06,SE,43,42,42,62719,112894.0,0.81,15480,3040.0,125512.1
2025-12-07,SE,37,36,36,53773,96792.0,0.807,13320,2741.0,99414.46
2025-12-08,SE,92,82,82,135134,243240.0,0.816,33120,4736.0,259596.81
2025-12-09,SE,86,79,77,125991,226784.0,0.814,30960,3509.0,234801.04
2025-12-10,SE,82,77,78,120512,216922.0,0.816,29520,5213.0,230683.81
2025-12-11,SE,84,81,79,123150,221669.0,0.814,30240,4668.0,263296.01
2025-12-12,SE,70,68,66,102817,185071.0,0.816,25200,4586.0,203664.83
2025-12-13,SE,64,63,61,93753,168755.0,0.814,23040,4086.0,174280.11
2025-12-14,SE,64,62,60,93023,167441.0,0.807,23040,3473.0,177895.99
2025-12-15,SE,87,82,81,127038,228669.0,0.811,31320,7598.0,240757.8
2025-12-16,SE,91,83,82,132928,239271.0,0.812,32760,5914.0,256794.48
2025-12-17,SE,82,77,74,121016,217829.0,0.82,29520,4805.0,216220.08
2025-12-18,SE,82,78,77,120702,217264.0,0.818,29520,5403.0,233237.37
2025-12-19,SE,75,75,75,109231,196616.0,0.809,27000,5289.0,192761.23
2025-12-20,SE,68,67,64,99028,178251.0,0.809,24480,3942.0,178168.28
2025-12-21,SE,42,41,41,61351,110432.0,0.812,15120,3774.0,127378.78
2025-12-22,SE,60,53,53,87973,158351.0,0.815,21600,2901.0,166048.76
2025-12-23,SE,57,55,53,82693,148847.0,0.806,20520,2799.0,169187.17
2025-12-24,SE,54,52,50,78259,140866.0,0.805,19440,2566.0,146718.13
2025-12-25,SE,50,49,47,73770,132786.0,0.82,18000,3242.0,128597.94
2025-12-26,SE,49,48,47,71951,129512.0,0.816,17640,3425.0,131809.39
2025-12-27,SE,43,43,42,62144,111860.0,0.803,15480,2633.0,133726.39
2025-12-28,SE,41,40,39,60278,108501.0,0.817,14760,2865.0,108631.64
2025-12-29,SE,62,55,54,90838,163508.0,0.814,22320,4323.0,186467.17
2025-12-30,SE,54,52,52,79436,142985.0,0.817,19440,3289.0,153725.82
2025-12-31,SE,53,51,50,77633,139739.0,0.814,19080,3679.0,149537.37
2026-01-01,SE,55,53,51,80474,144854.0,0.813,19800,3447.0,149815.47
2026-01-02,SE,49,48,47,70849,127528.0,0.803,17640,2959.0,132632.01
2026-01-03,SE,42,40,40,61031,109856.0,0.807,15120,2495.0,120597.08
2026-01-04,SE,41,40,39,60247,108445.0,0.816,14760,2760.0,121203.42
2026-01-05,SE,62,57,55,90882,163588.0,0.814,22320,4833.0,175462.94
2026-01-06,SE,57,53,51,83000,149400.0,0.809,20520,2952.0,164790.9
2026-01-07,SE,56,52,51,82071,147728.0,0.814,20160,3338.0,154571.07
2026-01-08,SE,54,52,50,79258,142664.0,0.815,19440,3594.0,164812.37
2026-01-09,SE,52,51,49,75317,135570.0,0.805,18720,4356.0,147409.5
2026-01-10,SE,44,43,43,64428,115970.0,0.813,15840,3056.0,133600.24
2026-01-11,SE,45,45,43,65070,117126.0,0.803,16200,2521.0,121481.48
2026-01-12,SE,60,55,54,88145,158661.0,0.816,21600,3289.0,168176.66
2026-01-13,SE,53,52,50,77596,139673.0,0.813,19080,3998.0,155202.57
2026-01-14,SE,57,55,53,83304,149948.0,0.812,20520,3501.0,160965.21
2026-01-15,SE,52,51,50,76153,137076.0,0.814,18720,2678.0,149039.91
2026-01-16,SE,51,49,49,73862,132951.0,0.805,18360,3863.0,137606.97
2026-01-17,SE,46,45,44,66480,119664.0,0.803,16560,3134.0,127072.93
2026-01-18,SE,39,38,37,57121,102818.0,0.814,14040,2024.0,105677.67
2026-01-19,SE,58,54,53,85383,153690.0,0.818,20880,2919.0,162306.83
2026-01-20,SE,54,53,52,79224,142604.0,0.815,19440,2235.0,150489.3
2026-01-21,SE,53,52,52,77127,138828.0,0.808,19080,3078.0,145674.64
2026-01-22,SE,54,53,51,79037,142267.0,0.813,19440,3677.0,155467.36
2026-01-23,SE,52,52,51,75366,135659.0,0.805,18720,3909.0,139794.71
2026-01-24,SE,44,43,42,64552,116194.0,0.815,15840,3053.0,112930.52
2026-01-25,SE,40,40,39,57856,104141.0,0.804,14400,2028.0,109752.04
2026-01-26,SE,56,54,54,82548,148587.0,0.819,20160,3457.0,170786.44
2026-01-27,SE,58,56,54,84573,152232.0,0.81,20880,4654.0,166185.76
2026-01-28,SE,54,52,52,78472,141249.0,0.807,19440,3201.0,146499.31
2026-01-29,SE,54,53,52,79548,143186.0,0.818,19440,3948.0,154331.26
2026-01-30,SE,52,51,49,76265,137278.0,0.815,18720,3732.0,145232.49
2026-01-31,SE,44,43,42,64614,116305.0,0.816,15840,3212.0,125467.68
2026-02-01,SE,43,42,41,62844,113120.0,0.812,15480,2987.0,124997.73
2026-02-02,SE,62,58,57,91054,163897.0,0.816,22320,4524.0,175443.6
2026-02-03,SE,59,57,56,86475,155655.0,0.814,21240,2879.0,166470.86
2026-02-04,SE,54,54,52,78270,140886.0,0.805,19440,4383.0,160648.05
2026-02-05,SE,54,53,53,78245,140842.0,0.805,19440,2446.0,154905.23
2026-02-06,SE,52,51,50,75380,135685.0,0.805,18720,3545.0,147153.98
2026-02-07,SE,46,45,45,66531,119756.0,0.804,16560,2957.0,129386.11
2026-02-08,SE,42,41,41,60721,109297.0,0.803,15120,2438.0,115266.41
2026-02-09,SE,63,60,58,92508,166514.0,0.816,22680,3419.0,168090.39
2026-02-10,SE,58,57,56,84596,152273.0,0.81,20880,4103.0,167231.36
2026-02-11,SE,55,55,54,80381,144686.0,0.812,19800,4040.0,162326.25
2026-02-12,SE,56,54,52,81496,146692.0,0.808,20160,3566.0,159939.04
2026-02-13,SE,48,47,45,70045,126081.0,0.811,17280,2960.0,137835.15
2026-02-14,SE,43,42,42,62094,111769.0,0.802,15480,3381.0,116459.54
2026-02-15,SE,40,39,39,58712,105681.0,0.815,14400,2410.0,109641.42
2026-02-16,SE,57,56,55,83912,151041.0,0.818,20520,3668.0,151849.5
2026-02-17,SE,57,56,55,83844,150920.0,0.817,20520,3568.0,158458.52
2026-02-18,SE,57,56,55,83308,149954.0,0.812,20520,5215.0,166350.71
2026-02-19,SE,54,51,50,78858,141945.0,0.811,19440,3009.0,147401.91
2026-02-20,SE,52,51,51,76256,137261.0,0.815,18720,3837.0,145579.92
2026-02-21,SE,47,47,46,67916,122248.0,0.803,16920,2183.0,135684.28
2026-02-22,SE,45,44,43,65176,117317.0,0.805,16200,2450.0,132466.34
2026-02-23,SE,63,61,60,91681,165026.0,0.808,22680,3872.0,165249.33
2026-02-24,SE,62,62,60,90472,162850.0,0.811,22320,3930.0,170776.43
2026-02-25,SE,56,55,54,81910,147438.0,0.813,20160,3463.0,152604.29
2026-02-26,SE,53,52,52,77763,139973.0,0.815,19080,3377.0,143605.04
2026-02-27,SE,51,51,51,74583,134249.0,0.812,18360,2925.0,141014.28
2026-02-28,SE,43,43,42,62392,112305.0,0.806,15480,3384.0,111338.13
2026-03-01,SE,42,41,40,60694,109249.0,0.803,15120,2268.0,116201.87
2026-03-02,SE,62,60,60,91276,164296.0,0.818,22320,4516.0,174339.81
2026-03-03,SE,61,61,60,89320,160776.0,0.813,21960,4399.0,164140.95
2026-03-04,SE,59,58,56,87064,156716.0,0.82,21240,3219.0,162479.76
2026-03-05,SE,52,51,50,76676,138017.0,0.819,18720,3163.0,146130.23
2026-03-06,SE,53,51,49,77663,139793.0,0.814,19080,3433.0,149537.27
2026-03-07,SE,44,42,41,63769,114785.0,0.805,15840,3647.0,115474.56
2026-03-08,SE,44,44,42,64051,115291.0,0.809,15840,2676.0,127012.72
2026-03-09,SE,88,86,82,129555,233199.0,0.818,31680,9146.0,254263.15
2026-03-10,SE,78,77,74,114492,206086.0,0.815,28080,5701.0,212519.53
2026-03-11,SE,81,78,76,119386,214896.0,0.819,29160,5549.0,242713.84
2026-03-12,SE,76,74,73,111054,199896.0,0.812,27360,5651.0,217299.11
2026-03-13,SE,72,71,69,105855,190538.0,0.817,25920,3329.0,204693.28
2026-03-14,SE,61,59,57,89697,161455.0,0.817,21960,4725.0,175968.03
2026-03-15,SE,59,58,57,86682,156028.0,0.816,21240,2980.0,158826.47
2026-03-16,SE,65,64,63,94903,170826.0,0.811,23400,4823.0,179939.63
2026-03-17,SE,60,60,60,87302,157143.0,0.808,21600,3504.0,172642.13
2026-03-18,SE,57,56,55,84025,151244.0,0.819,20520,3202.0,154948.39
2026-03-19,SE,56,56,54,82540,148571.0,0.819,20160,4701.0,155031.17
2026-03-20,SE,55,55,53,81078,145940.0,0.819,19800,3505.0,158152.88
2026-03-21,SE,45,44,43,66143,119057.0,0.817,16200,2172.0,127926.11
2026-03-22,SE,41,41,40,60440,108791.0,0.819,14760,3088.0,115224.39
2026-03-23,SE,67,67,65,97555,175600.0,0.809,24120,3458.0,188606.89
2026-03-24,SE,60,60,57,87366,157258.0,0.809,21600,4770.0,167301.41
2026-03-25,SE,59,58,56,86808,156254.0,0.817,21240,3813.0,171323.24
2026-03-26,SE,57,57,57,83078,149541.0,0.81,20520,2909.0,173437.09
2026-03-27,SE,53,53,52,77586,139654.0,0.813,19080,3905.0,150566.26
2026-03-28,SE,47,46,45,68153,122676.0,0.806,16920,3310.0,138743.86
2026-03-29,SE,47,47,46,68479,123262.0,0.809,16920,1968.0,129670.61
2026-03-30,SE,69,66,66,101461,182629.0,0.817,24840,4424.0,188469.79
2026-03-31,SE,61,60,58,89117,160411.0,0.812,21960,4150.0,165887.7
2026-04-01,SE,58,58,57,84502,152103.0,0.809,20880,3909.0,156881.39
2026-04-02,SE,58,58,57,85557,154002.0,0.82,20880,3643.0,160951.75
2026-04-03,SE,52,52,52,76073,136931.0,0.813,18720,3788.0,151191.44
2026-04-04,SE,47,46,45,68510,123319.0,0.81,16920,3334.0,137270.53
2026-04-05,SE,44,44,42,64413,115944.0,0.813,15840,2866.0,121033.26
2026-04-06,SE,66,66,64,96177,173118.0,0.81,23760,4108.0,182926.71
2026-04-07,SE,59,58,57,86806,156250.0,0.817,21240,3918.0,165658.45
2026-04-08,SE,55,55,55,79813,143664.0,0.806,19800,3205.0,155886.14
2026-04-09,SE,53,53,52,76910,138439.0,0.806,19080,2849.0,152316.65
2026-04-10,SE,52,52,51,75762,136372.0,0.809,18720,2738.0,143684.73
2026-04-11,SE,46,46,46,67019,120633.0,0.809,16560,2931.0,128132.47
2026-04-12,SE,44,44,43,64177,115519.0,0.81,15840,2444.0,130246.97
2026-04-13,SE,70,69,67,102166,183900.0,0.811,25200,4416.0,194369.64
2026-04-14,SE,64,64,62,93411,168140.0,0.811,23040,5067.0,175581.41
2026-04-15,SE,56,56,54,82143,147857.0,0.815,20160,3504.0,156710.0
2026-04-16,SE,58,58,56,84422,151960.0,0.809,20880,3845.0,163373.11
2026-04-17,SE,53,53,53,78172,140709.0,0.819,19080,3303.0,139651.21
2026-04-18,SE,46,45,44,67824,122083.0,0.819,16560,3630.0,126875.63
2026-04-19,SE,45,45,43,65640,118152.0,0.81,16200,3722.0,128482.67
2026-04-20,SE,67,66,65,98317,176971.0,0.815,24120,4002.0,203220.73
2026-04-21,SE,61,61,59,89375,160875.0,0.814,21960,4432.0,167664.33
2026-04-22,SE,61,61,59,88677,159619.0,0.808,21960,5330.0,176528.59
2026-04-23,SE,55,54,53,80535,144962.0,0.813,19800,2875.0,155547.06
2026-04-24,SE,55,55,53,79776,143598.0,0.806,19800,4146.0,161606.09
2026-04-25,SE,51,50,49,75165,135298.0,0.819,18360,2346.0,139663.03
2026-04-26,SE,45,45,44,66106,118990.0,0.816,16200,2930.0,131935.95
2026-04-27,SE,69,69,67,101643,182958.0,0.818,24840,4367.0,204618.17
2026-04-28,SE,62,62,60,91263,164274.0,0.818,22320,2875.0,184156.03
2026-04-29,SE,60,60,57,87737,157927.0,0.812,21600,4594.0,178099.59
2026-04-30,SE,58,58,57,84204,151567.0,0.807,20880,3851.0,164107.42
2026-05-01,SE,73,73,73,107649,193768.0,0.819,26280,3999.0,209780.18
2026-05-02,SE,62,62,61,91000,163800.0,0.815,22320,4238.0,171174.13
2026-05-03,SE,62,62,60,90405,162730.0,0.81,22320,4623.0,158615.87
2026-05-04,SE,87,87,85,127501,229501.0,0.814,31320,3976.0,246796.37
2026-05-05,SE,86,86,85,126398,227516.0,0.817,30960,2649.0,239932.86
2026-05-06,SE,83,83,80,121187,218137.0,0.811,29880,5341.0,242042.22
2026-05-07,SE,79,79,79,116028,208850.0,0.816,28440,4464.0,229480.56
2026-05-08,SE,74,74,73,107829,194092.0,0.81,26640,5865.0,198963.61
2026-05-09,SE,65,65,63,95586,172056.0,0.817,23400,3952.0,199597.71
2026-05-10,SE,61,61,61,88609,159496.0,0.807,21960,4157.0,173947.31
2026-05-11,SE,69,68,65,101115,182006.0,0.814,24840,4332.0,183799.6
2026-05-12,SE,59,59,57,86126,155026.0,0.811,21240,2838.0,158090.02
2026-05-13,SE,59,59,58,85962,154732.0,0.809,21240,3843.0,151240.27
2026-05-14,SE,54,53,52,79401,142922.0,0.817,19440,2726.0,156263.73
2026-05-15,SE,53,53,53,76901,138423.0,0.806,19080,2647.0,145687.59
2026-05-16,SE,50,50,47,73447,132205.0,0.816,18000,2647.0,135680.39
2026-05-17,SE,47,47,47,68827,123889.0,0.814,16920,2444.0,128576.47
2026-05-18,SE,66,66,64,95995,172791.0,0.808,23760,4127.0,183099.53
2026-05-19,SE,60,60,59,87688,157839.0,0.812,21600,3634.0,172359.47
2026-05-20,SE,54,54,53,78409,141136.0,0.807,19440,3665.0,141657.87
2026-05-21,SE,58,57,57,84208,151575.0,0.807,20880,2772.0,155894.72
2026-05-22,SE,60,60,59,88529,159353.0,0.82,21600,3725.0,171613.96
2026-05-23,SE,49,49,49,71578,128841.0,0.812,17640,2920.0,134322.39
2026-05-24,SE,45,44,43,65807,118452.0,0.812,16200,3014.0,129303.1
2026-05-25,SE,69,69,68,100653,181176.0,0.81,24840,4657.0,189896.62
2026-05-26,SE,60,59,58,88003,158405.0,0.815,21600,3989.0,179092.98
2026-05-27,SE,59,59,59,87074,156734.0,0.82,21240,3192.0,167054.83
2026-05-28,SE,59,59,58,86635,155944.0,0.816,21240,3839.0,173798.32
2026-05-29,SE,56,55,54,81840,147311.0,0.812,20160,3318.0,160504.68
2026-05-30,SE,50,50,49,72876,131177.0,0.81,18000,3950.0,143647.62
2026-05-31,SE,47,47,47,68323,122982.0,0.808,16920,3102.0,128003.94
2026-06-01,SE,70,69,68,101944,183498.0,0.809,25200,4596.0,205738.42
2026-06-02,SE,62,62,60,91371,164467.0,0.819,22320,3160.0,175598.52
2026-06-03,SE,62,62,61,91279,164302.0,0.818,22320,3622.0,167453.9
2026-06-04,SE,63,63,62,91785,165213.0,0.809,22680,4258.0,161973.36
2026-06-05,SE,55,55,54,79756,143561.0,0.806,19800,3517.0,155304.49
2026-06-06,SE,47,47,46,69105,124389.0,0.817,16920,3000.0,139936.12
2026-06-07,SE,49,49,48,71074,127933.0,0.806,17640,2247.0,132599.35
2026-06-08,SE,68,67,66,99518,179132.0,0.813,24480,3809.0,183758.34
2026-06-09,SE,67,67,65,98794,177829.0,0.819,24120,4143.0,185756.01
2026-06-10,SE,60,60,58,87630,157734.0,0.811,21600,4667.0,175901.46
2026-06-11,SE,63,63,63,91784,165211.0,0.809,22680,2796.0,163906.6
2026-06-12,SE,57,55,54,83420,150156.0,0.813,20520,3051.0,155893.4
2026-06-13,SE,50,49,49,72380,130284.0,0.804,18000,2215.0,134751.65
2026-06-14,SE,49,49,48,72032,129657.0,0.817,17640,3347.0,140685.63
2026-06-15,SE,68,68,66,99491,179083.0,0.813,24480,5278.0,189853.97
2026-06-16,SE,63,63,62,91591,164864.0,0.808,22680,4328.0,174451.55
2026-06-17,SE,60,60,59,88117,158611.0,0.816,21600,4262.0,167266.4
2026-06-18,SE,61,61,60,89230,160615.0,0.813,21960,3273.0,176665.24
2026-06-19,SE,54,54,52,78939,142090.0,0.812,19440,3715.0,158434.83
2026-06-20,SE,50,50,48,73756,132762.0,0.82,18000,2823.0,146154.32
2026-06-21,SE,46,46,44,67390,121303.0,0.814,16560,3010.0,132140.96
2026-06-22,SE,72,72,71,105419,189754.0,0.813,25920,5056.0,213367.7
2026-06-23,SE,60,60,59,87275,157095.0,0.808,21600,3699.0,162201.67
2026-06-24,SE,60,59,58,87560,157609.0,0.811,21600,4419.0,171092.65
2026-06-25,SE,57,57,56,83133,149640.0,0.81,20520,3593.0,175092.23
2026-06-26,SE,56,55,54,81570,146825.0,0.809,20160,3794.0,145695.06
2026-06-27,SE,50,49,47,73193,131748.0,0.813,18000,4261.0,137399.75
2026-06-28,SE,47,47,47,68646,123563.0,0.811,16920,3298.0,126507.74
2026-06-29,SE,69,69,67,101030,181853.0,0.813,24840,3913.0,195989.6
2026-06-30,SE,65,65,65,95275,171495.0,0.814,23400,3875.0,193017.32
2026-07-01,SE,62,62,60,91204,164167.0,0.817,22320,4602.0,177839.11
2026-07-02,SE,59,59,58,85719,154295.0,0.807,21240,4488.0,164231.86
2026-07-03,SE,59,59,57,86574,155833.0,0.815,21240,3800.0,169288.15
2026-07-04,SE,51,51,51,74675,134415.0,0.813,18360,2464.0,141548.4
2026-07-05,SE,48,48,46,70416,126748.0,0.815,17280,2618.0,135831.77
2026-07-06,SE,71,71,71,104518,188133.0,0.818,25560,4739.0,204301.26
2026-07-07,SE,66,66,65,97359,175247.0,0.82,23760,4690.0,198321.88
2026-07-08,SE,67,67,65,97570,175626.0,0.809,24120,5069.0,191518.19
2026-07-09,SE,61,61,60,89097,160375.0,0.811,21960,2614.0,172779.55
2026-07-10,SE,57,56,54,84057,151303.0,0.819,20520,4230.0,173087.13
2026-07-11,SE,49,49,48,71468,128643.0,0.81,17640,3930.0,126826.99
2026-07-12,SE,46,46,46,67356,121240.0,0.813,16560,1792.0,128692.58
2026-07-13,SE,67,67,66,98623,177521.0,0.818,24120,4338.0,182557.53
2026-07-14,SE,64,64,63,93902,169023.0,0.815,23040,4671.0,177998.2
2026-07-15,SE,62,62,62,91381,164485.0,0.819,22320,3073.0,178301.98
2026-07-16,SE,62,62,61,90936,163685.0,0.815,22320,3683.0,180925.18
2026-07-17,SE,59,59,57,85614,154105.0,0.806,21240,4180.0,162223.36
2026-07-18,SE,49,49,48,71848,129326.0,0.815,17640,2899.0,141274.69
2026-07-19,SE,50,50,49,72499,130498.0,0.806,18000,3044.0,135358.83
2026-07-20,SE,73,72,70,106393,191508.0,0.81,26280,4904.0,194484.82
2026-07-21,SE,66,66,65,96933,174479.0,0.816,23760,3443.0,185853.27
2026-07-22,SE,61,61,59,90032,162058.0,0.82,21960,3250.0,169790.67
2026-07-23,SE,63,62,61,92141,165854.0,0.813,22680,4401.0,187451.25
2026-07-24,SE,59,59,58,86520,155736.0,0.815,21240,4428.0,179776.99
2026-07-25,SE,48,48,48,70491,126883.0,0.816,17280,3317.0,131503.09
2026-07-26,SE,48,48,47,70521,126937.0,0.816,17280,3816.0,125017.4
2026-07-27,SE,72,72,69,105264,189476.0,0.812,25920,4992.0,191119.61
2026-07-28,SE,65,65,63,94951,170912.0,0.812,23400,5509.0,176418.73
2026-07-29,SE,64,64,64,93284,167911.0,0.81,23040,4193.0,181202.21
2026-07-30,SE,59,59,57,86295,155331.0,0.813,21240,3984.0,163941.11
2026-07-31,SE,62,62,60,90494,162889.0,0.811,22320,4288.0,165331.93
2026-08-01,SE,53,53,51,77944,140299.0,0.817,19080,3075.0,159456.81
2026-08-02,SE,48,48,47,70469,126845.0,0.816,17280,2708.0,138357.71
2026-08-03,SE,72,70,69,106243,191238.0,0.82,25920,3966.0,216401.26
2026-08-04,SE,62,61,61,90288,162518.0,0.809,22320,3645.0,161553.48
2026-08-05,SE,61,61,59,89432,160978.0,0.814,21960,5317.0,180007.78
2026-08-06,SE,62,62,60,90511,162919.0,0.811,22320,5237.0,173058.19
2026-08-07,SE,57,57,55,83688,150638.0,0.816,20520,3492.0,157547.36
2026-08-08,SE,53,52,51,76991,138584.0,0.807,19080,3194.0,148968.83
2026-08-09,SE,52,52,51,76507,137713.0,0.817,18720,2164.0,141930.49
2026-08-10,SE,69,68,66,101171,182107.0,0.815,24840,3730.0,192643.78
2026-08-11,SE,66,66,65,96267,173281.0,0.81,23760,3700.0,192343.94
2026-08-12,SE,65,65,63,94513,170124.0,0.808,23400,3903.0,168188.45
2026-08-13,SE,66,66,63,97166,174898.0,0.818,23760,3871.0,196427.76
2026-08-14,SE,57,57,56,83710,150678.0,0.816,20520,3826.0,162568.18
2026-08-15,SE,52,52,51,76204,137167.0,0.814,18720,3805.0,145372.26
2026-08-16,SE,52,52,52,76505,137709.0,0.817,18720,2961.0,151480.58
2026-08-17,SE,68,68,65,99989,179980.0,0.817,24480,5462.0,193722.73
2026-08-18,SE,65,65,65,95275,171495.0,0.814,23400,4455.0,179016.27
2026-08-19,SE,63,63,62,92884,167191.0,0.819,22680,4687.0,171435.14
2026-08-20,SE,62,62,60,90824,163483.0,0.814,22320,3723.0,184538.63
2026-08-21,SE,62,62,61,90458,162824.0,0.811,22320,4384.0,163796.31
2026-08-22,SE,52,52,52,76627,137929.0,0.819,18720,3624.0,144865.94
2026-08-23,SE,46,46,44,67842,122115.0,0.819,16560,3710.0,121880.77
2026-08-24,SE,74,72,70,108662,195592.0,0.816,26640,5317.0,211846.33
2026-08-25,SE,67,67,65,98295,176930.0,0.815,24120,4959.0,187405.69
2026-08-26,SE,68,68,67,99057,178303.0,0.809,24480,4018.0,181400.46
2026-08-27,SE,62,62,62,91000,163800.0,0.815,22320,4818.0,168044.43
2026-08-28,SE,59,57,56,86494,155690.0,0.814,21240,3010.0,165966.29
2026-08-29,SE,53,53,51,77870,140166.0,0.816,19080,3106.0,150521.05
2026-08-30,SE,51,51,50,74696,134453.0,0.814,18360,3460.0,132111.27
2026-08-31,SE,74,71,70,109038,196268.0,0.819,26640,3874.0,201928.73
2026-09-01,SE,65,64,61,94948,170906.0,0.812,23400,3564.0,183691.43
2026-09-02,SE,66,66,65,97170,174906.0,0.818,23760,3619.0,194296.57
2026-09-03,SE,62,62,61,90194,162348.0,0.808,22320,4271.0,179940.48
2026-09-04,SE,61,61,61,89708,161474.0,0.817,21960,3848.0,168170.83
2026-09-05,SE,50,50,48,73033,131459.0,0.811,18000,3760.0,146010.91
2026-09-06,SE,51,51,50,74318,133772.0,0.81,18360,4341.0,141403.2
2026-09-07,SE,72,70,70,104924,188863.0,0.81,25920,4876.0,176925.1
2026-09-08,SE,66,66,66,96928,174471.0,0.816,23760,3912.0,196009.39
2026-09-09,SE,67,67,66,98321,176979.0,0.815,24120,4608.0,191580.06
2026-09-10,SE,65,65,64,94918,170852.0,0.811,23400,3583.0,183892.94
2026-09-11,SE,60,60,58,87565,157617.0,0.811,21600,3847.0,168535.43
2026-09-12,SE,56,55,54,81232,146218.0,0.806,20160,5118.0,159152.06
2026-09-13,SE,50,50,50,72462,130431.0,0.805,18000,3130.0,140441.02
2026-09-14,SE,74,73,70,108717,195691.0,0.816,26640,5037.0,205388.98
2026-09-15,SE,70,68,67,103030,185454.0,0.818,25200,4414.0,191425.04
2026-09-16,SE,64,64,64,94385,169892.0,0.819,23040,3864.0,180265.17
2026-09-17,SE,66,66,65,96225,173205.0,0.81,23760,4620.0,178795.01
2026-09-18,SE,60,60,59,88324,158984.0,0.818,21600,3064.0,160780.65
2026-09-19,SE,52,52,51,76633,137939.0,0.819,18720,3276.0,147591.81
2026-09-20,SE,53,53,52,77551,139592.0,0.813,19080,2657.0,154657.88
2026-09-21,SE,72,72,72,105244,189439.0,0.812,25920,5867.0,195737.14
2026-09-22,SE,64,64,63,93990,169183.0,0.816,23040,4830.0,175239.0
2026-09-23,SE,70,70,69,102506,184510.0,0.814,25200,3955.0,183226.51
2026-09-24,SE,71,71,69,103708,186674.0,0.811,25560,3178.0,188871.87
2026-09-25,SE,61,61,59,89240,160633.0,0.813,21960,4276.0,162529.24
2026-09-26,SE,50,50,50,72900,131219.0,0.81,18000,3216.0,145871.48
2026-09-27,SE,50,50,49,73639,132550.0,0.818,18000,4452.0,130648.54
2026-09-28,SE,74,74,72,108752,195754.0,0.816,26640,5915.0,211608.54
2026-09-29,SE,70,68,67,102565,184617.0,0.814,25200,5016.0,194474.86
2026-09-30,SE,64,64,63,93792,168826.0,0.814,23040,3782.0,184063.21
2025-01-01,S,14,14,13,20514,36925.0,0.814,11760,2683.0,89053.9
2025-01-02,S,14,14,13,20091,36163.0,0.797,11760,1989.0,87057.06
2025-01-03,S,13,13,12,17777,31998.0,0.76,10920,2297.0,81671.81
2025-01-04,S,12,12,11,16601,29881.0,0.769,10080,1650.0,84511.88
2025-01-05,S,12,12,12,16535,29762.0,0.765,10080,1382.0,80334.42
2025-01-06,S,16,16,15,22900,41219.0,0.795,13440,3219.0,103410.97
2025-01-07,S,15,15,15,21141,38054.0,0.783,12600,2040.0,95698.92
2025-01-08,S,14,14,13,20122,36219.0,0.798,11760,2280.0,96260.48
2025-01-09,S,14,13,13,20270,36486.0,0.804,11760,1049.0,88661.82
2025-01-10,S,13,13,12,17723,31901.0,0.757,10920,1942.0,79373.09
2025-01-11,S,12,11,11,16391,29504.0,0.759,10080,1997.0,80118.48
2025-01-12,S,11,11,11,15303,27545.0,0.773,9240,1703.0,69400.34
2025-01-13,S,17,16,16,24375,43874.0,0.797,14280,2528.0,105665.64
2025-01-14,S,15,15,14,21386,38496.0,0.792,12600,2188.0,93985.5
2025-01-15,S,15,15,14,21526,38748.0,0.797,12600,2597.0,99911.49
2025-01-16,S,13,13,13,19186,34534.0,0.82,10920,1542.0,84820.85
2025-01-17,S,14,14,13,19365,34857.0,0.768,11760,2033.0,88115.89
2025-01-18,S,12,12,11,16575,29835.0,0.767,10080,2248.0,80100.68
2025-01-19,S,11,11,11,15130,27234.0,0.764,9240,1252.0,69686.33
2025-01-20,S,16,16,15,23168,41703.0,0.804,13440,2376.0,97973.29
2025-01-21,S,16,16,15,22560,40608.0,0.783,13440,1974.0,99347.82
2025-01-22,S,14,14,14,20225,36405.0,0.803,11760,2223.0,91808.72
2025-01-23,S,13,13,13,18883,33990.0,0.807,10920,1976.0,82506.35
2025-01-24,S,13,13,12,19072,34330.0,0.815,10920,1656.0,85534.63
2025-01-25,S,11,11,11,15966,28738.0,0.806,9240,1670.0,75278.9
2025-01-26,S,11,11,11,15506,27912.0,0.783,9240,1681.0,70255.77
2025-01-27,S,16,16,15,23092,41566.0,0.802,13440,2174.0,116012.58
2025-01-28,S,14,14,13,20467,36840.0,0.812,11760,1970.0,92741.49
2025-01-29,S,14,14,14,19411,34939.0,0.77,11760,1888.0,91081.16
2025-01-30,S,14,14,14,20528,36951.0,0.815,11760,1312.0,86830.82
2025-01-31,S,13,13,12,18843,33917.0,0.805,10920,2269.0,83988.57
2025-02-01,S,11,11,10,15093,27168.0,0.762,9240,1994.0,71355.49
2025-02-02,S,11,11,10,16219,29194.0,0.819,9240,1178.0,74262.24
2025-02-03,S,16,15,14,23514,42326.0,0.816,13440,2906.0,102333.77
2025-02-04,S,15,15,14,21345,38421.0,0.791,12600,2420.0,99979.77
2025-02-05,S,14,14,13,19740,35532.0,0.783,11760,1728.0,91882.18
2025-02-06,S,15,15,14,20898,37617.0,0.774,12600,2189.0,102112.01
2025-02-07,S,14,14,14,19541,35173.0,0.775,11760,1868.0,95593.86
2025-02-08,S,13,13,12,18068,32522.0,0.772,10920,2268.0,86312.56
2025-02-09,S,11,11,11,16110,28998.0,0.814,9240,1409.0,74277.36
2025-02-10,S,17,17,16,23745,42741.0,0.776,14280,3480.0,116389.89
2025-02-11,S,15,15,14,21890,39403.0,0.811,12600,2706.0,100392.36
2025-02-12,S,15,15,14,21408,38534.0,0.793,12600,1805.0,99372.03
2025-02-13,S,15,15,15,20868,37562.0,0.773,12600,2887.0,99888.7
2025-02-14,S,14,14,13,20266,36480.0,0.804,11760,2374.0,97641.41
2025-02-15,S,12,12,12,16467,29641.0,0.762,10080,1769.0,78978.2
2025-02-16,S,11,11,11,15725,28305.0,0.794,9240,1851.0,74173.47
2025-02-17,S,16,16,15,23167,41701.0,0.804,13440,2792.0,101996.12
2025-02-18,S,16,16,15,22758,40965.0,0.79,13440,2113.0,111125.72
2025-02-19,S,15,14,14,22030,39655.0,0.816,12600,2584.0,100047.17
2025-02-20,S,14,14,13,20209,36377.0,0.802,11760,1964.0,90460.88
2025-02-21,S,14,14,13,19238,34629.0,0.763,11760,2404.0,91470.84
2025-02-22,S,12,12,11,17055,30700.0,0.79,10080,1773.0,77937.17
2025-02-23,S,11,11,11,15922,28659.0,0.804,9240,1384.0,72086.33
2025-02-24,S,17,17,16,24488,44078.0,0.8,14280,2840.0,112318.58
2025-02-25,S,14,14,14,20518,36933.0,0.814,11760,1983.0,91006.02
2025-02-26,S,14,14,14,20444,36800.0,0.811,11760,2171.0,85901.31
2025-02-27,S,14,14,13,20092,36165.0,0.797,11760,2261.0,98238.54
2025-02-28,S,13,13,13,18045,32482.0,0.771,10920,2447.0,86083.28
2025-03-01,S,12,12,11,16395,29510.0,0.759,10080,1683.0,79477.01
2025-03-02,S,11,10,10,15635,28143.0,0.79,9240,1428.0,71933.55
2025-03-03,S,17,17,16,23667,42600.0,0.773,14280,3275.0,115429.68
2025-03-04,S,16,16,15,23275,41894.0,0.808,13440,2420.0,105034.17
2025-03-05,S,15,15,14,20993,37788.0,0.778,12600,2062.0,97057.64
2025-03-06,S,14,14,13,20028,36050.0,0.795,11760,2245.0,90821.71
2025-03-07,S,14,14,13,19715,35488.0,0.782,11760,1996.0,96319.21
2025-03-08,S,12,12,11,17692,31845.0,0.819,10080,1733.0,79260.5
2025-03-09,S,11,11,11,15691,28244.0,0.792,9240,2377.0,71970.74
2025-03-10,S,22,21,20,31331,56396.0,0.791,18480,2779.0,141633.29
2025-03-11,S,22,21,20,31013,55823.0,0.783,18480,2529.0,142295.93
2025-03-12,S,20,19,19,28529,51352.0,0.792,16800,3642.0,136704.26
2025-03-13,S,20,20,19,28850,51930.0,0.801,16800,2833.0,126236.96
2025-03-14,S,19,19,18,26809,48257.0,0.784,15960,3026.0,127822.77
2025-03-15,S,17,17,16,23740,42731.0,0.776,14280,2844.0,114532.24
2025-03-16,S,15,15,14,21260,38268.0,0.787,12600,1607.0,99127.68
2025-03-17,S,17,17,16,24100,43380.0,0.788,14280,3059.0,110537.97
2025-03-18,S,16,16,15,22494,40489.0,0.781,13440,2193.0,98617.45
2025-03-19,S,14,14,13,20508,36915.0,0.814,11760,2787.0,94164.81
2025-03-20,S,14,14,13,19868,35762.0,0.788,11760,1836.0,85875.54
2025-03-21,S,14,14,13,20462,36832.0,0.812,11760,2669.0,92340.13
2025-03-22,S,12,12,11,17051,30692.0,0.789,10080,2343.0,78787.82
2025-03-23,S,11,11,11,15846,28522.0,0.8,9240,1528.0,74286.13
2025-03-24,S,17,17,16,24168,43503.0,0.79,14280,2489.0,107393.27
2025-03-25,S,17,17,16,23692,42646.0,0.774,14280,2436.0,107172.99
2025-03-26,S,14,14,13,19824,35683.0,0.787,11760,2653.0,93689.46
2025-03-27,S,14,14,13,20031,36056.0,0.795,11760,2180.0,91101.29
2025-03-28,S,14,14,14,19449,35008.0,0.772,11760,2305.0,84326.98
2025-03-29,S,13,13,12,18250,32851.0,0.78,10920,1919.0,85154.86
2025-03-30,S,12,12,11,16692,30046.0,0.773,10080,1957.0,84309.29
2025-03-31,S,17,16,15,25044,45080.0,0.818,14280,2801.0,113828.29
2025-04-01,S,15,15,14,22009,39616.0,0.815,12600,2042.0,93619.2
2025-04-02,S,15,15,14,20820,37475.0,0.771,12600,2938.0,100126.4
2025-04-03,S,15,15,14,21594,38868.0,0.8,12600,2191.0,102143.57
2025-04-04,S,14,14,13,20255,36459.0,0.804,11760,2480.0,85398.67
2025-04-05,S,13,13,12,17798,32036.0,0.761,10920,1552.0,84196.65
2025-04-06,S,12,12,12,16516,29728.0,0.765,10080,2021.0,82711.0
2025-04-07,S,17,16,15,24770,44586.0,0.809,14280,3027.0,104593.1
2025-04-08,S,16,16,15,23184,41731.0,0.805,13440,2526.0,103658.12
2025-04-09,S,16,16,15,22387,40296.0,0.777,13440,2853.0,103929.73
2025-04-10,S,15,15,14,21988,39578.0,0.814,12600,2001.0,96646.44
2025-04-11,S,13,13,12,19179,34522.0,0.82,10920,2120.0,89863.58
2025-04-12,S,11,11,10,16182,29127.0,0.817,9240,1242.0,75595.7
2025-04-13,S,12,12,12,17306,31151.0,0.801,10080,1859.0,77672.77
2025-04-14,S,18,17,17,25697,46255.0,0.793,15120,2362.0,113137.81
2025-04-15,S,16,16,16,22361,40249.0,0.776,13440,2391.0,110169.87
2025-04-16,S,14,14,14,20493,36887.0,0.813,11760,2603.0,94571.27
2025-04-17,S,15,15,14,21581,38846.0,0.799,12600,2925.0,98213.93
2025-04-18,S,15,15,14,21114,38006.0,0.782,12600,1783.0,100854.56
2025-04-19,S,13,13,12,18776,33796.0,0.802,10920,2374.0,87382.15
2025-04-20,S,12,12,11,17120,30817.0,0.793,10080,2237.0,75873.58
2025-04-21,S,17,17,16,24492,44086.0,0.8,14280,2709.0,108737.58
2025-04-22,S,16,16,15,22594,40669.0,0.785,13440,2967.0,104855.64
2025-04-23,S,15,15,14,22055,39699.0,0.817,12600,2111.0,90679.61
2025-04-24,S,15,15,14,21404,38528.0,0.793,12600,2074.0,96932.88
2025-04-25,S,14,14,13,19836,35705.0,0.787,11760,1937.0,88820.79
2025-04-26,S,13,12,12,19041,34274.0,0.814,10920,2199.0,85759.97
2025-04-27,S,13,13,12,17970,32347.0,0.768,10920,1934.0,81339.14
2025-04-28,S,18,17,17,25950,46711.0,0.801,15120,2397.0,119961.66
2025-04-29,S,16,16,15,22702,40864.0,0.788,13440,2150.0,105765.13
2025-04-30,S,16,16,15,22837,41106.0,0.793,13440,2420.0,104404.95
2025-05-01,S,20,20,19,28916,52049.0,0.803,16800,2596.0,133499.33
2025-05-02,S,19,18,18,27308,49154.0,0.798,15960,3193.0,127437.62
2025-05-03,S,17,17,16,24246,43642.0,0.792,14280,3082.0,110324.04
2025-05-04,S,16,16,15,22607,40693.0,0.785,13440,2812.0,104980.46
2025-05-05,S,23,22,21,33478,60260.0,0.809,19320,5165.0,146605.12
2025-05-06,S,22,21,20,31356,56440.0,0.792,18480,3554.0,140163.73
2025-05-07,S,20,20,19,29337,52807.0,0.815,16800,3878.0,139324.57
2025-05-08,S,19,18,17,26671,48007.0,0.78,15960,2961.0,123480.79
2025-05-09,S,19,19,18,27125,48826.0,0.793,15960,2739.0,124429.61
2025-05-10,S,16,16,16,22910,41237.0,0.795,13440,2467.0,104508.24
2025-05-11,S,15,14,14,21246,38244.0,0.787,12600,2331.0,99740.52
2025-05-12,S,19,18,17,26733,48120.0,0.782,15960,2814.0,121779.3
2025-05-13,S,18,17,17,25165,45298.0,0.777,15120,2231.0,115823.6
2025-05-14,S,16,16,16,23496,42294.0,0.816,13440,2024.0,108761.1
2025-05-15,S,16,16,15,22204,39967.0,0.771,13440,2876.0,98595.27
2025-05-16,S,15,15,14,21914,39445.0,0.812,12600,2583.0,99014.79
2025-05-17,S,13,13,12,18084,32550.0,0.773,10920,2548.0,82379.08
2025-05-18,S,12,12,11,17331,31196.0,0.802,10080,1696.0,72305.7
2025-05-19,S,17,17,16,24420,43957.0,0.798,14280,2362.0,111022.28
2025-05-20,S,17,17,16,24198,43556.0,0.791,14280,2078.0,106240.52
2025-05-21,S,16,16,15,22607,40693.0,0.785,13440,2845.0,99240.92
2025-05-22,S,15,15,14,21125,38026.0,0.782,12600,1931.0,108484.57
2025-05-23,S,15,14,14,21008,37814.0,0.778,12600,2256.0,100411.04
2025-05-24,S,13,13,13,18129,32633.0,0.775,10920,2068.0,87106.5
2025-05-25,S,13,13,12,18397,33115.0,0.786,10920,1453.0,84994.57
2025-05-26,S,18,17,17,26338,47408.0,0.813,15120,3074.0,112302.69
2025-05-27,S,17,17,16,24014,43225.0,0.785,14280,3003.0,110646.65
2025-05-28,S,16,16,15,22887,41197.0,0.795,13440,2531.0,103342.48
2025-05-29,S,16,16,15,22297,40135.0,0.774,13440,2384.0,96762.98
2025-05-30,S,15,15,14,21017,37830.0,0.778,12600,2256.0,105321.94
2025-05-31,S,12,12,12,17593,31667.0,0.814,10080,2238.0,78342.78
2025-06-01,S,12,12,12,17316,31169.0,0.802,10080,1831.0,76004.89
2025-06-02,S,17,16,15,25015,45027.0,0.817,14280,2562.0,111932.71
2025-06-03,S,16,16,15,23087,41556.0,0.802,13440,2142.0,99051.04
2025-06-04,S,16,16,15,23229,41812.0,0.807,13440,1291.0,100899.29
2025-06-05,S,16,16,16,22698,40856.0,0.788,13440,2861.0,111274.83
2025-06-06,S,14,14,13,19958,35925.0,0.792,11760,2116.0,89821.06
2025-06-07,S,13,13,12,18312,32962.0,0.783,10920,1679.0,85114.14
2025-06-08,S,13,13,12,18118,32613.0,0.774,10920,2657.0,85528.64
2025-06-09,S,19,18,18,26793,48227.0,0.783,15960,3083.0,123621.14
2025-06-10,S,18,17,17,25154,45277.0,0.776,15120,2628.0,115394.84
2025-06-11,S,16,15,15,22984,41370.0,0.798,13440,2830.0,114346.96
2025-06-12,S,15,15,14,21855,39338.0,0.809,12600,2407.0,95366.9
2025-06-13,S,14,14,13,20600,37080.0,0.817,11760,2240.0,88448.19
2025-06-14,S,13,13,12,18721,33697.0,0.8,10920,1766.0,86847.62
2025-06-15,S,13,12,12,17843,32117.0,0.763,10920,2194.0,80798.29
2025-06-16,S,19,18,17,27154,48878.0,0.794,15960,3323.0,129573.22
2025-06-17,S,18,17,17,25362,45652.0,0.783,15120,2448.0,116987.4
2025-06-18,S,16,16,15,22978,41360.0,0.798,13440,1655.0,105373.05
2025-06-19,S,15,15,14,21664,38995.0,0.802,12600,2627.0,99441.77
2025-06-20,S,15,15,14,21295,38330.0,0.789,12600,2506.0,96945.16
2025-06-21,S,13,13,13,18745,33742.0,0.801,10920,2241.0,88295.8
2025-06-22,S,12,12,11,17586,31655.0,0.814,10080,1828.0,80667.44
2025-06-23,S,18,17,17,25605,46090.0,0.79,15120,3158.0,120372.29
2025-06-24,S,17,17,16,24781,44606.0,0.81,14280,2291.0,104637.22
2025-06-25,S,16,16,16,22808,41054.0,0.792,13440,2344.0,103370.0
2025-06-26,S,16,16,15,22280,40104.0,0.774,13440,1997.0,104365.31
2025-06-27,S,15,15,15,21896,39413.0,0.811,12600,2706.0,105111.18
2025-06-28,S,13,13,13,18448,33206.0,0.788,10920,1950.0,80358.4
2025-06-29,S,13,13,12,17966,32339.0,0.768,10920,2042.0,83001.68
2025-06-30,S,18,17,17,26536,47765.0,0.819,15120,2918.0,123038.31
2025-07-01,S,17,17,16,23719,42695.0,0.775,14280,2468.0,107201.43
2025-07-02,S,16,16,16,22959,41326.0,0.797,13440,2751.0,102074.17
2025-07-03,S,17,17,16,24065,43318.0,0.786,14280,3281.0,118842.16
2025-07-04,S,15,15,14,20899,37619.0,0.774,12600,2638.0,99717.94
2025-07-05,S,12,12,11,17425,31365.0,0.807,10080,1293.0,81322.25
2025-07-06,S,12,12,11,16748,30147.0,0.775,10080,1848.0,80896.35
2025-07-07,S,18,17,16,26463,47634.0,0.817,15120,2792.0,118488.34
2025-07-08,S,17,17,16,24874,44773.0,0.813,14280,3103.0,111791.48
2025-07-09,S,16,16,15,23390,42102.0,0.812,13440,2198.0,108549.99
2025-07-10,S,17,17,16,24024,43243.0,0.785,14280,2125.0,107610.4
2025-07-11,S,14,14,13,19861,35750.0,0.788,11760,2412.0,98090.32
2025-07-12,S,14,14,13,19190,34542.0,0.762,11760,2110.0,89768.45
2025-07-13,S,13,13,12,19004,34207.0,0.812,10920,1761.0,88661.71
2025-07-14,S,18,17,17,25539,45971.0,0.788,15120,2604.0,120322.57
2025-07-15,S,17,16,15,24659,44386.0,0.806,14280,1966.0,108945.32
2025-07-16,S,16,16,15,22999,41399.0,0.799,13440,2488.0,106859.76
2025-07-17,S,16,16,15,22453,40415.0,0.78,13440,2297.0,105366.54
2025-07-18,S,15,15,14,21785,39213.0,0.807,12600,2469.0,91339.17
2025-07-19,S,14,14,13,19989,35980.0,0.793,11760,2044.0,91409.74
2025-07-20,S,14,14,14,19289,34720.0,0.765,11760,2129.0,87146.29
2025-07-21,S,18,17,16,26428,47570.0,0.816,15120,2515.0,120330.05
2025-07-22,S,19,18,18,26812,48261.0,0.784,15960,2751.0,123783.26
2025-07-23,S,17,17,17,23788,42818.0,0.777,14280,2086.0,115293.27
2025-07-24,S,17,17,16,24743,44537.0,0.809,14280,3013.0,108279.63
2025-07-25,S,15,15,14,22092,39766.0,0.818,12600,2252.0,93185.59
2025-07-26,S,14,14,13,19235,34623.0,0.763,11760,1415.0,87779.29
2025-07-27,S,13,13,12,18461,33230.0,0.789,10920,1446.0,92058.59
2025-07-28,S,21,19,18,29889,53801.0,0.791,17640,3724.0,154262.66
2025-07-29,S,18,17,17,26033,46860.0,0.803,15120,2702.0,127377.14
2025-07-30,S,16,16,15,23304,41947.0,0.809,13440,2411.0,98373.83
2025-07-31,S,17,17,16,24241,43634.0,0.792,14280,2569.0,105249.25
2025-08-01,S,15,15,15,22010,39618.0,0.815,12600,2452.0,94092.84
2025-08-02,S,13,13,12,18928,34070.0,0.809,10920,2467.0,87813.55
2025-08-03,S,13,13,12,18917,34050.0,0.808,10920,2111.0,92357.58
2025-08-04,S,19,18,17,27082,48747.0,0.792,15960,3020.0,128993.45
2025-08-05,S,18,18,17,25674,46213.0,0.792,15120,2462.0,118832.13
2025-08-06,S,17,16,16,24045,43282.0,0.786,14280,1910.0,107265.15
2025-08-07,S,17,17,16,23859,42947.0,0.78,14280,2774.0,110111.3
2025-08-08,S,16,16,15,22754,40957.0,0.79,13440,2643.0,105203.68
2025-08-09,S,13,13,12,18056,32500.0,0.772,10920,2326.0,88183.29
2025-08-10,S,13,13,13,18870,33966.0,0.806,10920,2526.0,83475.67
2025-08-11,S,18,17,16,26273,47291.0,0.811,15120,2195.0,119828.58
2025-08-12,S,17,17,16,24282,43707.0,0.794,14280,2307.0,112609.6
2025-08-13,S,17,16,16,24123,43421.0,0.788,14280,2857.0,111831.05
2025-08-14,S,17,17,16,23788,42818.0,0.777,14280,2571.0,109622.1
2025-08-15,S,15,15,14,22004,39606.0,0.815,12600,2814.0,98755.52
2025-08-16,S,14,14,14,20047,36084.0,0.796,11760,2049.0,91376.15
2025-08-17,S,12,12,11,17675,31814.0,0.818,10080,2420.0,76165.14
2025-08-18,S,19,18,18,26975,48555.0,0.789,15960,2900.0,128892.48
2025-08-19,S,18,18,17,25194,45350.0,0.778,15120,3460.0,125364.43
2025-08-20,S,17,16,16,24273,43691.0,0.793,14280,1539.0,112141.9
2025-08-21,S,17,17,17,24088,43358.0,0.787,14280,2779.0,111179.07
2025-08-22,S,15,15,14,21880,39385.0,0.81,12600,2277.0,101262.85
2025-08-23,S,14,14,13,20089,36161.0,0.797,11760,1378.0,92407.85
2025-08-24,S,13,13,12,18694,33649.0,0.799,10920,1961.0,89061.21
2025-08-25,S,18,17,17,25701,46261.0,0.793,15120,2160.0,118437.68
2025-08-26,S,17,16,16,24096,43372.0,0.787,14280,2348.0,113995.57
2025-08-27,S,17,16,16,24442,43995.0,0.799,14280,2701.0,119107.27
2025-08-28,S,17,17,16,23807,42852.0,0.778,14280,2518.0,117032.03
2025-08-29,S,16,16,16,22729,40913.0,0.789,13440,2563.0,104174.36
2025-08-30,S,14,14,13,19686,35435.0,0.781,11760,2172.0,95695.85
2025-08-31,S,13,13,13,18908,34034.0,0.808,10920,2737.0,81537.94
2025-09-01,S,20,19,18,28600,51481.0,0.794,16800,3155.0,129986.7
2025-09-02,S,17,16,16,25006,45011.0,0.817,14280,2619.0,115097.86
2025-09-03,S,16,16,15,23585,42453.0,0.819,13440,2589.0,111246.82
2025-09-04,S,16,16,15,23208,41774.0,0.806,13440,2409.0,101681.04
2025-09-05,S,16,15,15,23175,41715.0,0.805,13440,1781.0,104717.45
2025-09-06,S,15,15,15,20683,37229.0,0.766,12600,2530.0,98291.96
2025-09-07,S,13,13,12,18584,33451.0,0.794,10920,2388.0,84861.9
2025-09-08,S,18,17,17,25404,45727.0,0.784,15120,3427.0,112198.71
2025-09-09,S,17,17,16,24608,44294.0,0.804,14280,2866.0,113614.94
2025-09-10,S,17,17,17,24014,43225.0,0.785,14280,2455.0,105700.71
2025-09-11,S,17,17,16,23797,42834.0,0.778,14280,2683.0,116453.25
2025-09-12,S,16,15,15,22746,40943.0,0.79,13440,3139.0,110492.08
2025-09-13,S,14,14,13,19961,35929.0,0.792,11760,2038.0,89385.26
2025-09-14,S,13,13,12,18770,33786.0,0.802,10920,1575.0,80852.15
2025-09-15,S,20,18,18,29032,52257.0,0.806,16800,4138.0,130871.23
2025-09-16,S,18,18,17,25697,46255.0,0.793,15120,2260.0,115483.29
2025-09-17,S,17,17,16,24127,43429.0,0.788,14280,1897.0,110449.8
2025-09-18,S,17,17,16,24819,44675.0,0.811,14280,2707.0,111791.94
2025-09-19,S,15,15,14,21961,39530.0,0.813,12600,2423.0,94622.98
2025-09-20,S,14,14,13,20322,36580.0,0.806,11760,2278.0,97815.26
2025-09-21,S,13,13,12,19155,34480.0,0.819,10920,2253.0,82991.49
2025-09-22,S,19,18,17,28019,50434.0,0.819,15960,2795.0,129145.96
2025-09-23,S,19,18,17,27943,50297.0,0.817,15960,2802.0,120056.93
2025-09-24,S,17,16,16,24476,44058.0,0.8,14280,2325.0,111657.39
2025-09-25,S,18,17,16,26321,47378.0,0.812,15120,2784.0,120060.31
2025-09-26,S,16,16,15,23158,41685.0,0.804,13440,2638.0,105400.76
2025-09-27,S,14,14,14,19264,34675.0,0.764,11760,2437.0,90796.28
2025-09-28,S,14,14,13,19244,34639.0,0.764,11760,1800.0,89919.13
2025-09-29,S,19,17,17,27260,49067.0,0.797,15960,2276.0,122462.37
2025-09-30,S,18,17,17,25924,46662.0,0.8,15120,3123.0,114750.96
2025-10-01,S,18,17,17,25516,45929.0,0.788,15120,2482.0,119507.05
2025-10-02,S,18,18,17,25173,45312.0,0.777,15120,2275.0,126574.84
2025-10-03,S,16,16,15,22967,41340.0,0.797,13440,1673.0,106338.62
2025-10-04,S,15,15,15,20982,37768.0,0.777,12600,2800.0,100622.16
2025-10-05,S,14,14,13,20091,36163.0,0.797,11760,2214.0,95698.93
2025-10-06,S,21,19,18,29923,53861.0,0.792,17640,3464.0,135109.67
2025-10-07,S,19,18,17,27274,49094.0,0.797,15960,3082.0,115503.25
2025-10-08,S,18,17,17,26519,47735.0,0.818,15120,2818.0,117949.85
2025-10-09,S,16,15,15,23201,41761.0,0.806,13440,2410.0,108417.1
2025-10-10,S,16,16,16,23350,42030.0,0.811,13440,2391.0,113261.76
2025-10-11,S,14,14,13,19779,35603.0,0.785,11760,1772.0,88131.47
2025-10-12,S,14,14,13,19500,35101.0,0.774,11760,1494.0,95763.25
2025-10-13,S,20,19,18,28082,50547.0,0.78,16800,4156.0,132408.15
2025-10-14,S,19,18,18,26776,48197.0,0.783,15960,2891.0,122551.85
2025-10-15,S,19,18,17,27134,48842.0,0.793,15960,2663.0,119279.49
2025-10-16,S,17,16,16,24830,44695.0,0.811,14280,2227.0,108782.52
2025-10-17,S,17,17,16,24093,43368.0,0.787,14280,3020.0,113938.16
2025-10-18,S,14,14,13,20349,36629.0,0.808,11760,2168.0,96214.48
2025-10-19,S,14,14,14,19583,35250.0,0.777,11760,1812.0,81732.44
2025-10-20,S,20,18,18,28827,51888.0,0.801,16800,2871.0,133726.18
2025-10-21,S,19,17,17,27513,49523.0,0.804,15960,3022.0,121632.03
2025-10-22,S,19,18,17,26648,47967.0,0.779,15960,2688.0,122096.88
2025-10-23,S,19,19,18,26571,47828.0,0.777,15960,3263.0,126561.99
2025-10-24,S,17,17,17,24145,43461.0,0.789,14280,3480.0,119943.18
2025-10-25,S,15,14,14,21060,37909.0,0.78,12600,2108.0,95457.99
2025-10-26,S,13,13,12,18853,33935.0,0.806,10920,1872.0,84850.22
2025-10-27,S,20,18,18,28897,52015.0,0.803,16800,2606.0,122781.98
2025-10-28,S,20,19,18,28141,50654.0,0.782,16800,2947.0,133338.44
2025-10-29,S,18,17,16,26533,47759.0,0.819,15120,1832.0,114680.95
2025-10-30,S,18,18,17,25455,45820.0,0.786,15120,3220.0,125370.93
2025-10-31,S,17,16,16,24770,44586.0,0.809,14280,1999.0,112989.35
2025-11-01,S,15,15,14,21110,37998.0,0.782,12600,1963.0,97166.53
2025-11-02,S,14,14,14,20588,37058.0,0.817,11760,2146.0,90714.28
2025-11-03,S,20,18,17,29449,53009.0,0.818,16800,3718.0,132951.75
2025-11-04,S,19,18,17,27060,48709.0,0.791,15960,2464.0,127929.33
2025-11-05,S,18,17,17,26205,47168.0,0.809,15120,2637.0,112422.08
2025-11-06,S,16,16,15,22807,41052.0,0.792,13440,2538.0,104208.87
2025-11-07,S,17,16,16,24487,44076.0,0.8,14280,2283.0,111372.16
2025-11-08,S,13,13,12,18208,32774.0,0.778,10920,1926.0,85897.28
2025-11-09,S,13,13,12,18673,33611.0,0.798,10920,1445.0,89625.04
2025-11-10,S,21,19,19,29785,53614.0,0.788,17640,2896.0,129746.37
2025-11-11,S,19,18,17,28020,50436.0,0.819,15960,3462.0,129248.06
2025-11-12,S,17,17,16,24991,44983.0,0.817,14280,2920.0,113007.51
2025-11-13,S,17,17,16,24923,44862.0,0.814,14280,2380.0,109166.12
2025-11-14,S,18,17,17,25468,45842.0,0.786,15120,2262.0,121739.62
2025-11-15,S,14,14,13,20638,37149.0,0.819,11760,2042.0,90322.29
2025-11-16,S,15,15,14,21556,38800.0,0.798,12600,1715.0,91155.27
2025-11-17,S,20,18,18,29490,53081.0,0.819,16800,2925.0,113041.32
2025-11-18,S,20,19,18,28115,50608.0,0.781,16800,2817.0,124664.06
2025-11-19,S,19,18,17,27683,49829.0,0.809,15960,2659.0,121778.24
2025-11-20,S,18,17,16,25826,46487.0,0.797,15120,2658.0,118745.98
2025-11-21,S,16,16,16,23585,42453.0,0.819,13440,2636.0,107336.66
2025-11-22,S,15,15,14,21034,37860.0,0.779,12600,1875.0,97265.55
2025-11-23,S,14,14,13,20077,36139.0,0.797,11760,2455.0,86554.17
2025-11-24,S,50,44,43,73436,132185.0,0.816,42000,8978.0,322613.77
2025-11-25,S,49,45,44,71836,129304.0,0.814,41160,10125.0,318245.09
2025-11-26,S,46,42,41,66735,120123.0,0.806,38640,7299.0,322339.41
2025-11-27,S,48,44,42,69402,124923.0,0.803,40320,9039.0,321500.99
2025-11-28,S,44,41,40,63995,115190.0,0.808,36960,7735.0,269186.45
2025-11-29,S,38,38,37,54669,98405.0,0.799,31920,5928.0,245838.52
2025-11-30,S,36,35,34,52371,94268.0,0.808,30240,4339.0,242443.3
2025-12-01,S,53,45,44,78170,140707.0,0.819,44520,9209.0,347547.68
2025-12-02,S,20,18,18,28645,51561.0,0.796,16800,3145.0,122528.77
2025-12-03,S,18,17,16,25576,46037.0,0.789,15120,3532.0,121796.75
2025-12-04,S,17,16,16,25058,45104.0,0.819,14280,2888.0,113003.34
2025-12-05,S,18,17,16,25682,46227.0,0.793,15120,3201.0,117195.36
2025-12-06,S,15,15,14,21052,37893.0,0.78,12600,2049.0,95110.02
2025-12-07,S,14,14,14,19326,34786.0,0.767,11760,2203.0,95446.03
2025-12-08,S,32,28,27,47230,85015.0,0.82,26880,3287.0,194450.82
2025-12-09,S,31,28,27,44421,79959.0,0.796,26040,5120.0,190484.3
2025-12-10,S,27,25,25,39105,70389.0,0.805,22680,4911.0,171704.24
2025-12-11,S,28,26,26,40867,73560.0,0.811,23520,5216.0,185673.89
2025-12-12,S,27,26,25,39538,71169.0,0.814,22680,3841.0,167251.49
2025-12-13,S,23,23,21,33734,60722.0,0.815,19320,2426.0,147412.47
2025-12-14,S,22,21,21,32402,58323.0,0.818,18480,3028.0,142175.78
2025-12-15,S,31,28,27,44477,80059.0,0.797,26040,4626.0,205900.14
2025-12-16,S,31,29,28,44474,80053.0,0.797,26040,5007.0,200863.08
2025-12-17,S,28,26,25,41116,74009.0,0.816,23520,2802.0,181452.18
2025-12-18,S,28,27,27,40086,72155.0,0.795,23520,4160.0,178276.59
2025-12-19,S,28,26,25,39949,71909.0,0.793,23520,3502.0,191447.55
2025-12-20,S,24,24,24,35225,63405.0,0.815,20160,4504.0,161397.77
2025-12-21,S,15,15,14,21861,39350.0,0.81,12600,1385.0,100732.26
2025-12-22,S,22,19,19,31749,57148.0,0.802,18480,3888.0,139658.11
2025-12-23,S,20,19,18,28419,51154.0,0.789,16800,2944.0,128353.17
2025-12-24,S,19,18,17,27299,49138.0,0.798,15960,1893.0,126860.3
2025-12-25,S,19,18,18,27169,48904.0,0.794,15960,3676.0,121562.53
2025-12-26,S,18,18,17,25263,45473.0,0.78,15120,3334.0,113565.23
2025-12-27,S,15,14,14,21831,39296.0,0.809,12600,2740.0,99414.96
2025-12-28,S,15,15,14,21286,38314.0,0.788,12600,2303.0,93138.46
2025-12-29,S,21,19,18,30464,54835.0,0.806,17640,2820.0,136439.42
2025-12-30,S,19,18,17,27961,50329.0,0.818,15960,2904.0,128931.09
2025-12-31,S,19,18,18,26728,48110.0,0.782,15960,3134.0,125211.42
2026-01-01,S,19,19,18,27201,48963.0,0.795,15960,2613.0,119273.88
2026-01-02,S,18,18,17,25304,45547.0,0.781,15120,2332.0,120165.64
2026-01-03,S,15,15,14,22118,39812.0,0.819,12600,2454.0,95917.35
2026-01-04,S,15,15,15,21296,38332.0,0.789,12600,2342.0,101604.38
2026-01-05,S,21,18,17,30300,54541.0,0.802,17640,3665.0,140394.17
2026-01-06,S,21,19,19,29623,53321.0,0.784,17640,3981.0,135681.47
2026-01-07,S,19,18,17,27639,49751.0,0.808,15960,3283.0,120753.9
2026-01-08,S,18,17,17,25608,46094.0,0.79,15120,2199.0,113929.55
2026-01-09,S,19,18,18,26732,48118.0,0.782,15960,2867.0,137383.3
2026-01-10,S,15,15,14,21598,38877.0,0.8,12600,2414.0,89272.14
2026-01-11,S,14,14,14,19715,35488.0,0.782,11760,2402.0,85269.34
2026-01-12,S,21,19,19,29752,53553.0,0.787,17640,3629.0,143659.7
2026-01-13,S,19,18,17,27988,50378.0,0.818,15960,2845.0,128902.96
2026-01-14,S,19,18,18,27485,49473.0,0.804,15960,2638.0,126282.33
2026-01-15,S,19,19,18,26662,47991.0,0.78,15960,3356.0,114569.18
2026-01-16,S,18,18,17,25293,45527.0,0.781,15120,2893.0,120477.86
2026-01-17,S,16,16,15,22589,40661.0,0.784,13440,2533.0,100724.01
2026-01-18,S,15,15,15,21299,38338.0,0.789,12600,2002.0,97891.5
2026-01-19,S,22,20,19,31403,56525.0,0.793,18480,4491.0,146489.94
2026-01-20,S,21,19,19,29612,53301.0,0.783,17640,3307.0,140380.09
2026-01-21,S,20,19,18,28188,50739.0,0.783,16800,2980.0,127629.35
2026-01-22,S,17,17,16,25077,45138.0,0.82,14280,2677.0,117108.82
2026-01-23,S,18,18,17,25414,45745.0,0.784,15120,2662.0,121770.81
2026-01-24,S,14,14,13,20541,36973.0,0.815,11760,1662.0,88205.09
2026-01-25,S,15,15,14,21197,38155.0,0.785,12600,2381.0,96393.93
2026-01-26,S,22,20,19,31233,56220.0,0.789,18480,2522.0,139769.73
2026-01-27,S,21,19,19,30436,54785.0,0.805,17640,3230.0,137247.3
2026-01-28,S,20,19,19,28906,52031.0,0.803,16800,2221.0,134337.89
2026-01-29,S,19,18,17,27424,49364.0,0.802,15960,1841.0,115272.4
2026-01-30,S,18,18,17,25437,45787.0,0.785,15120,3000.0,108575.78
2026-01-31,S,16,16,15,22746,40943.0,0.79,13440,1974.0,101342.91
2026-02-01,S,15,15,14,20899,37619.0,0.774,12600,2432.0,103597.72
2026-02-02,S,22,21,20,31417,56551.0,0.793,18480,3420.0,145513.71
2026-02-03,S,21,20,19,30550,54990.0,0.808,17640,3253.0,146272.26
2026-02-04,S,19,19,18,27368,49263.0,0.8,15960,2573.0,123712.44
2026-02-05,S,20,20,19,28160,50688.0,0.782,16800,2958.0,126626.38
2026-02-06,S,19,19,18,26657,47983.0,0.779,15960,2559.0,116140.16
2026-02-07,S,15,15,14,21744,39139.0,0.805,12600,2625.0,95020.39
2026-02-08,S,16,16,15,22146,39862.0,0.769,13440,2224.0,102231.48
2026-02-09,S,22,21,20,32372,58270.0,0.817,18480,3189.0,130160.86
2026-02-10,S,21,20,20,29807,53652.0,0.789,17640,3569.0,132962.96
2026-02-11,S,19,19,18,27325,49184.0,0.799,15960,2575.0,120256.09
2026-02-12,S,19,18,18,26718,48092.0,0.781,15960,2015.0,124596.29
2026-02-13,S,18,18,17,25697,46255.0,0.793,15120,2240.0,117737.17
2026-02-14,S,16,16,15,23055,41499.0,0.801,13440,2845.0,106173.95
2026-02-15,S,15,15,15,20819,37473.0,0.771,12600,2299.0,91900.85
2026-02-16,S,22,21,20,32269,58085.0,0.815,18480,3488.0,137599.78
2026-02-17,S,20,20,19,28575,51434.0,0.794,16800,3173.0,135893.39
2026-02-18,S,19,18,18,28035,50462.0,0.82,15960,3729.0,123197.98
2026-02-19,S,19,18,18,27812,50061.0,0.813,15960,1879.0,128705.33
2026-02-20,S,20,20,19,28596,51473.0,0.794,16800,2960.0,130299.84
2026-02-21,S,15,15,14,21659,38985.0,0.802,12600,2279.0,99015.81
2026-02-22,S,16,16,15,22780,41003.0,0.791,13440,2411.0,107048.94
2026-02-23,S,22,21,20,32134,57841.0,0.811,18480,3770.0,140935.46
2026-02-24,S,21,20,20,30477,54859.0,0.806,17640,3612.0,133920.4
2026-02-25,S,20,20,19,28516,51329.0,0.792,16800,2915.0,127475.83
2026-02-26,S,20,20,19,28299,50938.0,0.786,16800,2172.0,130631.37
2026-02-27,S,18,18,17,26351,47432.0,0.813,15120,3859.0,120644.73
2026-02-28,S,17,17,16,24052,43294.0,0.786,14280,2568.0,109572.34
2026-03-01,S,15,15,14,21440,38592.0,0.794,12600,2301.0,102820.84
2026-03-02,S,23,22,21,33424,60163.0,0.807,19320,4209.0,161242.47
2026-03-03,S,21,21,20,29537,53166.0,0.781,17640,2967.0,132757.08
2026-03-04,S,20,20,19,28503,51305.0,0.792,16800,3675.0,137269.32
2026-03-05,S,19,19,18,26974,48553.0,0.789,15960,2726.0,124398.89
2026-03-06,S,19,19,18,27070,48727.0,0.792,15960,3749.0,126383.96
2026-03-07,S,17,17,16,24183,43529.0,0.79,14280,2765.0,110787.32
2026-03-08,S,15,15,14,21855,39338.0,0.809,12600,2013.0,103072.61
2026-03-09,S,31,30,29,44958,80924.0,0.806,26040,6391.0,205934.25
2026-03-10,S,28,28,26,40890,73602.0,0.811,23520,4659.0,180904.48
2026-03-11,S,28,28,26,39897,71814.0,0.792,23520,3804.0,180393.03
2026-03-12,S,26,26,25,37262,67072.0,0.796,21840,3009.0,162166.41
2026-03-13,S,25,24,24,36322,65379.0,0.807,21000,4219.0,160054.82
2026-03-14,S,23,23,22,32670,58807.0,0.789,19320,4280.0,158051.91
2026-03-15,S,22,21,21,32282,58107.0,0.815,18480,3541.0,150388.31
2026-03-16,S,25,23,23,35720,64296.0,0.794,21000,3988.0,159606.2
2026-03-17,S,21,21,20,29941,53894.0,0.792,17640,4000.0,131548.89
2026-03-18,S,21,21,20,30345,54622.0,0.803,17640,3492.0,142830.26
2026-03-19,S,20,20,19,28592,51466.0,0.794,16800,2692.0,133289.34
2026-03-20,S,19,19,19,26813,48263.0,0.784,15960,2578.0,114648.21
2026-03-21,S,17,17,16,23639,42550.0,0.773,14280,2808.0,124214.22
2026-03-22,S,16,16,15,22216,39989.0,0.771,13440,2622.0,104880.87
2026-03-23,S,23,23,22,32837,59107.0,0.793,19320,4108.0,160953.36
2026-03-24,S,21,21,20,30305,54549.0,0.802,17640,3370.0,138550.73
2026-03-25,S,19,19,18,27638,49749.0,0.808,15960,3198.0,119305.62
2026-03-26,S,19,19,18,26974,48553.0,0.789,15960,3039.0,125454.24
2026-03-27,S,19,19,18,27730,49914.0,0.811,15960,3334.0,117180.25
2026-03-28,S,16,16,16,23193,41747.0,0.805,13440,2720.0,104303.96
2026-03-29,S,15,15,14,21831,39296.0,0.809,12600,2170.0,94002.74
2026-03-30,S,23,22,21,32909,59236.0,0.795,19320,3368.0,149463.81
2026-03-31,S,22,21,21,31782,57208.0,0.803,18480,3506.0,145573.94
2026-04-01,S,20,20,19,29412,52942.0,0.817,16800,3080.0,132588.98
2026-04-02,S,19,19,18,28020,50436.0,0.819,15960,3502.0,117218.81
2026-04-03,S,20,20,20,28438,51188.0,0.79,16800,3131.0,127660.18
2026-04-04,S,17,17,16,24857,44743.0,0.812,14280,1961.0,102583.52
2026-04-05,S,16,16,16,22813,41064.0,0.792,13440,1943.0,107435.42
2026-04-06,S,24,24,23,34217,61591.0,0.792,20160,3484.0,158523.66
2026-04-07,S,22,22,21,32452,58414.0,0.819,18480,3727.0,137369.99
2026-04-08,S,21,21,20,30559,55007.0,0.808,17640,2791.0,145329.62
2026-04-09,S,20,20,19,29464,53035.0,0.818,16800,3352.0,133485.55
2026-04-10,S,19,19,19,27999,50398.0,0.819,15960,2506.0,123963.99
2026-04-11,S,17,17,16,24123,43421.0,0.788,14280,2638.0,109275.22
2026-04-12,S,15,15,15,21688,39038.0,0.803,12600,2425.0,95773.66
2026-04-13,S,24,24,23,34096,61373.0,0.789,20160,2937.0,152283.81
2026-04-14,S,21,21,20,29795,53632.0,0.788,17640,3385.0,144053.09
2026-04-15,S,20,20,19,28745,51741.0,0.798,16800,3838.0,132478.65
2026-04-16,S,21,21,21,30334,54601.0,0.802,17640,3071.0,131818.81
2026-04-17,S,20,20,20,28394,51110.0,0.789,16800,3063.0,137837.65
2026-04-18,S,17,17,17,25068,45122.0,0.819,14280,2679.0,110981.26
2026-04-19,S,16,16,15,22468,40443.0,0.78,13440,2456.0,100978.33
2026-04-20,S,22,22,21,32123,57821.0,0.811,18480,3340.0,155534.09
2026-04-21,S,22,22,21,31195,56152.0,0.788,18480,3297.0,137830.52
2026-04-22,S,21,21,20,29844,53718.0,0.79,17640,2346.0,133050.16
2026-04-23,S,20,20,19,29259,52666.0,0.813,16800,3252.0,131041.09
2026-04-24,S,20,20,20,28842,51916.0,0.801,16800,2482.0,132728.98
2026-04-25,S,17,17,17,23662,42592.0,0.773,14280,2732.0,108029.71
2026-04-26,S,16,16,15,23097,41574.0,0.802,13440,2702.0,95561.33
2026-04-27,S,23,23,22,32500,58500.0,0.785,19320,3713.0,150891.79
2026-04-28,S,22,22,21,32141,57853.0,0.812,18480,2836.0,138113.15
2026-04-29,S,21,21,20,29912,53841.0,0.791,17640,3342.0,135615.84
2026-04-30,S,20,20,19,28577,51438.0,0.794,16800,2916.0,126793.06
2026-05-01,S,26,26,25,37356,67242.0,0.798,21840,3545.0,162968.13
2026-05-02,S,22,22,22,32330,58194.0,0.816,18480,4470.0,142607.64
2026-05-03,S,21,21,21,30686,55234.0,0.812,17640,2700.0,134113.08
2026-05-04,S,33,30,30,48544,87379.0,0.817,27720,5401.0,208950.65
2026-05-05,S,30,30,29,42815,77068.0,0.793,25200,5689.0,204152.05
2026-05-06,S,28,28,27,40263,72473.0,0.799,23520,4504.0,176154.99
2026-05-07,S,26,26,26,36921,66457.0,0.789,21840,3528.0,168631.46
2026-05-08,S,25,25,24,36700,66060.0,0.816,21000,3433.0,163554.38
2026-05-09,S,22,22,21,32426,58367.0,0.819,18480,2552.0,134396.33
2026-05-10,S,21,21,21,30409,54736.0,0.804,17640,3225.0,131440.53
2026-05-11,S,25,24,23,35702,64264.0,0.793,21000,3862.0,163540.85
2026-05-12,S,22,22,21,31824,57283.0,0.804,18480,3187.0,143700.03
2026-05-13,S,22,22,21,31620,56916.0,0.798,18480,4116.0,139599.63
2026-05-14,S,21,21,21,29751,53551.0,0.787,17640,3155.0,137448.72
2026-05-15,S,20,20,20,28262,50872.0,0.785,16800,2243.0,132443.14
2026-05-16,S,17,17,17,24307,43753.0,0.794,14280,3220.0,113998.53
2026-05-17,S,16,16,16,23215,41788.0,0.806,13440,1956.0,107626.57
2026-05-18,S,25,24,24,36313,65363.0,0.807,21000,4125.0,171721.86
2026-05-19,S,21,21,20,29579,53243.0,0.783,17640,3534.0,138184.41
2026-05-20,S,20,20,19,28298,50936.0,0.786,16800,3005.0,123759.67
2026-05-21,S,20,20,20,29290,52722.0,0.814,16800,3515.0,129489.86
2026-05-22,S,20,20,19,28402,51124.0,0.789,16800,3084.0,124388.1
2026-05-23,S,18,18,17,25116,45209.0,0.775,15120,2578.0,121922.44
2026-05-24,S,17,17,17,23733,42719.0,0.776,14280,1695.0,117501.73
2026-05-25,S,24,23,23,33986,61176.0,0.787,20160,2607.0,157209.48
2026-05-26,S,23,23,22,33534,60361.0,0.81,19320,5098.0,157702.32
2026-05-27,S,22,22,21,31709,57077.0,0.801,18480,3758.0,150451.77
2026-05-28,S,21,21,21,30223,54402.0,0.8,17640,3863.0,139263.32
2026-05-29,S,20,20,20,29514,53126.0,0.82,16800,4314.0,133800.58
2026-05-30,S,17,17,17,24901,44822.0,0.814,14280,2436.0,115610.88
2026-05-31,S,16,16,16,23019,41435.0,0.799,13440,2382.0,98978.14
2026-06-01,S,25,23,23,35494,63889.0,0.789,21000,2771.0,165423.71
2026-06-02,S,23,23,23,32692,58845.0,0.79,19320,3338.0,154035.95
2026-06-03,S,21,21,21,30783,55410.0,0.814,17640,3034.0,129696.98
2026-06-04,S,22,22,22,31760,57168.0,0.802,18480,3137.0,155169.41
2026-06-05,S,18,18,17,26254,47257.0,0.81,15120,3221.0,123089.89
2026-06-06,S,16,16,15,23576,42437.0,0.819,13440,2727.0,109447.6
2026-06-07,S,16,16,15,22635,40743.0,0.786,13440,2810.0,106546.61
2026-06-08,S,24,24,23,34405,61930.0,0.796,20160,2921.0,151281.51
2026-06-09,S,22,22,22,32462,58432.0,0.82,18480,3369.0,136830.27
2026-06-10,S,20,20,19,29326,52787.0,0.815,16800,3222.0,130519.93
2026-06-11,S,20,20,19,29331,52795.0,0.815,16800,3990.0,134692.47
2026-06-12,S,19,19,18,28012,50422.0,0.819,15960,2952.0,127189.34
2026-06-13,S,19,19,18,27096,48773.0,0.792,15960,2818.0,133004.11
2026-06-14,S,18,18,18,25252,45453.0,0.779,15120,3237.0,116470.24
2026-06-15,S,24,24,23,34544,62179.0,0.8,20160,3502.0,154983.47
2026-06-16,S,23,23,23,32524,58543.0,0.786,19320,3778.0,150742.83
2026-06-17,S,21,21,21,29886,53795.0,0.791,17640,3434.0,131228.66
2026-06-18,S,20,20,19,28513,51323.0,0.792,16800,2786.0,138912.27
2026-06-19,S,20,20,19,28931,52075.0,0.804,16800,2700.0,129729.35
2026-06-20,S,17,17,17,24218,43592.0,0.791,14280,2557.0,112512.27
2026-06-21,S,17,17,17,23819,42874.0,0.778,14280,2385.0,115012.06
2026-06-22,S,23,23,22,33277,59899.0,0.804,19320,2609.0,146159.24
2026-06-23,S,22,22,21,32249,58049.0,0.814,18480,3726.0,145743.33
2026-06-24,S,22,22,21,31481,56666.0,0.795,18480,3643.0,144099.77
2026-06-25,S,22,22,22,31124,56023.0,0.786,18480,2915.0,149767.84
2026-06-26,S,21,21,20,29644,53359.0,0.784,17640,2731.0,137638.32
2026-06-27,S,17,17,16,24073,43332.0,0.787,14280,2780.0,98655.53
2026-06-28,S,17,17,17,24746,44544.0,0.809,14280,3321.0,107220.7
2026-06-29,S,24,23,23,34462,62032.0,0.798,20160,4246.0,147814.71
2026-06-30,S,24,23,23,34063,61313.0,0.788,20160,4355.0,169369.91
2026-07-01,S,22,22,21,31488,56678.0,0.795,18480,3158.0,152300.12
2026-07-02,S,20,20,19,29418,52952.0,0.817,16800,3233.0,119768.55
2026-07-03,S,20,20,19,29061,52309.0,0.807,16800,2957.0,125743.14
2026-07-04,S,18,18,18,25710,46277.0,0.794,15120,2392.0,111402.66
2026-07-05,S,17,17,17,24685,44433.0,0.807,14280,2654.0,112348.32
2026-07-06,S,25,24,24,35484,63871.0,0.789,21000,3233.0,157536.96
2026-07-07,S,24,24,23,35314,63564.0,0.817,20160,3178.0,155578.13
2026-07-08,S,23,23,23,32798,59037.0,0.792,19320,3220.0,142394.5
2026-07-09,S,21,21,20,30806,55450.0,0.815,17640,2996.0,139960.33
2026-07-10,S,21,21,20,30331,54595.0,0.802,17640,3160.0,128349.83
2026-07-11,S,19,19,18,27260,49067.0,0.797,15960,1883.0,136952.16
2026-07-12,S,18,18,17,25974,46753.0,0.802,15120,2299.0,125032.65
2026-07-13,S,24,23,23,34325,61784.0,0.795,20160,4579.0,172857.54
2026-07-14,S,23,23,22,32617,58710.0,0.788,19320,3472.0,154351.22
2026-07-15,S,23,23,22,33519,60335.0,0.81,19320,3803.0,160081.3
2026-07-16,S,21,21,21,30107,54192.0,0.796,17640,3395.0,142505.61
2026-07-17,S,20,20,20,28349,51029.0,0.787,16800,2969.0,125774.92
2026-07-18,S,18,18,18,25243,45437.0,0.779,15120,2321.0,116179.89
2026-07-19,S,17,17,17,24806,44650.0,0.811,14280,2335.0,113273.29
2026-07-20,S,25,24,23,35943,64697.0,0.799,21000,5014.0,171349.35
2026-07-21,S,23,23,22,33133,59639.0,0.8,19320,3169.0,150656.25
2026-07-22,S,22,22,22,31292,56325.0,0.79,18480,4281.0,147341.68
2026-07-23,S,21,21,20,30661,55190.0,0.811,17640,2955.0,135761.17
2026-07-24,S,20,20,20,28977,52158.0,0.805,16800,2863.0,128878.36
2026-07-25,S,19,19,19,27890,50202.0,0.816,15960,2909.0,117160.44
2026-07-26,S,17,17,17,24844,44719.0,0.812,14280,2495.0,113356.38
2026-07-27,S,26,25,25,37407,67332.0,0.799,21840,3316.0,166998.33
2026-07-28,S,23,22,22,33517,60331.0,0.81,19320,3469.0,142950.91
2026-07-29,S,22,22,21,32023,57641.0,0.809,18480,2510.0,140725.37
2026-07-30,S,21,21,20,30837,55507.0,0.816,17640,3368.0,139162.14
2026-07-31,S,19,19,18,27279,49102.0,0.798,15960,2980.0,127814.81
2026-08-01,S,17,17,17,24724,44503.0,0.808,14280,2882.0,110562.18
2026-08-02,S,16,16,15,23163,41693.0,0.804,13440,2219.0,109311.19
2026-08-03,S,23,23,22,33617,60510.0,0.812,19320,3906.0,159679.0
2026-08-04,S,23,23,22,32862,59151.0,0.794,19320,3727.0,148967.52
2026-08-05,S,23,23,22,33921,61059.0,0.819,19320,3552.0,156565.53
2026-08-06,S,22,22,22,31760,57168.0,0.802,18480,4423.0,140295.97
2026-08-07,S,22,22,21,31610,56898.0,0.798,18480,3587.0,136646.46
2026-08-08,S,18,18,18,26503,47705.0,0.818,15120,2511.0,113479.09
2026-08-09,S,18,18,17,25554,45997.0,0.789,15120,3418.0,113857.48
2026-08-10,S,25,24,24,35543,63978.0,0.79,21000,4101.0,160931.9
2026-08-11,S,24,24,23,35128,63230.0,0.813,20160,4705.0,169716.17
2026-08-12,S,23,23,22,33438,60188.0,0.808,19320,2402.0,147539.78
2026-08-13,S,22,22,21,31347,56424.0,0.792,18480,3160.0,141973.51
2026-08-14,S,22,22,21,31014,55825.0,0.783,18480,3161.0,145029.68
2026-08-15,S,19,19,18,26798,48237.0,0.784,15960,1969.0,117911.58
2026-08-16,S,17,17,16,24535,44162.0,0.802,14280,2641.0,112034.08
2026-08-17,S,25,25,24,35463,63833.0,0.788,21000,3546.0,168102.75
2026-08-18,S,23,23,22,33256,59861.0,0.803,19320,2319.0,159632.85
2026-08-19,S,23,23,23,32893,59208.0,0.795,19320,3033.0,158615.68
2026-08-20,S,23,23,22,32546,58583.0,0.786,19320,4281.0,152884.76
2026-08-21,S,21,21,20,29745,53541.0,0.787,17640,3656.0,136362.67
2026-08-22,S,18,18,18,26453,47616.0,0.816,15120,2399.0,117155.09
2026-08-23,S,18,18,18,25663,46193.0,0.792,15120,2386.0,119858.44
2026-08-24,S,26,25,25,37929,68272.0,0.81,21840,4495.0,170034.3
2026-08-25,S,25,24,24,36790,66222.0,0.818,21000,2542.0,163205.51
2026-08-26,S,24,24,23,34457,62022.0,0.798,20160,3988.0,151369.87
2026-08-27,S,22,22,21,31229,56212.0,0.789,18480,2311.0,148010.92
2026-08-28,S,23,23,23,32583,58649.0,0.787,19320,4429.0,152490.8
2026-08-29,S,18,18,18,26087,46957.0,0.805,15120,3020.0,114368.25
2026-08-30,S,18,18,18,26230,47215.0,0.81,15120,1885.0,124960.35
2026-08-31,S,26,25,25,37429,67373.0,0.8,21840,3682.0,171772.98
2026-09-01,S,24,24,23,34590,62262.0,0.801,20160,3821.0,148290.59
2026-09-02,S,22,22,22,31074,55934.0,0.785,18480,2225.0,149592.03
2026-09-03,S,22,22,21,32355,58238.0,0.817,18480,3302.0,140265.62
2026-09-04,S,20,20,19,29259,52666.0,0.813,16800,3267.0,128892.02
2026-09-05,S,19,19,19,27639,49751.0,0.808,15960,1882.0,123557.21
2026-09-06,S,19,19,19,26803,48245.0,0.784,15960,3230.0,128786.4
2026-09-07,S,25,24,23,36509,65716.0,0.811,21000,3701.0,163421.72
2026-09-08,S,25,25,25,35672,64210.0,0.793,21000,4358.0,167851.44
2026-09-09,S,23,23,22,32518,58533.0,0.785,19320,3342.0,141210.65
2026-09-10,S,22,22,21,32017,57631.0,0.809,18480,2740.0,137782.44
2026-09-11,S,22,22,21,31970,57547.0,0.807,18480,2686.0,144328.33
2026-09-12,S,19,19,19,26853,48336.0,0.785,15960,2723.0,120877.02
2026-09-13,S,19,19,18,27157,48882.0,0.794,15960,2782.0,123470.43
2026-09-14,S,26,25,24,37135,66842.0,0.793,21840,4628.0,175434.54
2026-09-15,S,25,25,24,36744,66139.0,0.817,21000,3604.0,158537.67
2026-09-16,S,23,23,23,33672,60609.0,0.813,19320,2573.0,146263.47
2026-09-17,S,23,23,22,33844,60919.0,0.817,19320,3212.0,151357.39
2026-09-18,S,21,21,20,30816,55468.0,0.815,17640,2369.0,125889.41
2026-09-19,S,19,19,18,26998,48596.0,0.789,15960,3040.0,129505.25
2026-09-20,S,18,18,18,25642,46156.0,0.791,15120,2985.0,118549.92
2026-09-21,S,25,24,23,36878,66381.0,0.82,21000,4253.0,164409.71
2026-09-22,S,25,24,23,36534,65762.0,0.812,21000,3589.0,160266.39
2026-09-23,S,24,24,23,34520,62135.0,0.799,20160,3206.0,161582.16
2026-09-24,S,23,23,23,33805,60849.0,0.817,19320,3182.0,149722.99
2026-09-25,S,23,23,22,33181,59726.0,0.801,19320,3425.0,158086.94
2026-09-26,S,20,20,20,28580,51444.0,0.794,16800,2767.0,122072.08
2026-09-27,S,18,18,18,25555,45999.0,0.789,15120,3452.0,118234.44
2026-09-28,S,27,26,25,38708,69675.0,0.796,22680,3833.0,177203.9
2026-09-29,S,24,24,23,35130,63234.0,0.813,20160,3567.0,159205.88
2026-09-30,S,24,24,23,33974,61153.0,0.786,20160,3174.0,166076.89
2025-01-01,CO,0,0,0,0,0.0,0.0,0,0.0,0.0
2025-01-02,CO,0,0,0,0,0.0,0.0,0,0.0,0.0
2025-01-03,CO,0,0,0,0,0.0,0.0,0,0.0,0.0
2025-01-04,CO,0,0,0,0,0.0,0.0,0,0.0,0.0
2025-01-05,CO,0,0,0,0,0.0,0.0,0,0.0,0.0
2025-01-06,CO,0,0,0,0,0.0,0.0,0,0.0,0.0
2025-01-07,CO,0,0,0,0,0.0,0.0,0,0.0,0.0
2025-01-08,CO,0,0,0,0,0.0,0.0,0,0.0,0.0
2025-01-09,CO,0,0,0,0,0.0,0.0,0,0.0,0.0
2025-01-10,CO,0,0,0,0,0.0,0.0,0,0.0,0.0
2025-01-11,CO,0,0,0,0,0.0,0.0,0,0.0,0.0
2025-01-12,CO,0,0,0,0,0.0,0.0,0,0.0,0.0
2025-01-13,CO,0,0,0,0,0.0,0.0,0,0.0,0.0
2025-01-14,CO,0,0,0,0,0.0,0.0,0,0.0,0.0
2025-01-15,CO,0,0,0,0,0.0,0.0,0,0.0,0.0
2025-01-16,CO,0,0,0,0,0.0,0.0,0,0.0,0.0
2025-01-17,CO,0,0,0,0,0.0,0.0,0,0.0,0.0
2025-01-18,CO,0,0,0,0,0.0,0.0,0,0.0,0.0
2025-01-19,CO,0,0,0,0,0.0,0.0,0,0.0,0.0
2025-01-20,CO,0,0,0,0,0.0,0.0,0,0.0,0.0
2025-01-21,CO,0,0,0,0,0.0,0.0,0,0.0,0.0
2025-01-22,CO,0,0,0,0,0.0,0.0,0,0.0,0.0
2025-01-23,CO,0,0,0,0,0.0,0.0,0,0.0,0.0
2025-01-24,CO,0,0,0,0,0.0,0.0,0,0.0,0.0
2025-01-25,CO,0,0,0,0,0.0,0.0,0,0.0,0.0
2025-01-26,CO,0,0,0,0,0.0,0.0,0,0.0,0.0
2025-01-27,CO,0,0,0,0,0.0,0.0,0,0.0,0.0
2025-01-28,CO,0,0,0,0,0.0,0.0,0,0.0,0.0
2025-01-29,CO,0,0,0,0,0.0,0.0,0,0.0,0.0
2025-01-30,CO,0,0,0,0,0.0,0.0,0,0.0,0.0
2025-01-31,CO,0,0,0,0,0.0,0.0,0,0.0,0.0
2025-02-01,CO,0,0,0,0,0.0,0.0,0,0.0,0.0
2025-02-02,CO,0,0,0,0,0.0,0.0,0,0.0,0.0
2025-02-03,CO,0,0,0,0,0.0,0.0,0,0.0,0.0
2025-02-04,CO,0,0,0,0,0.0,0.0,0,0.0,0.0
2025-02-05,CO,0,0,0,0,0.0,0.0,0,0.0,0.0
2025-02-06,CO,0,0,0,0,0.0,0.0,0,0.0,0.0
2025-02-07,CO,0,0,0,0,0.0,0.0,0,0.0,0.0
2025-02-08,CO,0,0,0,0,0.0,0.0,0,0.0,0.0
2025-02-09,CO,0,0,0,0,0.0,0.0,0,0.0,0.0
2025-02-10,CO,0,0,0,0,0.0,0.0,0,0.0,0.0
2025-02-11,CO,0,0,0,0,0.0,0.0,0,0.0,0.0
2025-02-12,CO,0,0,0,0,0.0,0.0,0,0.0,0.0
2025-02-13,CO,0,0,0,0,0.0,0.0,0,0.0,0.0
2025-02-14,CO,0,0,0,0,0.0,0.0,0,0.0,0.0
2025-02-15,CO,0,0,0,0,0.0,0.0,0,0.0,0.0
2025-02-16,CO,0,0,0,0,0.0,0.0,0,0.0,0.0
2025-02-17,CO,0,0,0,0,0.0,0.0,0,0.0,0.0
2025-02-18,CO,0,0,0,0,0.0,0.0,0,0.0,0.0
2025-02-19,CO,0,0,0,0,0.0,0.0,0,0.0,0.0
2025-02-20,CO,0,0,0,0,0.0,0.0,0,0.0,0.0
2025-02-21,CO,0,0,0,0,0.0,0.0,0,0.0,0.0
2025-02-22,CO,0,0,0,0,0.0,0.0,0,0.0,0.0
2025-02-23,CO,0,0,0,0,0.0,0.0,0,0.0,0.0
2025-02-24,CO,0,0,0,0,0.0,0.0,0,0.0,0.0
2025-02-25,CO,0,0,0,0,0.0,0.0,0,0.0,0.0
2025-02-26,CO,0,0,0,0,0.0,0.0,0,0.0,0.0
2025-02-27,CO,0,0,0,0,0.0,0.0,0,0.0,0.0
2025-02-28,CO,0,0,0,0,0.0,0.0,0,0.0,0.0
2025-03-01,CO,0,0,0,0,0.0,0.0,0,0.0,0.0
2025-03-02,CO,0,0,0,0,0.0,0.0,0,0.0,0.0
2025-03-03,CO,0,0,0,0,0.0,0.0,0,0.0,0.0
2025-03-04,CO,0,0,0,0,0.0,0.0,0,0.0,0.0
2025-03-05,CO,0,0,0,0,0.0,0.0,0,0.0,0.0
2025-03-06,CO,0,0,0,0,0.0,0.0,0,0.0,0.0
2025-03-07,CO,0,0,0,0,0.0,0.0,0,0.0,0.0
2025-03-08,CO,0,0,0,0,0.0,0.0,0,0.0,0.0
2025-03-09,CO,0,0,0,0,0.0,0.0,0,0.0,0.0
2025-03-10,CO,0,0,0,0,0.0,0.0,0,0.0,0.0
2025-03-11,CO,0,0,0,0,0.0,0.0,0,0.0,0.0
2025-03-12,CO,0,0,0,0,0.0,0.0,0,0.0,0.0
2025-03-13,CO,0,0,0,0,0.0,0.0,0,0.0,0.0
2025-03-14,CO,0,0,0,0,0.0,0.0,0,0.0,0.0
2025-03-15,CO,0,0,0,0,0.0,0.0,0,0.0,0.0
2025-03-16,CO,0,0,0,0,0.0,0.0,0,0.0,0.0
2025-03-17,CO,0,0,0,0,0.0,0.0,0,0.0,0.0
2025-03-18,CO,0,0,0,0,0.0,0.0,0,0.0,0.0
2025-03-19,CO,0,0,0,0,0.0,0.0,0,0.0,0.0
2025-03-20,CO,0,0,0,0,0.0,0.0,0,0.0,0.0
2025-03-21,CO,0,0,0,0,0.0,0.0,0,0.0,0.0
2025-03-22,CO,0,0,0,0,0.0,0.0,0,0.0,0.0
2025-03-23,CO,0,0,0,0,0.0,0.0,0,0.0,0.0
2025-03-24,CO,0,0,0,0,0.0,0.0,0,0.0,0.0
2025-03-25,CO,0,0,0,0,0.0,0.0,0,0.0,0.0
2025-03-26,CO,0,0,0,0,0.0,0.0,0,0.0,0.0
2025-03-27,CO,0,0,0,0,0.0,0.0,0,0.0,0.0
2025-03-28,CO,0,0,0,0,0.0,0.0,0,0.0,0.0
2025-03-29,CO,0,0,0,0,0.0,0.0,0,0.0,0.0
2025-03-30,CO,0,0,0,0,0.0,0.0,0,0.0,0.0
2025-03-31,CO,0,0,0,0,0.0,0.0,0,0.0,0.0
2025-04-01,CO,0,0,0,0,0.0,0.0,0,0.0,0.0
2025-04-02,CO,0,0,0,0,0.0,0.0,0,0.0,0.0
2025-04-03,CO,0,0,0,0,0.0,0.0,0,0.0,0.0
2025-04-04,CO,0,0,0,0,0.0,0.0,0,0.0,0.0
2025-04-05,CO,0,0,0,0,0.0,0.0,0,0.0,0.0
2025-04-06,CO,0,0,0,0,0.0,0.0,0,0.0,0.0
2025-04-07,CO,0,0,0,0,0.0,0.0,0,0.0,0.0
2025-04-08,CO,0,0,0,0,0.0,0.0,0,0.0,0.0
2025-04-09,CO,0,0,0,0,0.0,0.0,0,0.0,0.0
2025-04-10,CO,0,0,0,0,0.0,0.0,0,0.0,0.0
2025-04-11,CO,0,0,0,0,0.0,0.0,0,0.0,0.0
2025-04-12,CO,0,0,0,0,0.0,0.0,0,0.0,0.0
2025-04-13,CO,0,0,0,0,0.0,0.0,0,0.0,0.0
2025-04-14,CO,0,0,0,0,0.0,0.0,0,0.0,0.0
2025-04-15,CO,0,0,0,0,0.0,0.0,0,0.0,0.0
2025-04-16,CO,0,0,0,0,0.0,0.0,0,0.0,0.0
2025-04-17,CO,0,0,0,0,0.0,0.0,0,0.0,0.0
2025-04-18,CO,0,0,0,0,0.0,0.0,0,0.0,0.0
2025-04-19,CO,0,0,0,0,0.0,0.0,0,0.0,0.0
2025-04-20,CO,0,0,0,0,0.0,0.0,0,0.0,0.0
2025-04-21,CO,0,0,0,0,0.0,0.0,0,0.0,0.0
2025-04-22,CO,0,0,0,0,0.0,0.0,0,0.0,0.0
2025-04-23,CO,0,0,0,0,0.0,0.0,0,0.0,0.0
2025-04-24,CO,0,0,0,0,0.0,0.0,0,0.0,0.0
2025-04-25,CO,0,0,0,0,0.0,0.0,0,0.0,0.0
2025-04-26,CO,0,0,0,0,0.0,0.0,0,0.0,0.0
2025-04-27,CO,0,0,0,0,0.0,0.0,0,0.0,0.0
2025-04-28,CO,0,0,0,0,0.0,0.0,0,0.0,0.0
2025-04-29,CO,0,0,0,0,0.0,0.0,0,0.0,0.0
2025-04-30,CO,0,0,0,0,0.0,0.0,0,0.0,0.0
2025-05-01,CO,0,0,0,0,0.0,0.0,0,0.0,0.0
2025-05-02,CO,0,0,0,0,0.0,0.0,0,0.0,0.0
2025-05-03,CO,0,0,0,0,0.0,0.0,0,0.0,0.0
2025-05-04,CO,0,0,0,0,0.0,0.0,0,0.0,0.0
2025-05-05,CO,0,0,0,0,0.0,0.0,0,0.0,0.0
2025-05-06,CO,0,0,0,0,0.0,0.0,0,0.0,0.0
2025-05-07,CO,0,0,0,0,0.0,0.0,0,0.0,0.0
2025-05-08,CO,0,0,0,0,0.0,0.0,0,0.0,0.0
2025-05-09,CO,0,0,0,0,0.0,0.0,0,0.0,0.0
2025-05-10,CO,0,0,0,0,0.0,0.0,0,0.0,0.0
2025-05-11,CO,0,0,0,0,0.0,0.0,0,0.0,0.0
2025-05-12,CO,0,0,0,0,0.0,0.0,0,0.0,0.0
2025-05-13,CO,0,0,0,0,0.0,0.0,0,0.0,0.0
2025-05-14,CO,0,0,0,0,0.0,0.0,0,0.0,0.0
2025-05-15,CO,0,0,0,0,0.0,0.0,0,0.0,0.0
2025-05-16,CO,0,0,0,0,0.0,0.0,0,0.0,0.0
2025-05-17,CO,0,0,0,0,0.0,0.0,0,0.0,0.0
2025-05-18,CO,0,0,0,0,0.0,0.0,0,0.0,0.0
2025-05-19,CO,0,0,0,0,0.0,0.0,0,0.0,0.0
2025-05-20,CO,0,0,0,0,0.0,0.0,0,0.0,0.0
2025-05-21,CO,0,0,0,0,0.0,0.0,0,0.0,0.0
2025-05-22,CO,0,0,0,0,0.0,0.0,0,0.0,0.0
2025-05-23,CO,0,0,0,0,0.0,0.0,0,0.0,0.0
2025-05-24,CO,0,0,0,0,0.0,0.0,0,0.0,0.0
2025-05-25,CO,0,0,0,0,0.0,0.0,0,0.0,0.0
2025-05-26,CO,0,0,0,0,0.0,0.0,0,0.0,0.0
2025-05-27,CO,0,0,0,0,0.0,0.0,0,0.0,0.0
2025-05-28,CO,0,0,0,0,0.0,0.0,0,0.0,0.0
2025-05-29,CO,0,0,0,0,0.0,0.0,0,0.0,0.0
2025-05-30,CO,0,0,0,0,0.0,0.0,0,0.0,0.0
2025-05-31,CO,0,0,0,0,0.0,0.0,0,0.0,0.0
2025-06-01,CO,3,3,3,3538,6369.0,0.655,5700,1026.0,44220.44
2025-06-02,CO,4,4,4,5279,9501.0,0.733,7600,1850.0,56359.03
2025-06-03,CO,4,4,4,5076,9137.0,0.705,7600,1523.0,63825.5
2025-06-04,CO,4,4,4,4721,8497.0,0.656,7600,900.0,60037.06
2025-06-05,CO,4,4,4,4609,8296.0,0.64,7600,1360.0,57216.8
2025-06-06,CO,4,4,4,4472,8050.0,0.621,7600,1414.0,62992.97
2025-06-07,CO,3,3,3,3823,6881.0,0.708,5700,980.0,44377.9
2025-06-08,CO,3,3,3,3958,7125.0,0.733,5700,1242.0,46947.56
2025-06-09,CO,4,4,4,5872,10570.0,0.816,7600,1293.0,62524.95
2025-06-10,CO,4,4,4,5538,9969.0,0.769,7600,1143.0,60314.98
2025-06-11,CO,4,4,4,4843,8717.0,0.673,7600,1206.0,56270.0
2025-06-12,CO,4,4,4,5146,9264.0,0.715,7600,1522.0,57903.52
2025-06-13,CO,4,4,4,5396,9713.0,0.749,7600,1059.0,67790.48
2025-06-14,CO,4,4,4,4445,8002.0,0.617,7600,1256.0,57973.05
2025-06-15,CO,4,4,4,4450,8010.0,0.618,7600,1561.0,58669.77
2025-06-16,CO,5,5,5,6254,11257.0,0.695,9500,1322.0,72701.33
2025-06-17,CO,5,5,4,6578,11840.0,0.731,9500,1414.0,71314.98
2025-06-18,CO,5,5,4,5967,10741.0,0.663,9500,1227.0,76186.51
2025-06-19,CO,5,5,5,6021,10838.0,0.669,9500,1455.0,70131.49
2025-06-20,CO,5,5,4,6206,11171.0,0.69,9500,1561.0,71637.51
2025-06-21,CO,4,4,4,5284,9511.0,0.734,7600,1314.0,60011.94
2025-06-22,CO,4,4,4,4782,8608.0,0.664,7600,1159.0,58685.77
2025-06-23,CO,5,5,5,7067,12721.0,0.785,9500,1601.0,74583.4
2025-06-24,CO,5,5,5,6783,12209.0,0.754,9500,1989.0,74008.06
2025-06-25,CO,5,5,5,6675,12015.0,0.742,9500,1805.0,70625.55
2025-06-26,CO,5,5,5,6481,11667.0,0.72,9500,2318.0,78441.02
2025-06-27,CO,5,5,4,6164,11096.0,0.685,9500,1518.0,77487.89
2025-06-28,CO,4,4,4,5737,10326.0,0.797,7600,1266.0,57014.08
2025-06-29,CO,4,4,4,5227,9409.0,0.726,7600,1403.0,60410.5
2025-06-30,CO,6,6,5,8452,15213.0,0.783,11400,1876.0,87175.06
2025-07-01,CO,6,6,6,7448,13406.0,0.69,11400,2043.0,92773.3
2025-07-02,CO,6,6,5,7528,13550.0,0.697,11400,1396.0,91975.09
2025-07-03,CO,5,5,5,7105,12790.0,0.789,9500,1604.0,77822.97
2025-07-04,CO,5,5,5,6961,12529.0,0.773,9500,1960.0,71292.26
2025-07-05,CO,4,4,4,5721,10298.0,0.795,7600,1802.0,56067.51
2025-07-06,CO,4,4,4,5469,9844.0,0.76,7600,1698.0,54873.15
2025-07-07,CO,6,6,6,8527,15348.0,0.789,11400,2095.0,98435.11
2025-07-08,CO,6,6,6,8230,14814.0,0.762,11400,2217.0,92142.93
2025-07-09,CO,6,6,6,7592,13666.0,0.703,11400,2165.0,93348.07
2025-07-10,CO,5,5,5,7162,12892.0,0.796,9500,1552.0,69850.35
2025-07-11,CO,5,5,5,6845,12322.0,0.761,9500,1437.0,75983.59
2025-07-12,CO,5,5,5,5946,10703.0,0.661,9500,1781.0,68997.04
2025-07-13,CO,4,4,4,5632,10138.0,0.782,7600,1343.0,60359.19
2025-07-14,CO,7,7,6,8961,16130.0,0.711,13300,2729.0,103824.94
2025-07-15,CO,6,6,6,8786,15816.0,0.814,11400,1238.0,87859.06
2025-07-16,CO,6,6,5,8045,14481.0,0.745,11400,1993.0,86991.93
2025-07-17,CO,5,5,5,7325,13185.0,0.814,9500,2055.0,77585.03
2025-07-18,CO,6,6,5,7566,13618.0,0.701,11400,2249.0,87060.02
2025-07-19,CO,5,5,5,6588,11858.0,0.732,9500,1430.0,78111.37
2025-07-20,CO,5,5,5,6816,12269.0,0.757,9500,1337.0,73959.63
2025-07-21,CO,7,7,7,8951,16112.0,0.71,13300,2376.0,105290.55
2025-07-22,CO,6,6,6,8802,15844.0,0.815,11400,2321.0,90877.23
2025-07-23,CO,7,7,6,8997,16195.0,0.714,13300,2600.0,105647.44
2025-07-24,CO,6,6,5,8515,15328.0,0.788,11400,2091.0,89732.58
2025-07-25,CO,6,6,6,8178,14721.0,0.757,11400,2272.0,96576.38
2025-07-26,CO,5,5,5,6999,12598.0,0.778,9500,1783.0,77445.75
2025-07-27,CO,5,5,5,6754,12156.0,0.75,9500,1881.0,66522.0
2025-07-28,CO,7,7,6,10179,18321.0,0.808,13300,2768.0,102875.97
2025-07-29,CO,7,7,6,9102,16384.0,0.722,13300,2216.0,109906.56
2025-07-30,CO,7,7,6,9180,16523.0,0.729,13300,2041.0,100365.92
2025-07-31,CO,6,6,6,8365,15058.0,0.775,11400,2301.0,88936.53
2025-08-01,CO,6,6,5,8497,15295.0,0.787,11400,1877.0,89202.19
2025-08-02,CO,5,5,5,7343,13217.0,0.816,9500,1155.0,78818.92
2025-08-03,CO,5,5,5,6833,12300.0,0.759,9500,2117.0,70997.54
2025-08-04,CO,8,8,7,10351,18632.0,0.719,15200,2852.0,114276.33
2025-08-05,CO,7,7,7,9574,17233.0,0.76,13300,2478.0,105837.7
2025-08-06,CO,7,7,7,8950,16110.0,0.71,13300,2320.0,105170.38
2025-08-07,CO,7,7,6,9055,16299.0,0.719,13300,2728.0,105906.36
2025-08-08,CO,6,6,5,8422,15160.0,0.78,11400,1613.0,90066.22
2025-08-09,CO,6,6,6,7691,13844.0,0.712,11400,2053.0,88498.52
2025-08-10,CO,5,5,5,6982,12568.0,0.776,9500,1790.0,75760.74
2025-08-11,CO,8,8,7,11053,19896.0,0.768,15200,2987.0,119533.88
2025-08-12,CO,7,7,6,9762,17571.0,0.775,13300,1712.0,102706.35
2025-08-13,CO,7,7,7,9477,17059.0,0.752,13300,2631.0,103476.9
2025-08-14,CO,7,7,6,9322,16779.0,0.74,13300,2227.0,101500.74
2025-08-15,CO,7,7,6,9523,17142.0,0.756,13300,2134.0,100802.38
2025-08-16,CO,6,6,6,7988,14378.0,0.74,11400,1518.0,90903.19
2025-08-17,CO,6,6,5,7494,13489.0,0.694,11400,2816.0,84271.82
2025-08-18,CO,8,8,7,11383,20489.0,0.79,15200,2678.0,121826.97
2025-08-19,CO,7,7,6,9780,17604.0,0.776,13300,2492.0,102645.22
2025-08-20,CO,7,7,7,10006,18011.0,0.794,13300,1974.0,103311.9
2025-08-21,CO,8,8,7,10563,19013.0,0.734,15200,2039.0,117719.37
2025-08-22,CO,7,7,7,9467,17041.0,0.751,13300,2719.0,105828.22
2025-08-23,CO,6,6,6,8192,14745.0,0.758,11400,1590.0,94184.66
2025-08-24,CO,6,6,5,7960,14328.0,0.737,11400,2498.0,95334.86
2025-08-25,CO,9,9,8,11931,21476.0,0.737,17100,4002.0,138969.25
2025-08-26,CO,7,7,7,10151,18271.0,0.806,13300,2085.0,104065.86
2025-08-27,CO,7,7,6,9744,17539.0,0.773,13300,2210.0,107057.18
2025-08-28,CO,7,7,6,10272,18489.0,0.815,13300,1379.0,95349.71
2025-08-29,CO,7,7,6,9485,17074.0,0.753,13300,1699.0,106262.5
2025-08-30,CO,6,6,6,8821,15878.0,0.817,11400,2268.0,90306.0
2025-08-31,CO,6,6,5,7969,14344.0,0.738,11400,2481.0,83425.78
2025-09-01,CO,8,8,7,11122,20019.0,0.772,15200,2380.0,115804.18
2025-09-02,CO,8,8,8,10751,19352.0,0.747,15200,2448.0,119876.51
2025-09-03,CO,7,7,6,9643,17358.0,0.765,13300,1763.0,105323.82
2025-09-04,CO,8,8,7,10417,18751.0,0.723,15200,2221.0,123099.4
2025-09-05,CO,7,7,6,9952,17914.0,0.79,13300,2924.0,110668.6
2025-09-06,CO,6,6,5,8553,15396.0,0.792,11400,2158.0,88389.36
2025-09-07,CO,6,6,5,8605,15489.0,0.797,11400,1438.0,84872.46
2025-09-08,CO,9,8,8,12787,23017.0,0.789,17100,3369.0,137765.18
2025-09-09,CO,8,8,7,11501,20702.0,0.799,15200,3817.0,124667.53
2025-09-10,CO,7,7,7,10149,18269.0,0.806,13300,2237.0,108999.75
2025-09-11,CO,8,8,8,11029,19852.0,0.766,15200,2432.0,120792.5
2025-09-12,CO,8,8,7,10493,18888.0,0.729,15200,3001.0,128044.05
2025-09-13,CO,7,7,6,9015,16227.0,0.715,13300,2796.0,102603.37
2025-09-14,CO,6,6,6,8807,15852.0,0.815,11400,2333.0,94608.51
2025-09-15,CO,9,9,8,12085,21753.0,0.746,17100,2915.0,127189.9
2025-09-16,CO,9,8,8,12709,22876.0,0.784,17100,2862.0,121289.71
2025-09-17,CO,8,8,7,10876,19577.0,0.755,15200,1950.0,112978.87
2025-09-18,CO,8,8,7,11362,20452.0,0.789,15200,2175.0,115835.3
2025-09-19,CO,7,7,7,9932,17878.0,0.788,13300,2538.0,103742.89
2025-09-20,CO,6,6,6,8845,15920.0,0.819,11400,1869.0,85602.77
2025-09-21,CO,7,7,6,9188,16539.0,0.729,13300,2492.0,104270.2
2025-09-22,CO,9,8,8,12790,23023.0,0.79,17100,2956.0,136830.88
2025-09-23,CO,9,9,8,12520,22537.0,0.773,17100,3110.0,135261.57
2025-09-24,CO,8,8,7,11621,20918.0,0.807,15200,2745.0,117906.68
2025-09-25,CO,8,8,7,11294,20329.0,0.784,15200,3076.0,124263.32
2025-09-26,CO,8,8,7,11320,20376.0,0.786,15200,3123.0,114763.99
2025-09-27,CO,7,7,7,9278,16701.0,0.736,13300,2387.0,102739.12
2025-09-28,CO,6,6,6,8371,15068.0,0.775,11400,1982.0,86963.83
2025-09-29,CO,9,9,8,12833,23099.0,0.792,17100,3060.0,136862.69
2025-09-30,CO,9,9,8,12678,22821.0,0.783,17100,2676.0,131109.96
2025-10-01,CO,9,9,8,11947,21505.0,0.737,17100,3635.0,135514.95
2025-10-02,CO,8,8,7,10952,19714.0,0.761,15200,2480.0,122431.37
2025-10-03,CO,8,8,7,10762,19372.0,0.747,15200,2663.0,116156.22
2025-10-04,CO,7,7,7,9364,16856.0,0.743,13300,2464.0,97107.53
2025-10-05,CO,7,7,7,9004,16207.0,0.715,13300,2518.0,102805.4
2025-10-06,CO,9,9,8,12836,23105.0,0.792,17100,3216.0,129135.2
2025-10-07,CO,9,9,8,12422,22359.0,0.767,17100,3008.0,129952.71
2025-10-08,CO,8,8,8,11723,21101.0,0.814,15200,3486.0,106840.74
2025-10-09,CO,9,9,8,12148,21866.0,0.75,17100,3117.0,124734.79
2025-10-10,CO,8,8,8,11588,20858.0,0.805,15200,2621.0,122353.82
2025-10-11,CO,7,7,6,9704,17467.0,0.77,13300,3111.0,99850.08
2025-10-12,CO,7,7,7,9176,16517.0,0.728,13300,2084.0,108536.67
2025-10-13,CO,10,9,9,13822,24879.0,0.768,19000,4443.0,143957.79
2025-10-14,CO,9,9,8,12582,22648.0,0.777,17100,2054.0,135974.53
2025-10-15,CO,8,8,8,11773,21192.0,0.818,15200,2553.0,117359.2
2025-10-16,CO,8,8,7,11660,20989.0,0.81,15200,1975.0,121640.84
2025-10-17,CO,8,8,7,11230,20214.0,0.78,15200,2115.0,117357.96
2025-10-18,CO,7,7,6,9535,17162.0,0.757,13300,2575.0,104624.94
2025-10-19,CO,7,7,7,9533,17160.0,0.757,13300,2508.0,108847.46
2025-10-20,CO,10,9,9,14370,25865.0,0.798,19000,3073.0,150992.44
2025-10-21,CO,9,9,8,12460,22428.0,0.769,17100,3916.0,129708.28
2025-10-22,CO,9,9,8,12503,22505.0,0.772,17100,3660.0,123386.25
2025-10-23,CO,9,9,8,12182,21928.0,0.752,17100,3052.0,132798.76
2025-10-24,CO,9,9,8,11832,21297.0,0.73,17100,2150.0,135675.74
2025-10-25,CO,7,7,6,10112,18202.0,0.803,13300,2777.0,104378.95
2025-10-26,CO,7,7,6,9156,16481.0,0.727,13300,2201.0,100097.32
2025-10-27,CO,10,10,9,13628,24531.0,0.757,19000,3587.0,149099.08
2025-10-28,CO,10,9,9,13437,24186.0,0.746,19000,3875.0,152111.5
2025-10-29,CO,9,8,8,13164,23696.0,0.813,17100,2872.0,140814.84
2025-10-30,CO,8,8,7,11520,20737.0,0.8,15200,3319.0,117488.39
2025-10-31,CO,9,9,8,12034,21662.0,0.743,17100,2883.0,146488.33
2025-11-01,CO,8,8,7,10716,19289.0,0.744,15200,2982.0,125451.91
2025-11-02,CO,7,7,7,9756,17561.0,0.774,13300,2695.0,104438.29
2025-11-03,CO,11,10,10,14774,26593.0,0.746,20900,4334.0,164726.01
2025-11-04,CO,10,9,9,13308,23954.0,0.739,19000,4414.0,156433.55
2025-11-05,CO,9,9,8,12860,23148.0,0.794,17100,2656.0,128240.87
2025-11-06,CO,9,9,8,11969,21545.0,0.739,17100,2497.0,129099.43
2025-11-07,CO,8,8,7,11090,19962.0,0.77,15200,2589.0,112452.0
2025-11-08,CO,8,8,7,10797,19434.0,0.75,15200,4124.0,117350.0
2025-11-09,CO,7,7,7,9620,17315.0,0.763,13300,2933.0,100171.27
2025-11-10,CO,10,9,9,14487,26077.0,0.805,19000,3106.0,146095.83
2025-11-11,CO,9,8,8,13182,23728.0,0.814,17100,2900.0,133194.96
2025-11-12,CO,9,9,8,12467,22440.0,0.77,17100,3070.0,126025.68
2025-11-13,CO,9,9,8,12805,23049.0,0.79,17100,3218.0,140669.11
2025-11-14,CO,9,9,8,11952,21513.0,0.738,17100,3407.0,139738.97
2025-11-15,CO,8,8,7,10750,19350.0,0.747,15200,3047.0,116378.85
2025-11-16,CO,7,7,6,10273,18491.0,0.815,13300,2871.0,109889.11
2025-11-17,CO,11,10,10,15108,27194.0,0.763,20900,5018.0,165553.14
2025-11-18,CO,10,9,9,14177,25519.0,0.788,19000,3344.0,154715.73
2025-11-19,CO,10,9,9,14039,25271.0,0.78,19000,3298.0,140158.48
2025-11-20,CO,9,9,8,12582,22648.0,0.777,17100,2891.0,131585.49
2025-11-21,CO,9,9,8,12417,22351.0,0.767,17100,2936.0,136731.67
2025-11-22,CO,8,8,7,11187,20136.0,0.777,15200,2904.0,117782.59
2025-11-23,CO,8,8,7,10709,19277.0,0.744,15200,3026.0,117725.94
2025-11-24,CO,26,21,19,37430,67375.0,0.8,49400,11450.0,383614.25
2025-11-25,CO,25,20,19,36660,65988.0,0.815,47500,7540.0,376034.66
2025-11-26,CO,25,20,19,36740,66133.0,0.816,47500,9061.0,372151.9
2025-11-27,CO,24,20,18,35064,63115.0,0.812,45600,7058.0,377847.19
2025-11-28,CO,23,20,19,33015,59428.0,0.797,43700,8397.0,327369.82
2025-11-29,CO,20,19,18,28141,50654.0,0.782,38000,9887.0,297520.64
2025-11-30,CO,19,19,18,26662,47991.0,0.78,36100,6350.0,289508.38
2025-12-01,CO,28,24,22,40321,72578.0,0.8,53200,13490.0,394317.05
2025-12-02,CO,10,9,9,14318,25773.0,0.795,19000,2943.0,146162.56
2025-12-03,CO,10,10,9,13647,24565.0,0.758,19000,3158.0,149230.64
2025-12-04,CO,10,10,9,13461,24230.0,0.748,19000,3225.0,157109.14
2025-12-05,CO,9,9,9,12473,22452.0,0.77,17100,3168.0,134107.67
2025-12-06,CO,8,8,8,11254,20257.0,0.782,15200,2666.0,122154.7
2025-12-07,CO,8,8,7,11601,20882.0,0.806,15200,3084.0,122465.17
2025-12-08,CO,16,15,14,22603,40685.0,0.785,30400,2966.0,210981.78
2025-12-09,CO,16,14,14,22931,41276.0,0.796,30400,4578.0,237882.41
2025-12-10,CO,15,14,14,20881,37586.0,0.773,28500,6750.0,218425.77
2025-12-11,CO,15,14,13,21494,38689.0,0.796,28500,3926.0,235666.1
2025-12-12,CO,14,13,13,20083,36149.0,0.797,26600,4503.0,213278.33
2025-12-13,CO,13,13,12,17798,32036.0,0.761,24700,4900.0,199401.11
2025-12-14,CO,12,12,11,17198,30956.0,0.796,22800,4073.0,181536.44
2025-12-15,CO,17,15,14,24559,44207.0,0.803,32300,4990.0,252995.96
2025-12-16,CO,17,15,14,23858,42945.0,0.78,32300,6245.0,260360.47
2025-12-17,CO,14,13,13,19929,35873.0,0.791,26600,5455.0,207302.98
2025-12-18,CO,16,14,14,22508,40514.0,0.782,30400,4928.0,249301.1
2025-12-19,CO,14,13,13,20554,36998.0,0.816,26600,5113.0,198608.0
2025-12-20,CO,13,13,12,18202,32764.0,0.778,24700,5084.0,200658.18
2025-12-21,CO,7,7,7,10322,18579.0,0.819,13300,2825.0,102234.71
2025-12-22,CO,11,10,9,15459,27827.0,0.781,20900,3994.0,167450.6
2025-12-23,CO,11,10,10,15054,27097.0,0.76,20900,4834.0,152771.04
2025-12-24,CO,10,9,9,14160,25488.0,0.787,19000,3447.0,149798.76
2025-12-25,CO,10,10,9,14050,25291.0,0.781,19000,2860.0,147304.16
2025-12-26,CO,10,10,9,13741,24734.0,0.763,19000,3295.0,147931.22
2025-12-27,CO,8,8,7,10737,19327.0,0.746,15200,3289.0,110177.63
2025-12-28,CO,8,8,7,11275,20295.0,0.783,15200,2329.0,118715.95
2025-12-29,CO,11,10,9,16106,28990.0,0.813,20900,2356.0,163865.67
2025-12-30,CO,11,10,10,15037,27067.0,0.759,20900,4050.0,151402.49
2025-12-31,CO,10,9,9,13588,24458.0,0.755,19000,3167.0,141378.67
2026-01-01,CO,10,10,9,14314,25764.0,0.795,19000,4701.0,149134.79
2026-01-02,CO,9,9,8,12253,22055.0,0.756,17100,3215.0,135550.92
2026-01-03,CO,9,9,9,11832,21297.0,0.73,17100,3713.0,133109.95
2026-01-04,CO,8,8,8,10446,18803.0,0.725,15200,2512.0,118773.07
2026-01-05,CO,12,11,10,16305,29349.0,0.755,22800,4510.0,178031.35
2026-01-06,CO,11,10,10,15243,27438.0,0.77,20900,3995.0,159467.14
2026-01-07,CO,11,10,10,15071,27127.0,0.761,20900,4627.0,161857.75
2026-01-08,CO,10,10,9,14127,25428.0,0.785,19000,3529.0,139891.44
2026-01-09,CO,9,9,8,13196,23753.0,0.815,17100,2809.0,130260.73
2026-01-10,CO,8,8,8,11483,20670.0,0.797,15200,3210.0,118358.82
2026-01-11,CO,8,8,7,11633,20940.0,0.808,15200,2410.0,124421.31
2026-01-12,CO,12,11,10,16752,30153.0,0.776,22800,3545.0,176974.64
2026-01-13,CO,11,10,10,15257,27462.0,0.771,20900,3734.0,176462.25
2026-01-14,CO,10,9,9,14506,26111.0,0.806,19000,3234.0,159640.82
2026-01-15,CO,10,9,9,13573,24432.0,0.754,19000,3430.0,148613.19
2026-01-16,CO,10,10,9,13848,24926.0,0.769,19000,3039.0,145747.21
2026-01-17,CO,8,8,7,11082,19948.0,0.77,15200,3247.0,129306.41
2026-01-18,CO,8,8,7,11545,20781.0,0.802,15200,3240.0,122097.83
2026-01-19,CO,12,11,10,16684,30030.0,0.772,22800,4672.0,180960.19
2026-01-20,CO,12,11,10,16924,30464.0,0.784,22800,4605.0,172707.58
2026-01-21,CO,10,10,9,14203,25565.0,0.789,19000,2367.0,145665.74
2026-01-22,CO,10,10,9,14450,26010.0,0.803,19000,3486.0,142269.09
2026-01-23,CO,10,9,9,14664,26395.0,0.815,19000,3909.0,157020.83
2026-01-24,CO,9,9,8,12422,22359.0,0.767,17100,3766.0,136055.83
2026-01-25,CO,8,8,7,11081,19946.0,0.77,15200,2643.0,117088.46
2026-01-26,CO,12,11,10,16901,30421.0,0.782,22800,4996.0,174480.4
2026-01-27,CO,11,10,10,15771,28387.0,0.797,20900,3955.0,156556.04
2026-01-28,CO,11,10,10,15061,27109.0,0.761,20900,2142.0,162564.61
2026-01-29,CO,10,10,9,14282,25708.0,0.793,19000,3363.0,149211.94
2026-01-30,CO,10,10,10,13884,24990.0,0.771,19000,2941.0,134710.82
2026-01-31,CO,8,8,7,11365,20456.0,0.789,15200,2457.0,113987.41
2026-02-01,CO,8,8,8,11519,20735.0,0.8,15200,3216.0,115351.47
2026-02-02,CO,12,11,10,17193,30948.0,0.796,22800,4307.0,185561.7
2026-02-03,CO,11,11,10,15790,28422.0,0.797,20900,3437.0,159408.94
2026-02-04,CO,10,10,9,14202,25563.0,0.789,19000,3034.0,137563.01
2026-02-05,CO,11,11,10,15288,27518.0,0.772,20900,4037.0,155840.93
2026-02-06,CO,10,10,9,14235,25623.0,0.791,19000,3315.0,158422.52
2026-02-07,CO,9,9,8,11840,21311.0,0.731,17100,3435.0,131391.16
2026-02-08,CO,8,8,7,11456,20622.0,0.796,15200,2359.0,113635.2
2026-02-09,CO,11,10,10,16183,29129.0,0.817,20900,3523.0,152106.93
2026-02-10,CO,11,11,10,15484,27871.0,0.782,20900,3060.0,163179.16
2026-02-11,CO,11,11,10,14902,26823.0,0.753,20900,3415.0,163866.0
2026-02-12,CO,11,11,10,15550,27990.0,0.785,20900,5127.0,165896.37
2026-02-13,CO,10,10,9,13863,24954.0,0.77,19000,3000.0,164364.21
2026-02-14,CO,9,9,9,12531,22555.0,0.773,17100,2835.0,126784.34
2026-02-15,CO,8,8,8,11453,20616.0,0.795,15200,2360.0,116809.0
2026-02-16,CO,12,11,10,17380,31284.0,0.805,22800,3979.0,179920.27
2026-02-17,CO,11,10,10,16122,29020.0,0.814,20900,3717.0,160166.67
2026-02-18,CO,11,11,10,15789,28420.0,0.797,20900,4526.0,149550.35
2026-02-19,CO,10,9,9,14757,26563.0,0.82,19000,3189.0,151231.13
2026-02-20,CO,10,10,9,13517,24331.0,0.751,19000,3485.0,144457.34
2026-02-21,CO,8,8,7,11764,21176.0,0.817,15200,1881.0,113514.24
2026-02-22,CO,8,8,7,11554,20797.0,0.802,15200,2342.0,114322.88
2026-02-23,CO,12,12,11,16620,29915.0,0.769,22800,4847.0,188874.37
2026-02-24,CO,12,12,11,16576,29837.0,0.767,22800,3519.0,187080.78
2026-02-25,CO,11,11,10,15200,27359.0,0.768,20900,4243.0,155904.8
2026-02-26,CO,12,11,11,16427,29569.0,0.761,22800,3471.0,165520.73
2026-02-27,CO,10,10,9,13549,24388.0,0.753,19000,3321.0,153525.5
2026-02-28,CO,9,9,8,12555,22599.0,0.775,17100,3958.0,144360.94
2026-03-01,CO,8,8,8,11404,20527.0,0.792,15200,3076.0,129622.55
2026-03-02,CO,12,11,11,17222,31000.0,0.797,22800,2769.0,167767.47
2026-03-03,CO,12,12,11,16559,29807.0,0.767,22800,6307.0,187499.21
2026-03-04,CO,10,10,9,14312,25762.0,0.795,19000,2828.0,148168.23
2026-03-05,CO,11,11,10,15419,27754.0,0.779,20900,4932.0,150436.19
2026-03-06,CO,11,11,10,15513,27924.0,0.783,20900,3482.0,157414.72
2026-03-07,CO,9,9,8,12369,22265.0,0.764,17100,2448.0,129187.74
2026-03-08,CO,9,9,8,12078,21741.0,0.746,17100,2847.0,135916.79
2026-03-09,CO,18,17,17,25622,46120.0,0.791,34200,5486.0,252174.51
2026-03-10,CO,16,16,15,23122,41620.0,0.803,30400,4972.0,246073.78
2026-03-11,CO,15,15,14,21542,38776.0,0.798,28500,5181.0,226527.84
2026-03-12,CO,14,14,13,19864,35756.0,0.788,26600,5169.0,215945.83
2026-03-13,CO,15,15,14,20988,37778.0,0.777,28500,6344.0,216429.52
2026-03-14,CO,12,12,11,17668,31802.0,0.818,22800,4251.0,180660.63
2026-03-15,CO,12,12,11,16294,29329.0,0.754,22800,4157.0,170471.18
2026-03-16,CO,13,12,12,17889,32200.0,0.764,24700,3911.0,197874.94
2026-03-17,CO,12,12,11,16402,29524.0,0.759,22800,3912.0,176151.87
2026-03-18,CO,11,11,10,15539,27970.0,0.785,20900,3446.0,162112.43
2026-03-19,CO,11,11,11,15868,28563.0,0.801,20900,2901.0,162806.62
2026-03-20,CO,10,10,10,14086,25355.0,0.783,19000,4874.0,137877.11
2026-03-21,CO,9,9,8,13238,23829.0,0.817,17100,3202.0,139728.0
2026-03-22,CO,8,8,8,11565,20817.0,0.803,15200,2852.0,118952.98
2026-03-23,CO,12,12,11,17532,31558.0,0.812,22800,4937.0,186332.67
2026-03-24,CO,13,13,12,18011,32419.0,0.77,24700,2533.0,201292.27
2026-03-25,CO,12,12,11,16584,29851.0,0.768,22800,5635.0,172054.61
2026-03-26,CO,11,11,10,15712,28282.0,0.794,20900,3223.0,161260.3
2026-03-27,CO,10,10,9,14402,25924.0,0.8,19000,2916.0,139006.8
2026-03-28,CO,9,9,9,12630,22734.0,0.78,17100,2800.0,139920.75
2026-03-29,CO,9,9,8,12285,22114.0,0.758,17100,3583.0,135111.89
2026-03-30,CO,13,13,12,18110,32599.0,0.774,24700,6035.0,194210.24
2026-03-31,CO,12,12,11,16949,30508.0,0.785,22800,5225.0,175876.18
2026-04-01,CO,11,11,10,16059,28905.0,0.811,20900,3460.0,156696.39
2026-04-02,CO,11,11,10,15660,28188.0,0.791,20900,2634.0,171384.28
2026-04-03,CO,10,10,9,14248,25646.0,0.792,19000,3184.0,160088.48
2026-04-04,CO,9,9,9,12731,22916.0,0.786,17100,2750.0,140430.73
2026-04-05,CO,9,9,9,12741,22934.0,0.786,17100,2234.0,132487.0
2026-04-06,CO,12,12,11,17350,31230.0,0.803,22800,4503.0,180615.48
2026-04-07,CO,12,12,11,17017,30631.0,0.788,22800,4107.0,185451.06
2026-04-08,CO,11,11,10,15732,28317.0,0.795,20900,4076.0,163633.57
2026-04-09,CO,11,11,10,15958,28724.0,0.806,20900,4221.0,175700.38
2026-04-10,CO,11,11,11,14911,26839.0,0.753,20900,4191.0,171160.43
2026-04-11,CO,10,10,10,13737,24726.0,0.763,19000,3383.0,164712.37
2026-04-12,CO,9,9,8,12658,22785.0,0.781,17100,3919.0,134416.26
2026-04-13,CO,12,12,12,17513,31524.0,0.811,22800,3769.0,160661.9
2026-04-14,CO,12,12,11,17662,31792.0,0.818,22800,3667.0,178351.12
2026-04-15,CO,11,11,11,15873,28571.0,0.802,20900,3617.0,160544.41
2026-04-16,CO,11,11,11,15689,28240.0,0.792,20900,4099.0,164146.42
2026-04-17,CO,11,11,10,15394,27710.0,0.777,20900,4190.0,174646.9
2026-04-18,CO,9,9,8,12930,23275.0,0.798,17100,2903.0,130489.15
2026-04-19,CO,9,9,9,12919,23255.0,0.797,17100,2914.0,128943.3
2026-04-20,CO,13,13,12,17988,32379.0,0.769,24700,5413.0,187675.21
2026-04-21,CO,12,12,11,17006,30611.0,0.787,22800,3210.0,193163.67
2026-04-22,CO,11,11,10,16056,28901.0,0.811,20900,5484.0,160015.46
2026-04-23,CO,11,11,10,15809,28456.0,0.798,20900,3573.0,164711.81
2026-04-24,CO,11,11,11,15926,28668.0,0.804,20900,3634.0,175060.44
2026-04-25,CO,10,10,10,13543,24377.0,0.752,19000,3631.0,152133.88
2026-04-26,CO,10,10,10,13373,24071.0,0.743,19000,3723.0,134835.27
2026-04-27,CO,14,14,13,20101,36181.0,0.798,26600,4265.0,203470.01
2026-04-28,CO,12,12,12,16875,30375.0,0.781,22800,4335.0,173196.14
2026-04-29,CO,12,12,12,16592,29865.0,0.768,22800,3465.0,165442.83
2026-04-30,CO,11,11,10,15574,28032.0,0.787,20900,3387.0,159914.22
2026-05-01,CO,14,14,14,20284,36512.0,0.805,26600,3507.0,184888.19
2026-05-02,CO,12,12,12,17619,31714.0,0.816,22800,4200.0,180152.17
2026-05-03,CO,12,12,12,16520,29736.0,0.765,22800,3983.0,177892.95
2026-05-04,CO,17,17,16,24385,43892.0,0.797,32300,3863.0,244803.59
2026-05-05,CO,17,17,16,23679,42622.0,0.774,32300,5154.0,233705.17
2026-05-06,CO,15,15,14,21542,38776.0,0.798,28500,5105.0,234699.84
2026-05-07,CO,16,16,16,22732,40917.0,0.789,30400,6256.0,231729.28
2026-05-08,CO,14,14,13,20322,36580.0,0.806,26600,3765.0,216589.03
2026-05-09,CO,14,14,14,19926,35867.0,0.791,26600,4548.0,206436.05
2026-05-10,CO,12,12,12,17000,30601.0,0.787,22800,3351.0,188221.06
2026-05-11,CO,13,13,12,18931,34076.0,0.809,24700,4983.0,197163.95
2026-05-12,CO,12,12,11,16947,30504.0,0.785,22800,3647.0,178633.14
2026-05-13,CO,13,13,13,17783,32010.0,0.76,24700,4830.0,186188.96
2026-05-14,CO,12,12,12,17114,30804.0,0.792,22800,3859.0,187080.87
2026-05-15,CO,11,11,11,15823,28482.0,0.799,20900,2694.0,161680.44
2026-05-16,CO,9,9,9,12893,23208.0,0.796,17100,3042.0,129032.28
2026-05-17,CO,9,9,9,12979,23361.0,0.801,17100,2470.0,132540.97
2026-05-18,CO,13,13,13,18267,32881.0,0.781,24700,5275.0,192304.24
2026-05-19,CO,13,13,13,18788,33818.0,0.803,24700,5793.0,199396.44
2026-05-20,CO,12,12,12,17375,31274.0,0.804,22800,4540.0,164451.49
2026-05-21,CO,12,12,12,16636,29946.0,0.77,22800,3666.0,194792.48
2026-05-22,CO,10,10,10,14423,25962.0,0.801,19000,3433.0,150946.74
2026-05-23,CO,9,9,9,13154,23678.0,0.812,17100,3227.0,133295.2
2026-05-24,CO,9,9,9,13283,23910.0,0.82,17100,3634.0,135748.82
2026-05-25,CO,14,14,14,19955,35919.0,0.792,26600,4638.0,194770.04
2026-05-26,CO,13,13,13,18693,33647.0,0.799,24700,4748.0,193615.84
2026-05-27,CO,11,11,11,16063,28913.0,0.811,20900,2709.0,167260.78
2026-05-28,CO,12,12,11,16869,30365.0,0.781,22800,4269.0,175744.49
2026-05-29,CO,12,12,11,16437,29587.0,0.761,22800,3516.0,181564.59
2026-05-30,CO,9,9,9,12918,23253.0,0.797,17100,3100.0,137611.33
2026-05-31,CO,9,9,9,13055,23498.0,0.806,17100,2545.0,129493.55
2026-06-01,CO,14,14,13,19454,35018.0,0.772,26600,5116.0,217843.83
2026-06-02,CO,13,13,12,17923,32262.0,0.766,24700,4919.0,192195.65
2026-06-03,CO,11,11,11,16014,28825.0,0.809,20900,3616.0,175452.06
2026-06-04,CO,12,12,12,16613,29903.0,0.769,22800,3512.0,187154.72
2026-06-05,CO,11,11,11,15796,28434.0,0.798,20900,4122.0,165670.29
2026-06-06,CO,10,10,10,13735,24722.0,0.763,19000,4308.0,143387.54
2026-06-07,CO,9,9,9,12886,23194.0,0.795,17100,4064.0,132784.97
2026-06-08,CO,13,13,13,19097,34375.0,0.816,24700,4739.0,200426.8
2026-06-09,CO,13,13,13,18209,32776.0,0.778,24700,4652.0,188347.33
2026-06-10,CO,12,12,11,17504,31508.0,0.81,22800,3204.0,180923.5
2026-06-11,CO,12,12,12,16735,30123.0,0.775,22800,5003.0,181727.3
2026-06-12,CO,11,11,11,15854,28536.0,0.801,20900,2306.0,162286.66
2026-06-13,CO,10,10,9,13942,25095.0,0.775,19000,4099.0,143329.1
2026-06-14,CO,9,9,9,12341,22214.0,0.762,17100,3092.0,141903.45
2026-06-15,CO,14,14,14,19851,35732.0,0.788,26600,2847.0,211422.67
2026-06-16,CO,13,13,12,18353,33036.0,0.784,24700,4695.0,190333.86
2026-06-17,CO,12,12,12,17375,31274.0,0.804,22800,3997.0,172218.99
2026-06-18,CO,12,12,11,17599,31677.0,0.815,22800,3797.0,184231.71
2026-06-19,CO,11,11,10,15083,27149.0,0.762,20900,3593.0,162567.42
2026-06-20,CO,9,9,9,13021,23438.0,0.804,17100,3068.0,138594.92
2026-06-21,CO,10,10,10,13444,24200.0,0.747,19000,3407.0,142733.46
2026-06-22,CO,14,14,13,19647,35365.0,0.78,26600,3610.0,209991.41
2026-06-23,CO,13,13,13,18583,33449.0,0.794,24700,4745.0,188962.5
2026-06-24,CO,12,12,11,17181,30925.0,0.795,22800,3844.0,190228.26
2026-06-25,CO,12,12,12,17535,31562.0,0.812,22800,5189.0,180459.41
2026-06-26,CO,12,12,11,16826,30286.0,0.779,22800,4692.0,170756.37
2026-06-27,CO,10,10,10,14316,25769.0,0.795,19000,3974.0,153742.46
2026-06-28,CO,9,9,9,13281,23906.0,0.82,17100,4033.0,139967.43
2026-06-29,CO,13,13,13,18320,32976.0,0.783,24700,4991.0,190062.65
2026-06-30,CO,13,13,13,19093,34367.0,0.816,24700,4338.0,186419.44
2026-07-01,CO,13,13,12,18327,32988.0,0.783,24700,2550.0,175683.5
2026-07-02,CO,12,12,12,17636,31744.0,0.816,22800,4269.0,185670.55
2026-07-03,CO,11,11,11,15894,28609.0,0.803,20900,4847.0,151589.02
2026-07-04,CO,10,10,10,14502,26103.0,0.806,19000,3930.0,147913.39
2026-07-05,CO,10,10,10,13895,25010.0,0.772,19000,3131.0,137973.02
2026-07-06,CO,15,15,15,20991,37784.0,0.777,28500,5181.0,238314.54
2026-07-07,CO,13,13,12,18137,32647.0,0.775,24700,4034.0,202944.61
2026-07-08,CO,12,12,11,17547,31585.0,0.812,22800,4313.0,179975.05
2026-07-09,CO,13,13,13,17810,32058.0,0.761,24700,4068.0,200734.0
2026-07-10,CO,12,12,11,16537,29766.0,0.766,22800,5089.0,176899.56
2026-07-11,CO,10,10,10,13700,24660.0,0.761,19000,3489.0,143310.93
2026-07-12,CO,10,10,10,13772,24789.0,0.765,19000,3567.0,138262.01
2026-07-13,CO,14,14,13,20438,36788.0,0.811,26600,4127.0,214052.96
2026-07-14,CO,13,13,13,18888,33998.0,0.807,24700,4136.0,184881.27
2026-07-15,CO,13,13,13,17937,32286.0,0.767,24700,3590.0,212130.56
2026-07-16,CO,12,12,11,17308,31155.0,0.801,22800,5073.0,169927.1
2026-07-17,CO,12,12,12,17468,31442.0,0.809,22800,3753.0,185039.47
2026-07-18,CO,10,10,10,13896,25013.0,0.772,19000,3511.0,155764.14
2026-07-19,CO,10,10,10,13380,24083.0,0.743,19000,2537.0,140257.76
2026-07-20,CO,14,14,13,20166,36298.0,0.8,26600,3805.0,203748.18
2026-07-21,CO,14,14,14,19532,35157.0,0.775,26600,4588.0,205571.85
2026-07-22,CO,12,12,11,16972,30550.0,0.786,22800,3891.0,202613.84
2026-07-23,CO,12,12,12,16770,30186.0,0.776,22800,4271.0,176094.65
2026-07-24,CO,11,11,11,15520,27936.0,0.784,20900,5023.0,155598.13
2026-07-25,CO,10,10,10,14455,26018.0,0.803,19000,2270.0,151115.06
2026-07-26,CO,9,9,9,13208,23775.0,0.815,17100,3580.0,127791.29
2026-07-27,CO,14,14,14,20012,36022.0,0.794,26600,5186.0,206969.23
2026-07-28,CO,14,14,13,19508,35115.0,0.774,26600,4295.0,203704.36
2026-07-29,CO,12,12,11,17619,31714.0,0.816,22800,3807.0,181524.93
2026-07-30,CO,13,13,13,17829,32093.0,0.762,24700,5276.0,188335.08
2026-07-31,CO,12,12,12,16640,29952.0,0.77,22800,4061.0,172888.02
2026-08-01,CO,11,11,10,14870,26766.0,0.751,20900,3560.0,170056.22
2026-08-02,CO,10,10,10,14062,25311.0,0.781,19000,2822.0,149913.56
2026-08-03,CO,14,14,14,19917,35851.0,0.79,26600,4121.0,207714.37
2026-08-04,CO,13,13,13,19072,34330.0,0.815,24700,3545.0,177825.52
2026-08-05,CO,13,13,12,18798,33837.0,0.803,24700,5101.0,197452.09
2026-08-06,CO,13,13,12,18041,32474.0,0.771,24700,3865.0,189032.86
2026-08-07,CO,11,11,11,16093,28968.0,0.813,20900,3013.0,164835.47
2026-08-08,CO,11,11,10,14954,26918.0,0.755,20900,3872.0,150993.73
2026-08-09,CO,10,10,9,13390,24101.0,0.744,19000,2955.0,149843.35
2026-08-10,CO,15,15,15,21553,38796.0,0.798,28500,6452.0,224017.14
2026-08-11,CO,14,14,13,19996,35994.0,0.794,26600,4821.0,205575.0
2026-08-12,CO,13,13,13,18433,33179.0,0.788,24700,4598.0,185831.91
2026-08-13,CO,13,13,13,18004,32407.0,0.769,24700,4600.0,201646.0
2026-08-14,CO,12,12,11,16901,30421.0,0.782,22800,4495.0,172529.42
2026-08-15,CO,11,11,11,15058,27105.0,0.761,20900,4207.0,168955.22
2026-08-16,CO,10,10,10,13822,24879.0,0.768,19000,3437.0,154407.55
2026-08-17,CO,15,15,14,20834,37502.0,0.772,28500,4261.0,214899.9
2026-08-18,CO,14,14,13,20016,36028.0,0.794,26600,4665.0,213688.25
2026-08-19,CO,13,13,12,18000,32399.0,0.769,24700,4490.0,189348.51
2026-08-20,CO,12,12,12,17628,31730.0,0.816,22800,2988.0,182382.22
2026-08-21,CO,12,12,11,16414,29544.0,0.76,22800,2664.0,171182.41
2026-08-22,CO,10,10,10,14248,25646.0,0.792,19000,2729.0,147517.7
2026-08-23,CO,9,9,9,13188,23738.0,0.814,17100,2077.0,133791.12
2026-08-24,CO,15,15,14,21321,38379.0,0.79,28500,4714.0,222038.61
2026-08-25,CO,15,15,14,20779,37403.0,0.77,28500,4469.0,225689.67
2026-08-26,CO,14,14,13,19394,34909.0,0.77,26600,4859.0,200767.71
2026-08-27,CO,12,12,12,17095,30770.0,0.791,22800,4589.0,173910.74
2026-08-28,CO,12,12,12,17672,31810.0,0.818,22800,4302.0,182917.98
2026-08-29,CO,11,11,11,15631,28135.0,0.789,20900,4034.0,160331.18
2026-08-30,CO,10,10,10,13948,25107.0,0.775,19000,3959.0,145252.17
2026-08-31,CO,15,15,15,20992,37786.0,0.777,28500,4851.0,214814.52
2026-09-01,CO,13,13,12,18280,32903.0,0.781,24700,2514.0,189114.74
2026-09-02,CO,13,13,12,18759,33766.0,0.802,24700,3153.0,184745.1
2026-09-03,CO,12,12,11,17558,31605.0,0.813,22800,4445.0,183027.95
2026-09-04,CO,12,12,12,17461,31429.0,0.808,22800,4238.0,174645.54
2026-09-05,CO,10,10,10,14161,25490.0,0.787,19000,3816.0,141776.0
2026-09-06,CO,10,10,10,14533,26160.0,0.807,19000,5040.0,146995.62
2026-09-07,CO,15,15,15,21800,39239.0,0.807,28500,5318.0,209882.47
2026-09-08,CO,14,14,14,19239,34631.0,0.763,26600,4712.0,200377.77
2026-09-09,CO,13,13,13,17955,32318.0,0.767,24700,4702.0,203098.25
2026-09-10,CO,12,12,12,16962,30532.0,0.785,22800,3290.0,170099.46
2026-09-11,CO,12,12,12,17283,31109.0,0.8,22800,4620.0,176819.69
2026-09-12,CO,11,11,10,14764,26575.0,0.746,20900,3655.0,177407.46
2026-09-13,CO,10,10,10,13569,24424.0,0.754,19000,4379.0,149677.58
2026-09-14,CO,15,15,14,21508,38715.0,0.797,28500,3762.0,217758.04
2026-09-15,CO,14,14,13,19588,35258.0,0.777,26600,4792.0,190983.95
2026-09-16,CO,13,13,13,18104,32587.0,0.774,24700,3981.0,193946.36
2026-09-17,CO,13,13,13,18100,32581.0,0.774,24700,3656.0,186743.78
2026-09-18,CO,13,13,13,18209,32776.0,0.778,24700,4907.0,196958.64
2026-09-19,CO,11,11,11,15482,27867.0,0.782,20900,3563.0,158610.3
2026-09-20,CO,10,10,10,14370,25865.0,0.798,19000,4178.0,149843.02
2026-09-21,CO,15,15,14,21762,39171.0,0.806,28500,4676.0,235161.18
2026-09-22,CO,14,14,13,19207,34572.0,0.762,26600,4475.0,213050.97
2026-09-23,CO,13,13,13,18946,34103.0,0.81,24700,5939.0,182500.4
2026-09-24,CO,13,13,13,18666,33599.0,0.798,24700,3445.0,193345.61
2026-09-25,CO,12,12,11,17366,31258.0,0.804,22800,3568.0,184693.81
2026-09-26,CO,11,11,11,15486,27875.0,0.782,20900,1825.0,153110.88
2026-09-27,CO,10,10,10,14125,25426.0,0.785,19000,3165.0,158201.87
2026-09-28,CO,15,15,14,21811,39260.0,0.808,28500,5721.0,223553.06
2026-09-29,CO,14,14,13,20531,36955.0,0.815,26600,5115.0,212264.08
2026-09-30,CO,12,12,11,17095,30770.0,0.791,22800,4203.0,175394.14
2025-01-01,NE,0,0,0,0,0.0,0.0,0,0.0,0.0
2025-01-02,NE,0,0,0,0,0.0,0.0,0,0.0,0.0
2025-01-03,NE,0,0,0,0,0.0,0.0,0,0.0,0.0
2025-01-04,NE,0,0,0,0,0.0,0.0,0,0.0,0.0
2025-01-05,NE,0,0,0,0,0.0,0.0,0,0.0,0.0
2025-01-06,NE,0,0,0,0,0.0,0.0,0,0.0,0.0
2025-01-07,NE,0,0,0,0,0.0,0.0,0,0.0,0.0
2025-01-08,NE,0,0,0,0,0.0,0.0,0,0.0,0.0
2025-01-09,NE,0,0,0,0,0.0,0.0,0,0.0,0.0
2025-01-10,NE,0,0,0,0,0.0,0.0,0,0.0,0.0
2025-01-11,NE,0,0,0,0,0.0,0.0,0,0.0,0.0
2025-01-12,NE,0,0,0,0,0.0,0.0,0,0.0,0.0
2025-01-13,NE,0,0,0,0,0.0,0.0,0,0.0,0.0
2025-01-14,NE,0,0,0,0,0.0,0.0,0,0.0,0.0
2025-01-15,NE,0,0,0,0,0.0,0.0,0,0.0,0.0
2025-01-16,NE,0,0,0,0,0.0,0.0,0,0.0,0.0
2025-01-17,NE,0,0,0,0,0.0,0.0,0,0.0,0.0
2025-01-18,NE,0,0,0,0,0.0,0.0,0,0.0,0.0
2025-01-19,NE,0,0,0,0,0.0,0.0,0,0.0,0.0
2025-01-20,NE,0,0,0,0,0.0,0.0,0,0.0,0.0
2025-01-21,NE,0,0,0,0,0.0,0.0,0,0.0,0.0
2025-01-22,NE,0,0,0,0,0.0,0.0,0,0.0,0.0
2025-01-23,NE,0,0,0,0,0.0,0.0,0,0.0,0.0
2025-01-24,NE,0,0,0,0,0.0,0.0,0,0.0,0.0
2025-01-25,NE,0,0,0,0,0.0,0.0,0,0.0,0.0
2025-01-26,NE,0,0,0,0,0.0,0.0,0,0.0,0.0
2025-01-27,NE,0,0,0,0,0.0,0.0,0,0.0,0.0
2025-01-28,NE,0,0,0,0,0.0,0.0,0,0.0,0.0
2025-01-29,NE,0,0,0,0,0.0,0.0,0,0.0,0.0
2025-01-30,NE,0,0,0,0,0.0,0.0,0,0.0,0.0
2025-01-31,NE,0,0,0,0,0.0,0.0,0,0.0,0.0
2025-02-01,NE,0,0,0,0,0.0,0.0,0,0.0,0.0
2025-02-02,NE,0,0,0,0,0.0,0.0,0,0.0,0.0
2025-02-03,NE,0,0,0,0,0.0,0.0,0,0.0,0.0
2025-02-04,NE,0,0,0,0,0.0,0.0,0,0.0,0.0
2025-02-05,NE,0,0,0,0,0.0,0.0,0,0.0,0.0
2025-02-06,NE,0,0,0,0,0.0,0.0,0,0.0,0.0
2025-02-07,NE,0,0,0,0,0.0,0.0,0,0.0,0.0
2025-02-08,NE,0,0,0,0,0.0,0.0,0,0.0,0.0
2025-02-09,NE,0,0,0,0,0.0,0.0,0,0.0,0.0
2025-02-10,NE,0,0,0,0,0.0,0.0,0,0.0,0.0
2025-02-11,NE,0,0,0,0,0.0,0.0,0,0.0,0.0
2025-02-12,NE,0,0,0,0,0.0,0.0,0,0.0,0.0
2025-02-13,NE,0,0,0,0,0.0,0.0,0,0.0,0.0
2025-02-14,NE,0,0,0,0,0.0,0.0,0,0.0,0.0
2025-02-15,NE,0,0,0,0,0.0,0.0,0,0.0,0.0
2025-02-16,NE,0,0,0,0,0.0,0.0,0,0.0,0.0
2025-02-17,NE,0,0,0,0,0.0,0.0,0,0.0,0.0
2025-02-18,NE,0,0,0,0,0.0,0.0,0,0.0,0.0
2025-02-19,NE,0,0,0,0,0.0,0.0,0,0.0,0.0
2025-02-20,NE,0,0,0,0,0.0,0.0,0,0.0,0.0
2025-02-21,NE,0,0,0,0,0.0,0.0,0,0.0,0.0
2025-02-22,NE,0,0,0,0,0.0,0.0,0,0.0,0.0
2025-02-23,NE,0,0,0,0,0.0,0.0,0,0.0,0.0
2025-02-24,NE,0,0,0,0,0.0,0.0,0,0.0,0.0
2025-02-25,NE,0,0,0,0,0.0,0.0,0,0.0,0.0
2025-02-26,NE,0,0,0,0,0.0,0.0,0,0.0,0.0
2025-02-27,NE,0,0,0,0,0.0,0.0,0,0.0,0.0
2025-02-28,NE,0,0,0,0,0.0,0.0,0,0.0,0.0
2025-03-01,NE,0,0,0,0,0.0,0.0,0,0.0,0.0
2025-03-02,NE,0,0,0,0,0.0,0.0,0,0.0,0.0
2025-03-03,NE,0,0,0,0,0.0,0.0,0,0.0,0.0
2025-03-04,NE,0,0,0,0,0.0,0.0,0,0.0,0.0
2025-03-05,NE,0,0,0,0,0.0,0.0,0,0.0,0.0
2025-03-06,NE,0,0,0,0,0.0,0.0,0,0.0,0.0
2025-03-07,NE,0,0,0,0,0.0,0.0,0,0.0,0.0
2025-03-08,NE,0,0,0,0,0.0,0.0,0,0.0,0.0
2025-03-09,NE,0,0,0,0,0.0,0.0,0,0.0,0.0
2025-03-10,NE,0,0,0,0,0.0,0.0,0,0.0,0.0
2025-03-11,NE,0,0,0,0,0.0,0.0,0,0.0,0.0
2025-03-12,NE,0,0,0,0,0.0,0.0,0,0.0,0.0
2025-03-13,NE,0,0,0,0,0.0,0.0,0,0.0,0.0
2025-03-14,NE,0,0,0,0,0.0,0.0,0,0.0,0.0
2025-03-15,NE,0,0,0,0,0.0,0.0,0,0.0,0.0
2025-03-16,NE,0,0,0,0,0.0,0.0,0,0.0,0.0
2025-03-17,NE,0,0,0,0,0.0,0.0,0,0.0,0.0
2025-03-18,NE,0,0,0,0,0.0,0.0,0,0.0,0.0
2025-03-19,NE,0,0,0,0,0.0,0.0,0,0.0,0.0
2025-03-20,NE,0,0,0,0,0.0,0.0,0,0.0,0.0
2025-03-21,NE,0,0,0,0,0.0,0.0,0,0.0,0.0
2025-03-22,NE,0,0,0,0,0.0,0.0,0,0.0,0.0
2025-03-23,NE,0,0,0,0,0.0,0.0,0,0.0,0.0
2025-03-24,NE,0,0,0,0,0.0,0.0,0,0.0,0.0
2025-03-25,NE,0,0,0,0,0.0,0.0,0,0.0,0.0
2025-03-26,NE,0,0,0,0,0.0,0.0,0,0.0,0.0
2025-03-27,NE,0,0,0,0,0.0,0.0,0,0.0,0.0
2025-03-28,NE,0,0,0,0,0.0,0.0,0,0.0,0.0
2025-03-29,NE,0,0,0,0,0.0,0.0,0,0.0,0.0
2025-03-30,NE,0,0,0,0,0.0,0.0,0,0.0,0.0
2025-03-31,NE,0,0,0,0,0.0,0.0,0,0.0,0.0
2025-04-01,NE,8,8,7,10490,18882.0,0.728,17600,4140.0,147003.74
2025-04-02,NE,8,8,7,11060,19908.0,0.768,17600,4179.0,136798.48
2025-04-03,NE,8,8,7,10614,19106.0,0.737,17600,4205.0,136315.33
2025-04-04,NE,7,7,6,9919,17854.0,0.787,15400,3554.0,115310.59
2025-04-05,NE,7,7,6,9461,17029.0,0.751,15400,4293.0,126944.35
2025-04-06,NE,7,7,6,8996,16193.0,0.714,15400,3928.0,115034.9
2025-04-07,NE,9,9,8,12635,22742.0,0.78,19800,5504.0,166558.73
2025-04-08,NE,10,10,9,13424,24164.0,0.746,22000,4701.0,171039.52
2025-04-09,NE,9,9,8,12425,22366.0,0.767,19800,5495.0,149127.76
2025-04-10,NE,9,9,8,12105,21789.0,0.747,19800,4823.0,143424.66
2025-04-11,NE,9,9,8,12346,22222.0,0.762,19800,5158.0,152769.23
2025-04-12,NE,7,7,6,10315,18567.0,0.819,15400,2814.0,119513.4
2025-04-13,NE,7,7,7,9902,17823.0,0.786,15400,4447.0,118588.28
2025-04-14,NE,10,10,9,14496,26093.0,0.805,22000,5571.0,171634.62
2025-04-15,NE,10,10,9,14433,25980.0,0.802,22000,6510.0,181110.83
2025-04-16,NE,10,10,9,13783,24809.0,0.766,22000,6014.0,175847.64
2025-04-17,NE,10,10,9,13488,24279.0,0.749,22000,3929.0,172937.05
2025-04-18,NE,9,9,8,12628,22730.0,0.78,19800,5656.0,161492.87
2025-04-19,NE,8,8,7,11415,20547.0,0.793,17600,4323.0,132248.52
2025-04-20,NE,8,8,7,10927,19668.0,0.759,17600,4563.0,141197.22
2025-04-21,NE,11,11,10,15597,28075.0,0.788,24200,6201.0,194002.63
2025-04-22,NE,11,11,10,14760,26569.0,0.745,24200,5736.0,200083.32
2025-04-23,NE,11,11,10,15177,27319.0,0.767,24200,5514.0,178411.25
2025-04-24,NE,10,10,9,13424,24164.0,0.746,22000,5746.0,165654.56
2025-04-25,NE,10,10,9,14302,25744.0,0.795,22000,4731.0,166039.09
2025-04-26,NE,9,9,8,12193,21948.0,0.753,19800,4769.0,157394.06
2025-04-27,NE,9,9,9,12479,22462.0,0.77,19800,5585.0,155823.71
2025-04-28,NE,12,12,11,17485,31474.0,0.81,26400,5370.0,210596.5
2025-04-29,NE,12,12,11,17285,31113.0,0.8,26400,6178.0,188566.15
2025-04-30,NE,11,11,10,15905,28629.0,0.803,24200,6656.0,199875.66
2025-05-01,NE,15,15,14,20859,37546.0,0.773,33000,7110.0,259819.65
2025-05-02,NE,14,14,13,20459,36826.0,0.812,30800,5629.0,245549.92
2025-05-03,NE,12,12,11,17110,30798.0,0.792,26400,4766.0,208970.25
2025-05-04,NE,12,11,10,17293,31127.0,0.801,26400,5964.0,200748.77
2025-05-05,NE,17,17,16,24015,43227.0,0.785,37400,10866.0,297764.71
2025-05-06,NE,17,16,16,23836,42905.0,0.779,37400,8120.0,292609.47
2025-05-07,NE,16,16,15,23221,41798.0,0.806,35200,8144.0,275251.31
2025-05-08,NE,16,15,15,22774,40993.0,0.791,35200,8504.0,279976.43
2025-05-09,NE,16,16,15,22773,40991.0,0.791,35200,9616.0,273434.08
2025-05-10,NE,13,12,12,18090,32562.0,0.773,28600,7599.0,210938.31
2025-05-11,NE,12,12,11,16977,30559.0,0.786,26400,6215.0,204425.01
2025-05-12,NE,14,14,13,19696,35453.0,0.782,30800,7946.0,255855.81
2025-05-13,NE,14,14,13,19776,35597.0,0.785,30800,8372.0,234921.84
2025-05-14,NE,13,13,12,18730,33714.0,0.8,28600,5452.0,223919.53
2025-05-15,NE,13,13,12,18263,32873.0,0.78,28600,6541.0,230525.07
2025-05-16,NE,12,12,11,16744,30139.0,0.775,26400,5385.0,223376.37
2025-05-17,NE,11,11,10,15571,28028.0,0.786,24200,5280.0,186829.03
2025-05-18,NE,10,10,9,13915,25047.0,0.773,22000,5709.0,163176.58
2025-05-19,NE,16,16,15,22477,40459.0,0.78,35200,7181.0,281945.86
2025-05-20,NE,16,16,15,22485,40473.0,0.781,35200,10887.0,265639.34
2025-05-21,NE,14,13,12,19700,35459.0,0.782,30800,8001.0,243077.88
2025-05-22,NE,14,13,13,19602,35284.0,0.778,30800,6852.0,246063.67
2025-05-23,NE,13,12,12,18066,32518.0,0.772,28600,6751.0,218802.49
2025-05-24,NE,11,11,10,14969,26944.0,0.756,24200,4873.0,186705.8
2025-05-25,NE,11,11,10,14986,26974.0,0.757,24200,4737.0,194945.43
2025-05-26,NE,15,15,14,21858,39344.0,0.81,33000,7538.0,268649.58
2025-05-27,NE,14,13,13,20402,36723.0,0.81,30800,8601.0,240664.88
2025-05-28,NE,15,14,13,21665,38998.0,0.802,33000,6527.0,259135.95
2025-05-29,NE,14,14,13,20358,36645.0,0.808,30800,8531.0,229439.43
2025-05-30,NE,14,14,13,19540,35171.0,0.775,30800,7220.0,241374.67
2025-05-31,NE,12,12,11,16570,29827.0,0.767,26400,6525.0,202694.07
2025-06-01,NE,11,11,10,15939,28690.0,0.805,24200,5861.0,189353.87
2025-06-02,NE,17,17,15,24594,44269.0,0.804,37400,9845.0,308268.86
2025-06-03,NE,16,15,14,22456,40421.0,0.78,35200,9607.0,262192.06
2025-06-04,NE,15,15,14,21758,39165.0,0.806,33000,7708.0,269501.4
2025-06-05,NE,15,15,14,20924,37663.0,0.775,33000,8425.0,259405.15
2025-06-06,NE,14,14,13,19892,35806.0,0.789,30800,8594.0,239981.1
2025-06-07,NE,12,12,11,16620,29915.0,0.769,26400,6981.0,198764.41
2025-06-08,NE,11,11,10,15566,28018.0,0.786,24200,5508.0,190870.55
2025-06-09,NE,17,16,15,24569,44225.0,0.803,37400,8757.0,317058.45
2025-06-10,NE,16,15,14,23464,42235.0,0.815,35200,7406.0,246581.58
2025-06-11,NE,15,15,14,21237,38227.0,0.787,33000,9720.0,237265.93
2025-06-12,NE,15,14,14,21895,39411.0,0.811,33000,8223.0,255579.82
2025-06-13,NE,15,15,14,20978,37760.0,0.777,33000,6531.0,260766.88
2025-06-14,NE,12,11,11,16798,30236.0,0.778,26400,5671.0,213658.7
2025-06-15,NE,12,12,11,16817,30270.0,0.779,26400,6214.0,209643.94
2025-06-16,NE,18,17,16,26114,47005.0,0.806,39600,11098.0,288667.11
2025-06-17,NE,17,17,16,24632,44338.0,0.805,37400,8762.0,298909.28
2025-06-18,NE,15,15,14,22137,39846.0,0.82,33000,8518.0,255623.45
2025-06-19,NE,16,15,14,22855,41138.0,0.794,35200,7693.0,284282.85
2025-06-20,NE,16,16,15,22475,40455.0,0.78,35200,9128.0,266684.7
2025-06-21,NE,14,14,13,19332,34798.0,0.767,30800,8594.0,225519.68
2025-06-22,NE,13,13,12,17928,32270.0,0.766,28600,7542.0,219055.27
2025-06-23,NE,18,17,16,26210,47178.0,0.809,39600,6585.0,314946.84
2025-06-24,NE,17,17,16,24587,44257.0,0.804,37400,8805.0,296188.61
2025-06-25,NE,17,17,15,24245,43640.0,0.792,37400,7789.0,291917.13
2025-06-26,NE,17,17,16,23654,42578.0,0.773,37400,9729.0,284583.8
2025-06-27,NE,16,16,14,22913,41243.0,0.796,35200,8522.0,273110.73
2025-06-28,NE,14,14,13,19527,35149.0,0.775,30800,8974.0,254479.09
2025-06-29,NE,13,13,12,19103,34385.0,0.816,28600,6579.0,245853.3
2025-06-30,NE,19,18,17,27590,49662.0,0.807,41800,10123.0,331590.24
2025-07-01,NE,19,19,18,26648,47967.0,0.779,41800,9878.0,339409.85
2025-07-02,NE,18,17,17,25349,45628.0,0.782,39600,10358.0,299893.14
2025-07-03,NE,16,16,15,23537,42366.0,0.817,35200,7422.0,289422.19
2025-07-04,NE,15,15,14,21641,38953.0,0.802,33000,6930.0,253804.63
2025-07-05,NE,15,15,14,21105,37990.0,0.782,33000,7362.0,244357.24
2025-07-06,NE,14,14,13,19295,34732.0,0.766,30800,7932.0,251312.97
2025-07-07,NE,19,18,17,26610,47898.0,0.778,41800,11335.0,327209.09
2025-07-08,NE,18,17,16,26024,46844.0,0.803,39600,9393.0,326100.39
2025-07-09,NE,18,17,17,25991,46783.0,0.802,39600,10207.0,319089.92
2025-07-10,NE,17,17,16,24662,44392.0,0.806,37400,9546.0,276624.64
2025-07-11,NE,16,16,15,23326,41987.0,0.81,35200,8387.0,276587.41
2025-07-12,NE,15,14,13,21588,38858.0,0.8,33000,7840.0,248166.56
2025-07-13,NE,13,13,12,18929,34072.0,0.809,28600,7518.0,234357.04
2025-07-14,NE,20,19,18,28264,50876.0,0.785,44000,13089.0,344383.41
2025-07-15,NE,19,18,17,27610,49698.0,0.807,41800,11271.0,317455.2
2025-07-16,NE,18,17,16,26333,47400.0,0.813,39600,10933.0,283796.65
2025-07-17,NE,18,17,17,26004,46807.0,0.803,39600,11926.0,323288.58
2025-07-18,NE,18,18,17,25146,45263.0,0.776,39600,8675.0,304646.49
2025-07-19,NE,15,15,14,21255,38260.0,0.787,33000,8614.0,254704.44
2025-07-20,NE,14,14,13,20494,36889.0,0.813,30800,8738.0,244889.24
2025-07-21,NE,21,20,19,29538,53168.0,0.781,46200,12390.0,347611.3
2025-07-22,NE,20,19,18,28150,50670.0,0.782,44000,9769.0,322358.76
2025-07-23,NE,19,19,18,26718,48092.0,0.781,41800,9033.0,328557.22
2025-07-24,NE,18,18,17,26380,47485.0,0.814,39600,11444.0,297376.8
2025-07-25,NE,18,17,17,25631,46136.0,0.791,39600,9998.0,307930.92
2025-07-26,NE,15,15,14,22032,39657.0,0.816,33000,8223.0,248490.02
2025-07-27,NE,14,14,13,20656,37181.0,0.82,30800,7410.0,227178.29
2025-07-28,NE,21,20,19,29641,53353.0,0.784,46200,13181.0,336700.43
2025-07-29,NE,20,19,18,28806,51852.0,0.8,44000,11846.0,344586.56
2025-07-30,NE,19,18,17,27200,48961.0,0.795,41800,9799.0,340340.16
2025-07-31,NE,19,19,18,26957,48523.0,0.788,41800,11175.0,338794.3
2025-08-01,NE,19,18,17,27486,49475.0,0.804,41800,10255.0,326364.15
2025-08-02,NE,15,15,14,21687,39036.0,0.803,33000,8783.0,272069.32
2025-08-03,NE,15,15,14,21389,38500.0,0.792,33000,9263.0,251884.97
2025-08-04,NE,22,20,19,32333,58200.0,0.816,48400,13411.0,389884.9
2025-08-05,NE,20,19,18,29458,53025.0,0.818,44000,8282.0,336444.39
2025-08-06,NE,21,19,18,30083,54150.0,0.796,46200,11800.0,349896.55
2025-08-07,NE,19,19,18,26980,48563.0,0.789,41800,11886.0,336598.78
2025-08-08,NE,18,18,17,26345,47420.0,0.813,39600,8650.0,314225.26
2025-08-09,NE,15,15,14,21918,39453.0,0.812,33000,9889.0,263881.94
2025-08-10,NE,15,15,14,21245,38242.0,0.787,33000,8534.0,242074.29
2025-08-11,NE,22,20,19,32079,57742.0,0.81,48400,13008.0,393058.75
2025-08-12,NE,21,20,19,30836,55505.0,0.816,46200,12415.0,370120.89
2025-08-13,NE,20,19,18,28679,51622.0,0.797,44000,8785.0,337670.05
2025-08-14,NE,20,20,18,29111,52400.0,0.809,44000,11874.0,351203.0
2025-08-15,NE,18,17,16,26471,47648.0,0.817,39600,10090.0,322423.61
2025-08-16,NE,16,16,15,22719,40895.0,0.789,35200,7975.0,266477.73
2025-08-17,NE,17,16,16,23998,43197.0,0.784,37400,10798.0,283209.05
2025-08-18,NE,23,21,20,32854,59137.0,0.794,50600,9268.0,390125.37
2025-08-19,NE,21,20,18,29745,53541.0,0.787,46200,10239.0,328339.61
2025-08-20,NE,20,19,18,28190,50743.0,0.783,44000,12479.0,347731.64
2025-08-21,NE,19,18,17,27462,49432.0,0.803,41800,11297.0,337918.71
2025-08-22,NE,19,18,17,27934,50281.0,0.817,41800,9358.0,333474.57
2025-08-23,NE,16,16,15,23107,41592.0,0.802,35200,7696.0,279823.31
2025-08-24,NE,16,16,15,22418,40352.0,0.778,35200,8277.0,285800.34
2025-08-25,NE,23,22,20,32913,59244.0,0.795,50600,12739.0,393097.58
2025-08-26,NE,22,21,20,31851,57331.0,0.804,48400,11117.0,353786.73
2025-08-27,NE,20,19,18,28530,51354.0,0.792,44000,10578.0,344976.85
2025-08-28,NE,19,18,17,27806,50051.0,0.813,41800,10274.0,343012.3
2025-08-29,NE,19,18,17,27731,49916.0,0.811,41800,9753.0,330751.07
2025-08-30,NE,17,17,15,24307,43753.0,0.794,37400,8608.0,287380.14
2025-08-31,NE,16,15,14,22962,41332.0,0.797,35200,7340.0,283171.89
2025-09-01,NE,23,21,20,32593,58668.0,0.787,50600,12297.0,400775.8
2025-09-02,NE,22,21,20,32323,58182.0,0.816,48400,11734.0,374261.41
2025-09-03,NE,20,19,18,29110,52398.0,0.809,44000,9491.0,344834.67
2025-09-04,NE,20,19,18,28833,51900.0,0.801,44000,11100.0,338843.02
2025-09-05,NE,19,19,18,27040,48672.0,0.791,41800,11668.0,334058.43
2025-09-06,NE,18,18,17,25293,45527.0,0.781,39600,9730.0,297761.6
2025-09-07,NE,16,16,15,23574,42433.0,0.819,35200,9036.0,278183.67
2025-09-08,NE,24,21,20,34798,62637.0,0.806,52800,14437.0,426159.94
2025-09-09,NE,23,21,20,33472,60250.0,0.809,50600,12284.0,398436.11
2025-09-10,NE,23,21,20,33345,60020.0,0.805,50600,13691.0,398615.25
2025-09-11,NE,19,19,18,28041,50475.0,0.82,41800,7302.0,326953.11
2025-09-12,NE,19,19,18,27661,49789.0,0.809,41800,9302.0,333012.02
2025-09-13,NE,17,17,16,24032,43257.0,0.785,37400,7881.0,287527.7
2025-09-14,NE,16,16,15,22715,40886.0,0.789,35200,10070.0,273126.41
2025-09-15,NE,23,22,20,33285,59914.0,0.804,50600,13294.0,380455.75
2025-09-16,NE,22,21,20,32210,57978.0,0.813,48400,10043.0,373444.13
2025-09-17,NE,20,19,19,29495,53091.0,0.819,44000,9437.0,315681.53
2025-09-18,NE,21,20,19,30620,55115.0,0.81,46200,9361.0,360771.28
2025-09-19,NE,20,19,18,28861,51950.0,0.802,44000,11157.0,351656.55
2025-09-20,NE,18,18,17,25337,45606.0,0.782,39600,9883.0,308052.25
2025-09-21,NE,17,17,15,24171,43507.0,0.79,37400,8642.0,302469.38
2025-09-22,NE,25,22,20,35824,64484.0,0.796,55000,11960.0,451915.02
2025-09-23,NE,23,22,20,32582,58647.0,0.787,50600,12286.0,394426.24
2025-09-24,NE,23,21,20,33560,60407.0,0.811,50600,16245.0,378948.14
2025-09-25,NE,21,21,19,30939,55690.0,0.818,46200,10729.0,376092.82
2025-09-26,NE,19,18,18,27306,49150.0,0.798,41800,11622.0,337636.83
2025-09-27,NE,17,17,16,24375,43874.0,0.797,37400,8780.0,296958.69
2025-09-28,NE,16,16,15,22607,40693.0,0.785,35200,9602.0,268800.16
2025-09-29,NE,25,22,21,35582,64048.0,0.791,55000,14399.0,435485.41
2025-09-30,NE,23,21,20,33317,59970.0,0.805,50600,12281.0,389763.28
2025-10-01,NE,22,21,19,31140,56053.0,0.786,48400,12722.0,366440.62
2025-10-02,NE,23,22,21,33284,59911.0,0.804,50600,14150.0,400350.09
2025-10-03,NE,21,21,20,30164,54295.0,0.798,46200,11351.0,346332.36
2025-10-04,NE,18,18,16,26243,47237.0,0.81,39600,9434.0,318218.98
2025-10-05,NE,16,16,14,23593,42467.0,0.819,35200,9280.0,277652.23
2025-10-06,NE,24,22,21,34761,62571.0,0.805,52800,15449.0,410003.54
2025-10-07,NE,23,21,20,33933,61079.0,0.82,50600,10219.0,394023.39
2025-10-08,NE,22,21,20,32257,58063.0,0.815,48400,9953.0,361314.29
2025-10-09,NE,20,20,19,29445,53001.0,0.818,44000,12589.0,329291.3
2025-10-10,NE,21,21,20,29779,53601.0,0.788,46200,10507.0,385337.82
2025-10-11,NE,18,18,17,25926,46666.0,0.8,39600,11128.0,307015.53
2025-10-12,NE,17,17,16,24506,44110.0,0.801,37400,8357.0,275103.92
2025-10-13,NE,25,23,21,35428,63770.0,0.787,55000,12628.0,444761.84
2025-10-14,NE,23,21,21,33657,60583.0,0.813,50600,13908.0,378508.61
2025-10-15,NE,22,21,20,32254,58057.0,0.814,48400,12859.0,386227.28
2025-10-16,NE,22,21,20,31974,57553.0,0.807,48400,10147.0,399781.38
2025-10-17,NE,21,20,19,30971,55748.0,0.819,46200,12084.0,357230.62
2025-10-18,NE,19,19,18,27215,48987.0,0.796,41800,9347.0,341138.91
2025-10-19,NE,17,17,15,24727,44509.0,0.808,37400,9602.0,300283.0
2025-10-20,NE,25,23,21,36308,65355.0,0.807,55000,13502.0,455997.55
2025-10-21,NE,24,22,21,35240,63431.0,0.816,52800,12595.0,421425.08
2025-10-22,NE,23,21,20,33536,60365.0,0.81,50600,11393.0,386334.01
2025-10-23,NE,22,22,21,31752,57154.0,0.802,48400,9368.0,346065.28
2025-10-24,NE,22,21,19,31528,56750.0,0.796,48400,10878.0,365559.29
2025-10-25,NE,19,18,17,27433,49380.0,0.802,41800,11057.0,319490.16
2025-10-26,NE,18,18,17,26413,47543.0,0.815,39600,10192.0,321144.58
2025-10-27,NE,27,23,22,39639,71350.0,0.816,59400,12992.0,485821.86
2025-10-28,NE,24,22,21,34036,61264.0,0.788,52800,14620.0,393784.48
2025-10-29,NE,23,22,21,33218,59793.0,0.802,50600,12891.0,413986.49
2025-10-30,NE,23,22,20,32614,58706.0,0.788,50600,13280.0,382470.16
2025-10-31,NE,21,20,19,30913,55644.0,0.818,46200,9835.0,348347.58
2025-11-01,NE,18,17,17,26207,47172.0,0.809,39600,11809.0,291785.39
2025-11-02,NE,17,16,16,24219,43594.0,0.791,37400,9670.0,295661.25
2025-11-03,NE,26,23,21,37845,68121.0,0.809,57200,16607.0,435707.6
2025-11-04,NE,24,22,21,34526,62147.0,0.799,52800,11899.0,433470.14
2025-11-05,NE,23,22,20,33660,60589.0,0.813,50600,9585.0,380343.27
2025-11-06,NE,22,21,20,32035,57664.0,0.809,48400,10454.0,388576.9
2025-11-07,NE,21,20,19,30144,54259.0,0.797,46200,12732.0,342884.99
2025-11-08,NE,19,19,18,27322,49180.0,0.799,41800,8798.0,339497.36
2025-11-09,NE,18,18,17,25953,46715.0,0.801,39600,11450.0,310327.04
2025-11-10,NE,27,23,21,38891,70004.0,0.8,59400,13226.0,468749.45
2025-11-11,NE,27,24,23,38593,69467.0,0.794,59400,15209.0,456677.52
2025-11-12,NE,24,22,20,34237,61627.0,0.793,52800,13276.0,405002.42
2025-11-13,NE,23,21,21,33856,60942.0,0.818,50600,11896.0,402522.66
2025-11-14,NE,21,20,19,30477,54859.0,0.806,46200,10870.0,386428.55
2025-11-15,NE,18,18,17,26144,47059.0,0.807,39600,8508.0,295911.22
2025-11-16,NE,19,18,18,27523,49541.0,0.805,41800,12672.0,321597.56
2025-11-17,NE,26,23,21,37259,67066.0,0.796,57200,14867.0,435227.29
2025-11-18,NE,24,22,20,34888,62798.0,0.808,52800,10330.0,386935.93
2025-11-19,NE,24,22,21,34200,61561.0,0.792,52800,10753.0,386728.55
2025-11-20,NE,23,22,21,33517,60331.0,0.81,50600,13170.0,383115.59
2025-11-21,NE,21,20,19,30976,55757.0,0.819,46200,11274.0,354652.88
2025-11-22,NE,19,19,18,27353,49235.0,0.8,41800,7937.0,344508.09
2025-11-23,NE,19,18,17,27468,49442.0,0.803,41800,13397.0,338942.21
2025-11-24,NE,67,56,52,98236,176825.0,0.815,147400,23683.0,1111990.11
2025-11-25,NE,62,56,53,90428,162770.0,0.81,136400,31431.0,1096809.58
2025-11-26,NE,63,57,53,92872,167169.0,0.819,138600,33939.0,1046513.72
2025-11-27,NE,61,54,51,89783,161609.0,0.818,134200,30040.0,1043082.83
2025-11-28,NE,56,52,49,82137,147847.0,0.815,123200,33251.0,973405.73
2025-11-29,NE,47,47,44,68551,123391.0,0.81,103400,26851.0,874590.4
2025-11-30,NE,46,46,43,67320,121176.0,0.813,101200,25154.0,797847.5
2025-12-01,NE,70,58,53,101849,183329.0,0.808,154000,37290.0,1130184.82
2025-12-02,NE,27,24,23,38414,69145.0,0.79,59400,15469.0,477112.04
2025-12-03,NE,23,22,20,33637,60547.0,0.812,50600,12043.0,412633.06
2025-12-04,NE,24,22,21,34162,61492.0,0.791,52800,10505.0,426478.27
2025-12-05,NE,23,22,20,33363,60053.0,0.806,50600,13830.0,378983.96
2025-12-06,NE,18,18,17,25822,46479.0,0.797,39600,11753.0,310416.11
2025-12-07,NE,19,18,18,27801,50041.0,0.813,41800,10318.0,325806.28
2025-12-08,NE,40,33,31,58852,105933.0,0.817,88000,21776.0,734983.84
2025-12-09,NE,40,35,34,58400,105120.0,0.811,88000,21405.0,703333.26
2025-12-10,NE,38,33,31,55063,99113.0,0.805,83600,17119.0,696857.42
2025-12-11,NE,38,33,31,55624,100123.0,0.813,83600,19062.0,633577.84
2025-12-12,NE,36,32,31,51957,93522.0,0.802,79200,21243.0,612404.67
2025-12-13,NE,28,27,25,40389,72701.0,0.801,61600,15521.0,470148.41
2025-12-14,NE,28,28,26,40806,73451.0,0.81,61600,18225.0,499289.92
2025-12-15,NE,43,36,35,62238,112029.0,0.804,94600,25238.0,771515.11
2025-12-16,NE,40,36,33,57844,104118.0,0.803,88000,20432.0,697129.83
2025-12-17,NE,38,34,32,55994,100790.0,0.819,83600,22124.0,654551.96
2025-12-18,NE,38,35,32,55554,99998.0,0.812,83600,19941.0,662978.01
2025-12-19,NE,36,33,31,52516,94528.0,0.81,79200,15450.0,583596.76
2025-12-20,NE,30,29,27,44106,79390.0,0.817,66000,18207.0,506332.11
2025-12-21,NE,18,17,16,25540,45973.0,0.788,39600,10285.0,304792.36
2025-12-22,NE,27,23,22,39664,71395.0,0.816,59400,19766.0,463068.03
2025-12-23,NE,27,24,23,38452,69213.0,0.791,59400,13569.0,451236.48
2025-12-24,NE,24,22,20,34469,62044.0,0.798,52800,14074.0,397848.83
2025-12-25,NE,25,23,21,35954,64718.0,0.799,55000,12228.0,401578.42
2025-12-26,NE,24,22,21,34522,62139.0,0.799,52800,11538.0,418957.92
2025-12-27,NE,20,20,19,29043,52277.0,0.807,44000,13838.0,324369.0
2025-12-28,NE,17,17,16,24584,44251.0,0.803,37400,6832.0,303382.53
2025-12-29,NE,27,24,22,38828,69891.0,0.799,59400,14455.0,469323.44
2025-12-30,NE,28,24,22,40741,73334.0,0.808,61600,18273.0,497516.5
2025-12-31,NE,25,23,21,35446,63802.0,0.788,55000,10892.0,413697.31
2026-01-01,NE,23,22,21,33008,59414.0,0.797,50600,11590.0,424103.99
2026-01-02,NE,24,22,20,35195,63351.0,0.815,52800,14337.0,448406.48
2026-01-03,NE,20,20,18,29167,52501.0,0.81,44000,9161.0,343612.48
2026-01-04,NE,20,20,19,28838,51908.0,0.801,44000,11183.0,348600.89
2026-01-05,NE,29,24,23,41378,74481.0,0.793,63800,14072.0,497385.29
2026-01-06,NE,27,25,24,39150,70469.0,0.806,59400,16895.0,481988.54
2026-01-07,NE,25,23,21,36895,66411.0,0.82,55000,15585.0,442602.13
2026-01-08,NE,25,23,22,36632,65937.0,0.814,55000,12644.0,398534.62
2026-01-09,NE,25,23,22,36721,66099.0,0.816,55000,8697.0,414814.96
2026-01-10,NE,21,21,19,30389,54700.0,0.804,46200,12000.0,366021.28
2026-01-11,NE,18,18,17,26440,47592.0,0.816,39600,10888.0,318439.45
2026-01-12,NE,29,25,23,41956,75521.0,0.804,63800,16588.0,500613.15
2026-01-13,NE,28,26,24,40392,72705.0,0.801,61600,15781.0,447870.6
2026-01-14,NE,26,24,22,38269,68885.0,0.818,57200,14426.0,456092.95
2026-01-15,NE,25,23,22,35506,63911.0,0.789,55000,12870.0,460314.35
2026-01-16,NE,25,23,22,35678,64220.0,0.793,55000,12170.0,389598.48
2026-01-17,NE,21,21,20,30584,55051.0,0.809,46200,11331.0,373899.35
2026-01-18,NE,21,21,20,30748,55347.0,0.813,46200,10943.0,386768.54
2026-01-19,NE,28,25,24,40543,72977.0,0.804,61600,16288.0,498614.34
2026-01-20,NE,27,25,23,38450,69209.0,0.791,59400,12956.0,461824.21
2026-01-21,NE,25,24,23,36614,65905.0,0.814,55000,12687.0,444390.41
2026-01-22,NE,25,24,23,35702,64264.0,0.793,55000,13527.0,427513.68
2026-01-23,NE,23,23,21,33471,60248.0,0.808,50600,11159.0,403237.14
2026-01-24,NE,19,19,17,26965,48537.0,0.788,41800,8422.0,327126.69
2026-01-25,NE,19,19,18,27994,50390.0,0.819,41800,10972.0,327491.5
2026-01-26,NE,29,25,24,42500,76499.0,0.814,63800,13012.0,482474.46
2026-01-27,NE,27,25,24,38764,69776.0,0.798,59400,14774.0,454733.36
2026-01-28,NE,27,25,23,39820,71677.0,0.819,59400,15390.0,493430.41
2026-01-29,NE,25,24,22,36620,65915.0,0.814,55000,15715.0,418363.98
2026-01-30,NE,25,24,22,36383,65490.0,0.809,55000,17174.0,395438.89
2026-01-31,NE,21,21,20,30354,54638.0,0.803,46200,13056.0,411032.28
2026-02-01,NE,20,20,18,29471,53047.0,0.819,44000,9761.0,337206.95
2026-02-02,NE,29,27,25,42688,76838.0,0.818,63800,14936.0,492294.89
2026-02-03,NE,29,26,25,41647,74965.0,0.798,63800,16083.0,489636.54
2026-02-04,NE,26,24,23,37649,67768.0,0.804,57200,13794.0,446444.3
2026-02-05,NE,26,25,24,37518,67532.0,0.802,57200,14164.0,432612.21
2026-02-06,NE,25,25,23,35520,63935.0,0.789,55000,15421.0,454558.81
2026-02-07,NE,21,21,20,29997,53995.0,0.794,46200,11404.0,357483.14
2026-02-08,NE,20,20,18,29264,52676.0,0.813,44000,11897.0,328846.74
2026-02-09,NE,32,28,26,45918,82652.0,0.797,70400,14713.0,486108.64
2026-02-10,NE,27,25,24,39658,71385.0,0.816,59400,15286.0,483611.1
2026-02-11,NE,27,26,25,38408,69135.0,0.79,59400,11443.0,455152.7
2026-02-12,NE,27,26,24,38784,69812.0,0.798,59400,16417.0,470282.67
2026-02-13,NE,25,25,23,36738,66129.0,0.816,55000,13047.0,413058.26
2026-02-14,NE,21,20,20,30538,54968.0,0.808,46200,9302.0,361712.07
2026-02-15,NE,19,18,17,26641,47955.0,0.779,41800,9797.0,325684.23
2026-02-16,NE,30,27,25,43674,78614.0,0.809,66000,16960.0,533762.72
2026-02-17,NE,26,25,24,37196,66953.0,0.795,57200,11756.0,449114.4
2026-02-18,NE,28,26,25,40089,72161.0,0.795,61600,13326.0,458898.47
2026-02-19,NE,26,25,23,37640,67752.0,0.804,57200,13203.0,489034.63
2026-02-20,NE,25,24,23,36829,66292.0,0.818,55000,14724.0,436457.14
2026-02-21,NE,21,21,19,29775,53595.0,0.788,46200,8423.0,346740.1
2026-02-22,NE,19,19,17,27685,49834.0,0.81,41800,10720.0,328506.35
2026-02-23,NE,30,27,25,43600,78481.0,0.807,66000,15514.0,522853.19
2026-02-24,NE,28,27,25,40570,73026.0,0.805,61600,16931.0,489783.96
2026-02-25,NE,26,26,24,37740,67931.0,0.806,57200,14571.0,452643.4
2026-02-26,NE,26,25,24,37797,68034.0,0.808,57200,16215.0,450538.58
2026-02-27,NE,27,26,25,39308,70754.0,0.809,59400,15148.0,480327.42
2026-02-28,NE,22,21,20,31868,57363.0,0.805,48400,9987.0,388511.39
2026-03-01,NE,21,20,20,30566,55019.0,0.809,46200,11807.0,371119.77
2026-03-02,NE,31,28,27,44798,80636.0,0.803,68200,17558.0,494157.72
2026-03-03,NE,30,28,27,43023,77441.0,0.797,66000,14634.0,479087.25
2026-03-04,NE,27,26,24,38413,69143.0,0.79,59400,13438.0,448619.92
2026-03-05,NE,24,24,22,35221,63397.0,0.815,52800,8989.0,407747.32
2026-03-06,NE,25,24,23,35850,64530.0,0.797,55000,14543.0,415959.35
2026-03-07,NE,22,22,21,32067,57720.0,0.81,48400,11521.0,362180.53
2026-03-08,NE,20,20,19,28681,51626.0,0.797,44000,9902.0,346479.27
2026-03-09,NE,42,38,35,60963,109733.0,0.806,92400,19581.0,695558.23
2026-03-10,NE,39,37,34,56269,101284.0,0.802,85800,19490.0,604897.95
2026-03-11,NE,39,38,36,57381,103286.0,0.817,85800,21892.0,632880.75
2026-03-12,NE,38,37,35,54901,98822.0,0.803,83600,20682.0,636175.78
2026-03-13,NE,36,35,33,52033,93659.0,0.803,79200,18369.0,611378.19
2026-03-14,NE,31,31,29,44911,80840.0,0.805,68200,13992.0,551082.72
2026-03-15,NE,29,29,28,41796,75233.0,0.801,63800,14775.0,506289.82
2026-03-16,NE,31,29,28,44423,79961.0,0.796,68200,14782.0,489292.66
2026-03-17,NE,27,27,26,39752,71554.0,0.818,59400,13965.0,490240.32
2026-03-18,NE,25,25,24,36206,65171.0,0.805,55000,14313.0,425579.67
2026-03-19,NE,27,27,25,38677,69619.0,0.796,59400,13387.0,464601.79
2026-03-20,NE,26,26,24,37001,66603.0,0.791,57200,16683.0,448323.51
2026-03-21,NE,23,23,22,32948,59307.0,0.796,50600,11351.0,381218.55
2026-03-22,NE,22,22,21,31753,57156.0,0.802,48400,9194.0,386028.1
2026-03-23,NE,32,31,29,46857,84343.0,0.813,70400,16521.0,506326.0
2026-03-24,NE,28,28,27,40295,72532.0,0.8,61600,13750.0,506235.75
2026-03-25,NE,27,27,26,38985,70173.0,0.802,59400,20416.0,466795.45
2026-03-26,NE,27,27,25,39386,70895.0,0.81,59400,13508.0,470051.79
2026-03-27,NE,28,28,27,40097,72175.0,0.796,61600,12038.0,490601.18
2026-03-28,NE,23,23,22,33472,60250.0,0.809,50600,12207.0,387710.75
2026-03-29,NE,22,22,21,31487,56676.0,0.795,48400,11379.0,396715.46
2026-03-30,NE,30,30,28,44109,79396.0,0.817,66000,13532.0,499866.37
2026-03-31,NE,28,28,26,40734,73322.0,0.808,61600,15449.0,461249.57
2026-04-01,NE,28,28,27,40833,73499.0,0.81,61600,15830.0,483343.86
2026-04-02,NE,26,26,24,37492,67486.0,0.801,57200,13867.0,421571.58
2026-04-03,NE,25,25,24,36770,66185.0,0.817,55000,12760.0,419282.36
2026-04-04,NE,22,22,21,31907,57432.0,0.806,48400,11081.0,381457.87
2026-04-05,NE,22,22,21,32202,57964.0,0.813,48400,10711.0,388619.85
2026-04-06,NE,31,31,29,44454,80017.0,0.797,68200,13746.0,531163.8
2026-04-07,NE,27,27,26,38700,69661.0,0.796,59400,16902.0,446561.37
2026-04-08,NE,28,28,27,40705,73270.0,0.808,61600,19289.0,473999.24
2026-04-09,NE,26,26,24,38292,68925.0,0.818,57200,11966.0,434237.52
2026-04-10,NE,26,26,25,37380,67284.0,0.799,57200,12694.0,444417.29
2026-04-11,NE,22,22,22,32150,57869.0,0.812,48400,10045.0,368153.65
2026-04-12,NE,21,21,21,30409,54736.0,0.804,46200,12322.0,346272.67
2026-04-13,NE,32,31,30,46563,83813.0,0.808,70400,14752.0,524918.91
2026-04-14,NE,28,28,27,40305,72550.0,0.8,61600,16075.0,445148.67
2026-04-15,NE,27,27,26,39534,71161.0,0.813,59400,15019.0,483359.02
2026-04-16,NE,28,28,27,40456,72820.0,0.803,61600,14501.0,494236.92
2026-04-17,NE,25,25,24,36762,66171.0,0.817,55000,15444.0,407918.7
2026-04-18,NE,21,21,20,30630,55134.0,0.81,46200,10603.0,369740.36
2026-04-19,NE,22,22,21,31627,56928.0,0.799,48400,11619.0,378159.98
2026-04-20,NE,33,33,32,47397,85315.0,0.798,72600,14774.0,537015.21
2026-04-21,NE,29,29,27,42801,77041.0,0.82,63800,10639.0,476729.15
2026-04-22,NE,26,26,25,37743,67937.0,0.806,57200,15547.0,443500.02
2026-04-23,NE,28,28,27,40749,73348.0,0.809,61600,13641.0,494724.92
2026-04-24,NE,25,25,24,35616,64109.0,0.791,55000,15108.0,439195.36
2026-04-25,NE,23,23,22,33021,59438.0,0.798,50600,11609.0,386175.78
2026-04-26,NE,21,21,20,30137,54247.0,0.797,46200,10937.0,366980.22
2026-04-27,NE,30,30,28,44036,79265.0,0.815,66000,16248.0,511450.2
2026-04-28,NE,29,29,28,42478,76461.0,0.814,63800,14280.0,483010.96
2026-04-29,NE,28,28,26,40524,72943.0,0.804,61600,11799.0,498940.84
2026-04-30,NE,27,27,26,39119,70415.0,0.805,59400,12703.0,466206.5
2026-05-01,NE,36,36,35,52434,94381.0,0.809,79200,16751.0,630383.05
2026-05-02,NE,30,30,28,43692,78646.0,0.809,66000,15774.0,492195.55
2026-05-03,NE,30,30,29,43709,78676.0,0.809,66000,18052.0,504099.15
2026-05-04,NE,43,43,41,62975,113356.0,0.814,94600,20645.0,762086.8
2026-05-05,NE,39,39,37,57187,102937.0,0.815,85800,20336.0,661725.95
2026-05-06,NE,37,37,36,53733,96720.0,0.807,81400,20119.0,629259.24
2026-05-07,NE,35,35,34,51240,92232.0,0.813,77000,16645.0,575107.81
2026-05-08,NE,36,36,35,52229,94012.0,0.806,79200,19924.0,622624.62
2026-05-09,NE,30,30,29,44115,79406.0,0.817,66000,18019.0,492578.02
2026-05-10,NE,27,27,26,38997,70195.0,0.802,59400,14957.0,470098.82
2026-05-11,NE,31,31,29,45616,82110.0,0.817,68200,16265.0,510833.52
2026-05-12,NE,29,29,28,42319,76175.0,0.811,63800,13702.0,493471.75
2026-05-13,NE,30,30,29,43585,78453.0,0.807,66000,15605.0,547232.86
2026-05-14,NE,26,26,25,38118,68613.0,0.814,57200,12436.0,452687.85
2026-05-15,NE,25,25,24,36597,65875.0,0.813,55000,12232.0,423054.83
2026-05-16,NE,24,24,23,34591,62264.0,0.801,52800,12479.0,425954.97
2026-05-17,NE,23,23,22,33207,59772.0,0.802,50600,11828.0,383257.97
2026-05-18,NE,31,31,30,45562,82011.0,0.817,68200,18482.0,510974.86
2026-05-19,NE,30,30,29,43000,77400.0,0.796,66000,14676.0,507290.13
2026-05-20,NE,29,29,28,42464,76435.0,0.813,63800,16056.0,519509.8
2026-05-21,NE,26,26,25,37466,67439.0,0.801,57200,12931.0,464764.69
2026-05-22,NE,25,25,24,36258,65264.0,0.806,55000,11697.0,420477.22
2026-05-23,NE,23,23,21,33178,59720.0,0.801,50600,13065.0,390197.36
2026-05-24,NE,23,23,22,33631,60536.0,0.812,50600,12780.0,401315.62
2026-05-25,NE,32,32,31,46357,83442.0,0.805,70400,15629.0,602454.34
2026-05-26,NE,31,31,30,44406,79930.0,0.796,68200,9974.0,526904.46
2026-05-27,NE,30,30,29,43487,78277.0,0.805,66000,18059.0,543269.11
2026-05-28,NE,30,30,29,44071,79328.0,0.816,66000,17379.0,519937.11
2026-05-29,NE,26,26,24,38239,68830.0,0.817,57200,15709.0,461387.73
2026-05-30,NE,23,23,22,33696,60653.0,0.814,50600,13977.0,410681.42
2026-05-31,NE,24,24,23,34147,61464.0,0.79,52800,12695.0,414738.93
2026-06-01,NE,31,31,30,44845,80721.0,0.804,68200,15516.0,531357.06
2026-06-02,NE,32,32,31,46126,83027.0,0.801,70400,13112.0,544569.1
2026-06-03,NE,28,28,28,40589,73060.0,0.805,61600,15035.0,487218.85
2026-06-04,NE,29,29,28,41448,74606.0,0.794,63800,14452.0,521284.39
2026-06-05,NE,27,27,26,38936,70084.0,0.801,59400,12861.0,487833.86
2026-06-06,NE,23,23,22,32788,59018.0,0.792,50600,10081.0,413791.39
2026-06-07,NE,22,22,21,31188,56138.0,0.788,48400,10120.0,370483.87
2026-06-08,NE,33,33,32,48124,86623.0,0.81,72600,14493.0,553410.12
2026-06-09,NE,32,32,31,46362,83452.0,0.805,70400,18993.0,530931.29
2026-06-10,NE,29,29,28,42157,75882.0,0.808,63800,17447.0,500706.01
2026-06-11,NE,29,29,27,41657,74983.0,0.798,63800,13891.0,516210.09
2026-06-12,NE,28,28,27,40302,72544.0,0.8,61600,17047.0,469620.6
2026-06-13,NE,23,23,22,32975,59355.0,0.796,50600,12300.0,391791.18
2026-06-14,NE,23,23,22,33340,60012.0,0.805,50600,14373.0,404889.03
2026-06-15,NE,34,34,33,49333,88799.0,0.806,74800,19291.0,575944.93
2026-06-16,NE,34,34,32,49185,88533.0,0.804,74800,19371.0,578997.5
2026-06-17,NE,29,29,28,42049,75689.0,0.806,63800,15781.0,519821.65
2026-06-18,NE,28,28,27,41141,74054.0,0.816,61600,13450.0,480935.43
2026-06-19,NE,28,28,27,40825,73485.0,0.81,61600,12344.0,466637.16
2026-06-20,NE,24,24,24,35330,63595.0,0.818,52800,12997.0,413427.21
2026-06-21,NE,22,22,21,32086,57754.0,0.81,48400,11478.0,384063.76
2026-06-22,NE,33,33,32,47571,85628.0,0.801,72600,23086.0,623010.66
2026-06-23,NE,32,32,31,46213,83184.0,0.802,70400,18475.0,582486.31
2026-06-24,NE,29,29,28,41630,74935.0,0.798,63800,13696.0,561185.84
2026-06-25,NE,29,29,28,41464,74634.0,0.794,63800,15150.0,476433.72
2026-06-26,NE,28,28,27,40125,72225.0,0.796,61600,14103.0,507218.25
2026-06-27,NE,25,25,24,35760,64369.0,0.795,55000,13135.0,455648.0
2026-06-28,NE,22,22,21,32202,57964.0,0.813,48400,9712.0,377980.36
2026-06-29,NE,31,31,30,45416,81749.0,0.814,68200,18225.0,523610.02
2026-06-30,NE,29,29,27,42570,76626.0,0.816,63800,14556.0,512315.88
2026-07-01,NE,28,28,27,41233,74219.0,0.818,61600,15993.0,474217.1
2026-07-02,NE,28,28,27,40379,72683.0,0.801,61600,13669.0,458494.65
2026-07-03,NE,28,28,27,40025,72046.0,0.794,61600,14049.0,453241.96
2026-07-04,NE,23,23,22,33320,59976.0,0.805,50600,13045.0,371050.35
2026-07-05,NE,22,22,22,32285,58113.0,0.815,48400,8609.0,381040.02
2026-07-06,NE,33,32,30,47519,85535.0,0.8,72600,19574.0,581484.83
2026-07-07,NE,31,31,29,45201,81362.0,0.81,68200,19375.0,511221.51
2026-07-08,NE,31,31,29,45405,81729.0,0.814,68200,19335.0,542251.29
2026-07-09,NE,30,29,28,43568,78422.0,0.807,66000,14452.0,524614.2
2026-07-10,NE,28,28,27,40510,72919.0,0.804,61600,15342.0,487144.06
2026-07-11,NE,24,24,24,34413,61944.0,0.797,52800,11965.0,423040.55
2026-07-12,NE,23,23,22,32795,59030.0,0.792,50600,9888.0,398082.87
2026-07-13,NE,34,34,33,49702,89464.0,0.812,74800,18151.0,614546.11
2026-07-14,NE,32,32,31,47132,84837.0,0.818,70400,13820.0,562820.83
2026-07-15,NE,29,29,28,42272,76090.0,0.81,63800,16459.0,472667.09
2026-07-16,NE,30,30,29,42895,77211.0,0.794,66000,17461.0,552690.06
2026-07-17,NE,26,26,25,37836,68105.0,0.808,57200,15944.0,429013.49
2026-07-18,NE,25,25,24,35450,63810.0,0.788,55000,14046.0,428722.04
2026-07-19,NE,24,24,23,34395,61911.0,0.796,52800,12017.0,453882.65
2026-07-20,NE,34,34,32,48951,88111.0,0.8,74800,17528.0,594868.68
2026-07-21,NE,34,34,33,49420,88956.0,0.808,74800,18228.0,564243.87
2026-07-22,NE,29,29,28,42568,76622.0,0.815,63800,18112.0,504343.57
2026-07-23,NE,30,30,29,43426,78166.0,0.804,66000,18757.0,525556.27
2026-07-24,NE,28,28,27,40927,73669.0,0.812,61600,14629.0,484346.16
2026-07-25,NE,24,24,23,35277,63498.0,0.817,52800,14229.0,403491.67
2026-07-26,NE,23,23,22,33569,60424.0,0.811,50600,11361.0,374475.07
2026-07-27,NE,34,34,32,49920,89855.0,0.816,74800,18931.0,556259.83
2026-07-28,NE,33,33,32,48133,86640.0,0.81,72600,16663.0,548627.33
2026-07-29,NE,32,32,31,46318,83372.0,0.804,70400,17411.0,577562.69
2026-07-30,NE,30,30,28,43354,78037.0,0.803,66000,14213.0,489699.68
2026-07-31,NE,29,29,28,42401,76322.0,0.812,63800,12593.0,500740.24
2026-08-01,NE,24,24,23,34739,62530.0,0.804,52800,10698.0,434875.6
2026-08-02,NE,24,24,23,34814,62665.0,0.806,52800,13596.0,422560.42
2026-08-03,NE,33,33,32,48698,87656.0,0.82,72600,14997.0,598476.15
2026-08-04,NE,34,34,32,48822,87879.0,0.798,74800,17186.0,569756.13
2026-08-05,NE,33,33,31,47891,86204.0,0.806,72600,19363.0,580508.2
2026-08-06,NE,30,30,29,43431,78176.0,0.804,66000,18058.0,538499.5
2026-08-07,NE,26,26,25,38289,68921.0,0.818,57200,12047.0,462956.52
2026-08-08,NE,24,24,23,35140,63252.0,0.813,52800,8870.0,426499.99
2026-08-09,NE,25,25,24,35579,64042.0,0.791,55000,11874.0,408500.11
2026-08-10,NE,35,35,34,51305,92349.0,0.814,77000,18943.0,616625.51
2026-08-11,NE,33,33,32,47720,85896.0,0.803,72600,18886.0,577328.25
2026-08-12,NE,32,32,31,46296,83333.0,0.804,70400,14404.0,545818.06
2026-08-13,NE,31,31,30,44622,80319.0,0.8,68200,12753.0,519088.32
2026-08-14,NE,30,30,29,43497,78295.0,0.806,66000,14043.0,524075.56
2026-08-15,NE,26,26,25,37201,66961.0,0.795,57200,12837.0,428539.62
2026-08-16,NE,25,25,24,36140,65052.0,0.803,55000,16645.0,421598.89
2026-08-17,NE,35,35,34,51268,92282.0,0.814,77000,18734.0,623233.97
2026-08-18,NE,34,34,32,49097,88375.0,0.802,74800,19408.0,607757.84
2026-08-19,NE,31,31,30,44501,80102.0,0.798,68200,18619.0,542218.14
2026-08-20,NE,30,30,29,43211,77779.0,0.8,66000,14950.0,505331.94
2026-08-21,NE,31,31,30,44475,80055.0,0.797,68200,16574.0,508308.47
2026-08-22,NE,25,25,25,36530,65754.0,0.812,55000,13617.0,415624.84
2026-08-23,NE,25,25,24,35489,63881.0,0.789,55000,14200.0,451061.05
2026-08-24,NE,35,35,33,51154,92077.0,0.812,77000,18183.0,605273.67
2026-08-25,NE,32,32,31,46891,84404.0,0.814,70400,19101.0,546881.29
2026-08-26,NE,31,31,30,45269,81485.0,0.811,68200,18626.0,535438.29
2026-08-27,NE,32,32,30,46635,83942.0,0.81,70400,16297.0,564156.28
2026-08-28,NE,30,30,28,43038,77469.0,0.797,66000,17343.0,493660.46
2026-08-29,NE,24,24,23,34287,61716.0,0.794,52800,13289.0,403827.9
2026-08-30,NE,24,24,23,34460,62028.0,0.798,52800,16888.0,422483.04
2026-08-31,NE,37,36,34,54432,97978.0,0.817,81400,21725.0,641009.56
2026-09-01,NE,33,33,32,47797,86035.0,0.805,72600,18265.0,591334.76
2026-09-02,NE,29,29,28,42652,76773.0,0.817,63800,14222.0,512636.9
2026-09-03,NE,33,33,32,47626,85726.0,0.802,72600,15171.0,548791.68
2026-09-04,NE,30,30,28,43483,78269.0,0.805,66000,16885.0,446073.41
2026-09-05,NE,25,25,24,36598,65877.0,0.813,55000,10381.0,432505.45
2026-09-06,NE,24,24,23,34474,62052.0,0.798,52800,15244.0,394620.45
2026-09-07,NE,37,37,36,53492,96286.0,0.803,81400,14507.0,647811.36
2026-09-08,NE,33,33,31,47524,85543.0,0.8,72600,15182.0,602306.46
2026-09-09,NE,33,33,32,47631,85736.0,0.802,72600,19602.0,542957.2
2026-09-10,NE,32,32,31,45783,82410.0,0.795,70400,16821.0,563319.3
2026-09-11,NE,30,30,29,43086,77556.0,0.798,66000,16202.0,532719.98
2026-09-12,NE,26,26,25,37093,66768.0,0.793,57200,12548.0,452329.78
2026-09-13,NE,24,24,23,34919,62855.0,0.808,52800,12470.0,417241.43
2026-09-14,NE,37,37,35,53742,96736.0,0.807,81400,21207.0,582185.54
2026-09-15,NE,33,33,32,47254,85057.0,0.796,72600,15611.0,567764.57
2026-09-16,NE,30,30,29,43447,78205.0,0.805,66000,15321.0,514621.33
2026-09-17,NE,32,32,30,46169,83104.0,0.802,70400,16907.0,572177.08
2026-09-18,NE,30,30,29,43922,79059.0,0.813,66000,15304.0,534567.22
2026-09-19,NE,26,26,25,37747,67945.0,0.807,57200,15016.0,437052.2
2026-09-20,NE,25,25,24,35847,64524.0,0.797,55000,13958.0,396396.88
2026-09-21,NE,35,35,33,51566,92819.0,0.819,77000,18238.0,562257.48
2026-09-22,NE,35,35,34,50369,90664.0,0.8,77000,14539.0,634443.03
2026-09-23,NE,32,32,31,46259,83267.0,0.803,70400,19392.0,547422.33
2026-09-24,NE,31,31,30,44688,80438.0,0.801,68200,14478.0,501177.88
2026-09-25,NE,29,29,28,42754,76957.0,0.819,63800,18711.0,471318.11
2026-09-26,NE,28,28,27,39983,71969.0,0.793,61600,13223.0,484915.79
2026-09-27,NE,23,23,23,33392,60105.0,0.807,50600,12530.0,396589.62
2026-09-28,NE,37,36,33,53376,96077.0,0.801,81400,21089.0,676974.41
2026-09-29,NE,32,32,30,46408,83535.0,0.806,70400,16481.0,547358.23
2026-09-30,NE,32,32,31,46430,83573.0,0.806,70400,17555.0,557602.22
2025-01-01,N,0,0,0,0,0.0,0.0,0,0.0,0.0
2025-01-02,N,0,0,0,0,0.0,0.0,0,0.0,0.0
2025-01-03,N,0,0,0,0,0.0,0.0,0,0.0,0.0
2025-01-04,N,0,0,0,0,0.0,0.0,0,0.0,0.0
2025-01-05,N,0,0,0,0,0.0,0.0,0,0.0,0.0
2025-01-06,N,0,0,0,0,0.0,0.0,0,0.0,0.0
2025-01-07,N,0,0,0,0,0.0,0.0,0,0.0,0.0
2025-01-08,N,0,0,0,0,0.0,0.0,0,0.0,0.0
2025-01-09,N,0,0,0,0,0.0,0.0,0,0.0,0.0
2025-01-10,N,0,0,0,0,0.0,0.0,0,0.0,0.0
2025-01-11,N,0,0,0,0,0.0,0.0,0,0.0,0.0
2025-01-12,N,0,0,0,0,0.0,0.0,0,0.0,0.0
2025-01-13,N,0,0,0,0,0.0,0.0,0,0.0,0.0
2025-01-14,N,0,0,0,0,0.0,0.0,0,0.0,0.0
2025-01-15,N,0,0,0,0,0.0,0.0,0,0.0,0.0
2025-01-16,N,0,0,0,0,0.0,0.0,0,0.0,0.0
2025-01-17,N,0,0,0,0,0.0,0.0,0,0.0,0.0
2025-01-18,N,0,0,0,0,0.0,0.0,0,0.0,0.0
2025-01-19,N,0,0,0,0,0.0,0.0,0,0.0,0.0
2025-01-20,N,0,0,0,0,0.0,0.0,0,0.0,0.0
2025-01-21,N,0,0,0,0,0.0,0.0,0,0.0,0.0
2025-01-22,N,0,0,0,0,0.0,0.0,0,0.0,0.0
2025-01-23,N,0,0,0,0,0.0,0.0,0,0.0,0.0
2025-01-24,N,0,0,0,0,0.0,0.0,0,0.0,0.0
2025-01-25,N,0,0,0,0,0.0,0.0,0,0.0,0.0
2025-01-26,N,0,0,0,0,0.0,0.0,0,0.0,0.0
2025-01-27,N,0,0,0,0,0.0,0.0,0,0.0,0.0
2025-01-28,N,0,0,0,0,0.0,0.0,0,0.0,0.0
2025-01-29,N,0,0,0,0,0.0,0.0,0,0.0,0.0
2025-01-30,N,0,0,0,0,0.0,0.0,0,0.0,0.0
2025-01-31,N,0,0,0,0,0.0,0.0,0,0.0,0.0
2025-02-01,N,0,0,0,0,0.0,0.0,0,0.0,0.0
2025-02-02,N,0,0,0,0,0.0,0.0,0,0.0,0.0
2025-02-03,N,0,0,0,0,0.0,0.0,0,0.0,0.0
2025-02-04,N,0,0,0,0,0.0,0.0,0,0.0,0.0
2025-02-05,N,0,0,0,0,0.0,0.0,0,0.0,0.0
2025-02-06,N,0,0,0,0,0.0,0.0,0,0.0,0.0
2025-02-07,N,0,0,0,0,0.0,0.0,0,0.0,0.0
2025-02-08,N,0,0,0,0,0.0,0.0,0,0.0,0.0
2025-02-09,N,0,0,0,0,0.0,0.0,0,0.0,0.0
2025-02-10,N,0,0,0,0,0.0,0.0,0,0.0,0.0
2025-02-11,N,0,0,0,0,0.0,0.0,0,0.0,0.0
2025-02-12,N,0,0,0,0,0.0,0.0,0,0.0,0.0
2025-02-13,N,0,0,0,0,0.0,0.0,0,0.0,0.0
2025-02-14,N,0,0,0,0,0.0,0.0,0,0.0,0.0
2025-02-15,N,0,0,0,0,0.0,0.0,0,0.0,0.0
2025-02-16,N,0,0,0,0,0.0,0.0,0,0.0,0.0
2025-02-17,N,0,0,0,0,0.0,0.0,0,0.0,0.0
2025-02-18,N,0,0,0,0,0.0,0.0,0,0.0,0.0
2025-02-19,N,0,0,0,0,0.0,0.0,0,0.0,0.0
2025-02-20,N,0,0,0,0,0.0,0.0,0,0.0,0.0
2025-02-21,N,0,0,0,0,0.0,0.0,0,0.0,0.0
2025-02-22,N,0,0,0,0,0.0,0.0,0,0.0,0.0
2025-02-23,N,0,0,0,0,0.0,0.0,0,0.0,0.0
2025-02-24,N,0,0,0,0,0.0,0.0,0,0.0,0.0
2025-02-25,N,0,0,0,0,0.0,0.0,0,0.0,0.0
2025-02-26,N,0,0,0,0,0.0,0.0,0,0.0,0.0
2025-02-27,N,0,0,0,0,0.0,0.0,0,0.0,0.0
2025-02-28,N,0,0,0,0,0.0,0.0,0,0.0,0.0
2025-03-01,N,0,0,0,0,0.0,0.0,0,0.0,0.0
2025-03-02,N,0,0,0,0,0.0,0.0,0,0.0,0.0
2025-03-03,N,0,0,0,0,0.0,0.0,0,0.0,0.0
2025-03-04,N,0,0,0,0,0.0,0.0,0,0.0,0.0
2025-03-05,N,0,0,0,0,0.0,0.0,0,0.0,0.0
2025-03-06,N,0,0,0,0,0.0,0.0,0,0.0,0.0
2025-03-07,N,0,0,0,0,0.0,0.0,0,0.0,0.0
2025-03-08,N,0,0,0,0,0.0,0.0,0,0.0,0.0
2025-03-09,N,0,0,0,0,0.0,0.0,0,0.0,0.0
2025-03-10,N,0,0,0,0,0.0,0.0,0,0.0,0.0
2025-03-11,N,0,0,0,0,0.0,0.0,0,0.0,0.0
2025-03-12,N,0,0,0,0,0.0,0.0,0,0.0,0.0
2025-03-13,N,0,0,0,0,0.0,0.0,0,0.0,0.0
2025-03-14,N,0,0,0,0,0.0,0.0,0,0.0,0.0
2025-03-15,N,0,0,0,0,0.0,0.0,0,0.0,0.0
2025-03-16,N,0,0,0,0,0.0,0.0,0,0.0,0.0
2025-03-17,N,0,0,0,0,0.0,0.0,0,0.0,0.0
2025-03-18,N,0,0,0,0,0.0,0.0,0,0.0,0.0
2025-03-19,N,0,0,0,0,0.0,0.0,0,0.0,0.0
2025-03-20,N,0,0,0,0,0.0,0.0,0,0.0,0.0
2025-03-21,N,0,0,0,0,0.0,0.0,0,0.0,0.0
2025-03-22,N,0,0,0,0,0.0,0.0,0,0.0,0.0
2025-03-23,N,0,0,0,0,0.0,0.0,0,0.0,0.0
2025-03-24,N,0,0,0,0,0.0,0.0,0,0.0,0.0
2025-03-25,N,0,0,0,0,0.0,0.0,0,0.0,0.0
2025-03-26,N,0,0,0,0,0.0,0.0,0,0.0,0.0
2025-03-27,N,0,0,0,0,0.0,0.0,0,0.0,0.0
2025-03-28,N,0,0,0,0,0.0,0.0,0,0.0,0.0
2025-03-29,N,0,0,0,0,0.0,0.0,0,0.0,0.0
2025-03-30,N,0,0,0,0,0.0,0.0,0,0.0,0.0
2025-03-31,N,0,0,0,0,0.0,0.0,0,0.0,0.0
2025-04-01,N,0,0,0,0,0.0,0.0,0,0.0,0.0
2025-04-02,N,0,0,0,0,0.0,0.0,0,0.0,0.0
2025-04-03,N,0,0,0,0,0.0,0.0,0,0.0,0.0
2025-04-04,N,0,0,0,0,0.0,0.0,0,0.0,0.0
2025-04-05,N,0,0,0,0,0.0,0.0,0,0.0,0.0
2025-04-06,N,0,0,0,0,0.0,0.0,0,0.0,0.0
2025-04-07,N,0,0,0,0,0.0,0.0,0,0.0,0.0
2025-04-08,N,0,0,0,0,0.0,0.0,0,0.0,0.0
2025-04-09,N,0,0,0,0,0.0,0.0,0,0.0,0.0
2025-04-10,N,0,0,0,0,0.0,0.0,0,0.0,0.0
2025-04-11,N,0,0,0,0,0.0,0.0,0,0.0,0.0
2025-04-12,N,0,0,0,0,0.0,0.0,0,0.0,0.0
2025-04-13,N,0,0,0,0,0.0,0.0,0,0.0,0.0
2025-04-14,N,0,0,0,0,0.0,0.0,0,0.0,0.0
2025-04-15,N,0,0,0,0,0.0,0.0,0,0.0,0.0
2025-04-16,N,0,0,0,0,0.0,0.0,0,0.0,0.0
2025-04-17,N,0,0,0,0,0.0,0.0,0,0.0,0.0
2025-04-18,N,0,0,0,0,0.0,0.0,0,0.0,0.0
2025-04-19,N,0,0,0,0,0.0,0.0,0,0.0,0.0
2025-04-20,N,0,0,0,0,0.0,0.0,0,0.0,0.0
2025-04-21,N,0,0,0,0,0.0,0.0,0,0.0,0.0
2025-04-22,N,0,0,0,0,0.0,0.0,0,0.0,0.0
2025-04-23,N,0,0,0,0,0.0,0.0,0,0.0,0.0
2025-04-24,N,0,0,0,0,0.0,0.0,0,0.0,0.0
2025-04-25,N,0,0,0,0,0.0,0.0,0,0.0,0.0
2025-04-26,N,0,0,0,0,0.0,0.0,0,0.0,0.0
2025-04-27,N,0,0,0,0,0.0,0.0,0,0.0,0.0
2025-04-28,N,0,0,0,0,0.0,0.0,0,0.0,0.0
2025-04-29,N,0,0,0,0,0.0,0.0,0,0.0,0.0
2025-04-30,N,0,0,0,0,0.0,0.0,0,0.0,0.0
2025-05-01,N,0,0,0,0,0.0,0.0,0,0.0,0.0
2025-05-02,N,0,0,0,0,0.0,0.0,0,0.0,0.0
2025-05-03,N,0,0,0,0,0.0,0.0,0,0.0,0.0
2025-05-04,N,0,0,0,0,0.0,0.0,0,0.0,0.0
2025-05-05,N,0,0,0,0,0.0,0.0,0,0.0,0.0
2025-05-06,N,0,0,0,0,0.0,0.0,0,0.0,0.0
2025-05-07,N,0,0,0,0,0.0,0.0,0,0.0,0.0
2025-05-08,N,0,0,0,0,0.0,0.0,0,0.0,0.0
2025-05-09,N,0,0,0,0,0.0,0.0,0,0.0,0.0
2025-05-10,N,0,0,0,0,0.0,0.0,0,0.0,0.0
2025-05-11,N,0,0,0,0,0.0,0.0,0,0.0,0.0
2025-05-12,N,0,0,0,0,0.0,0.0,0,0.0,0.0
2025-05-13,N,0,0,0,0,0.0,0.0,0,0.0,0.0
2025-05-14,N,0,0,0,0,0.0,0.0,0,0.0,0.0
2025-05-15,N,0,0,0,0,0.0,0.0,0,0.0,0.0
2025-05-16,N,0,0,0,0,0.0,0.0,0,0.0,0.0
2025-05-17,N,0,0,0,0,0.0,0.0,0,0.0,0.0
2025-05-18,N,0,0,0,0,0.0,0.0,0,0.0,0.0
2025-05-19,N,0,0,0,0,0.0,0.0,0,0.0,0.0
2025-05-20,N,0,0,0,0,0.0,0.0,0,0.0,0.0
2025-05-21,N,0,0,0,0,0.0,0.0,0,0.0,0.0
2025-05-22,N,0,0,0,0,0.0,0.0,0,0.0,0.0
2025-05-23,N,0,0,0,0,0.0,0.0,0,0.0,0.0
2025-05-24,N,0,0,0,0,0.0,0.0,0,0.0,0.0
2025-05-25,N,0,0,0,0,0.0,0.0,0,0.0,0.0
2025-05-26,N,0,0,0,0,0.0,0.0,0,0.0,0.0
2025-05-27,N,0,0,0,0,0.0,0.0,0,0.0,0.0
2025-05-28,N,0,0,0,0,0.0,0.0,0,0.0,0.0
2025-05-29,N,0,0,0,0,0.0,0.0,0,0.0,0.0
2025-05-30,N,0,0,0,0,0.0,0.0,0,0.0,0.0
2025-05-31,N,0,0,0,0,0.0,0.0,0,0.0,0.0
2025-06-01,N,0,0,0,0,0.0,0.0,0,0.0,0.0
2025-06-02,N,0,0,0,0,0.0,0.0,0,0.0,0.0
2025-06-03,N,0,0,0,0,0.0,0.0,0,0.0,0.0
2025-06-04,N,0,0,0,0,0.0,0.0,0,0.0,0.0
2025-06-05,N,0,0,0,0,0.0,0.0,0,0.0,0.0
2025-06-06,N,0,0,0,0,0.0,0.0,0,0.0,0.0
2025-06-07,N,0,0,0,0,0.0,0.0,0,0.0,0.0
2025-06-08,N,0,0,0,0,0.0,0.0,0,0.0,0.0
2025-06-09,N,0,0,0,0,0.0,0.0,0,0.0,0.0
2025-06-10,N,0,0,0,0,0.0,0.0,0,0.0,0.0
2025-06-11,N,0,0,0,0,0.0,0.0,0,0.0,0.0
2025-06-12,N,0,0,0,0,0.0,0.0,0,0.0,0.0
2025-06-13,N,0,0,0,0,0.0,0.0,0,0.0,0.0
2025-06-14,N,0,0,0,0,0.0,0.0,0,0.0,0.0
2025-06-15,N,0,0,0,0,0.0,0.0,0,0.0,0.0
2025-06-16,N,0,0,0,0,0.0,0.0,0,0.0,0.0
2025-06-17,N,0,0,0,0,0.0,0.0,0,0.0,0.0
2025-06-18,N,0,0,0,0,0.0,0.0,0,0.0,0.0
2025-06-19,N,0,0,0,0,0.0,0.0,0,0.0,0.0
2025-06-20,N,0,0,0,0,0.0,0.0,0,0.0,0.0
2025-06-21,N,0,0,0,0,0.0,0.0,0,0.0,0.0
2025-06-22,N,0,0,0,0,0.0,0.0,0,0.0,0.0
2025-06-23,N,0,0,0,0,0.0,0.0,0,0.0,0.0
2025-06-24,N,0,0,0,0,0.0,0.0,0,0.0,0.0
2025-06-25,N,0,0,0,0,0.0,0.0,0,0.0,0.0
2025-06-26,N,0,0,0,0,0.0,0.0,0,0.0,0.0
2025-06-27,N,0,0,0,0,0.0,0.0,0,0.0,0.0
2025-06-28,N,0,0,0,0,0.0,0.0,0,0.0,0.0
2025-06-29,N,0,0,0,0,0.0,0.0,0,0.0,0.0
2025-06-30,N,0,0,0,0,0.0,0.0,0,0.0,0.0
2025-07-01,N,0,0,0,0,0.0,0.0,0,0.0,0.0
2025-07-02,N,0,0,0,0,0.0,0.0,0,0.0,0.0
2025-07-03,N,0,0,0,0,0.0,0.0,0,0.0,0.0
2025-07-04,N,0,0,0,0,0.0,0.0,0,0.0,0.0
2025-07-05,N,0,0,0,0,0.0,0.0,0,0.0,0.0
2025-07-06,N,0,0,0,0,0.0,0.0,0,0.0,0.0
2025-07-07,N,0,0,0,0,0.0,0.0,0,0.0,0.0
2025-07-08,N,0,0,0,0,0.0,0.0,0,0.0,0.0
2025-07-09,N,0,0,0,0,0.0,0.0,0,0.0,0.0
2025-07-10,N,0,0,0,0,0.0,0.0,0,0.0,0.0
2025-07-11,N,0,0,0,0,0.0,0.0,0,0.0,0.0
2025-07-12,N,0,0,0,0,0.0,0.0,0,0.0,0.0
2025-07-13,N,0,0,0,0,0.0,0.0,0,0.0,0.0
2025-07-14,N,0,0,0,0,0.0,0.0,0,0.0,0.0
2025-07-15,N,0,0,0,0,0.0,0.0,0,0.0,0.0
2025-07-16,N,0,0,0,0,0.0,0.0,0,0.0,0.0
2025-07-17,N,0,0,0,0,0.0,0.0,0,0.0,0.0
2025-07-18,N,0,0,0,0,0.0,0.0,0,0.0,0.0
2025-07-19,N,0,0,0,0,0.0,0.0,0,0.0,0.0
2025-07-20,N,0,0,0,0,0.0,0.0,0,0.0,0.0
2025-07-21,N,0,0,0,0,0.0,0.0,0,0.0,0.0
2025-07-22,N,0,0,0,0,0.0,0.0,0,0.0,0.0
2025-07-23,N,0,0,0,0,0.0,0.0,0,0.0,0.0
2025-07-24,N,0,0,0,0,0.0,0.0,0,0.0,0.0
2025-07-25,N,0,0,0,0,0.0,0.0,0,0.0,0.0
2025-07-26,N,0,0,0,0,0.0,0.0,0,0.0,0.0
2025-07-27,N,0,0,0,0,0.0,0.0,0,0.0,0.0
2025-07-28,N,0,0,0,0,0.0,0.0,0,0.0,0.0
2025-07-29,N,0,0,0,0,0.0,0.0,0,0.0,0.0
2025-07-30,N,0,0,0,0,0.0,0.0,0,0.0,0.0
2025-07-31,N,0,0,0,0,0.0,0.0,0,0.0,0.0
2025-08-01,N,3,3,3,3349,6028.0,0.62,16200,3995.0,125593.61
2025-08-02,N,2,2,2,2937,5286.0,0.816,10800,2650.0,84564.59
2025-08-03,N,2,2,2,2736,4925.0,0.76,10800,2904.0,84436.74
2025-08-04,N,4,4,3,4664,8395.0,0.648,21600,5225.0,167162.95
2025-08-05,N,3,3,3,4329,7792.0,0.802,16200,4025.0,122395.09
2025-08-06,N,3,3,3,4159,7485.0,0.77,16200,4791.0,129288.78
2025-08-07,N,3,3,3,4180,7524.0,0.774,16200,3129.0,132337.52
2025-08-08,N,3,3,3,3989,7181.0,0.739,16200,4014.0,127928.2
2025-08-09,N,3,3,3,3405,6129.0,0.631,16200,3869.0,123428.03
2025-08-10,N,3,3,3,3303,5945.0,0.612,16200,3948.0,116677.65
2025-08-11,N,4,4,3,4906,8830.0,0.681,21600,5609.0,179667.77
2025-08-12,N,4,4,3,5191,9344.0,0.721,21600,4692.0,167302.14
2025-08-13,N,4,4,4,4648,8366.0,0.646,21600,4863.0,177389.26
2025-08-14,N,4,4,3,4465,8038.0,0.62,21600,5708.0,179545.03
2025-08-15,N,4,4,4,4449,8008.0,0.618,21600,5132.0,173896.15
2025-08-16,N,3,3,3,3698,6657.0,0.685,16200,3458.0,131185.56
2025-08-17,N,3,3,3,3893,7008.0,0.721,16200,4307.0,130783.44
2025-08-18,N,4,4,3,5402,9723.0,0.75,21600,5642.0,166989.67
2025-08-19,N,4,4,4,5357,9643.0,0.744,21600,5334.0,160741.02
2025-08-20,N,4,4,3,5227,9409.0,0.726,21600,5496.0,173857.96
2025-08-21,N,4,4,4,5071,9128.0,0.704,21600,5595.0,158171.44
2025-08-22,N,4,4,3,4832,8697.0,0.671,21600,5170.0,165833.12
2025-08-23,N,3,3,3,4210,7578.0,0.78,16200,4071.0,123127.24
2025-08-24,N,3,3,3,4044,7280.0,0.749,16200,3341.0,129256.41
2025-08-25,N,5,5,4,5925,10665.0,0.658,27000,6367.0,212561.13
2025-08-26,N,4,4,4,5655,10179.0,0.785,21600,5852.0,164155.85
2025-08-27,N,4,4,4,5774,10392.0,0.802,21600,6651.0,165639.46
2025-08-28,N,4,4,4,5422,9759.0,0.753,21600,5307.0,181677.22
2025-08-29,N,4,4,4,5084,9151.0,0.706,21600,4641.0,163192.51
2025-08-30,N,4,4,4,4479,8062.0,0.622,21600,4997.0,167244.59
2025-08-31,N,4,4,4,4554,8197.0,0.632,21600,4287.0,172382.01
2025-09-01,N,5,5,4,6688,12038.0,0.743,27000,7078.0,211193.15
2025-09-02,N,5,5,4,6319,11374.0,0.702,27000,6571.0,215730.64
2025-09-03,N,4,4,3,5860,10548.0,0.814,21600,4608.0,175884.06
2025-09-04,N,5,5,4,5972,10749.0,0.664,27000,6379.0,222724.53
2025-09-05,N,4,4,3,5489,9880.0,0.762,21600,5684.0,168784.04
2025-09-06,N,4,4,3,4848,8727.0,0.673,21600,5260.0,171211.27
2025-09-07,N,4,4,4,4857,8743.0,0.675,21600,4781.0,169896.17
2025-09-08,N,5,5,4,7204,12967.0,0.8,27000,7363.0,203058.46
2025-09-09,N,5,5,5,6396,11513.0,0.711,27000,6812.0,212242.86
2025-09-10,N,5,5,4,6123,11021.0,0.68,27000,5914.0,196722.55
2025-09-11,N,5,5,5,6265,11278.0,0.696,27000,6555.0,213758.47
2025-09-12,N,5,5,5,6341,11415.0,0.705,27000,4821.0,192639.44
2025-09-13,N,4,4,4,4856,8741.0,0.674,21600,5396.0,161812.15
2025-09-14,N,4,4,4,5041,9074.0,0.7,21600,7039.0,174244.58
2025-09-15,N,5,5,4,7064,12715.0,0.785,27000,7418.0,214518.66
2025-09-16,N,5,5,4,6869,12364.0,0.763,27000,6395.0,210455.33
2025-09-17,N,5,5,4,6602,11884.0,0.734,27000,6733.0,206805.05
2025-09-18,N,5,5,4,6509,11717.0,0.723,27000,6972.0,203317.72
2025-09-19,N,5,5,4,6207,11173.0,0.69,27000,7024.0,205788.04
2025-09-20,N,4,4,4,5501,9903.0,0.764,21600,5149.0,173097.72
2025-09-21,N,4,4,3,5172,9310.0,0.718,21600,3812.0,166768.28
2025-09-22,N,6,6,5,7427,13368.0,0.688,32400,7496.0,231645.2
2025-09-23,N,6,6,5,7606,13691.0,0.704,32400,7254.0,240271.1
2025-09-24,N,5,5,4,7227,13009.0,0.803,27000,6448.0,203760.19
2025-09-25,N,5,5,4,7157,12882.0,0.795,27000,5921.0,208373.4
2025-09-26,N,5,5,4,6291,11324.0,0.699,27000,7020.0,208127.46
2025-09-27,N,4,4,4,5839,10509.0,0.811,21600,6537.0,161364.14
2025-09-28,N,4,4,4,5664,10195.0,0.787,21600,5855.0,172623.91
2025-09-29,N,6,6,5,7915,14247.0,0.733,32400,7766.0,232706.15
2025-09-30,N,6,6,5,7764,13975.0,0.719,32400,9305.0,245177.4
2025-10-01,N,5,5,4,7346,13223.0,0.816,27000,7292.0,217209.79
2025-10-02,N,6,6,5,7746,13943.0,0.717,32400,8541.0,258178.34
2025-10-03,N,6,6,5,7424,13364.0,0.687,32400,7276.0,249990.65
2025-10-04,N,4,4,4,5688,10239.0,0.79,21600,5127.0,174806.39
2025-10-05,N,5,5,4,6285,11314.0,0.698,27000,7000.0,212794.45
2025-10-06,N,6,5,5,8298,14937.0,0.768,32400,9928.0,253433.31
2025-10-07,N,6,6,5,8376,15078.0,0.776,32400,9229.0,258793.06
2025-10-08,N,6,6,5,7954,14318.0,0.737,32400,8408.0,256827.04
2025-10-09,N,5,5,4,7320,13177.0,0.813,27000,6657.0,221818.1
2025-10-10,N,5,5,4,7371,13267.0,0.819,27000,7144.0,208277.23
2025-10-11,N,5,5,4,6265,11278.0,0.696,27000,6960.0,208554.13
2025-10-12,N,5,5,4,6131,11036.0,0.681,27000,7768.0,212258.2
2025-10-13,N,7,6,6,8987,16176.0,0.713,37800,7896.0,295091.51
2025-10-14,N,6,5,5,8770,15785.0,0.812,32400,7866.0,271490.82
2025-10-15,N,6,6,5,8012,14422.0,0.742,32400,8570.0,258021.13
2025-10-16,N,6,6,5,7829,14092.0,0.725,32400,9218.0,245409.54
2025-10-17,N,6,6,5,7809,14056.0,0.723,32400,9731.0,237647.15
2025-10-18,N,5,5,5,6656,11981.0,0.74,27000,5347.0,223834.49
2025-10-19,N,5,5,4,6396,11513.0,0.711,27000,5947.0,207440.49
2025-10-20,N,7,6,6,9025,16245.0,0.716,37800,9062.0,298739.31
2025-10-21,N,6,6,5,8400,15120.0,0.778,32400,6630.0,252532.27
2025-10-22,N,6,6,5,8110,14598.0,0.751,32400,9455.0,260872.69
2025-10-23,N,6,6,5,7973,14352.0,0.738,32400,7956.0,247129.7
2025-10-24,N,6,6,5,7993,14388.0,0.74,32400,8976.0,253921.56
2025-10-25,N,5,5,4,6976,12558.0,0.775,27000,6387.0,206004.11
2025-10-26,N,5,5,4,6411,11540.0,0.712,27000,6861.0,234031.97
2025-10-27,N,7,6,5,10024,18043.0,0.796,37800,7596.0,285963.03
2025-10-28,N,7,6,6,9436,16985.0,0.749,37800,7941.0,301446.29
2025-10-29,N,6,6,5,8615,15507.0,0.798,32400,6825.0,281483.59
2025-10-30,N,6,6,5,8169,14705.0,0.756,32400,6171.0,263825.67
2025-10-31,N,6,6,5,8467,15241.0,0.784,32400,8834.0,252505.02
2025-11-01,N,5,5,4,6942,12495.0,0.771,27000,6518.0,212006.45
2025-11-02,N,5,5,5,6674,12013.0,0.742,27000,7386.0,203753.48
2025-11-03,N,7,6,6,9720,17497.0,0.771,37800,9010.0,314651.84
2025-11-04,N,7,6,6,8988,16178.0,0.713,37800,10419.0,292176.98
2025-11-05,N,6,6,5,8344,15019.0,0.773,32400,8762.0,251977.02
2025-11-06,N,6,6,5,8850,15930.0,0.819,32400,7717.0,243842.0
2025-11-07,N,6,6,5,8032,14457.0,0.744,32400,8028.0,249562.64
2025-11-08,N,6,6,5,7923,14261.0,0.734,32400,8178.0,253380.47
2025-11-09,N,5,5,4,6573,11832.0,0.73,27000,7433.0,219777.79
2025-11-10,N,7,6,6,9669,17404.0,0.767,37800,9104.0,297980.17
2025-11-11,N,7,6,6,9705,17469.0,0.77,37800,9546.0,307753.22
2025-11-12,N,7,6,6,9522,17140.0,0.756,37800,7467.0,267894.95
2025-11-13,N,7,7,6,8914,16045.0,0.707,37800,8142.0,311359.13
2025-11-14,N,6,6,5,8650,15570.0,0.801,32400,7122.0,239159.88
2025-11-15,N,5,5,4,6872,12370.0,0.764,27000,6948.0,217079.56
2025-11-16,N,5,5,5,6847,12324.0,0.761,27000,5959.0,184415.94
2025-11-17,N,7,6,6,9987,17977.0,0.793,37800,9269.0,295614.77
2025-11-18,N,7,6,6,9130,16434.0,0.725,37800,8954.0,306015.94
2025-11-19,N,7,7,6,9306,16751.0,0.739,37800,9144.0,284917.68
2025-11-20,N,6,6,5,8402,15124.0,0.778,32400,8678.0,253082.77
2025-11-21,N,6,6,5,8289,14920.0,0.768,32400,7994.0,262084.35
2025-11-22,N,6,6,5,7385,13294.0,0.684,32400,7591.0,260142.97
2025-11-23,N,5,5,4,6974,12554.0,0.775,27000,6855.0,197461.81
2025-11-24,N,19,13,12,28012,50422.0,0.819,102600,29780.0,832256.35
2025-11-25,N,18,14,12,26310,47358.0,0.812,97200,23654.0,809977.67
2025-11-26,N,18,13,12,25436,45785.0,0.785,97200,19759.0,795008.48
2025-11-27,N,17,14,12,24898,44816.0,0.814,91800,18410.0,680799.72
2025-11-28,N,17,13,12,24042,43275.0,0.786,91800,21260.0,684948.67
2025-11-29,N,14,12,12,20017,36030.0,0.794,75600,15558.0,591474.99
2025-11-30,N,14,13,12,19303,34746.0,0.766,75600,12718.0,603490.38
2025-12-01,N,20,14,12,28754,51757.0,0.799,108000,24972.0,871746.5
2025-12-02,N,7,6,6,10285,18513.0,0.816,37800,9504.0,285500.76
2025-12-03,N,7,6,6,9560,17209.0,0.759,37800,10641.0,293962.73
2025-12-04,N,7,6,6,9423,16961.0,0.748,37800,9052.0,285190.27
2025-12-05,N,6,6,5,8823,15882.0,0.817,32400,8077.0,242543.14
2025-12-06,N,6,6,5,7980,14364.0,0.739,32400,8277.0,256827.91
2025-12-07,N,6,6,5,7477,13459.0,0.692,32400,7856.0,251977.79
2025-12-08,N,12,10,9,16793,30228.0,0.777,64800,14254.0,514647.87
2025-12-09,N,11,9,8,15817,28470.0,0.799,59400,18125.0,452724.85
2025-12-10,N,10,9,8,14687,26436.0,0.816,54000,11359.0,432482.65
2025-12-11,N,11,9,8,15594,28069.0,0.788,59400,14998.0,442423.68
2025-12-12,N,10,9,8,14402,25924.0,0.8,54000,11697.0,413527.01
2025-12-13,N,9,9,8,12056,21700.0,0.744,48600,11829.0,362298.62
2025-12-14,N,9,8,7,12193,21948.0,0.753,48600,12261.0,383394.2
2025-12-15,N,12,10,9,17185,30934.0,0.796,64800,15159.0,542084.34
2025-12-16,N,11,9,8,15693,28248.0,0.793,59400,12094.0,470152.34
2025-12-17,N,11,9,8,16190,29141.0,0.818,59400,13637.0,461435.19
2025-12-18,N,11,10,9,15075,27135.0,0.761,59400,16259.0,459660.46
2025-12-19,N,10,9,8,14424,25964.0,0.801,54000,10527.0,411427.76
2025-12-20,N,9,8,7,12683,22829.0,0.783,48600,14042.0,395837.95
2025-12-21,N,6,6,5,8103,14586.0,0.75,32400,7868.0,256884.1
2025-12-22,N,8,7,6,11525,20745.0,0.8,43200,11294.0,314403.54
2025-12-23,N,8,7,6,10388,18698.0,0.721,43200,9002.0,351628.49
2025-12-24,N,8,7,6,10462,18831.0,0.727,43200,10175.0,325226.27
2025-12-25,N,7,6,6,9919,17854.0,0.787,37800,8317.0,287104.16
2025-12-26,N,7,7,6,10244,18438.0,0.813,37800,9407.0,299584.44
2025-12-27,N,6,6,5,8314,14965.0,0.77,32400,6715.0,246672.49
2025-12-28,N,5,5,4,7308,13154.0,0.812,27000,5977.0,229493.56
2025-12-29,N,9,7,7,11863,21353.0,0.732,48600,14678.0,375463.31
2025-12-30,N,8,7,6,11780,21204.0,0.818,43200,11206.0,345493.94
2025-12-31,N,8,7,6,11016,19829.0,0.765,43200,10860.0,316142.73
2026-01-01,N,8,7,6,10918,19652.0,0.758,43200,10839.0,328653.51
2026-01-02,N,7,7,6,9420,16957.0,0.748,37800,10726.0,293296.08
2026-01-03,N,6,6,5,8721,15699.0,0.808,32400,7653.0,262796.65
2026-01-04,N,6,6,5,7855,14138.0,0.727,32400,8686.0,241840.77
2026-01-05,N,9,8,7,12001,21601.0,0.741,48600,8223.0,397267.16
2026-01-06,N,8,7,6,10708,19275.0,0.744,43200,10213.0,338676.14
2026-01-07,N,8,7,7,10369,18664.0,0.72,43200,9968.0,341373.45
2026-01-08,N,7,7,6,10176,18317.0,0.808,37800,8477.0,286049.77
2026-01-09,N,7,7,6,10236,18424.0,0.812,37800,9910.0,283457.12
2026-01-10,N,6,6,5,8824,15884.0,0.817,32400,7645.0,230709.34
2026-01-11,N,6,6,5,8262,14872.0,0.765,32400,7620.0,255749.46
2026-01-12,N,8,7,6,11519,20735.0,0.8,43200,9352.0,345414.4
2026-01-13,N,8,7,6,11255,20259.0,0.782,43200,9858.0,332082.32
2026-01-14,N,8,8,7,10488,18878.0,0.728,43200,7767.0,315616.9
2026-01-15,N,8,7,6,10902,19624.0,0.757,43200,9959.0,329464.41
2026-01-16,N,8,7,7,10488,18878.0,0.728,43200,8534.0,341988.83
2026-01-17,N,7,7,6,9034,16261.0,0.717,37800,10824.0,297010.39
2026-01-18,N,6,6,5,8084,14551.0,0.749,32400,8489.0,259512.76
2026-01-19,N,8,7,6,11091,19964.0,0.77,43200,11551.0,315159.94
2026-01-20,N,8,7,7,10830,19495.0,0.752,43200,8656.0,331501.21
2026-01-21,N,8,7,7,11468,20642.0,0.796,43200,11454.0,335609.94
2026-01-22,N,8,8,7,10581,19045.0,0.735,43200,9503.0,345493.83
2026-01-23,N,7,7,6,9947,17904.0,0.789,37800,9386.0,287724.01
2026-01-24,N,7,7,6,9342,16815.0,0.741,37800,8860.0,301148.4
2026-01-25,N,6,6,5,8792,15826.0,0.814,32400,6436.0,243122.89
2026-01-26,N,9,8,7,12448,22406.0,0.768,48600,10151.0,382370.35
2026-01-27,N,8,7,6,11583,20849.0,0.804,43200,11222.0,333007.85
2026-01-28,N,8,7,7,11023,19841.0,0.765,43200,11181.0,332222.33
2026-01-29,N,8,7,7,10964,19735.0,0.761,43200,8589.0,369485.27
2026-01-30,N,8,7,7,10932,19678.0,0.759,43200,11841.0,332473.2
2026-01-31,N,7,7,6,9085,16354.0,0.721,37800,8639.0,289853.59
2026-02-01,N,6,6,5,8748,15747.0,0.81,32400,6530.0,238318.6
2026-02-02,N,9,8,7,13117,23611.0,0.81,48600,10863.0,394093.05
2026-02-03,N,8,7,7,11371,20468.0,0.79,43200,8611.0,329633.13
2026-02-04,N,8,7,7,11515,20726.0,0.8,43200,9428.0,336528.22
2026-02-05,N,8,8,7,10904,19628.0,0.757,43200,9748.0,325580.36
2026-02-06,N,7,7,6,9563,17213.0,0.759,37800,9657.0,299743.03
2026-02-07,N,6,6,5,8391,15104.0,0.777,32400,8566.0,262144.69
2026-02-08,N,6,6,5,8332,14997.0,0.771,32400,8809.0,265948.79
2026-02-09,N,9,8,7,12998,23396.0,0.802,48600,12810.0,377311.89
2026-02-10,N,9,8,7,12052,21694.0,0.744,48600,8889.0,370081.49
2026-02-11,N,8,8,7,11431,20575.0,0.794,43200,8495.0,328083.6
2026-02-12,N,9,8,7,11916,21448.0,0.736,48600,13265.0,379347.65
2026-02-13,N,7,7,6,10143,18257.0,0.805,37800,8543.0,297831.31
2026-02-14,N,7,7,6,9168,16503.0,0.728,37800,8915.0,301259.09
2026-02-15,N,6,6,5,8838,15908.0,0.818,32400,8391.0,244159.49
2026-02-16,N,9,8,7,12582,22648.0,0.777,48600,13545.0,381118.01
2026-02-17,N,9,8,8,12161,21890.0,0.751,48600,12349.0,363624.72
2026-02-18,N,8,8,7,10849,19529.0,0.753,43200,9254.0,335214.6
2026-02-19,N,9,8,8,11843,21317.0,0.731,48600,9885.0,400242.05
2026-02-20,N,8,8,7,10483,18870.0,0.728,43200,8981.0,333886.64
2026-02-21,N,7,7,6,9944,17900.0,0.789,37800,10461.0,284408.43
2026-02-22,N,6,6,5,8836,15904.0,0.818,32400,8612.0,256263.22
2026-02-23,N,10,9,8,13534,24361.0,0.752,54000,13035.0,436269.9
2026-02-24,N,9,8,8,12265,22077.0,0.757,48600,9586.0,367422.56
2026-02-25,N,8,8,7,11611,20900.0,0.806,43200,11524.0,318696.64
2026-02-26,N,8,8,7,11181,20126.0,0.776,43200,10613.0,326015.78
2026-02-27,N,8,8,7,10905,19630.0,0.757,43200,9374.0,331033.69
2026-02-28,N,7,7,6,9493,17088.0,0.753,37800,9011.0,312744.33
2026-03-01,N,6,6,5,8699,15658.0,0.805,32400,8269.0,238526.86
2026-03-02,N,9,8,7,13151,23672.0,0.812,48600,11014.0,353390.88
2026-03-03,N,9,8,8,12158,21884.0,0.75,48600,10153.0,383203.06
2026-03-04,N,9,8,8,12697,22855.0,0.784,48600,11939.0,368286.97
2026-03-05,N,8,8,7,11502,20704.0,0.799,43200,10695.0,323597.18
2026-03-06,N,8,8,7,11572,20829.0,0.804,43200,7914.0,345717.13
2026-03-07,N,7,7,6,9425,16965.0,0.748,37800,8990.0,295915.42
2026-03-08,N,7,7,6,9122,16420.0,0.724,37800,8117.0,306696.51
2026-03-09,N,13,12,11,17825,32085.0,0.762,70200,17852.0,563647.92
2026-03-10,N,12,11,10,17302,31143.0,0.801,64800,12240.0,481013.08
2026-03-11,N,12,12,11,16747,30145.0,0.775,64800,13076.0,471489.49
2026-03-12,N,12,11,10,17229,31012.0,0.798,64800,10997.0,528065.79
2026-03-13,N,11,11,10,15650,28170.0,0.79,59400,14995.0,461016.48
2026-03-14,N,10,10,9,14074,25333.0,0.782,54000,10532.0,471992.75
2026-03-15,N,9,9,8,13075,23535.0,0.807,48600,9730.0,393742.87
2026-03-16,N,10,9,8,14254,25658.0,0.792,54000,12812.0,444302.58
2026-03-17,N,9,9,8,12657,22783.0,0.781,48600,11432.0,364761.22
2026-03-18,N,9,9,8,13000,23400.0,0.802,48600,12593.0,377809.43
2026-03-19,N,8,8,7,11577,20839.0,0.804,43200,11324.0,347859.75
2026-03-20,N,8,8,7,10903,19626.0,0.757,43200,11833.0,335825.45
2026-03-21,N,7,7,6,9275,16694.0,0.736,37800,10903.0,295500.58
2026-03-22,N,7,7,6,9978,17961.0,0.792,37800,10254.0,297711.13
2026-03-23,N,10,9,8,14010,25218.0,0.778,54000,13499.0,409002.93
2026-03-24,N,9,9,8,12658,22785.0,0.781,48600,11981.0,365683.75
2026-03-25,N,9,9,8,12644,22759.0,0.78,48600,12563.0,376300.96
2026-03-26,N,9,9,8,12179,21922.0,0.752,48600,8718.0,372794.28
2026-03-27,N,9,9,8,12092,21765.0,0.746,48600,11438.0,365773.87
2026-03-28,N,7,7,6,9249,16648.0,0.734,37800,7000.0,293344.98
2026-03-29,N,7,7,6,9228,16610.0,0.732,37800,8239.0,279438.49
2026-03-30,N,10,9,9,13527,24349.0,0.752,54000,10569.0,434045.04
2026-03-31,N,9,9,8,12038,21668.0,0.743,48600,12231.0,388020.68
2026-04-01,N,9,9,8,12683,22829.0,0.783,48600,12540.0,389446.86
2026-04-02,N,9,9,8,11891,21404.0,0.734,48600,13437.0,366363.5
2026-04-03,N,8,8,7,11715,21087.0,0.814,43200,9114.0,323948.73
2026-04-04,N,8,8,7,10685,19233.0,0.742,43200,9516.0,354768.7
2026-04-05,N,7,7,6,9285,16713.0,0.737,37800,10300.0,292532.17
2026-04-06,N,10,9,8,13674,24613.0,0.76,54000,12131.0,430805.36
2026-04-07,N,9,9,8,13105,23589.0,0.809,48600,10616.0,361604.45
2026-04-08,N,9,9,8,12768,22982.0,0.788,48600,12703.0,374745.72
2026-04-09,N,9,9,8,11874,21374.0,0.733,48600,12420.0,397151.57
2026-04-10,N,8,8,7,11269,20285.0,0.783,43200,11608.0,338761.46
2026-04-11,N,7,7,6,10329,18592.0,0.82,37800,9619.0,291894.04
2026-04-12,N,7,7,7,9612,17301.0,0.763,37800,8625.0,301519.55
2026-04-13,N,9,9,8,13001,23402.0,0.803,48600,13668.0,383872.11
2026-04-14,N,9,9,8,12603,22686.0,0.778,48600,12952.0,410687.82
2026-04-15,N,9,9,8,13106,23591.0,0.809,48600,11639.0,379699.82
2026-04-16,N,9,9,8,12395,22311.0,0.765,48600,12956.0,388898.75
2026-04-17,N,8,8,7,11316,20370.0,0.786,43200,10351.0,335142.69
2026-04-18,N,7,7,7,9988,17979.0,0.793,37800,8020.0,283179.51
2026-04-19,N,7,7,7,9574,17233.0,0.76,37800,9198.0,299814.55
2026-04-20,N,10,9,9,14489,26081.0,0.805,54000,16081.0,396495.47
2026-04-21,N,9,9,8,12652,22773.0,0.781,48600,13182.0,394039.68
2026-04-22,N,9,9,8,12190,21942.0,0.752,48600,12270.0,359114.75
2026-04-23,N,9,9,8,12447,22404.0,0.768,48600,10357.0,365653.78
2026-04-24,N,8,8,8,11686,21035.0,0.812,43200,8835.0,323900.67
2026-04-25,N,8,8,7,10336,18606.0,0.718,43200,10051.0,345328.74
2026-04-26,N,7,7,7,9236,16624.0,0.733,37800,8383.0,281635.66
2026-04-27,N,10,10,9,14424,25964.0,0.801,54000,12989.0,429782.54
2026-04-28,N,10,10,9,13907,25033.0,0.773,54000,13204.0,409849.53
2026-04-29,N,9,9,8,12882,23188.0,0.795,48600,9590.0,377305.29
2026-04-30,N,9,9,8,12494,22488.0,0.771,48600,10442.0,370941.82
2026-05-01,N,11,11,10,15911,28639.0,0.804,59400,13624.0,506446.56
2026-05-02,N,10,10,10,13393,24107.0,0.744,54000,13667.0,393166.64
2026-05-03,N,9,9,8,13105,23589.0,0.809,48600,12355.0,386503.71
2026-05-04,N,14,12,12,20248,36447.0,0.804,75600,15800.0,589453.89
2026-05-05,N,13,12,12,18157,32683.0,0.776,70200,14269.0,530482.18
2026-05-06,N,12,12,11,16704,30067.0,0.773,64800,13712.0,513421.81
2026-05-07,N,12,12,11,16631,29936.0,0.77,64800,17100.0,486022.29
2026-05-08,N,11,11,10,16208,29174.0,0.819,59400,13412.0,443421.28
2026-05-09,N,10,10,9,13727,24708.0,0.763,54000,13132.0,401882.68
2026-05-10,N,10,10,9,13470,24246.0,0.748,54000,13636.0,422588.1
2026-05-11,N,10,9,9,14747,26545.0,0.819,54000,14949.0,411098.69
2026-05-12,N,10,10,9,14039,25271.0,0.78,54000,10983.0,406595.46
2026-05-13,N,10,10,9,13515,24327.0,0.751,54000,14925.0,426978.83
2026-05-14,N,9,9,8,13076,23537.0,0.807,48600,12507.0,395430.4
2026-05-15,N,8,8,8,11624,20924.0,0.807,43200,12529.0,317836.58
2026-05-16,N,7,7,7,10056,18102.0,0.798,37800,10665.0,298742.71
2026-05-17,N,7,7,7,9863,17753.0,0.783,37800,9196.0,301017.07
2026-05-18,N,10,9,9,14366,25859.0,0.798,54000,11748.0,442659.62
2026-05-19,N,9,9,8,13177,23718.0,0.813,48600,12628.0,374691.08
2026-05-20,N,9,9,8,12775,22994.0,0.789,48600,10032.0,402503.59
2026-05-21,N,9,9,8,12524,22543.0,0.773,48600,11979.0,387931.45
2026-05-22,N,9,9,9,11827,21289.0,0.73,48600,10580.0,350587.23
2026-05-23,N,8,8,8,10350,18630.0,0.719,43200,10055.0,341007.56
2026-05-24,N,8,8,8,10378,18680.0,0.721,43200,7540.0,336724.29
2026-05-25,N,11,10,9,14813,26664.0,0.748,59400,14106.0,481557.31
2026-05-26,N,11,10,9,15026,27047.0,0.759,59400,14470.0,485184.94
2026-05-27,N,9,9,8,13154,23678.0,0.812,48600,10887.0,364347.24
2026-05-28,N,9,9,9,12703,22865.0,0.784,48600,11541.0,392821.93
2026-05-29,N,9,9,8,12207,21972.0,0.754,48600,10084.0,377121.18
2026-05-30,N,8,8,8,10641,19154.0,0.739,43200,11378.0,327401.7
2026-05-31,N,7,7,6,10195,18352.0,0.809,37800,9100.0,311927.81
2026-06-01,N,11,10,9,15900,28619.0,0.803,59400,18245.0,454497.89
2026-06-02,N,10,10,9,13523,24341.0,0.751,54000,13433.0,421742.04
2026-06-03,N,10,10,9,13571,24428.0,0.754,54000,13580.0,419941.54
2026-06-04,N,9,9,8,13024,23444.0,0.804,48600,10980.0,386884.95
2026-06-05,N,8,8,8,11621,20918.0,0.807,43200,11913.0,354746.35
2026-06-06,N,8,8,8,10912,19642.0,0.758,43200,9813.0,358652.87
2026-06-07,N,8,8,8,10567,19021.0,0.734,43200,12608.0,349155.68
2026-06-08,N,10,10,9,14485,26073.0,0.805,54000,15714.0,392732.1
2026-06-09,N,10,10,9,14035,25262.0,0.78,54000,12130.0,445753.84
2026-06-10,N,9,9,9,12471,22448.0,0.77,48600,11260.0,388189.33
2026-06-11,N,9,9,8,12452,22414.0,0.769,48600,10606.0,395719.19
2026-06-12,N,9,9,8,12842,23115.0,0.793,48600,9715.0,374511.06
2026-06-13,N,8,8,8,10529,18952.0,0.731,43200,10749.0,336792.42
2026-06-14,N,7,7,7,9797,17634.0,0.778,37800,9077.0,306042.07
2026-06-15,N,11,10,10,15164,27295.0,0.766,59400,15434.0,500599.67
2026-06-16,N,10,10,9,13884,24990.0,0.771,54000,12879.0,424461.94
2026-06-17,N,9,9,8,13150,23670.0,0.812,48600,12936.0,360155.63
2026-06-18,N,10,10,9,13461,24230.0,0.748,54000,12883.0,431254.08
2026-06-19,N,9,9,8,11971,21547.0,0.739,48600,11380.0,376252.52
2026-06-20,N,8,8,8,10441,18793.0,0.725,43200,10481.0,322729.78
2026-06-21,N,7,7,6,10322,18579.0,0.819,37800,9934.0,293284.01
2026-06-22,N,11,10,9,15665,28198.0,0.791,59400,13597.0,472161.9
2026-06-23,N,11,10,10,14861,26750.0,0.751,59400,15875.0,482830.81
2026-06-24,N,9,9,8,13153,23676.0,0.812,48600,10589.0,371756.25
2026-06-25,N,10,10,9,13649,24569.0,0.758,54000,12451.0,413784.77
2026-06-26,N,9,9,9,12223,22001.0,0.754,48600,8944.0,377538.58
2026-06-27,N,8,8,7,11553,20795.0,0.802,43200,9926.0,360628.44
2026-06-28,N,7,7,6,9929,17872.0,0.788,37800,7800.0,310669.22
2026-06-29,N,11,10,9,15969,28744.0,0.807,59400,15244.0,473782.73
2026-06-30,N,10,10,9,14016,25228.0,0.779,54000,13785.0,430076.92
2026-07-01,N,10,9,9,14517,26131.0,0.807,54000,14931.0,415894.32
2026-07-02,N,10,10,9,13584,24452.0,0.755,54000,15652.0,434210.11
2026-07-03,N,9,9,8,12206,21970.0,0.753,48600,11427.0,364011.87
2026-07-04,N,8,8,8,10735,19323.0,0.746,43200,9412.0,343418.4
2026-07-05,N,8,8,7,10697,19255.0,0.743,43200,10976.0,309572.84
2026-07-06,N,11,10,10,15933,28680.0,0.805,59400,13565.0,432917.89
2026-07-07,N,10,9,9,14410,25938.0,0.801,54000,11980.0,388612.46
2026-07-08,N,10,10,9,13677,24619.0,0.76,54000,12932.0,452905.69
2026-07-09,N,10,9,9,13758,24765.0,0.764,54000,12006.0,418533.79
2026-07-10,N,9,9,8,12803,23045.0,0.79,48600,14667.0,358570.82
2026-07-11,N,8,8,8,10512,18922.0,0.73,43200,10026.0,369811.97
2026-07-12,N,7,7,7,10186,18336.0,0.808,37800,9037.0,285698.47
2026-07-13,N,11,10,10,15600,28081.0,0.788,59400,15698.0,473067.45
2026-07-14,N,11,10,9,15164,27295.0,0.766,59400,18159.0,448802.96
2026-07-15,N,10,9,9,14529,26152.0,0.807,54000,12595.0,434574.09
2026-07-16,N,10,10,9,13862,24952.0,0.77,54000,9927.0,420948.52
2026-07-17,N,9,9,8,12961,23329.0,0.8,48600,11552.0,367755.83
2026-07-18,N,8,8,8,11377,20479.0,0.79,43200,8157.0,318956.93
2026-07-19,N,7,7,7,10310,18557.0,0.818,37800,8487.0,286474.41
2026-07-20,N,11,10,9,15495,27891.0,0.783,59400,16925.0,444693.9
2026-07-21,N,10,9,9,14222,25599.0,0.79,54000,11662.0,391522.17
2026-07-22,N,9,9,8,13240,23831.0,0.817,48600,10139.0,390215.39
2026-07-23,N,10,10,9,13745,24740.0,0.764,54000,14350.0,440006.12
2026-07-24,N,9,9,8,13003,23406.0,0.803,48600,11346.0,368757.7
2026-07-25,N,8,8,8,11431,20575.0,0.794,43200,11936.0,308889.84
2026-07-26,N,8,8,8,10830,19495.0,0.752,43200,10006.0,341853.31
2026-07-27,N,11,10,9,15817,28470.0,0.799,59400,15406.0,466197.08
2026-07-28,N,11,10,10,15030,27055.0,0.759,59400,11507.0,444779.54
2026-07-29,N,10,10,9,13917,25051.0,0.773,54000,11446.0,420202.1
2026-07-30,N,10,9,9,13875,24974.0,0.771,54000,12661.0,374739.84
2026-07-31,N,9,9,8,12675,22815.0,0.782,48600,11075.0,379205.35
2026-08-01,N,8,8,7,11383,20489.0,0.79,43200,13606.0,334897.64
2026-08-02,N,8,8,8,10949,19708.0,0.76,43200,11685.0,354878.37
2026-08-03,N,11,10,9,15419,27754.0,0.779,59400,16019.0,468025.21
2026-08-04,N,11,10,9,14868,26762.0,0.751,59400,13952.0,465003.99
2026-08-05,N,10,10,9,13724,24704.0,0.762,54000,10703.0,454291.72
2026-08-06,N,10,10,9,13515,24327.0,0.751,54000,15671.0,407828.95
2026-08-07,N,9,9,8,12576,22638.0,0.776,48600,9301.0,356396.8
2026-08-08,N,9,9,9,11813,21263.0,0.729,48600,10862.0,392923.27
2026-08-09,N,8,8,8,11171,20108.0,0.776,43200,11111.0,351049.39
2026-08-10,N,11,10,9,16192,29145.0,0.818,59400,18904.0,483135.0
2026-08-11,N,11,10,9,15971,28748.0,0.807,59400,17357.0,459003.45
2026-08-12,N,10,10,9,14029,25252.0,0.779,54000,13969.0,409219.06
2026-08-13,N,11,10,10,15329,27593.0,0.774,59400,18086.0,440281.74
2026-08-14,N,9,9,8,13074,23533.0,0.807,48600,10944.0,365624.42
2026-08-15,N,8,8,8,11487,20676.0,0.798,43200,10952.0,316675.1
2026-08-16,N,8,8,7,10689,19241.0,0.742,43200,12259.0,331032.0
2026-08-17,N,11,10,9,16205,29170.0,0.818,59400,11757.0,494070.15
2026-08-18,N,11,10,9,15477,27859.0,0.782,59400,14926.0,453224.16
2026-08-19,N,10,10,9,14158,25484.0,0.787,54000,13677.0,423363.48
2026-08-20,N,11,10,10,14816,26670.0,0.748,59400,14988.0,473460.37
2026-08-21,N,10,10,9,13375,24075.0,0.743,54000,11270.0,415118.22
2026-08-22,N,8,8,8,11568,20823.0,0.803,43200,10933.0,331990.09
2026-08-23,N,8,8,8,10564,19015.0,0.734,43200,10750.0,354291.86
2026-08-24,N,12,11,10,16336,29405.0,0.756,64800,14484.0,509209.02
2026-08-25,N,11,10,9,15064,27115.0,0.761,59400,15646.0,484247.93
2026-08-26,N,10,10,9,14002,25204.0,0.778,54000,15148.0,461429.82
2026-08-27,N,10,10,9,13657,24583.0,0.759,54000,11821.0,406543.9
2026-08-28,N,10,10,9,14598,26277.0,0.811,54000,13762.0,418578.51
2026-08-29,N,8,8,8,11427,20569.0,0.794,43200,12158.0,334708.8
2026-08-30,N,8,8,7,10420,18757.0,0.724,43200,12181.0,330280.51
2026-08-31,N,11,10,9,15809,28456.0,0.798,59400,13980.0,455322.75
2026-09-01,N,11,10,10,15204,27367.0,0.768,59400,16167.0,489319.68
2026-09-02,N,10,9,9,14674,26414.0,0.815,54000,12567.0,422872.12
2026-09-03,N,10,9,9,14404,25928.0,0.8,54000,14285.0,463142.45
2026-09-04,N,10,10,9,13754,24756.0,0.764,54000,11763.0,414354.25
2026-09-05,N,8,8,7,11346,20422.0,0.788,43200,8396.0,357259.55
2026-09-06,N,8,8,8,11183,20130.0,0.777,43200,11058.0,360667.83
2026-09-07,N,11,10,9,15808,28454.0,0.798,59400,15824.0,461782.48
2026-09-08,N,11,10,10,14997,26994.0,0.757,59400,15515.0,471608.22
2026-09-09,N,10,9,9,14025,25244.0,0.779,54000,11636.0,436074.05
2026-09-10,N,10,10,9,13628,24531.0,0.757,54000,8954.0,411817.25
2026-09-11,N,10,9,9,14025,25244.0,0.779,54000,14375.0,449230.25
2026-09-12,N,9,9,9,11963,21533.0,0.738,48600,13791.0,366777.34
2026-09-13,N,8,8,8,11501,20702.0,0.799,43200,7912.0,329942.35
2026-09-14,N,12,11,10,16434,29581.0,0.761,64800,14958.0,495135.96
2026-09-15,N,11,10,10,15846,28522.0,0.8,59400,12587.0,467494.59
2026-09-16,N,10,9,9,13683,24629.0,0.76,54000,13359.0,426723.35
2026-09-17,N,10,9,9,14741,26535.0,0.819,54000,15125.0,410477.8
2026-09-18,N,10,9,9,13690,24642.0,0.761,54000,12583.0,419293.58
2026-09-19,N,9,9,8,12013,21624.0,0.742,48600,10926.0,362180.73
2026-09-20,N,8,8,8,11340,20412.0,0.788,43200,10875.0,352656.11
2026-09-21,N,11,10,9,15944,28700.0,0.805,59400,10471.0,476200.27
2026-09-22,N,10,9,9,14709,26476.0,0.817,54000,14317.0,415349.14
2026-09-23,N,10,10,9,14308,25754.0,0.795,54000,14674.0,417961.57
2026-09-24,N,10,9,9,14683,26430.0,0.816,54000,12968.0,410027.58
2026-09-25,N,10,10,9,14022,25240.0,0.779,54000,12248.0,405543.56
2026-09-26,N,8,8,7,11262,20271.0,0.782,43200,10003.0,322392.22
2026-09-27,N,8,8,8,10874,19573.0,0.755,43200,10009.0,324480.74
2026-09-28,N,11,9,9,16197,29155.0,0.818,59400,14154.0,481083.79
2026-09-29,N,11,10,9,15425,27764.0,0.779,59400,11475.0,482515.47
2026-09-30,N,10,9,9,14062,25311.0,0.781,54000,13631.0,398127.47
