colaborador_id,unidade_id,modelo,data_admissao,turno,canal_recrutamento,distancia_km,admitido_em_pico,com_buddy,data_desligamento,motivo,regiao_id
C000001,CD-PR1,proprio,2025-01-07,noite,agencia,5.4,False,False,2025-08-15,voluntario,S
C000002,CD-PR1,proprio,2025-01-26,manha,anuncio,4.8,False,False,2025-01-29,voluntario,S
C000003,CD-PR1,proprio,2025-01-23,tarde,anuncio,4.0,False,False,2025-02-21,voluntario,S
C000004,CD-PR1,proprio,2025-01-04,manha,agencia,13.9,False,False,2026-08-26,involuntario,S
C000005,CD-PR1,proprio,2025-01-10,manha,agencia,7.1,False,False,2025-02-08,voluntario,S
C000006,CD-PR1,proprio,2025-01-01,noite,indicacao,13.9,False,False,2025-02-03,voluntario,S
C000007,CD-PR1,proprio,2025-01-12,tarde,anuncio,5.7,False,False,2025-01-22,involuntario,S
C000008,CD-PR1,proprio,2025-01-23,tarde,anuncio,12.0,False,False,2025-06-23,voluntario,S
C000009,CD-PR1,proprio,2025-01-16,tarde,anuncio,8.1,False,False,2025-02-14,involuntario,S
C000010,CD-RJ1,proprio,2025-01-20,tarde,anuncio,8.8,False,False,,,SE
C000011,CD-RJ1,proprio,2025-01-25,noite,agencia,12.7,False,False,,,SE
C000012,CD-RJ1,proprio,2025-01-29,noite,indicacao,16.6,False,False,2025-02-25,voluntario,SE
C000013,CD-RJ1,proprio,2025-01-08,noite,agencia,12.2,False,False,,,SE
C000014,CD-RJ1,proprio,2025-01-28,manha,anuncio,21.1,False,False,,,SE
C000015,CD-RJ1,proprio,2025-01-31,manha,agencia,3.7,False,False,2025-02-18,involuntario,SE
C000016,CD-SP1,proprio,2025-01-29,noite,indicacao,5.3,False,False,2025-02-17,voluntario,SE
C000017,CD-SP1,proprio,2025-01-16,noite,indicacao,6.7,False,False,,,SE
C000018,CD-SP1,proprio,2025-01-17,manha,agencia,12.5,False,False,,,SE
C000019,CD-SP1,proprio,2025-01-09,manha,indicacao,3.9,False,False,,,SE
C000020,CD-SP1,proprio,2025-01-29,manha,anuncio,5.0,False,False,2025-12-18,voluntario,SE
C000021,CD-SP1,proprio,2025-01-25,manha,anuncio,11.0,False,False,2025-02-20,voluntario,SE
C000022,CD-SP1,proprio,2025-01-20,manha,anuncio,6.8,False,False,,,SE
C000023,CD-SP1,proprio,2025-01-02,manha,indicacao,3.3,False,False,2025-09-30,voluntario,SE
C000024,CD-SP1,proprio,2025-01-30,noite,anuncio,11.2,False,False,,,SE
C000025,CD-SP1,proprio,2025-01-19,noite,anuncio,7.9,False,False,2025-02-25,voluntario,SE
C000026,CD-SP1,proprio,2025-01-30,manha,agencia,4.4,False,False,2026-01-12,voluntario,SE
C000027,CD-SP1,proprio,2025-01-27,noite,agencia,9.7,False,False,2026-09-17,voluntario,SE
C000028,CD-SP1,proprio,2025-01-09,tarde,agencia,1.8,False,False,2025-08-13,involuntario,SE
C000029,CD-SP1,proprio,2025-01-26,tarde,anuncio,5.5,False,False,,,SE
C000030,CD-SP2,3PL,2025-01-05,manha,agencia,24.0,False,False,,,SE
C000031,CD-SP2,3PL,2025-01-23,tarde,indicacao,14.9,False,False,2025-03-15,voluntario,SE
C000032,CD-SP2,3PL,2025-01-18,manha,agencia,8.6,False,False,2025-12-06,voluntario,SE
C000033,CD-SP2,3PL,2025-01-28,manha,anuncio,11.7,False,False,,,SE
C000034,CD-SP2,3PL,2025-01-15,noite,agencia,4.3,False,False,2025-01-22,involuntario,SE
C000035,CD-SP2,3PL,2025-01-07,noite,agencia,21.4,False,False,,,SE
C000036,CD-SP2,3PL,2025-01-12,manha,anuncio,9.7,False,False,2025-09-28,involuntario,SE
C000037,CD-SP2,3PL,2025-01-01,manha,anuncio,9.2,False,False,,,SE
C000038,CD-SP2,3PL,2025-01-19,noite,indicacao,9.6,False,False,,,SE
C000039,CD-SP2,3PL,2025-01-01,manha,anuncio,9.1,False,False,,,SE
C000040,CD-SP2,3PL,2025-01-23,tarde,anuncio,8.8,False,False,2025-01-31,involuntario,SE
C000041,CD-SP2,3PL,2025-01-01,tarde,anuncio,19.5,False,False,2025-01-12,involuntario,SE
C000042,CD-SP2,3PL,2025-01-04,tarde,agencia,11.4,False,False,,,SE
C000043,CD-SP2,3PL,2025-01-18,tarde,agencia,6.6,False,False,2025-03-25,voluntario,SE
C000044,CD-PR1,proprio,2025-02-14,manha,agencia,8.1,False,False,2025-03-11,voluntario,S
C000045,CD-PR1,proprio,2025-02-21,tarde,indicacao,17.6,False,False,,,S
C000046,CD-PR1,proprio,2025-02-04,noite,indicacao,18.9,False,False,2025-02-13,involuntario,S
C000047,CD-PR1,proprio,2025-02-12,noite,agencia,4.4,False,False,,,S
C000048,CD-PR1,proprio,2025-02-22,manha,anuncio,10.0,False,False,,,S
C000049,CD-PR1,proprio,2025-02-04,manha,anuncio,4.0,False,False,2025-03-24,voluntario,S
C000050,CD-PR1,proprio,2025-02-27,tarde,indicacao,10.4,False,False,,,S
C000051,CD-RJ1,proprio,2025-02-28,tarde,agencia,6.2,False,False,,,SE
C000052,CD-RJ1,proprio,2025-02-04,manha,anuncio,4.2,False,False,2025-09-20,voluntario,SE
C000053,CD-RJ1,proprio,2025-02-06,manha,anuncio,18.6,False,False,2025-10-04,voluntario,SE
C000054,CD-RJ1,proprio,2025-02-15,noite,anuncio,16.8,False,False,2025-09-19,voluntario,SE
C000055,CD-RJ1,proprio,2025-02-14,noite,indicacao,5.9,False,False,,,SE
C000056,CD-SP1,proprio,2025-02-15,noite,indicacao,11.5,False,False,2025-03-01,involuntario,SE
C000057,CD-SP1,proprio,2025-02-27,tarde,indicacao,8.3,False,False,,,SE
C000058,CD-SP1,proprio,2025-02-06,manha,agencia,8.1,False,False,2026-09-14,involuntario,SE
C000059,CD-SP1,proprio,2025-02-11,tarde,agencia,14.3,False,False,2025-05-02,voluntario,SE
C000060,CD-SP1,proprio,2025-02-07,tarde,indicacao,11.0,False,False,2025-02-14,voluntario,SE
C000061,CD-SP1,proprio,2025-02-18,tarde,agencia,9.0,False,False,2025-02-28,voluntario,SE
C000062,CD-SP1,proprio,2025-02-21,noite,indicacao,33.3,False,False,2025-03-28,involuntario,SE
C000063,CD-SP1,proprio,2025-02-07,manha,agencia,8.8,False,False,2025-04-09,voluntario,SE
C000064,CD-SP1,proprio,2025-02-22,noite,indicacao,8.3,False,False,2025-03-13,voluntario,SE
C000065,CD-SP1,proprio,2025-02-20,tarde,agencia,3.2,False,False,,,SE
C000066,CD-SP1,proprio,2025-02-08,noite,anuncio,32.1,False,False,2025-02-12,voluntario,SE
C000067,CD-SP1,proprio,2025-02-02,manha,agencia,4.7,False,False,2025-02-19,voluntario,SE
C000068,CD-SP2,3PL,2025-02-20,tarde,agencia,18.6,False,False,,,SE
C000069,CD-SP2,3PL,2025-02-19,manha,anuncio,5.2,False,False,,,SE
C000070,CD-SP2,3PL,2025-02-25,tarde,agencia,8.6,False,False,,,SE
C000071,CD-SP2,3PL,2025-02-14,noite,anuncio,12.9,False,False,2025-02-24,voluntario,SE
C000072,CD-SP2,3PL,2025-02-14,tarde,anuncio,33.6,False,False,,,SE
C000073,CD-SP2,3PL,2025-02-15,tarde,indicacao,5.6,False,False,2025-02-27,voluntario,SE
C000074,CD-SP2,3PL,2025-02-24,manha,indicacao,20.6,False,False,2026-04-29,voluntario,SE
C000075,CD-SP2,3PL,2025-02-12,tarde,anuncio,6.2,False,False,2025-04-06,voluntario,SE
C000076,CD-SP2,3PL,2025-02-03,tarde,agencia,10.9,False,False,2025-02-17,involuntario,SE
C000077,CD-SP2,3PL,2025-02-06,manha,agencia,4.9,False,False,2025-02-08,voluntario,SE
C000078,CD-SP2,3PL,2025-02-04,noite,anuncio,10.0,False,False,2025-02-11,voluntario,SE
C000079,CD-SP2,3PL,2025-02-02,noite,anuncio,12.5,False,False,2025-02-11,involuntario,SE
C000080,CD-SP2,3PL,2025-02-05,noite,anuncio,14.6,False,False,2025-03-15,voluntario,SE
C000081,CD-SP2,3PL,2025-02-13,manha,agencia,14.1,False,False,2025-04-22,voluntario,SE
C000082,CD-PR1,proprio,2025-03-25,tarde,agencia,8.7,False,False,2025-12-23,voluntario,S
C000083,CD-PR1,proprio,2025-03-17,tarde,agencia,7.2,False,False,2025-05-02,voluntario,S
C000084,CD-PR1,proprio,2025-03-15,tarde,anuncio,16.3,False,False,2025-11-12,voluntario,S
C000085,CD-PR1,proprio,2025-03-02,manha,agencia,20.7,False,False,2025-03-12,voluntario,S
C000086,CD-PR1,proprio,2025-03-13,manha,indicacao,4.7,False,False,2025-05-05,voluntario,S
C000087,CD-PR1,proprio,2025-03-15,tarde,agencia,8.4,False,False,2025-09-27,involuntario,S
C000088,CD-PR1,proprio,2025-03-19,manha,agencia,6.6,False,False,2025-10-01,voluntario,S
C000089,CD-PR1,proprio,2025-03-23,manha,anuncio,10.8,False,False,2026-09-12,involuntario,S
C000090,CD-PR1,proprio,2025-03-19,noite,agencia,6.4,False,False,2025-08-22,involuntario,S
C000091,CD-PR1,proprio,2025-03-21,manha,indicacao,10.1,False,False,,,S
C000092,CD-PR1,proprio,2025-03-01,manha,agencia,15.5,False,False,,,S
C000093,CD-PR1,proprio,2025-03-08,tarde,agencia,3.5,False,False,,,S
C000094,CD-PR1,proprio,2025-03-10,tarde,agencia,6.5,False,False,2025-12-31,voluntario,S
C000095,CD-PR1,proprio,2025-03-22,manha,agencia,9.2,False,False,,,S
C000096,CD-PR1,proprio,2025-03-10,manha,indicacao,5.7,False,False,2025-08-08,involuntario,S
C000097,CD-PR1,proprio,2025-03-16,noite,anuncio,11.6,False,False,2025-04-04,voluntario,S
C000098,CD-PR1,proprio,2025-03-22,noite,indicacao,5.0,False,False,,,S
C000099,CD-PR1,proprio,2025-03-13,noite,agencia,11.1,False,False,2025-04-23,involuntario,S
C000100,CD-PR1,proprio,2025-03-14,tarde,anuncio,8.8,False,False,,,S
C000101,CD-PR1,proprio,2025-03-17,manha,anuncio,5.8,False,False,,,S
C000102,CD-PR1,proprio,2025-03-17,noite,anuncio,4.3,False,False,2025-04-05,voluntario,S
C000103,CD-PR1,proprio,2025-03-13,noite,indicacao,11.0,False,False,,,S
C000104,CD-PR1,proprio,2025-03-31,manha,agencia,26.1,False,False,2025-04-02,voluntario,S
C000105,CD-PR1,proprio,2025-03-16,manha,anuncio,13.7,False,False,,,S
C000106,CD-PR1,proprio,2025-03-25,manha,indicacao,13.4,False,False,2026-05-26,voluntario,S
C000107,CD-PR1,proprio,2025-03-14,manha,agencia,7.3,False,False,2025-04-28,involuntario,S
C000108,CD-PR1,proprio,2025-03-06,noite,anuncio,9.1,False,False,2025-03-10,voluntario,S
C000109,CD-PR1,proprio,2025-03-10,tarde,agencia,5.2,False,False,,,S
C000110,CD-PR1,proprio,2025-03-12,manha,anuncio,5.8,False,False,,,S
C000111,CD-PR1,proprio,2025-03-25,manha,agencia,12.2,False,False,2025-04-30,voluntario,S
C000112,CD-PR1,proprio,2025-03-29,manha,agencia,4.9,False,False,2025-06-18,voluntario,S
C000113,CD-PR1,proprio,2025-03-13,manha,agencia,8.1,False,False,,,S
C000114,CD-PR1,proprio,2025-03-11,manha,indicacao,5.7,False,False,2025-03-13,voluntario,S
C000115,CD-PR1,proprio,2025-03-01,manha,agencia,8.0,False,False,,,S
C000116,CD-PR1,proprio,2025-03-28,tarde,anuncio,5.4,False,False,,,S
C000117,CD-PR1,proprio,2025-03-13,manha,anuncio,3.0,False,False,2025-04-26,involuntario,S
C000118,CD-PR1,proprio,2025-03-20,manha,anuncio,11.4,False,False,,,S
C000119,CD-PR1,proprio,2025-03-19,manha,indicacao,8.9,False,False,2025-05-11,voluntario,S
C000120,CD-PR1,proprio,2025-03-09,manha,agencia,14.0,False,False,2025-05-13,voluntario,S
C000121,CD-PR1,proprio,2025-03-24,manha,anuncio,20.7,False,False,,,S
C000122,CD-PR1,proprio,2025-03-27,tarde,anuncio,11.6,False,False,2025-03-30,involuntario,S
C000123,CD-PR1,proprio,2025-03-18,noite,agencia,14.1,False,False,,,S
C000124,CD-PR1,proprio,2025-03-21,manha,indicacao,14.0,False,False,,,S
C000125,CD-PR1,proprio,2025-03-31,manha,agencia,23.7,False,False,2025-05-20,voluntario,S
C000126,CD-PR1,proprio,2025-03-26,tarde,indicacao,5.7,False,False,2025-07-23,involuntario,S
C000127,CD-PR1,proprio,2025-03-02,noite,indicacao,7.7,False,False,2025-04-16,voluntario,S
C000128,CD-PR1,proprio,2025-03-15,noite,indicacao,6.7,False,False,,,S
C000129,CD-PR1,proprio,2025-03-16,noite,anuncio,9.3,False,False,,,S
C000130,CD-PR1,proprio,2025-03-31,noite,anuncio,6.1,False,False,,,S
C000131,CD-PR1,proprio,2025-03-29,tarde,agencia,5.2,False,False,2025-04-08,voluntario,S
C000132,CD-PR1,proprio,2025-03-29,manha,agencia,6.6,False,False,,,S
C000133,CD-PR1,proprio,2025-03-14,tarde,agencia,5.4,False,False,,,S
C000134,CD-PR1,proprio,2025-03-06,manha,agencia,6.0,False,False,2025-03-09,voluntario,S
C000135,CD-PR1,proprio,2025-03-18,tarde,agencia,3.5,False,False,2025-10-26,involuntario,S
C000136,CD-PR1,proprio,2025-03-02,manha,agencia,27.8,False,False,,,S
C000137,CD-PR1,proprio,2025-03-14,tarde,anuncio,5.7,False,False,,,S
C000138,CD-PR1,proprio,2025-03-16,tarde,agencia,16.0,False,False,,,S
C000139,CD-PR1,proprio,2025-03-12,noite,anuncio,15.8,False,False,,,S
C000140,CD-PR1,proprio,2025-03-16,manha,anuncio,9.5,False,False,,,S
C000141,CD-PR1,proprio,2025-03-24,manha,anuncio,5.3,False,False,2025-04-15,voluntario,S
C000142,CD-PR1,proprio,2025-03-18,manha,agencia,16.3,False,False,2025-10-07,involuntario,S
C000143,CD-PR1,proprio,2025-03-21,noite,anuncio,15.1,False,False,2026-06-10,voluntario,S
C000144,CD-PR1,proprio,2025-03-07,tarde,anuncio,14.5,False,False,,,S
C000145,CD-PR1,proprio,2025-03-14,manha,anuncio,14.8,False,False,,,S
C000146,CD-PR1,proprio,2025-03-20,manha,anuncio,11.9,False,False,2025-04-27,involuntario,S
C000147,CD-PR1,proprio,2025-03-19,noite,agencia,12.8,False,False,2025-04-11,voluntario,S
C000148,CD-PR1,proprio,2025-03-21,noite,anuncio,15.1,False,False,2026-08-10,voluntario,S
C000149,CD-PR1,proprio,2025-03-14,manha,anuncio,6.4,False,False,,,S
C000150,CD-PR1,proprio,2025-03-10,tarde,indicacao,8.6,False,False,,,S
C000151,CD-PR1,proprio,2025-03-15,noite,agencia,4.3,False,False,2025-03-22,involuntario,S
C000152,CD-PR1,proprio,2025-03-07,manha,agencia,20.3,False,False,2025-03-10,voluntario,S
C000153,CD-PR1,proprio,2025-03-29,tarde,indicacao,11.5,False,False,,,S
C000154,CD-PR1,proprio,2025-03-11,tarde,agencia,4.5,False,False,,,S
C000155,CD-PR1,proprio,2025-03-25,tarde,anuncio,2.5,False,False,2025-04-05,voluntario,S
C000156,CD-PR1,proprio,2025-03-06,tarde,anuncio,9.6,False,False,,,S
C000157,CD-PR1,proprio,2025-03-17,noite,agencia,8.2,False,False,,,S
C000158,CD-PR1,proprio,2025-03-04,noite,anuncio,6.8,False,False,2025-03-27,voluntario,S
C000159,CD-PR1,proprio,2025-03-13,manha,anuncio,10.7,False,False,,,S
C000160,CD-PR1,proprio,2025-03-09,tarde,indicacao,15.4,False,False,,,S
C000161,CD-PR1,proprio,2025-03-12,manha,indicacao,17.7,False,False,2025-04-13,voluntario,S
C000162,CD-PR1,proprio,2025-03-22,manha,indicacao,19.8,False,False,2026-03-29,voluntario,S
C000163,CD-PR1,proprio,2025-03-07,manha,anuncio,9.3,False,False,2025-03-29,involuntario,S
C000164,CD-PR1,proprio,2025-03-31,noite,anuncio,23.2,False,False,,,S
C000165,CD-PR1,proprio,2025-03-13,noite,agencia,7.1,False,False,2025-04-26,involuntario,S
C000166,CD-PR1,proprio,2025-03-06,manha,indicacao,10.8,False,False,2025-08-17,voluntario,S
C000167,CD-PR1,proprio,2025-03-01,manha,agencia,11.8,False,False,,,S
C000168,CD-PR1,proprio,2025-03-16,tarde,agencia,13.8,False,False,,,S
C000169,CD-PR1,proprio,2025-03-16,tarde,anuncio,4.9,False,False,2026-04-07,involuntario,S
C000170,CD-PR1,proprio,2025-03-09,noite,agencia,14.2,False,False,2026-02-23,involuntario,S
C000171,CD-PR1,proprio,2025-03-15,manha,indicacao,12.7,False,False,2025-04-26,voluntario,S
C000172,CD-PR1,proprio,2025-03-28,noite,anuncio,4.2,False,False,2025-04-23,voluntario,S
C000173,CD-PR1,proprio,2025-03-05,tarde,agencia,9.8,False,False,,,S
C000174,CD-PR1,proprio,2025-03-24,tarde,anuncio,8.1,False,False,2025-09-20,voluntario,S
C000175,CD-PR1,proprio,2025-03-30,noite,agencia,25.8,False,False,2025-04-30,involuntario,S
C000176,CD-PR1,proprio,2025-03-29,noite,indicacao,11.3,False,False,,,S
C000177,CD-PR1,proprio,2025-03-28,manha,anuncio,7.4,False,False,2025-04-30,voluntario,S
C000178,CD-RJ1,proprio,2025-03-14,noite,indicacao,6.9,False,False,,,SE
C000179,CD-RJ1,proprio,2025-03-10,tarde,anuncio,15.2,False,False,2025-05-12,voluntario,SE
C000180,CD-RJ1,proprio,2025-03-16,manha,anuncio,10.7,False,False,,,SE
C000181,CD-RJ1,proprio,2025-03-20,noite,anuncio,9.7,False,False,2025-04-11,voluntario,SE
C000182,CD-RJ1,proprio,2025-03-11,tarde,anuncio,13.1,False,False,,,SE
C000183,CD-RJ1,proprio,2025-03-13,tarde,agencia,9.6,False,False,,,SE
C000184,CD-RJ1,proprio,2025-03-28,noite,anuncio,18.7,False,False,2025-04-19,voluntario,SE
C000185,CD-RJ1,proprio,2025-03-08,tarde,anuncio,7.9,False,False,2025-04-14,voluntario,SE
C000186,CD-RJ1,proprio,2025-03-30,manha,indicacao,5.3,False,False,2026-04-30,voluntario,SE
C000187,CD-RJ1,proprio,2025-03-07,manha,anuncio,7.6,False,False,,,SE
C000188,CD-RJ1,proprio,2025-03-07,noite,indicacao,8.9,False,False,2025-04-03,voluntario,SE
C000189,CD-RJ1,proprio,2025-03-22,manha,anuncio,10.2,False,False,2025-03-29,voluntario,SE
C000190,CD-RJ1,proprio,2025-03-10,tarde,anuncio,10.3,False,False,2026-06-02,voluntario,SE
C000191,CD-RJ1,proprio,2025-03-12,tarde,indicacao,10.5,False,False,,,SE
C000192,CD-RJ1,proprio,2025-03-05,tarde,anuncio,6.5,False,False,,,SE
C000193,CD-RJ1,proprio,2025-03-11,tarde,agencia,4.1,False,False,2025-07-01,voluntario,SE
C000194,CD-RJ1,proprio,2025-03-11,manha,agencia,3.2,False,False,2025-10-27,involuntario,SE
C000195,CD-RJ1,proprio,2025-03-24,manha,indicacao,13.4,False,False,2026-08-10,involuntario,SE
C000196,CD-RJ1,proprio,2025-03-06,manha,indicacao,2.5,False,False,,,SE
C000197,CD-RJ1,proprio,2025-03-11,tarde,anuncio,10.5,False,False,2025-05-16,voluntario,SE
C000198,CD-RJ1,proprio,2025-03-16,noite,anuncio,11.7,False,False,,,SE
C000199,CD-RJ1,proprio,2025-03-22,manha,agencia,12.6,False,False,2025-04-03,involuntario,SE
C000200,CD-RJ1,proprio,2025-03-16,manha,anuncio,11.6,False,False,2025-03-17,involuntario,SE
C000201,CD-RJ1,proprio,2025-03-16,manha,indicacao,8.6,False,False,,,SE
C000202,CD-RJ1,proprio,2025-03-07,manha,anuncio,4.4,False,False,2025-06-15,voluntario,SE
C000203,CD-RJ1,proprio,2025-03-17,noite,anuncio,6.3,False,False,2025-03-29,involuntario,SE
C000204,CD-RJ1,proprio,2025-03-22,noite,indicacao,19.1,False,False,2025-09-15,involuntario,SE
C000205,CD-RJ1,proprio,2025-03-08,tarde,indicacao,11.8,False,False,2025-04-03,voluntario,SE
C000206,CD-RJ1,proprio,2025-03-27,tarde,anuncio,4.9,False,False,,,SE
C000207,CD-RJ1,proprio,2025-03-15,noite,indicacao,5.4,False,False,2025-04-19,voluntario,SE
C000208,CD-RJ1,proprio,2025-03-01,tarde,indicacao,27.3,False,False,2025-03-12,involuntario,SE
C000209,CD-RJ1,proprio,2025-03-30,manha,anuncio,4.7,False,False,2026-04-27,voluntario,SE
C000210,CD-RJ1,proprio,2025-03-04,tarde,agencia,9.0,False,False,2025-03-09,voluntario,SE
C000211,CD-RJ1,proprio,2025-03-16,noite,agencia,10.0,False,False,2026-08-31,voluntario,SE
C000212,CD-RJ1,proprio,2025-03-28,manha,indicacao,15.5,False,False,2026-04-18,voluntario,SE
C000213,CD-RJ1,proprio,2025-03-29,tarde,anuncio,15.3,False,False,,,SE
C000214,CD-RJ1,proprio,2025-03-27,tarde,anuncio,12.5,False,False,2025-04-16,voluntario,SE
C000215,CD-RJ1,proprio,2025-03-12,manha,anuncio,9.5,False,False,2026-04-10,involuntario,SE
C000216,CD-RJ1,proprio,2025-03-07,noite,anuncio,12.1,False,False,2025-12-04,voluntario,SE
C000217,CD-RJ1,proprio,2025-03-25,tarde,agencia,49.4,False,False,2025-04-27,voluntario,SE
C000218,CD-RJ1,proprio,2025-03-25,manha,anuncio,60.0,False,False,2025-04-27,voluntario,SE
C000219,CD-RJ1,proprio,2025-03-30,tarde,anuncio,12.7,False,False,,,SE
C000220,CD-RJ1,proprio,2025-03-13,manha,indicacao,7.2,False,False,2025-04-02,involuntario,SE
C000221,CD-RJ1,proprio,2025-03-11,manha,anuncio,9.1,False,False,,,SE
C000222,CD-RJ1,proprio,2025-03-31,manha,indicacao,14.5,False,False,,,SE
C000223,CD-RJ1,proprio,2025-03-15,manha,agencia,5.3,False,False,2025-04-29,voluntario,SE
C000224,CD-RJ1,proprio,2025-03-27,tarde,anuncio,13.4,False,False,2025-04-17,voluntario,SE
C000225,CD-RJ1,proprio,2025-03-16,noite,anuncio,10.0,False,False,,,SE
C000226,CD-RJ1,proprio,2025-03-27,manha,indicacao,3.9,False,False,,,SE
C000227,CD-RJ1,proprio,2025-03-03,noite,indicacao,11.2,False,False,,,SE
C000228,CD-RJ1,proprio,2025-03-04,manha,anuncio,6.8,False,False,,,SE
C000229,CD-RJ1,proprio,2025-03-11,noite,indicacao,16.3,False,False,2025-10-30,voluntario,SE
C000230,CD-RJ1,proprio,2025-03-24,noite,agencia,8.2,False,False,2025-08-14,voluntario,SE
C000231,CD-RJ1,proprio,2025-03-14,manha,agencia,4.0,False,False,2026-04-24,voluntario,SE
C000232,CD-RJ1,proprio,2025-03-07,noite,agencia,7.0,False,False,2025-04-01,voluntario,SE
C000233,CD-RJ1,proprio,2025-03-10,noite,anuncio,10.0,False,False,2025-03-11,voluntario,SE
C000234,CD-RJ1,proprio,2025-03-11,noite,anuncio,3.0,False,False,2025-04-10,voluntario,SE
C000235,CD-RJ1,proprio,2025-03-18,manha,anuncio,12.8,False,False,,,SE
C000236,CD-SP1,proprio,2025-03-27,noite,indicacao,5.8,False,False,2026-09-09,voluntario,SE
C000237,CD-SP1,proprio,2025-03-11,manha,agencia,13.7,False,False,2025-04-02,voluntario,SE
C000238,CD-SP1,proprio,2025-03-19,tarde,agencia,25.0,False,False,2025-05-12,voluntario,SE
C000239,CD-SP1,proprio,2025-03-18,manha,anuncio,17.2,False,False,,,SE
C000240,CD-SP1,proprio,2025-03-31,noite,indicacao,8.3,False,False,,,SE
C000241,CD-SP1,proprio,2025-03-26,manha,agencia,15.5,False,False,,,SE
C000242,CD-SP1,proprio,2025-03-26,manha,indicacao,12.2,False,False,2025-04-16,voluntario,SE
C000243,CD-SP1,proprio,2025-03-10,tarde,anuncio,9.3,False,False,2026-01-14,voluntario,SE
C000244,CD-SP1,proprio,2025-03-14,manha,indicacao,50.5,False,False,,,SE
C000245,CD-SP1,proprio,2025-03-28,manha,anuncio,15.2,False,False,2025-04-25,voluntario,SE
C000246,CD-SP1,proprio,2025-03-17,tarde,agencia,6.7,False,False,,,SE
C000247,CD-SP1,proprio,2025-03-15,noite,anuncio,10.4,False,False,2026-04-11,involuntario,SE
C000248,CD-SP1,proprio,2025-03-12,tarde,agencia,12.2,False,False,2025-04-01,voluntario,SE
C000249,CD-SP1,proprio,2025-03-24,manha,anuncio,11.6,False,False,2025-04-27,involuntario,SE
C000250,CD-SP1,proprio,2025-03-25,manha,agencia,9.1,False,False,2025-04-16,involuntario,SE
C000251,CD-SP1,proprio,2025-03-05,tarde,anuncio,11.0,False,False,2025-05-21,involuntario,SE
C000252,CD-SP1,proprio,2025-03-03,noite,agencia,8.2,False,False,,,SE
C000253,CD-SP1,proprio,2025-03-26,noite,anuncio,10.7,False,False,2025-04-12,voluntario,SE
C000254,CD-SP1,proprio,2025-03-20,manha,anuncio,26.0,False,False,2025-03-30,voluntario,SE
C000255,CD-SP1,proprio,2025-03-15,manha,agencia,11.5,False,False,2025-07-07,voluntario,SE
C000256,CD-SP1,proprio,2025-03-19,manha,anuncio,9.9,False,False,,,SE
C000257,CD-SP1,proprio,2025-03-20,noite,indicacao,19.1,False,False,2025-03-21,voluntario,SE
C000258,CD-SP1,proprio,2025-03-19,tarde,agencia,15.2,False,False,2025-04-27,involuntario,SE
C000259,CD-SP1,proprio,2025-03-28,tarde,anuncio,7.9,False,False,,,SE
C000260,CD-SP1,proprio,2025-03-13,tarde,indicacao,4.8,False,False,,,SE
C000261,CD-SP1,proprio,2025-03-19,noite,indicacao,4.0,False,False,2026-04-15,involuntario,SE
C000262,CD-SP1,proprio,2025-03-28,noite,agencia,14.1,False,False,2025-06-30,voluntario,SE
C000263,CD-SP1,proprio,2025-03-05,noite,anuncio,42.3,False,False,2025-03-23,voluntario,SE
C000264,CD-SP1,proprio,2025-03-04,manha,agencia,8.4,False,False,2025-03-18,voluntario,SE
C000265,CD-SP1,proprio,2025-03-11,noite,agencia,2.2,False,False,,,SE
C000266,CD-SP1,proprio,2025-03-09,manha,indicacao,18.2,False,False,2025-10-23,voluntario,SE
C000267,CD-SP1,proprio,2025-03-24,manha,agencia,10.9,False,False,,,SE
C000268,CD-SP1,proprio,2025-03-24,manha,agencia,8.2,False,False,,,SE
C000269,CD-SP1,proprio,2025-03-11,manha,indicacao,4.6,False,False,2025-03-12,voluntario,SE
C000270,CD-SP1,proprio,2025-03-14,manha,agencia,19.1,False,False,2025-04-11,involuntario,SE
C000271,CD-SP1,proprio,2025-03-20,manha,agencia,9.5,False,False,,,SE
C000272,CD-SP1,proprio,2025-03-06,tarde,indicacao,16.1,False,False,,,SE
C000273,CD-SP1,proprio,2025-03-18,manha,indicacao,9.3,False,False,2025-03-23,voluntario,SE
C000274,CD-SP1,proprio,2025-03-18,manha,anuncio,26.0,False,False,,,SE
C000275,CD-SP1,proprio,2025-03-05,tarde,agencia,10.3,False,False,,,SE
C000276,CD-SP1,proprio,2025-03-11,manha,agencia,6.2,False,False,,,SE
C000277,CD-SP1,proprio,2025-03-31,noite,anuncio,12.4,False,False,2025-06-23,involuntario,SE
C000278,CD-SP1,proprio,2025-03-10,noite,anuncio,9.7,False,False,2025-05-27,voluntario,SE
C000279,CD-SP1,proprio,2025-03-15,tarde,agencia,4.9,False,False,,,SE
C000280,CD-SP1,proprio,2025-03-08,manha,agencia,5.6,False,False,2025-03-19,voluntario,SE
C000281,CD-SP1,proprio,2025-03-25,tarde,anuncio,9.5,False,False,2025-05-08,voluntario,SE
C000282,CD-SP1,proprio,2025-03-18,noite,agencia,19.7,False,False,2025-03-20,voluntario,SE
C000283,CD-SP1,proprio,2025-03-15,manha,agencia,6.8,False,False,,,SE
C000284,CD-SP1,proprio,2025-03-14,tarde,agencia,16.3,False,False,2025-04-03,involuntario,SE
C000285,CD-SP1,proprio,2025-03-30,manha,agencia,8.3,False,False,2026-07-26,involuntario,SE
C000286,CD-SP1,proprio,2025-03-11,manha,indicacao,20.4,False,False,,,SE
C000287,CD-SP1,proprio,2025-03-19,noite,anuncio,27.2,False,False,2025-05-04,involuntario,SE
C000288,CD-SP1,proprio,2025-03-03,tarde,agencia,10.3,False,False,,,SE
C000289,CD-SP1,proprio,2025-03-09,manha,anuncio,6.6,False,False,2025-07-31,voluntario,SE
C000290,CD-SP1,proprio,2025-03-28,manha,anuncio,6.5,False,False,,,SE
C000291,CD-SP1,proprio,2025-03-28,manha,agencia,16.5,False,False,,,SE
C000292,CD-SP1,proprio,2025-03-19,tarde,anuncio,5.5,False,False,,,SE
C000293,CD-SP1,proprio,2025-03-19,manha,indicacao,3.6,False,False,,,SE
C000294,CD-SP1,proprio,2025-03-31,manha,anuncio,18.2,False,False,,,SE
C000295,CD-SP1,proprio,2025-03-31,manha,anuncio,5.7,False,False,2025-06-06,voluntario,SE
C000296,CD-SP1,proprio,2025-03-05,noite,indicacao,4.4,False,False,2025-04-02,voluntario,SE
C000297,CD-SP1,proprio,2025-03-24,tarde,anuncio,6.0,False,False,2025-07-09,voluntario,SE
C000298,CD-SP1,proprio,2025-03-28,manha,anuncio,8.2,False,False,2026-02-13,voluntario,SE
C000299,CD-SP1,proprio,2025-03-11,tarde,anuncio,4.7,False,False,,,SE
C000300,CD-SP1,proprio,2025-03-16,tarde,anuncio,4.9,False,False,2025-03-19,voluntario,SE
C000301,CD-SP1,proprio,2025-03-07,manha,indicacao,10.5,False,False,,,SE
C000302,CD-SP1,proprio,2025-03-22,tarde,anuncio,6.9,False,False,2025-07-08,voluntario,SE
C000303,CD-SP1,proprio,2025-03-19,manha,indicacao,11.8,False,False,2026-03-08,voluntario,SE
C000304,CD-SP1,proprio,2025-03-10,tarde,anuncio,12.9,False,False,,,SE
C000305,CD-SP1,proprio,2025-03-19,noite,anuncio,6.6,False,False,2025-12-19,voluntario,SE
C000306,CD-SP1,proprio,2025-03-01,noite,anuncio,8.4,False,False,2025-05-31,voluntario,SE
C000307,CD-SP1,proprio,2025-03-26,noite,agencia,14.5,False,False,2025-05-06,voluntario,SE
C000308,CD-SP1,proprio,2025-03-09,manha,anuncio,17.8,False,False,2025-03-13,voluntario,SE
C000309,CD-SP1,proprio,2025-03-13,manha,anuncio,2.4,False,False,,,SE
C000310,CD-SP1,proprio,2025-03-09,noite,anuncio,4.1,False,False,2025-07-20,voluntario,SE
C000311,CD-SP1,proprio,2025-03-11,manha,anuncio,10.2,False,False,,,SE
C000312,CD-SP1,proprio,2025-03-24,tarde,agencia,9.3,False,False,,,SE
C000313,CD-SP1,proprio,2025-03-02,manha,anuncio,7.8,False,False,,,SE
C000314,CD-SP1,proprio,2025-03-14,tarde,anuncio,7.4,False,False,,,SE
C000315,CD-SP1,proprio,2025-03-30,manha,anuncio,5.9,False,False,,,SE
C000316,CD-SP1,proprio,2025-03-12,noite,anuncio,21.1,False,False,2025-03-22,voluntario,SE
C000317,CD-SP1,proprio,2025-03-15,noite,anuncio,5.2,False,False,2025-03-19,voluntario,SE
C000318,CD-SP1,proprio,2025-03-08,noite,anuncio,8.7,False,False,2025-04-23,voluntario,SE
C000319,CD-SP1,proprio,2025-03-02,tarde,anuncio,8.7,False,False,2025-03-28,voluntario,SE
C000320,CD-SP1,proprio,2025-03-02,manha,agencia,14.8,False,False,2025-03-30,voluntario,SE
C000321,CD-SP1,proprio,2025-03-25,manha,anuncio,13.9,False,False,,,SE
C000322,CD-SP1,proprio,2025-03-14,manha,indicacao,9.1,False,False,2025-04-27,voluntario,SE
C000323,CD-SP1,proprio,2025-03-06,noite,agencia,8.0,False,False,,,SE
C000324,CD-SP1,proprio,2025-03-21,manha,indicacao,5.4,False,False,,,SE
C000325,CD-SP1,proprio,2025-03-26,tarde,anuncio,18.0,False,False,2025-03-27,involuntario,SE
C000326,CD-SP1,proprio,2025-03-05,manha,agencia,3.5,False,False,,,SE
C000327,CD-SP1,proprio,2025-03-19,noite,indicacao,5.3,False,False,,,SE
C000328,CD-SP1,proprio,2025-03-06,tarde,indicacao,15.0,False,False,2025-07-22,voluntario,SE
C000329,CD-SP1,proprio,2025-03-04,manha,anuncio,5.3,False,False,2025-11-18,involuntario,SE
C000330,CD-SP1,proprio,2025-03-20,manha,agencia,13.0,False,False,,,SE
C000331,CD-SP1,proprio,2025-03-22,noite,anuncio,19.3,False,False,2025-05-13,involuntario,SE
C000332,CD-SP1,proprio,2025-03-21,tarde,indicacao,17.6,False,False,2025-11-13,voluntario,SE
C000333,CD-SP1,proprio,2025-03-13,tarde,agencia,6.3,False,False,,,SE
C000334,CD-SP1,proprio,2025-03-02,manha,indicacao,7.4,False,False,,,SE
C000335,CD-SP1,proprio,2025-03-13,manha,agencia,5.1,False,False,2025-04-26,voluntario,SE
C000336,CD-SP1,proprio,2025-03-10,manha,agencia,9.9,False,False,2025-03-27,voluntario,SE
C000337,CD-SP1,proprio,2025-03-19,manha,anuncio,22.6,False,False,2025-06-23,involuntario,SE
C000338,CD-SP1,proprio,2025-03-05,manha,indicacao,9.3,False,False,,,SE
C000339,CD-SP1,proprio,2025-03-08,noite,agencia,9.1,False,False,2025-04-12,voluntario,SE
C000340,CD-SP1,proprio,2025-03-30,manha,agencia,9.9,False,False,2025-05-04,voluntario,SE
C000341,CD-SP1,proprio,2025-03-19,manha,anuncio,8.6,False,False,,,SE
C000342,CD-SP1,proprio,2025-03-08,tarde,agencia,12.8,False,False,,,SE
C000343,CD-SP1,proprio,2025-03-07,tarde,agencia,4.0,False,False,,,SE
C000344,CD-SP1,proprio,2025-03-23,manha,anuncio,9.8,False,False,2025-04-14,voluntario,SE
C000345,CD-SP1,proprio,2025-03-25,manha,anuncio,13.3,False,False,2026-05-24,voluntario,SE
C000346,CD-SP1,proprio,2025-03-23,tarde,agencia,16.0,False,False,2025-04-03,involuntario,SE
C000347,CD-SP1,proprio,2025-03-09,manha,indicacao,20.8,False,False,,,SE
C000348,CD-SP1,proprio,2025-03-28,noite,anuncio,6.0,False,False,2025-04-17,voluntario,SE
C000349,CD-SP1,proprio,2025-03-02,tarde,agencia,5.5,False,False,2025-08-03,voluntario,SE
C000350,CD-SP1,proprio,2025-03-10,manha,anuncio,7.3,False,False,2025-04-09,voluntario,SE
C000351,CD-SP1,proprio,2025-03-12,manha,agencia,14.0,False,False,2025-04-08,voluntario,SE
C000352,CD-SP1,proprio,2025-03-26,noite,indicacao,4.2,False,False,2026-06-17,voluntario,SE
C000353,CD-SP1,proprio,2025-03-18,noite,indicacao,10.3,False,False,,,SE
C000354,CD-SP1,proprio,2025-03-28,manha,indicacao,10.5,False,False,2025-10-24,involuntario,SE
C000355,CD-SP1,proprio,2025-03-19,noite,anuncio,6.7,False,False,,,SE
C000356,CD-SP1,proprio,2025-03-23,tarde,agencia,13.8,False,False,2025-04-02,voluntario,SE
C000357,CD-SP1,proprio,2025-03-10,manha,anuncio,4.4,False,False,2025-05-03,voluntario,SE
C000358,CD-SP1,proprio,2025-03-17,manha,anuncio,19.4,False,False,2025-04-07,voluntario,SE
C000359,CD-SP1,proprio,2025-03-04,tarde,anuncio,12.8,False,False,,,SE
C000360,CD-SP1,proprio,2025-03-12,noite,anuncio,8.0,False,False,2025-03-25,involuntario,SE
C000361,CD-SP1,proprio,2025-03-10,manha,anuncio,4.5,False,False,,,SE
C000362,CD-SP1,proprio,2025-03-10,manha,agencia,9.0,False,False,2025-03-31,voluntario,SE
C000363,CD-SP1,proprio,2025-03-24,manha,indicacao,12.6,False,False,2025-05-02,voluntario,SE
C000364,CD-SP1,proprio,2025-03-19,manha,anuncio,6.8,False,False,,,SE
C000365,CD-SP1,proprio,2025-03-29,noite,anuncio,3.2,False,False,2025-09-06,voluntario,SE
C000366,CD-SP1,proprio,2025-03-10,manha,anuncio,5.7,False,False,,,SE
C000367,CD-SP1,proprio,2025-03-03,manha,indicacao,36.2,False,False,2025-03-20,voluntario,SE
C000368,CD-SP1,proprio,2025-03-02,noite,anuncio,11.4,False,False,2025-06-04,involuntario,SE
C000369,CD-SP1,proprio,2025-03-14,noite,indicacao,7.8,False,False,2026-03-20,involuntario,SE
C000370,CD-SP1,proprio,2025-03-15,manha,indicacao,37.1,False,False,,,SE
C000371,CD-SP1,proprio,2025-03-28,manha,anuncio,15.2,False,False,2026-03-13,voluntario,SE
C000372,CD-SP1,proprio,2025-03-17,manha,agencia,24.2,False,False,2025-05-02,voluntario,SE
C000373,CD-SP1,proprio,2025-03-01,manha,agencia,11.2,False,False,2026-01-23,voluntario,SE
C000374,CD-SP1,proprio,2025-03-20,tarde,indicacao,15.2,False,False,2026-05-24,voluntario,SE
C000375,CD-SP1,proprio,2025-03-09,noite,anuncio,10.3,False,False,2025-12-28,involuntario,SE
C000376,CD-SP2,3PL,2025-03-11,tarde,anuncio,5.9,False,False,2026-06-07,voluntario,SE
C000377,CD-SP2,3PL,2025-03-25,noite,anuncio,8.4,False,False,,,SE
C000378,CD-SP2,3PL,2025-03-30,manha,agencia,9.7,False,False,2025-04-22,voluntario,SE
C000379,CD-SP2,3PL,2025-03-18,tarde,agencia,8.7,False,False,,,SE
C000380,CD-SP2,3PL,2025-03-07,manha,anuncio,6.3,False,False,,,SE
C000381,CD-SP2,3PL,2025-03-19,tarde,anuncio,7.8,False,False,2025-04-19,voluntario,SE
C000382,CD-SP2,3PL,2025-03-21,tarde,indicacao,7.3,False,False,2025-08-05,voluntario,SE
C000383,CD-SP2,3PL,2025-03-20,manha,agencia,7.0,False,False,2025-05-05,voluntario,SE
C000384,CD-SP2,3PL,2025-03-31,noite,agencia,19.4,False,False,2025-04-05,involuntario,SE
C000385,CD-SP2,3PL,2025-03-06,tarde,indicacao,10.6,False,False,,,SE
C000386,CD-SP2,3PL,2025-03-01,noite,anuncio,4.4,False,False,2025-05-12,voluntario,SE
C000387,CD-SP2,3PL,2025-03-02,manha,anuncio,4.2,False,False,,,SE
C000388,CD-SP2,3PL,2025-03-07,manha,agencia,7.3,False,False,2025-08-21,involuntario,SE
C000389,CD-SP2,3PL,2025-03-13,manha,anuncio,5.5,False,False,,,SE
C000390,CD-SP2,3PL,2025-03-06,manha,agencia,7.9,False,False,,,SE
C000391,CD-SP2,3PL,2025-03-14,noite,agencia,26.4,False,False,2025-03-15,voluntario,SE
C000392,CD-SP2,3PL,2025-03-05,manha,agencia,6.1,False,False,2025-12-25,involuntario,SE
C000393,CD-SP2,3PL,2025-03-24,tarde,indicacao,5.2,False,False,2026-05-13,voluntario,SE
C000394,CD-SP2,3PL,2025-03-01,tarde,anuncio,11.1,False,False,,,SE
C000395,CD-SP2,3PL,2025-03-08,noite,anuncio,5.9,False,False,2025-03-20,voluntario,SE
C000396,CD-SP2,3PL,2025-03-23,manha,anuncio,3.2,False,False,,,SE
C000397,CD-SP2,3PL,2025-03-15,manha,anuncio,7.7,False,False,2025-06-15,voluntario,SE
C000398,CD-SP2,3PL,2025-03-18,noite,agencia,3.8,False,False,,,SE
C000399,CD-SP2,3PL,2025-03-28,manha,anuncio,5.5,False,False,,,SE
C000400,CD-SP2,3PL,2025-03-31,manha,agencia,11.1,False,False,,,SE
C000401,CD-SP2,3PL,2025-03-16,tarde,anuncio,4.2,False,False,2025-03-20,voluntario,SE
C000402,CD-SP2,3PL,2025-03-14,manha,agencia,15.5,False,False,2025-04-16,involuntario,SE
C000403,CD-SP2,3PL,2025-03-24,manha,agencia,8.2,False,False,,,SE
C000404,CD-SP2,3PL,2025-03-01,noite,agencia,22.1,False,False,2025-03-15,voluntario,SE
C000405,CD-SP2,3PL,2025-03-30,manha,indicacao,9.5,False,False,2025-04-12,involuntario,SE
C000406,CD-SP2,3PL,2025-03-06,manha,agencia,8.5,False,False,,,SE
C000407,CD-SP2,3PL,2025-03-28,noite,anuncio,9.6,False,False,,,SE
C000408,CD-SP2,3PL,2025-03-30,noite,indicacao,12.5,False,False,2026-08-12,involuntario,SE
C000409,CD-SP2,3PL,2025-03-03,tarde,agencia,19.8,False,False,,,SE
C000410,CD-SP2,3PL,2025-03-21,tarde,indicacao,5.3,False,False,2025-10-10,voluntario,SE
C000411,CD-SP2,3PL,2025-03-04,manha,agencia,9.4,False,False,2026-06-17,involuntario,SE
C000412,CD-SP2,3PL,2025-03-06,manha,anuncio,8.9,False,False,,,SE
C000413,CD-SP2,3PL,2025-03-03,manha,indicacao,17.7,False,False,,,SE
C000414,CD-SP2,3PL,2025-03-24,manha,anuncio,10.5,False,False,2026-06-06,voluntario,SE
C000415,CD-SP2,3PL,2025-03-12,tarde,indicacao,5.7,False,False,2025-03-23,voluntario,SE
C000416,CD-SP2,3PL,2025-03-20,noite,indicacao,9.6,False,False,2025-09-20,voluntario,SE
C000417,CD-SP2,3PL,2025-03-31,manha,agencia,4.0,False,False,,,SE
C000418,CD-SP2,3PL,2025-03-14,manha,agencia,21.6,False,False,2025-04-12,voluntario,SE
C000419,CD-SP2,3PL,2025-03-18,tarde,indicacao,6.5,False,False,,,SE
C000420,CD-SP2,3PL,2025-03-29,manha,agencia,4.8,False,False,2025-05-26,involuntario,SE
C000421,CD-SP2,3PL,2025-03-12,noite,anuncio,14.4,False,False,2026-02-11,involuntario,SE
C000422,CD-SP2,3PL,2025-03-05,tarde,anuncio,12.6,False,False,2025-03-14,voluntario,SE
C000423,CD-SP2,3PL,2025-03-14,noite,anuncio,26.9,False,False,,,SE
C000424,CD-SP2,3PL,2025-03-15,tarde,agencia,10.3,False,False,2025-05-23,voluntario,SE
C000425,CD-SP2,3PL,2025-03-22,tarde,anuncio,12.5,False,False,2026-02-02,voluntario,SE
C000426,CD-SP2,3PL,2025-03-09,manha,agencia,12.1,False,False,2026-05-14,voluntario,SE
C000427,CD-SP2,3PL,2025-03-13,noite,anuncio,7.3,False,False,2025-06-03,involuntario,SE
C000428,CD-SP2,3PL,2025-03-22,tarde,anuncio,8.3,False,False,2026-03-04,voluntario,SE
C000429,CD-SP2,3PL,2025-03-24,manha,agencia,17.3,False,False,2026-06-22,voluntario,SE
C000430,CD-SP2,3PL,2025-03-25,manha,agencia,6.0,False,False,2025-05-17,involuntario,SE
C000431,CD-SP2,3PL,2025-03-19,tarde,agencia,9.6,False,False,2025-04-22,involuntario,SE
C000432,CD-SP2,3PL,2025-03-13,noite,anuncio,2.7,False,False,2026-09-08,voluntario,SE
C000433,CD-SP2,3PL,2025-03-12,noite,agencia,13.1,False,False,,,SE
C000434,CD-SP2,3PL,2025-03-17,noite,agencia,13.4,False,False,2025-10-02,voluntario,SE
C000435,CD-SP2,3PL,2025-03-12,manha,indicacao,21.1,False,False,2025-12-19,voluntario,SE
C000436,CD-SP2,3PL,2025-03-17,tarde,agencia,10.9,False,False,2025-04-07,voluntario,SE
C000437,CD-SP2,3PL,2025-03-29,noite,anuncio,5.4,False,False,,,SE
C000438,CD-SP2,3PL,2025-03-24,noite,anuncio,10.1,False,False,,,SE
C000439,CD-SP2,3PL,2025-03-04,tarde,agencia,41.5,False,False,2025-04-09,voluntario,SE
C000440,CD-SP2,3PL,2025-03-12,noite,anuncio,4.3,False,False,2025-03-19,voluntario,SE
C000441,CD-SP2,3PL,2025-03-01,noite,anuncio,9.8,False,False,2026-04-09,voluntario,SE
C000442,CD-SP2,3PL,2025-03-19,manha,indicacao,3.6,False,False,2026-07-05,voluntario,SE
C000443,CD-SP2,3PL,2025-03-14,noite,agencia,19.4,False,False,,,SE
C000444,CD-SP2,3PL,2025-03-29,manha,agencia,7.8,False,False,2026-09-10,voluntario,SE
C000445,CD-SP2,3PL,2025-03-01,tarde,agencia,14.2,False,False,2025-03-24,voluntario,SE
C000446,CD-SP2,3PL,2025-03-09,manha,agencia,4.0,False,False,,,SE
C000447,CD-SP2,3PL,2025-03-07,tarde,anuncio,8.0,False,False,,,SE
C000448,CD-SP2,3PL,2025-03-07,tarde,agencia,2.8,False,False,2025-03-11,voluntario,SE
C000449,CD-SP2,3PL,2025-03-31,noite,agencia,6.1,False,False,2025-09-03,voluntario,SE
C000450,CD-SP2,3PL,2025-03-15,manha,anuncio,12.6,False,False,2025-03-21,voluntario,SE
C000451,CD-SP2,3PL,2025-03-14,tarde,anuncio,4.8,False,False,,,SE
C000452,CD-SP2,3PL,2025-03-23,noite,agencia,19.1,False,False,,,SE
C000453,CD-SP2,3PL,2025-03-05,noite,anuncio,5.9,False,False,,,SE
C000454,CD-SP2,3PL,2025-03-13,manha,indicacao,7.1,False,False,2025-03-22,voluntario,SE
C000455,CD-PE1,proprio,2025-04-15,manha,anuncio,5.1,False,False,2025-09-23,involuntario,NE
C000456,CD-PE1,proprio,2025-04-16,manha,agencia,23.6,False,False,,,NE
C000457,CD-PE1,proprio,2025-04-13,noite,indicacao,2.9,False,False,2025-06-30,voluntario,NE
C000458,CD-PE1,proprio,2025-04-03,manha,indicacao,10.6,False,False,2025-05-28,voluntario,NE
C000459,CD-PE1,proprio,2025-04-08,noite,agencia,8.2,False,False,2025-11-21,voluntario,NE
C000460,CD-PE1,proprio,2025-04-30,manha,anuncio,22.3,False,False,2025-05-25,voluntario,NE
C000461,CD-PE1,proprio,2025-04-22,manha,anuncio,7.0,False,False,2026-05-20,voluntario,NE
C000462,CD-PE1,proprio,2025-04-02,manha,indicacao,8.0,False,False,,,NE
C000463,CD-PE1,proprio,2025-04-03,noite,anuncio,6.7,False,False,2025-07-08,voluntario,NE
C000464,CD-PE1,proprio,2025-04-02,manha,anuncio,9.3,False,False,,,NE
C000465,CD-PE1,proprio,2025-04-06,tarde,anuncio,13.2,False,False,2026-08-05,involuntario,NE
C000466,CD-PE1,proprio,2025-04-08,manha,agencia,8.6,False,False,2025-08-05,voluntario,NE
C000467,CD-PE1,proprio,2025-04-26,noite,indicacao,5.3,False,False,,,NE
C000468,CD-PE1,proprio,2025-04-24,noite,indicacao,7.2,False,False,,,NE
C000469,CD-PE1,proprio,2025-04-18,noite,indicacao,12.1,False,False,2025-04-24,voluntario,NE
C000470,CD-PE1,proprio,2025-04-01,tarde,anuncio,13.1,False,False,,,NE
C000471,CD-PE1,proprio,2025-04-29,manha,agencia,24.4,False,False,2025-05-25,voluntario,NE
C000472,CD-PE1,proprio,2025-04-21,manha,anuncio,7.1,False,False,2025-05-14,voluntario,NE
C000473,CD-PE1,proprio,2025-04-17,tarde,anuncio,9.1,False,False,2025-05-11,voluntario,NE
C000474,CD-PE1,proprio,2025-04-20,manha,anuncio,11.0,False,False,2025-04-22,involuntario,NE
C000475,CD-PE1,proprio,2025-04-28,noite,indicacao,13.4,False,False,2025-11-21,involuntario,NE
C000476,CD-PE1,proprio,2025-04-01,noite,anuncio,12.9,False,False,2026-02-11,voluntario,NE
C000477,CD-PE1,proprio,2025-04-05,manha,anuncio,4.3,False,False,2025-04-22,voluntario,NE
C000478,CD-PE1,proprio,2025-04-09,manha,anuncio,3.6,False,False,2025-04-15,voluntario,NE
C000479,CD-PE1,proprio,2025-04-29,noite,anuncio,11.1,False,False,2025-12-17,involuntario,NE
C000480,CD-PE1,proprio,2025-04-24,manha,agencia,5.4,False,False,2025-05-03,voluntario,NE
C000481,CD-PE1,proprio,2025-04-02,tarde,anuncio,5.6,False,False,,,NE
C000482,CD-PE1,proprio,2025-04-24,manha,anuncio,7.5,False,False,2026-01-12,involuntario,NE
C000483,CD-PE1,proprio,2025-04-06,tarde,anuncio,3.3,False,False,,,NE
C000484,CD-PE1,proprio,2025-04-01,tarde,anuncio,7.7,False,False,2026-06-29,voluntario,NE
C000485,CD-PE1,proprio,2025-04-15,noite,indicacao,7.3,False,False,,,NE
C000486,CD-PE1,proprio,2025-04-01,tarde,indicacao,7.0,False,False,2026-06-26,voluntario,NE
C000487,CD-PE1,proprio,2025-04-12,manha,indicacao,4.6,False,False,,,NE
C000488,CD-PE1,proprio,2025-04-15,manha,anuncio,21.9,False,False,,,NE
C000489,CD-PE1,proprio,2025-04-30,tarde,agencia,18.1,False,False,,,NE
C000490,CD-PE1,proprio,2025-04-04,manha,indicacao,22.5,False,False,2025-04-16,involuntario,NE
C000491,CD-PE1,proprio,2025-04-09,tarde,anuncio,4.9,False,False,2026-05-14,voluntario,NE
C000492,CD-PE1,proprio,2025-04-09,noite,indicacao,11.5,False,False,2026-04-17,voluntario,NE
C000493,CD-PE1,proprio,2025-04-27,manha,agencia,30.2,False,False,2025-06-30,voluntario,NE
C000494,CD-PE1,proprio,2025-04-17,manha,indicacao,10.0,False,False,,,NE
C000495,CD-PE1,proprio,2025-04-09,tarde,indicacao,10.6,False,False,2025-05-17,voluntario,NE
C000496,CD-PE1,proprio,2025-04-30,manha,agencia,8.4,False,False,2025-07-17,voluntario,NE
C000497,CD-PE1,proprio,2025-04-06,manha,anuncio,8.8,False,False,2026-01-02,involuntario,NE
C000498,CD-PE1,proprio,2025-04-23,manha,indicacao,25.4,False,False,2025-05-02,voluntario,NE
C000499,CD-PE1,proprio,2025-04-17,manha,indicacao,3.8,False,False,,,NE
C000500,CD-PE1,proprio,2025-04-02,manha,anuncio,7.9,False,False,,,NE
C000501,CD-PE1,proprio,2025-04-11,manha,indicacao,14.4,False,False,2025-12-13,involuntario,NE
C000502,CD-PE1,proprio,2025-04-15,noite,anuncio,6.4,False,False,,,NE
C000503,CD-PE1,proprio,2025-04-01,tarde,anuncio,12.8,False,False,,,NE
C000504,CD-PE1,proprio,2025-04-18,manha,anuncio,10.5,False,False,,,NE
C000505,CD-PE1,proprio,2025-04-23,tarde,agencia,16.4,False,False,2025-06-07,voluntario,NE
C000506,CD-PE1,proprio,2025-04-17,manha,agencia,7.4,False,False,2025-05-06,voluntario,NE
C000507,CD-PE1,proprio,2025-04-14,tarde,anuncio,7.2,False,False,2025-04-17,voluntario,NE
C000508,CD-PE1,proprio,2025-04-29,noite,anuncio,9.9,False,False,2025-05-12,voluntario,NE
C000509,CD-PE1,proprio,2025-04-20,noite,agencia,8.7,False,False,2025-05-06,voluntario,NE
C000510,CD-PE1,proprio,2025-04-26,manha,anuncio,10.0,False,False,2026-08-09,voluntario,NE
C000511,CD-PE1,proprio,2025-04-25,noite,anuncio,12.7,False,False,,,NE
C000512,CD-PE1,proprio,2025-04-29,noite,agencia,10.2,False,False,2025-11-03,involuntario,NE
C000513,CD-PE1,proprio,2025-04-16,tarde,indicacao,7.6,False,False,,,NE
C000514,CD-PE1,proprio,2025-04-05,tarde,agencia,5.1,False,False,,,NE
C000515,CD-PE1,proprio,2025-04-29,manha,anuncio,10.6,False,False,2026-06-06,voluntario,NE
C000516,CD-PE1,proprio,2025-04-18,manha,anuncio,4.6,False,False,2026-05-01,voluntario,NE
C000517,CD-PE1,proprio,2025-04-13,noite,indicacao,12.1,False,False,2025-06-07,voluntario,NE
C000518,CD-PE1,proprio,2025-04-13,tarde,anuncio,7.9,False,False,,,NE
C000519,CD-PE1,proprio,2025-04-23,tarde,anuncio,7.5,False,False,2025-09-01,voluntario,NE
C000520,CD-PE1,proprio,2025-04-01,manha,anuncio,6.7,False,False,2025-04-04,voluntario,NE
C000521,CD-PE1,proprio,2025-04-14,tarde,indicacao,9.9,False,False,,,NE
C000522,CD-PE1,proprio,2025-04-15,noite,agencia,8.1,False,False,2025-04-28,voluntario,NE
C000523,CD-PE1,proprio,2025-04-10,manha,indicacao,7.4,False,False,,,NE
C000524,CD-PE1,proprio,2025-04-29,manha,agencia,11.5,False,False,,,NE
C000525,CD-PE1,proprio,2025-04-13,manha,agencia,7.5,False,False,,,NE
C000526,CD-PE1,proprio,2025-04-08,noite,agencia,11.1,False,False,2025-04-21,voluntario,NE
C000527,CD-PE1,proprio,2025-04-14,tarde,agencia,16.2,False,False,2025-06-20,voluntario,NE
C000528,CD-PE1,proprio,2025-04-11,manha,anuncio,9.1,False,False,2025-05-05,voluntario,NE
C000529,CD-PE1,proprio,2025-04-19,manha,agencia,9.1,False,False,2025-05-04,involuntario,NE
C000530,CD-PE1,proprio,2025-04-01,manha,anuncio,2.9,False,False,,,NE
C000531,CD-PE1,proprio,2025-04-28,noite,agencia,12.3,False,False,2025-07-19,voluntario,NE
C000532,CD-PE1,proprio,2025-04-27,manha,agencia,3.4,False,False,2026-04-12,voluntario,NE
C000533,CD-PE1,proprio,2025-04-09,manha,agencia,10.9,False,False,2025-05-13,involuntario,NE
C000534,CD-PE1,proprio,2025-04-18,manha,agencia,7.2,False,False,2025-06-22,voluntario,NE
C000535,CD-PE1,proprio,2025-04-08,tarde,anuncio,7.9,False,False,2025-08-22,voluntario,NE
C000536,CD-PE1,proprio,2025-04-14,tarde,anuncio,5.0,False,False,2025-05-21,voluntario,NE
C000537,CD-PE1,proprio,2025-04-05,tarde,anuncio,5.8,False,False,2026-09-23,involuntario,NE
C000538,CD-PE1,proprio,2025-04-07,noite,agencia,2.6,False,False,,,NE
C000539,CD-PE1,proprio,2025-04-22,tarde,indicacao,16.4,False,False,2025-05-27,voluntario,NE
C000540,CD-PE1,proprio,2025-04-01,manha,indicacao,8.3,False,False,2025-04-02,voluntario,NE
C000541,CD-PE1,proprio,2025-04-07,noite,agencia,7.0,False,False,2025-12-07,voluntario,NE
C000542,CD-PE1,proprio,2025-04-26,manha,agencia,2.7,False,False,,,NE
C000543,CD-PE1,proprio,2025-04-30,manha,agencia,7.1,False,False,,,NE
C000544,CD-PE1,proprio,2025-04-04,manha,agencia,4.6,False,False,,,NE
C000545,CD-PE1,proprio,2025-04-18,manha,indicacao,2.7,False,False,2025-10-31,involuntario,NE
C000546,CD-PE1,proprio,2025-04-20,noite,anuncio,11.4,False,False,2025-04-26,voluntario,NE
C000547,CD-PE1,proprio,2025-04-02,manha,agencia,6.6,False,False,,,NE
C000548,CD-PE1,proprio,2025-04-11,tarde,anuncio,37.1,False,False,2025-04-23,involuntario,NE
C000549,CD-PE1,proprio,2025-04-28,manha,anuncio,8.2,False,False,,,NE
C000550,CD-PE1,proprio,2025-04-12,manha,indicacao,7.2,False,False,,,NE
C000551,CD-PE1,proprio,2025-04-28,manha,indicacao,21.6,False,False,2025-11-25,voluntario,NE
C000552,CD-PE1,proprio,2025-04-12,manha,indicacao,7.3,False,False,,,NE
C000553,CD-PE1,proprio,2025-04-25,noite,indicacao,9.2,False,False,,,NE
C000554,CD-PE1,proprio,2025-04-13,noite,anuncio,18.3,False,False,,,NE
C000555,CD-PE1,proprio,2025-04-07,tarde,anuncio,9.7,False,False,,,NE
C000556,CD-PE1,proprio,2025-04-14,manha,agencia,7.4,False,False,,,NE
C000557,CD-PE1,proprio,2025-04-25,noite,indicacao,18.4,False,False,2025-05-28,voluntario,NE
C000558,CD-PE1,proprio,2025-04-27,tarde,anuncio,15.1,False,False,2026-08-02,voluntario,NE
C000559,CD-PE1,proprio,2025-04-11,tarde,anuncio,29.1,False,False,2025-04-29,involuntario,NE
C000560,CD-PE1,proprio,2025-04-12,manha,agencia,16.1,False,False,2026-05-03,voluntario,NE
C000561,CD-PE1,proprio,2025-04-29,manha,anuncio,9.5,False,False,2025-05-30,involuntario,NE
C000562,CD-PE1,proprio,2025-04-08,noite,agencia,9.5,False,False,2025-04-09,voluntario,NE
C000563,CD-PE1,proprio,2025-04-12,manha,agencia,8.9,False,False,2025-04-14,voluntario,NE
C000564,CD-PE1,proprio,2025-04-04,manha,anuncio,5.5,False,False,2025-04-15,voluntario,NE
C000565,CD-PE1,proprio,2025-04-24,noite,anuncio,10.4,False,False,,,NE
C000566,CD-PE1,proprio,2025-04-15,tarde,anuncio,18.0,False,False,,,NE
C000567,CD-PE1,proprio,2025-04-27,noite,agencia,16.2,False,False,,,NE
C000568,CD-PE1,proprio,2025-04-22,noite,indicacao,6.1,False,False,,,NE
C000569,CD-PE1,proprio,2025-04-07,noite,anuncio,6.4,False,False,,,NE
C000570,CD-PE1,proprio,2025-04-17,manha,indicacao,15.3,False,False,2025-05-30,voluntario,NE
C000571,CD-PE1,proprio,2025-04-08,tarde,agencia,6.1,False,False,2026-01-31,voluntario,NE
C000572,CD-PE1,proprio,2025-04-17,tarde,indicacao,5.8,False,False,2025-04-18,involuntario,NE
C000573,CD-PE1,proprio,2025-04-06,manha,anuncio,5.8,False,False,2026-01-09,voluntario,NE
C000574,CD-PE1,proprio,2025-04-02,manha,anuncio,8.1,False,False,2026-02-21,voluntario,NE
C000575,CD-PE1,proprio,2025-04-02,manha,agencia,17.7,False,False,2025-05-19,voluntario,NE
C000576,CD-PE1,proprio,2025-04-30,noite,agencia,9.1,False,False,,,NE
C000577,CD-PE1,proprio,2025-04-20,noite,agencia,7.2,False,False,2025-09-18,involuntario,NE
C000578,CD-PE1,proprio,2025-04-21,noite,anuncio,18.1,False,False,2025-05-31,voluntario,NE
C000579,CD-PE1,proprio,2025-04-28,tarde,anuncio,6.5,False,False,,,NE
C000580,CD-PE1,proprio,2025-04-27,noite,anuncio,5.4,False,False,2026-06-29,involuntario,NE
C000581,CD-PE1,proprio,2025-04-09,noite,indicacao,7.8,False,False,2026-01-23,involuntario,NE
C000582,CD-PE1,proprio,2025-04-21,manha,anuncio,7.8,False,False,2026-05-01,voluntario,NE
C000583,CD-PE1,proprio,2025-04-22,noite,indicacao,10.7,False,False,2025-04-23,voluntario,NE
C000584,CD-PE1,proprio,2025-04-08,noite,anuncio,29.9,False,False,2025-04-11,voluntario,NE
C000585,CD-PE1,proprio,2025-04-02,noite,indicacao,4.9,False,False,,,NE
C000586,CD-PE1,proprio,2025-04-01,noite,agencia,7.7,False,False,2026-05-06,voluntario,NE
C000587,CD-PE1,proprio,2025-04-17,noite,indicacao,13.4,False,False,2025-05-27,involuntario,NE
C000588,CD-PE1,proprio,2025-04-24,noite,agencia,14.4,False,False,,,NE
C000589,CD-PE1,proprio,2025-04-17,manha,anuncio,28.0,False,False,,,NE
C000590,CD-PE1,proprio,2025-04-08,noite,anuncio,15.8,False,False,,,NE
C000591,CD-PE1,proprio,2025-04-26,tarde,agencia,7.5,False,False,2026-06-18,voluntario,NE
C000592,CD-PE1,proprio,2025-04-25,tarde,indicacao,8.3,False,False,,,NE
C000593,CD-PE1,proprio,2025-04-17,manha,indicacao,5.7,False,False,2025-05-14,involuntario,NE
C000594,CD-PE1,proprio,2025-04-30,tarde,indicacao,8.6,False,False,,,NE
C000595,CD-PE1,proprio,2025-04-04,noite,agencia,12.9,False,False,2025-04-12,involuntario,NE
C000596,CD-PE1,proprio,2025-04-17,manha,anuncio,9.0,False,False,,,NE
C000597,CD-PE1,proprio,2025-04-01,manha,agencia,8.4,False,False,2026-02-11,involuntario,NE
C000598,CD-PE1,proprio,2025-04-08,tarde,agencia,13.1,False,False,,,NE
C000599,CD-PE1,proprio,2025-04-10,manha,indicacao,15.0,False,False,,,NE
C000600,CD-PE1,proprio,2025-04-16,tarde,anuncio,13.9,False,False,2025-05-17,involuntario,NE
C000601,CD-PE1,proprio,2025-04-30,noite,anuncio,16.4,False,False,,,NE
C000602,CD-PE1,proprio,2025-04-21,tarde,agencia,10.4,False,False,,,NE
C000603,CD-PE1,proprio,2025-04-12,noite,agencia,5.2,False,False,,,NE
C000604,CD-PE1,proprio,2025-04-12,noite,anuncio,7.0,False,False,2026-09-20,voluntario,NE
C000605,CD-PE1,proprio,2025-04-27,tarde,agencia,7.5,False,False,2025-08-09,voluntario,NE
C000606,CD-PE1,proprio,2025-04-14,tarde,anuncio,9.9,False,False,2026-01-15,voluntario,NE
C000607,CD-PE1,proprio,2025-04-14,manha,indicacao,16.1,False,False,,,NE
C000608,CD-PE1,proprio,2025-04-21,tarde,indicacao,10.4,False,False,,,NE
C000609,CD-PE1,proprio,2025-04-07,tarde,anuncio,5.2,False,False,,,NE
C000610,CD-PE1,proprio,2025-04-29,manha,agencia,13.6,False,False,2025-06-13,involuntario,NE
C000611,CD-PE1,proprio,2025-04-25,noite,anuncio,11.2,False,False,2025-04-28,voluntario,NE
C000612,CD-PE1,proprio,2025-04-05,noite,indicacao,11.6,False,False,2025-05-26,involuntario,NE
C000613,CD-PE1,proprio,2025-04-01,noite,indicacao,31.3,False,False,2025-04-03,voluntario,NE
C000614,CD-PE1,proprio,2025-04-18,manha,agencia,34.5,False,False,2026-08-12,voluntario,NE
C000615,CD-PE1,proprio,2025-04-25,tarde,anuncio,12.4,False,False,2026-02-21,voluntario,NE
C000616,CD-PE1,proprio,2025-04-28,manha,anuncio,8.3,False,False,2025-07-01,voluntario,NE
C000617,CD-PE1,proprio,2025-04-25,manha,indicacao,14.1,False,False,2026-05-13,voluntario,NE
C000618,CD-PE1,proprio,2025-04-09,noite,agencia,2.4,False,False,2025-04-30,voluntario,NE
C000619,CD-PE1,proprio,2025-04-06,manha,indicacao,4.2,False,False,,,NE
C000620,CD-PE1,proprio,2025-04-13,tarde,anuncio,17.9,False,False,2025-05-03,voluntario,NE
C000621,CD-PE1,proprio,2025-04-25,noite,indicacao,6.7,False,False,2025-09-12,voluntario,NE
C000622,CD-PE1,proprio,2025-04-06,noite,anuncio,6.7,False,False,,,NE
C000623,CD-PE1,proprio,2025-04-16,manha,agencia,16.4,False,False,,,NE
C000624,CD-PE1,proprio,2025-04-10,manha,agencia,10.3,False,False,2025-07-24,voluntario,NE
C000625,CD-PE1,proprio,2025-04-05,manha,indicacao,9.4,False,False,2025-05-12,voluntario,NE
C000626,CD-PE1,proprio,2025-04-29,noite,anuncio,11.1,False,False,,,NE
C000627,CD-PE1,proprio,2025-04-01,noite,agencia,14.4,False,False,2026-05-23,voluntario,NE
C000628,CD-PE1,proprio,2025-04-25,manha,agencia,21.7,False,False,,,NE
C000629,CD-PE1,proprio,2025-04-24,manha,indicacao,4.2,False,False,2025-05-15,voluntario,NE
C000630,CD-PE1,proprio,2025-04-13,manha,anuncio,12.1,False,False,,,NE
C000631,CD-PE1,proprio,2025-04-09,tarde,anuncio,19.2,False,False,2025-06-20,voluntario,NE
C000632,CD-PE1,proprio,2025-04-29,manha,indicacao,2.8,False,False,,,NE
C000633,CD-PE1,proprio,2025-04-17,manha,anuncio,12.9,False,False,,,NE
C000634,CD-PE1,proprio,2025-04-28,manha,anuncio,8.6,False,False,2025-12-19,voluntario,NE
C000635,CD-PE1,proprio,2025-04-03,tarde,agencia,4.4,False,False,2025-08-24,voluntario,NE
C000636,CD-PE1,proprio,2025-04-13,noite,indicacao,7.8,False,False,,,NE
C000637,CD-PE1,proprio,2025-04-16,manha,anuncio,25.2,False,False,,,NE
C000638,CD-PE1,proprio,2025-04-04,manha,agencia,3.2,False,False,2025-06-11,involuntario,NE
C000639,CD-PE1,proprio,2025-04-08,manha,anuncio,13.9,False,False,,,NE
C000640,CD-PE1,proprio,2025-04-10,manha,indicacao,5.0,False,False,,,NE
C000641,CD-PE1,proprio,2025-04-19,manha,agencia,28.7,False,False,2025-05-24,involuntario,NE
C000642,CD-PE1,proprio,2025-04-10,manha,indicacao,42.1,False,False,2026-02-19,voluntario,NE
C000643,CD-PE1,proprio,2025-04-22,noite,indicacao,5.7,False,False,2026-03-30,voluntario,NE
C000644,CD-PE1,proprio,2025-04-02,manha,indicacao,8.5,False,False,2025-10-06,voluntario,NE
C000645,CD-PE1,proprio,2025-04-01,noite,agencia,13.9,False,False,2025-04-04,voluntario,NE
C000646,CD-PE1,proprio,2025-04-28,tarde,indicacao,18.4,False,False,2025-04-29,involuntario,NE
C000647,CD-PE1,proprio,2025-04-08,tarde,indicacao,12.3,False,False,2026-05-09,involuntario,NE
C000648,CD-PE1,proprio,2025-04-17,manha,agencia,4.0,False,False,,,NE
C000649,CD-PE1,proprio,2025-04-09,manha,agencia,5.4,False,False,2025-04-13,voluntario,NE
C000650,CD-PE1,proprio,2025-04-11,noite,indicacao,9.7,False,False,2025-08-12,involuntario,NE
C000651,CD-PE1,proprio,2025-04-30,manha,anuncio,6.7,False,False,2025-12-08,voluntario,NE
C000652,CD-PE1,proprio,2025-04-02,tarde,anuncio,9.4,False,False,,,NE
C000653,CD-PE1,proprio,2025-04-15,manha,indicacao,4.5,False,False,,,NE
C000654,CD-PE1,proprio,2025-04-27,noite,anuncio,5.2,False,False,,,NE
C000655,CD-PE1,proprio,2025-04-10,noite,indicacao,4.5,False,False,2025-06-04,involuntario,NE
C000656,CD-PE1,proprio,2025-04-30,manha,agencia,12.7,False,False,,,NE
C000657,CD-PE1,proprio,2025-04-20,manha,anuncio,13.9,False,False,,,NE
C000658,CD-PE1,proprio,2025-04-09,noite,agencia,9.1,False,False,,,NE
C000659,CD-PE1,proprio,2025-04-27,tarde,agencia,3.5,False,False,,,NE
C000660,CD-PE1,proprio,2025-04-12,noite,agencia,10.5,False,False,2025-04-17,involuntario,NE
C000661,CD-PE1,proprio,2025-04-07,tarde,indicacao,8.6,False,False,2026-02-25,voluntario,NE
C000662,CD-PE1,proprio,2025-04-17,tarde,anuncio,18.7,False,False,,,NE
C000663,CD-PE1,proprio,2025-04-08,manha,anuncio,8.7,False,False,,,NE
C000664,CD-PE1,proprio,2025-04-08,tarde,indicacao,5.1,False,False,,,NE
C000665,CD-PE1,proprio,2025-04-17,manha,anuncio,9.4,False,False,,,NE
C000666,CD-PE1,proprio,2025-04-02,tarde,anuncio,6.4,False,False,,,NE
C000667,CD-PE1,proprio,2025-04-22,manha,agencia,6.5,False,False,,,NE
C000668,CD-PE1,proprio,2025-04-15,tarde,agencia,7.0,False,False,2025-05-13,involuntario,NE
C000669,CD-PE1,proprio,2025-04-27,tarde,anuncio,7.4,False,False,2025-08-27,voluntario,NE
C000670,CD-PE1,proprio,2025-04-12,manha,agencia,7.7,False,False,2025-04-15,voluntario,NE
C000671,CD-PE1,proprio,2025-04-03,manha,anuncio,6.9,False,False,2026-09-27,voluntario,NE
C000672,CD-PE1,proprio,2025-04-29,tarde,anuncio,13.7,False,False,,,NE
C000673,CD-PE1,proprio,2025-04-08,tarde,anuncio,4.6,False,False,,,NE
C000674,CD-PE1,proprio,2025-04-17,noite,anuncio,9.4,False,False,2025-05-26,voluntario,NE
C000675,CD-PE1,proprio,2025-04-29,tarde,agencia,6.5,False,False,,,NE
C000676,CD-PE1,proprio,2025-04-18,manha,agencia,6.4,False,False,,,NE
C000677,CD-PE1,proprio,2025-04-01,tarde,indicacao,14.5,False,False,,,NE
C000678,CD-PE1,proprio,2025-04-29,noite,anuncio,14.2,False,False,,,NE
C000679,CD-PE1,proprio,2025-04-14,manha,indicacao,10.6,False,False,,,NE
C000680,CD-PE1,proprio,2025-04-23,noite,agencia,15.2,False,False,2026-06-25,voluntario,NE
C000681,CD-PE1,proprio,2025-04-12,tarde,anuncio,23.3,False,False,2025-04-27,involuntario,NE
C000682,CD-PE1,proprio,2025-04-16,noite,agencia,13.7,False,False,2026-09-29,involuntario,NE
C000683,CD-PE1,proprio,2025-04-27,manha,indicacao,9.8,False,False,,,NE
C000684,CD-PE1,proprio,2025-04-06,tarde,anuncio,15.1,False,False,,,NE
C000685,CD-PE1,proprio,2025-04-19,tarde,anuncio,4.8,False,False,,,NE
C000686,CD-PE1,proprio,2025-04-06,noite,anuncio,6.5,False,False,2025-06-05,voluntario,NE
C000687,CD-PE1,proprio,2025-04-17,manha,indicacao,8.8,False,False,,,NE
C000688,CD-PE1,proprio,2025-04-16,noite,anuncio,10.1,False,False,2026-08-05,involuntario,NE
C000689,CD-PE1,proprio,2025-04-16,noite,anuncio,4.6,False,False,2025-05-06,voluntario,NE
C000690,CD-PE1,proprio,2025-04-09,manha,anuncio,3.8,False,False,2025-05-18,involuntario,NE
C000691,CD-PE1,proprio,2025-04-12,noite,anuncio,7.8,False,False,2026-03-14,involuntario,NE
C000692,CD-PE1,proprio,2025-04-19,noite,indicacao,11.0,False,False,2026-06-24,voluntario,NE
C000693,CD-PE1,proprio,2025-04-29,noite,agencia,21.2,False,False,,,NE
C000694,CD-PE1,proprio,2025-04-18,manha,anuncio,8.7,False,False,,,NE
C000695,CD-PE1,proprio,2025-04-01,manha,agencia,11.3,False,False,,,NE
C000696,CD-PE1,proprio,2025-04-02,noite,anuncio,9.0,False,False,,,NE
C000697,CD-PE1,proprio,2025-04-24,manha,indicacao,35.3,False,False,,,NE
C000698,CD-PE1,proprio,2025-04-04,tarde,anuncio,11.4,False,False,2025-05-01,voluntario,NE
C000699,CD-PE1,proprio,2025-04-06,manha,indicacao,5.2,False,False,,,NE
C000700,CD-PE1,proprio,2025-04-16,tarde,agencia,11.9,False,False,2025-10-21,voluntario,NE
C000701,CD-PE1,proprio,2025-04-27,noite,agencia,9.6,False,False,2025-05-21,voluntario,NE
C000702,CD-PE1,proprio,2025-04-17,manha,anuncio,7.7,False,False,2025-06-01,voluntario,NE
C000703,CD-PE1,proprio,2025-04-11,manha,anuncio,6.2,False,False,2026-06-14,voluntario,NE
C000704,CD-PE1,proprio,2025-04-19,manha,indicacao,9.2,False,False,2025-05-19,voluntario,NE
C000705,CD-PE1,proprio,2025-04-28,manha,indicacao,7.3,False,False,,,NE
C000706,CD-PE1,proprio,2025-04-28,manha,indicacao,7.2,False,False,,,NE
C000707,CD-PE1,proprio,2025-04-26,noite,agencia,10.6,False,False,,,NE
C000708,CD-PE1,proprio,2025-04-28,noite,agencia,12.3,False,False,2025-06-28,voluntario,NE
C000709,CD-PE1,proprio,2025-04-22,noite,agencia,8.3,False,False,,,NE
C000710,CD-PE1,proprio,2025-04-15,manha,anuncio,6.9,False,False,2025-05-14,involuntario,NE
C000711,CD-PE1,proprio,2025-04-29,noite,anuncio,7.2,False,False,,,NE
C000712,CD-PE1,proprio,2025-04-13,noite,anuncio,12.8,False,False,,,NE
C000713,CD-PE1,proprio,2025-04-18,manha,agencia,9.7,False,False,2025-05-14,voluntario,NE
C000714,CD-PE1,proprio,2025-04-07,tarde,anuncio,5.9,False,False,2025-12-04,voluntario,NE
C000715,CD-PE1,proprio,2025-04-28,manha,agencia,2.8,False,False,,,NE
C000716,CD-PE1,proprio,2025-04-04,tarde,agencia,15.0,False,False,2025-11-10,involuntario,NE
C000717,CD-PE1,proprio,2025-04-12,tarde,indicacao,5.1,False,False,,,NE
C000718,CD-PE1,proprio,2025-04-14,noite,anuncio,4.5,False,False,2025-12-03,involuntario,NE
C000719,CD-PE1,proprio,2025-04-05,tarde,agencia,12.4,False,False,2025-04-09,voluntario,NE
C000720,CD-PE1,proprio,2025-04-21,manha,agencia,3.8,False,False,,,NE
C000721,CD-PE1,proprio,2025-04-19,tarde,indicacao,6.2,False,False,,,NE
C000722,CD-PE1,proprio,2025-04-27,noite,anuncio,14.2,False,False,,,NE
C000723,CD-PE1,proprio,2025-04-02,manha,agencia,11.5,False,False,2025-12-13,voluntario,NE
C000724,CD-PE1,proprio,2025-04-03,manha,indicacao,7.2,False,False,,,NE
C000725,CD-PE1,proprio,2025-04-23,manha,agencia,7.3,False,False,,,NE
C000726,CD-PE1,proprio,2025-04-23,manha,agencia,5.8,False,False,,,NE
C000727,CD-PE1,proprio,2025-04-22,tarde,agencia,7.2,False,False,,,NE
C000728,CD-PE1,proprio,2025-04-23,tarde,indicacao,7.1,False,False,2026-05-05,voluntario,NE
C000729,CD-PE1,proprio,2025-04-09,manha,anuncio,8.6,False,False,,,NE
C000730,CD-PE1,proprio,2025-04-27,tarde,anuncio,14.4,False,False,2026-06-25,voluntario,NE
C000731,CD-PE1,proprio,2025-04-25,tarde,anuncio,11.3,False,False,2025-05-19,voluntario,NE
C000732,CD-PE1,proprio,2025-04-18,manha,agencia,8.5,False,False,,,NE
C000733,CD-PE1,proprio,2025-04-03,manha,anuncio,6.6,False,False,2025-04-06,voluntario,NE
C000734,CD-PE1,proprio,2025-04-05,manha,anuncio,13.8,False,False,2025-04-15,voluntario,NE
C000735,CD-PE1,proprio,2025-04-19,manha,agencia,16.2,False,False,,,NE
C000736,CD-PE1,proprio,2025-04-07,tarde,indicacao,9.1,False,False,2025-11-20,voluntario,NE
C000737,CD-PE1,proprio,2025-04-20,noite,anuncio,11.6,False,False,2025-06-22,voluntario,NE
C000738,CD-PE1,proprio,2025-04-06,noite,agencia,2.4,False,False,2025-09-29,voluntario,NE
C000739,CD-PE1,proprio,2025-04-11,manha,indicacao,6.3,False,False,2026-01-31,voluntario,NE
C000740,CD-PE1,proprio,2025-04-12,tarde,indicacao,4.1,False,False,2026-09-29,voluntario,NE
C000741,CD-PE1,proprio,2025-04-03,manha,agencia,9.8,False,False,2025-04-05,voluntario,NE
C000742,CD-PE1,proprio,2025-04-25,noite,agencia,4.7,False,False,2025-04-30,voluntario,NE
C000743,CD-PE1,proprio,2025-04-03,tarde,anuncio,45.2,False,False,,,NE
C000744,CD-PE1,proprio,2025-04-14,noite,agencia,13.7,False,False,2025-05-04,voluntario,NE
C000745,CD-PE1,proprio,2025-04-08,manha,anuncio,10.7,False,False,,,NE
C000746,CD-PE1,proprio,2025-04-18,manha,agencia,6.7,False,False,,,NE
C000747,CD-PE1,proprio,2025-04-12,noite,anuncio,7.1,False,False,,,NE
C000748,CD-PE1,proprio,2025-04-19,manha,indicacao,10.4,False,False,2025-05-20,voluntario,NE
C000749,CD-PE1,proprio,2025-04-11,noite,indicacao,27.7,False,False,,,NE
C000750,CD-PE1,proprio,2025-04-04,tarde,anuncio,13.7,False,False,,,NE
C000751,CD-PE1,proprio,2025-04-23,noite,anuncio,12.1,False,False,,,NE
C000752,CD-PE1,proprio,2025-04-06,noite,indicacao,7.8,False,False,2025-04-23,voluntario,NE
C000753,CD-PE1,proprio,2025-04-21,tarde,agencia,3.0,False,False,2025-10-08,voluntario,NE
C000754,CD-PE1,proprio,2025-04-17,manha,agencia,7.0,False,False,2025-05-13,voluntario,NE
C000755,CD-PE1,proprio,2025-04-18,tarde,agencia,6.9,False,False,2026-09-15,voluntario,NE
C000756,CD-PE1,proprio,2025-04-28,manha,agencia,8.0,False,False,2025-12-20,involuntario,NE
C000757,CD-PE1,proprio,2025-04-09,tarde,agencia,8.6,False,False,2026-06-18,voluntario,NE
C000758,CD-PE1,proprio,2025-04-17,manha,agencia,9.6,False,False,2025-10-30,voluntario,NE
C000759,CD-PE1,proprio,2025-04-30,manha,indicacao,5.8,False,False,2026-07-09,voluntario,NE
C000760,CD-PE1,proprio,2025-04-28,manha,anuncio,14.8,False,False,2025-10-01,voluntario,NE
C000761,CD-PE1,proprio,2025-04-29,noite,agencia,21.5,False,False,,,NE
C000762,CD-PE1,proprio,2025-04-30,tarde,anuncio,7.5,False,False,,,NE
C000763,CD-PE1,proprio,2025-04-22,manha,agencia,9.6,False,False,,,NE
C000764,CD-PE1,proprio,2025-04-06,noite,indicacao,4.9,False,False,2025-05-01,voluntario,NE
C000765,CD-PE1,proprio,2025-04-06,noite,anuncio,4.7,False,False,,,NE
C000766,CD-PE1,proprio,2025-04-19,manha,agencia,18.0,False,False,2025-12-09,voluntario,NE
C000767,CD-PE1,proprio,2025-04-21,noite,anuncio,14.4,False,False,2025-04-28,involuntario,NE
C000768,CD-PE1,proprio,2025-04-06,noite,agencia,9.1,False,False,,,NE
C000769,CD-PE1,proprio,2025-04-24,manha,agencia,11.1,False,False,2025-05-13,involuntario,NE
C000770,CD-PE1,proprio,2025-04-17,manha,anuncio,11.6,False,False,,,NE
C000771,CD-PE1,proprio,2025-04-04,manha,anuncio,4.9,False,False,2025-04-17,voluntario,NE
C000772,CD-PE1,proprio,2025-04-21,noite,indicacao,4.1,False,False,2025-04-29,involuntario,NE
C000773,CD-PE1,proprio,2025-04-01,noite,agencia,3.6,False,False,2025-04-15,voluntario,NE
C000774,CD-PE1,proprio,2025-04-01,noite,agencia,10.3,False,False,,,NE
C000775,CD-PE1,proprio,2025-04-26,tarde,indicacao,17.4,False,False,,,NE
C000776,CD-PE1,proprio,2025-04-08,noite,anuncio,12.0,False,False,2025-12-13,involuntario,NE
C000777,CD-PE1,proprio,2025-04-17,tarde,agencia,6.1,False,False,,,NE
C000778,CD-PE1,proprio,2025-04-05,tarde,anuncio,3.0,False,False,,,NE
C000779,CD-PE1,proprio,2025-04-19,noite,indicacao,14.6,False,False,,,NE
C000780,CD-PE1,proprio,2025-04-17,manha,anuncio,9.3,False,False,,,NE
C000781,CD-PE1,proprio,2025-04-07,manha,agencia,8.6,False,False,2025-04-21,voluntario,NE
C000782,CD-PE1,proprio,2025-04-01,tarde,indicacao,10.2,False,False,,,NE
C000783,CD-PE1,proprio,2025-04-06,manha,anuncio,6.1,False,False,,,NE
C000784,CD-PE1,proprio,2025-04-03,noite,anuncio,7.0,False,False,,,NE
C000785,CD-PE1,proprio,2025-04-23,noite,agencia,6.9,False,False,2026-01-19,voluntario,NE
C000786,CD-PE1,proprio,2025-04-13,manha,anuncio,11.9,False,False,2025-05-14,involuntario,NE
C000787,CD-PE1,proprio,2025-04-25,noite,indicacao,6.0,False,False,,,NE
C000788,CD-PE1,proprio,2025-04-09,manha,indicacao,7.1,False,False,2025-06-14,voluntario,NE
C000789,CD-PE1,proprio,2025-04-03,tarde,agencia,6.3,False,False,2025-04-22,voluntario,NE
C000790,CD-PE1,proprio,2025-04-12,manha,anuncio,6.0,False,False,2025-11-01,involuntario,NE
C000791,CD-PE1,proprio,2025-04-03,noite,indicacao,7.3,False,False,2025-04-06,involuntario,NE
C000792,CD-PE1,proprio,2025-04-29,noite,anuncio,9.1,False,False,2026-01-02,involuntario,NE
C000793,CD-PE1,proprio,2025-04-21,manha,indicacao,12.2,False,False,,,NE
C000794,CD-PE1,proprio,2025-04-18,tarde,agencia,15.7,False,False,2025-05-19,voluntario,NE
C000795,CD-PE1,proprio,2025-04-11,manha,indicacao,41.1,False,False,,,NE
C000796,CD-PE1,proprio,2025-04-14,noite,agencia,15.5,False,False,,,NE
C000797,CD-PE1,proprio,2025-04-04,noite,agencia,13.6,False,False,,,NE
C000798,CD-PE1,proprio,2025-04-20,manha,agencia,8.1,False,False,2026-04-13,voluntario,NE
C000799,CD-PE1,proprio,2025-04-09,manha,indicacao,15.5,False,False,2025-11-08,voluntario,NE
C000800,CD-PE1,proprio,2025-04-08,noite,anuncio,22.1,False,False,,,NE
C000801,CD-PE1,proprio,2025-04-19,noite,indicacao,10.9,False,False,,,NE
C000802,CD-PE1,proprio,2025-04-04,tarde,agencia,9.2,False,False,2025-10-03,voluntario,NE
C000803,CD-PE1,proprio,2025-04-29,tarde,indicacao,12.3,False,False,2025-05-23,voluntario,NE
C000804,CD-PE1,proprio,2025-04-01,tarde,agencia,22.6,False,False,2025-07-09,involuntario,NE
C000805,CD-PE1,proprio,2025-04-14,manha,agencia,6.2,False,False,,,NE
C000806,CD-PE1,proprio,2025-04-18,tarde,indicacao,20.0,False,False,2025-06-02,voluntario,NE
C000807,CD-PE1,proprio,2025-04-21,manha,anuncio,13.5,False,False,2025-09-02,voluntario,NE
C000808,CD-PE1,proprio,2025-04-12,manha,anuncio,6.6,False,False,,,NE
C000809,CD-PE1,proprio,2025-04-17,manha,anuncio,7.9,False,False,,,NE
C000810,CD-PE1,proprio,2025-04-28,tarde,anuncio,10.9,False,False,,,NE
C000811,CD-PE1,proprio,2025-04-20,manha,indicacao,6.2,False,False,2025-06-01,voluntario,NE
C000812,CD-PE1,proprio,2025-04-29,manha,agencia,18.9,False,False,,,NE
C000813,CD-PE1,proprio,2025-04-18,tarde,anuncio,13.8,False,False,2026-01-20,involuntario,NE
C000814,CD-PE1,proprio,2025-04-05,manha,agencia,4.3,False,False,2025-05-11,voluntario,NE
C000815,CD-PE1,proprio,2025-04-25,tarde,indicacao,13.3,False,False,,,NE
C000816,CD-PE1,proprio,2025-04-30,manha,indicacao,9.9,False,False,,,NE
C000817,CD-PE1,proprio,2025-04-02,manha,anuncio,11.2,False,False,2025-08-13,involuntario,NE
C000818,CD-PE1,proprio,2025-04-05,noite,agencia,13.5,False,False,2025-05-10,voluntario,NE
C000819,CD-PE1,proprio,2025-04-11,manha,anuncio,10.2,False,False,2026-03-25,voluntario,NE
C000820,CD-PE1,proprio,2025-04-03,tarde,agencia,11.6,False,False,,,NE
C000821,CD-PE1,proprio,2025-04-05,noite,anuncio,6.5,False,False,,,NE
C000822,CD-PE1,proprio,2025-04-04,noite,agencia,20.8,False,False,2026-07-22,voluntario,NE
C000823,CD-PE1,proprio,2025-04-22,manha,agencia,12.8,False,False,2026-07-20,voluntario,NE
C000824,CD-PE1,proprio,2025-04-26,manha,indicacao,4.9,False,False,2026-06-09,involuntario,NE
C000825,CD-PE1,proprio,2025-04-29,manha,agencia,13.1,False,False,,,NE
C000826,CD-PE1,proprio,2025-04-14,noite,anuncio,3.5,False,False,,,NE
C000827,CD-PE1,proprio,2025-04-02,manha,indicacao,3.9,False,False,2026-08-31,involuntario,NE
C000828,CD-PE1,proprio,2025-04-19,manha,anuncio,21.0,False,False,,,NE
C000829,CD-PE1,proprio,2025-04-09,manha,agencia,20.2,False,False,,,NE
C000830,CD-PE1,proprio,2025-04-09,manha,anuncio,8.2,False,False,,,NE
C000831,CD-PE1,proprio,2025-04-20,manha,anuncio,12.0,False,False,2025-08-24,voluntario,NE
C000832,CD-PE1,proprio,2025-04-27,tarde,anuncio,11.1,False,False,,,NE
C000833,CD-PE1,proprio,2025-04-19,tarde,agencia,8.3,False,False,,,NE
C000834,CD-PE1,proprio,2025-04-17,manha,agencia,5.7,False,False,2025-05-16,voluntario,NE
C000835,CD-PE1,proprio,2025-04-26,manha,indicacao,4.4,False,False,2026-03-07,involuntario,NE
C000836,CD-PE1,proprio,2025-04-19,noite,anuncio,15.1,False,False,2025-04-29,voluntario,NE
C000837,CD-PE1,proprio,2025-04-20,noite,indicacao,7.6,False,False,2026-09-07,voluntario,NE
C000838,CD-PE1,proprio,2025-04-22,tarde,anuncio,3.5,False,False,,,NE
C000839,CD-PE1,proprio,2025-04-09,manha,anuncio,7.8,False,False,,,NE
C000840,CD-PE1,proprio,2025-04-29,manha,indicacao,7.8,False,False,2026-01-24,voluntario,NE
C000841,CD-PE1,proprio,2025-04-28,manha,anuncio,36.7,False,False,,,NE
C000842,CD-PE1,proprio,2025-04-06,manha,agencia,6.9,False,False,2026-05-06,voluntario,NE
C000843,CD-PE1,proprio,2025-04-21,tarde,anuncio,10.3,False,False,,,NE
C000844,CD-PE1,proprio,2025-04-04,noite,anuncio,10.5,False,False,2026-06-12,involuntario,NE
C000845,CD-PE1,proprio,2025-04-04,tarde,anuncio,9.4,False,False,2026-09-10,voluntario,NE
C000846,CD-PE1,proprio,2025-04-01,tarde,indicacao,6.9,False,False,2026-06-13,involuntario,NE
C000847,CD-PE1,proprio,2025-04-09,tarde,agencia,10.0,False,False,2026-09-29,voluntario,NE
C000848,CD-PE1,proprio,2025-04-19,manha,anuncio,6.1,False,False,2025-04-30,involuntario,NE
C000849,CD-PE1,proprio,2025-04-14,tarde,indicacao,13.5,False,False,2026-06-15,voluntario,NE
C000850,CD-PE1,proprio,2025-04-03,manha,anuncio,9.1,False,False,,,NE
C000851,CD-PE1,proprio,2025-04-10,noite,agencia,6.0,False,False,,,NE
C000852,CD-PE1,proprio,2025-04-12,manha,anuncio,14.9,False,False,,,NE
C000853,CD-PE1,proprio,2025-04-30,tarde,anuncio,11.1,False,False,,,NE
C000854,CD-PE1,proprio,2025-04-20,manha,anuncio,7.4,False,False,2025-08-22,voluntario,NE
C000855,CD-PE1,proprio,2025-04-17,manha,agencia,16.6,False,False,2025-10-29,voluntario,NE
C000856,CD-PE1,proprio,2025-04-18,tarde,agencia,10.0,False,False,2025-07-02,involuntario,NE
C000857,CD-PE1,proprio,2025-04-07,noite,indicacao,14.3,False,False,2025-04-18,voluntario,NE
C000858,CD-PE1,proprio,2025-04-07,noite,agencia,6.1,False,False,,,NE
C000859,CD-PE1,proprio,2025-04-13,tarde,indicacao,8.2,False,False,,,NE
C000860,CD-PE1,proprio,2025-04-09,manha,indicacao,13.5,False,False,,,NE
C000861,CD-PE1,proprio,2025-04-12,manha,agencia,8.1,False,False,,,NE
C000862,CD-PE1,proprio,2025-04-25,manha,agencia,7.2,False,False,,,NE
C000863,CD-PE1,proprio,2025-04-19,tarde,anuncio,16.5,False,False,2025-12-09,voluntario,NE
C000864,CD-PE1,proprio,2025-04-04,noite,agencia,18.0,False,False,,,NE
C000865,CD-PE1,proprio,2025-04-13,noite,anuncio,9.6,False,False,,,NE
C000866,CD-PE1,proprio,2025-04-15,manha,agencia,4.0,False,False,2025-05-07,voluntario,NE
C000867,CD-PE1,proprio,2025-04-04,noite,agencia,16.8,False,False,2025-06-17,voluntario,NE
C000868,CD-PE1,proprio,2025-04-14,noite,anuncio,2.9,False,False,,,NE
C000869,CD-PE1,proprio,2025-04-01,manha,anuncio,10.0,False,False,,,NE
C000870,CD-PE1,proprio,2025-04-21,noite,agencia,20.4,False,False,2026-07-23,voluntario,NE
C000871,CD-PE1,proprio,2025-04-13,noite,agencia,6.3,False,False,2025-06-17,voluntario,NE
C000872,CD-PE1,proprio,2025-04-27,manha,indicacao,13.2,False,False,,,NE
C000873,CD-PE1,proprio,2025-04-06,tarde,anuncio,4.4,False,False,,,NE
C000874,CD-PE1,proprio,2025-04-24,noite,anuncio,7.4,False,False,,,NE
C000875,CD-PE1,proprio,2025-04-05,manha,agencia,15.2,False,False,,,NE
C000876,CD-PE1,proprio,2025-04-08,tarde,agencia,9.1,False,False,,,NE
C000877,CD-PE1,proprio,2025-04-14,noite,indicacao,2.3,False,False,,,NE
C000878,CD-PE1,proprio,2025-04-16,manha,indicacao,7.2,False,False,2026-04-23,voluntario,NE
C000879,CD-PE1,proprio,2025-04-29,noite,indicacao,3.6,False,False,2025-07-02,involuntario,NE
C000880,CD-PE1,proprio,2025-04-26,noite,anuncio,8.1,False,False,,,NE
C000881,CD-PE1,proprio,2025-04-22,manha,anuncio,6.3,False,False,2025-05-03,involuntario,NE
C000882,CD-PE1,proprio,2025-04-30,manha,indicacao,2.2,False,False,2025-06-07,involuntario,NE
C000883,CD-PE1,proprio,2025-04-01,noite,anuncio,6.0,False,False,,,NE
C000884,CD-PE1,proprio,2025-04-20,noite,anuncio,5.0,False,False,,,NE
C000885,CD-PE1,proprio,2025-04-19,manha,indicacao,10.0,False,False,2025-09-30,voluntario,NE
C000886,CD-PE1,proprio,2025-04-21,manha,anuncio,5.9,False,False,,,NE
C000887,CD-PE1,proprio,2025-04-09,manha,indicacao,10.4,False,False,2025-04-13,involuntario,NE
C000888,CD-PE1,proprio,2025-04-12,tarde,agencia,12.6,False,False,2025-04-13,involuntario,NE
C000889,CD-PE1,proprio,2025-04-10,manha,anuncio,20.4,False,False,,,NE
C000890,CD-PE1,proprio,2025-04-29,tarde,anuncio,10.1,False,False,,,NE
C000891,CD-PE1,proprio,2025-04-30,manha,anuncio,11.9,False,False,2025-05-10,involuntario,NE
C000892,CD-PE1,proprio,2025-04-02,manha,indicacao,8.0,False,False,,,NE
C000893,CD-PE1,proprio,2025-04-13,manha,anuncio,5.5,False,False,,,NE
C000894,CD-PE1,proprio,2025-04-05,manha,indicacao,12.3,False,False,,,NE
C000895,CD-PE1,proprio,2025-04-09,noite,agencia,9.7,False,False,2025-04-24,voluntario,NE
C000896,CD-PE1,proprio,2025-04-10,tarde,agencia,9.2,False,False,2025-07-01,voluntario,NE
C000897,CD-PE1,proprio,2025-04-19,tarde,indicacao,8.7,False,False,2026-05-16,voluntario,NE
C000898,CD-PE1,proprio,2025-04-06,tarde,anuncio,7.7,False,False,,,NE
C000899,CD-PE1,proprio,2025-04-08,noite,agencia,6.5,False,False,2025-04-11,voluntario,NE
C000900,CD-PE1,proprio,2025-04-20,noite,indicacao,8.8,False,False,,,NE
C000901,CD-PE1,proprio,2025-04-19,tarde,anuncio,5.6,False,False,2025-04-25,involuntario,NE
C000902,CD-PE1,proprio,2025-04-24,manha,anuncio,18.0,False,False,2025-12-13,involuntario,NE
C000903,CD-PE1,proprio,2025-04-10,tarde,anuncio,10.3,False,False,2025-04-15,voluntario,NE
C000904,CD-PE1,proprio,2025-04-07,noite,indicacao,1.9,False,False,2026-08-06,voluntario,NE
C000905,CD-PE1,proprio,2025-04-06,noite,anuncio,17.9,False,False,2026-06-13,voluntario,NE
C000906,CD-PE1,proprio,2025-04-30,tarde,agencia,19.1,False,False,2026-01-05,voluntario,NE
C000907,CD-PR1,proprio,2025-04-24,manha,indicacao,8.1,False,False,,,S
C000908,CD-PR1,proprio,2025-04-23,noite,agencia,7.3,False,False,2026-03-06,voluntario,S
C000909,CD-PR1,proprio,2025-04-26,manha,anuncio,17.6,False,False,2025-04-30,voluntario,S
C000910,CD-PR1,proprio,2025-04-07,manha,anuncio,18.2,False,False,,,S
C000911,CD-PR1,proprio,2025-04-25,noite,anuncio,3.6,False,False,2025-12-21,involuntario,S
C000912,CD-PR1,proprio,2025-04-25,manha,agencia,14.0,False,False,2025-05-14,involuntario,S
C000913,CD-PR1,proprio,2025-04-27,tarde,anuncio,17.2,False,False,2026-01-02,voluntario,S
C000914,CD-PR1,proprio,2025-04-06,noite,agencia,6.4,False,False,,,S
C000915,CD-PR1,proprio,2025-04-10,tarde,indicacao,5.5,False,False,,,S
C000916,CD-PR1,proprio,2025-04-11,noite,agencia,12.9,False,False,2025-04-25,voluntario,S
C000917,CD-RJ1,proprio,2025-04-22,tarde,anuncio,27.5,False,False,2025-10-04,involuntario,SE
C000918,CD-RJ1,proprio,2025-04-08,manha,indicacao,19.6,False,False,2026-03-03,voluntario,SE
C000919,CD-RJ1,proprio,2025-04-03,manha,anuncio,13.6,False,False,,,SE
C000920,CD-RJ1,proprio,2025-04-05,noite,indicacao,8.5,False,False,2025-04-18,involuntario,SE
C000921,CD-RJ1,proprio,2025-04-17,noite,indicacao,9.3,False,False,2026-03-05,voluntario,SE
C000922,CD-RJ1,proprio,2025-04-17,manha,anuncio,8.8,False,False,,,SE
C000923,CD-RJ1,proprio,2025-04-14,manha,indicacao,7.8,False,False,,,SE
C000924,CD-SP1,proprio,2025-04-21,tarde,indicacao,6.3,False,False,,,SE
C000925,CD-SP1,proprio,2025-04-07,manha,anuncio,13.3,False,False,2025-09-24,voluntario,SE
C000926,CD-SP1,proprio,2025-04-17,manha,indicacao,4.3,False,False,,,SE
C000927,CD-SP1,proprio,2025-04-10,tarde,indicacao,14.3,False,False,2026-06-21,involuntario,SE
C000928,CD-SP1,proprio,2025-04-13,noite,indicacao,6.9,False,False,2025-04-17,involuntario,SE
C000929,CD-SP1,proprio,2025-04-29,tarde,anuncio,11.8,False,False,2025-06-01,voluntario,SE
C000930,CD-SP1,proprio,2025-04-14,manha,indicacao,6.0,False,False,,,SE
C000931,CD-SP1,proprio,2025-04-08,noite,anuncio,3.7,False,False,,,SE
C000932,CD-SP1,proprio,2025-04-04,manha,agencia,20.1,False,False,2025-04-16,voluntario,SE
C000933,CD-SP1,proprio,2025-04-23,manha,agencia,15.5,False,False,,,SE
C000934,CD-SP1,proprio,2025-04-27,noite,indicacao,7.5,False,False,,,SE
C000935,CD-SP1,proprio,2025-04-14,tarde,agencia,28.1,False,False,2025-04-22,voluntario,SE
C000936,CD-SP1,proprio,2025-04-19,manha,indicacao,22.3,False,False,,,SE
C000937,CD-SP2,3PL,2025-04-28,tarde,indicacao,12.4,False,False,,,SE
C000938,CD-SP2,3PL,2025-04-07,noite,anuncio,4.1,False,False,,,SE
C000939,CD-SP2,3PL,2025-04-09,noite,agencia,4.3,False,False,,,SE
C000940,CD-SP2,3PL,2025-04-07,manha,agencia,9.9,False,False,,,SE
C000941,CD-SP2,3PL,2025-04-28,manha,agencia,15.9,False,False,,,SE
C000942,CD-SP2,3PL,2025-04-07,manha,agencia,23.1,False,False,2025-05-19,voluntario,SE
C000943,CD-SP2,3PL,2025-04-25,manha,indicacao,10.4,False,False,,,SE
C000944,CD-SP2,3PL,2025-04-20,noite,indicacao,14.2,False,False,2025-07-09,voluntario,SE
C000945,CD-SP2,3PL,2025-04-02,tarde,agencia,17.5,False,False,,,SE
C000946,CD-SP2,3PL,2025-04-27,tarde,indicacao,3.6,False,False,,,SE
C000947,CD-PE1,proprio,2025-05-12,manha,anuncio,6.6,False,False,,,NE
C000948,CD-PE1,proprio,2025-05-14,tarde,indicacao,11.4,False,False,,,NE
C000949,CD-PE1,proprio,2025-05-18,tarde,anuncio,12.4,False,False,,,NE
C000950,CD-PE1,proprio,2025-05-19,noite,agencia,5.0,False,False,,,NE
C000951,CD-PE1,proprio,2025-05-28,tarde,indicacao,13.2,False,False,,,NE
C000952,CD-PE1,proprio,2025-05-19,tarde,indicacao,14.0,False,False,2025-07-02,involuntario,NE
C000953,CD-PE1,proprio,2025-05-26,tarde,indicacao,10.2,False,False,,,NE
C000954,CD-PE1,proprio,2025-05-12,manha,indicacao,13.0,False,False,2025-07-01,involuntario,NE
C000955,CD-PE1,proprio,2025-05-30,manha,agencia,10.9,False,False,2025-06-05,voluntario,NE
C000956,CD-PE1,proprio,2025-05-29,tarde,indicacao,11.8,False,False,2025-06-02,involuntario,NE
C000957,CD-PE1,proprio,2025-05-08,noite,indicacao,8.0,False,False,,,NE
C000958,CD-PE1,proprio,2025-05-21,tarde,agencia,6.0,False,False,2025-10-13,voluntario,NE
C000959,CD-PE1,proprio,2025-05-03,tarde,indicacao,8.0,False,False,,,NE
C000960,CD-PE1,proprio,2025-05-13,manha,indicacao,10.8,False,False,2026-06-01,voluntario,NE
C000961,CD-PE1,proprio,2025-05-18,manha,anuncio,2.8,False,False,2025-05-23,voluntario,NE
C000962,CD-PE1,proprio,2025-05-17,noite,indicacao,4.8,False,False,2026-08-29,involuntario,NE
C000963,CD-PE1,proprio,2025-05-08,noite,agencia,5.9,False,False,,,NE
C000964,CD-PE1,proprio,2025-05-10,manha,anuncio,3.9,False,False,,,NE
C000965,CD-PE1,proprio,2025-05-06,manha,anuncio,8.8,False,False,2026-05-28,voluntario,NE
C000966,CD-PE1,proprio,2025-05-30,noite,anuncio,2.5,False,False,2025-06-09,involuntario,NE
C000967,CD-PE1,proprio,2025-05-28,manha,anuncio,11.2,False,False,2025-06-02,voluntario,NE
C000968,CD-PE1,proprio,2025-05-27,noite,indicacao,7.5,False,False,2025-06-05,voluntario,NE
C000969,CD-PE1,proprio,2025-05-10,manha,indicacao,10.0,False,False,,,NE
C000970,CD-PE1,proprio,2025-05-23,noite,agencia,16.8,False,False,2025-08-15,voluntario,NE
C000971,CD-PE1,proprio,2025-05-26,noite,indicacao,13.9,False,False,2025-06-02,voluntario,NE
C000972,CD-PE1,proprio,2025-05-01,manha,anuncio,4.6,False,False,2025-10-30,voluntario,NE
C000973,CD-PE1,proprio,2025-05-18,tarde,anuncio,5.4,False,False,,,NE
C000974,CD-PE1,proprio,2025-05-18,tarde,anuncio,5.7,False,False,2026-09-21,voluntario,NE
C000975,CD-PE1,proprio,2025-05-01,tarde,agencia,40.6,False,False,2025-05-14,voluntario,NE
C000976,CD-PE1,proprio,2025-05-10,manha,agencia,3.4,False,False,2025-11-23,involuntario,NE
C000977,CD-PE1,proprio,2025-05-26,tarde,anuncio,7.6,False,False,,,NE
C000978,CD-PE1,proprio,2025-05-30,tarde,anuncio,16.5,False,False,2025-11-13,voluntario,NE
C000979,CD-PE1,proprio,2025-05-08,tarde,agencia,8.6,False,False,,,NE
C000980,CD-PE1,proprio,2025-05-29,noite,indicacao,7.7,False,False,2025-11-06,voluntario,NE
C000981,CD-PE1,proprio,2025-05-29,manha,anuncio,19.5,False,False,,,NE
C000982,CD-PE1,proprio,2025-05-14,manha,agencia,3.4,False,False,,,NE
C000983,CD-PE1,proprio,2025-05-02,noite,agencia,11.9,False,False,,,NE
C000984,CD-PE1,proprio,2025-05-16,manha,agencia,5.9,False,False,2025-05-17,voluntario,NE
C000985,CD-PE1,proprio,2025-05-13,manha,anuncio,10.2,False,False,,,NE
C000986,CD-PE1,proprio,2025-05-21,manha,agencia,16.6,False,False,2025-09-20,involuntario,NE
C000987,CD-PE1,proprio,2025-05-03,manha,agencia,6.5,False,False,2025-06-06,voluntario,NE
C000988,CD-PE1,proprio,2025-05-11,tarde,anuncio,8.4,False,False,,,NE
C000989,CD-PE1,proprio,2025-05-03,tarde,anuncio,16.1,False,False,2026-09-19,voluntario,NE
C000990,CD-PE1,proprio,2025-05-01,noite,anuncio,3.7,False,False,,,NE
C000991,CD-PE1,proprio,2025-05-11,manha,anuncio,13.5,False,False,2025-05-15,voluntario,NE
C000992,CD-PE1,proprio,2025-05-17,tarde,anuncio,6.6,False,False,,,NE
C000993,CD-PE1,proprio,2025-05-28,tarde,agencia,15.1,False,False,2025-06-09,involuntario,NE
C000994,CD-PE1,proprio,2025-05-03,manha,agencia,8.1,False,False,,,NE
C000995,CD-PE1,proprio,2025-05-17,tarde,agencia,6.7,False,False,2025-05-31,voluntario,NE
C000996,CD-PE1,proprio,2025-05-29,noite,indicacao,9.8,False,False,,,NE
C000997,CD-PE1,proprio,2025-05-31,manha,agencia,17.4,False,False,,,NE
C000998,CD-PE1,proprio,2025-05-10,noite,anuncio,7.1,False,False,,,NE
C000999,CD-PE1,proprio,2025-05-21,manha,indicacao,6.8,False,False,2025-11-19,voluntario,NE
C001000,CD-PE1,proprio,2025-05-01,tarde,indicacao,17.2,False,False,2026-06-05,voluntario,NE
C001001,CD-PE1,proprio,2025-05-26,tarde,agencia,8.5,False,False,2025-07-06,involuntario,NE
C001002,CD-PE1,proprio,2025-05-31,tarde,agencia,7.4,False,False,,,NE
C001003,CD-PE1,proprio,2025-05-15,manha,indicacao,7.6,False,False,2025-12-27,involuntario,NE
C001004,CD-PE1,proprio,2025-05-04,manha,agencia,15.1,False,False,2025-05-12,voluntario,NE
C001005,CD-PE1,proprio,2025-05-09,manha,anuncio,13.9,False,False,2025-05-21,involuntario,NE
C001006,CD-PE1,proprio,2025-05-02,noite,anuncio,5.3,False,False,2025-05-24,voluntario,NE
C001007,CD-PE1,proprio,2025-05-02,manha,agencia,6.6,False,False,,,NE
C001008,CD-PE1,proprio,2025-05-15,noite,agencia,14.7,False,False,2025-05-17,voluntario,NE
C001009,CD-PE1,proprio,2025-05-17,manha,indicacao,11.8,False,False,,,NE
C001010,CD-PE1,proprio,2025-05-09,manha,indicacao,2.3,False,False,,,NE
C001011,CD-PE1,proprio,2025-05-23,manha,anuncio,10.2,False,False,2025-07-29,voluntario,NE
C001012,CD-PE1,proprio,2025-05-15,noite,indicacao,8.3,False,False,2026-07-15,voluntario,NE
C001013,CD-PE1,proprio,2025-05-08,noite,indicacao,16.1,False,False,2026-08-22,voluntario,NE
C001014,CD-PE1,proprio,2025-05-10,tarde,indicacao,21.6,False,False,,,NE
C001015,CD-PE1,proprio,2025-05-02,tarde,anuncio,7.4,False,False,2026-09-06,involuntario,NE
C001016,CD-PE1,proprio,2025-05-29,manha,anuncio,38.0,False,False,2025-07-15,voluntario,NE
C001017,CD-PE1,proprio,2025-05-11,manha,anuncio,3.3,False,False,2025-11-28,voluntario,NE
C001018,CD-PE1,proprio,2025-05-18,manha,anuncio,8.2,False,False,,,NE
C001019,CD-PE1,proprio,2025-05-22,noite,agencia,9.0,False,False,2025-06-07,voluntario,NE
C001020,CD-PE1,proprio,2025-05-06,noite,anuncio,13.1,False,False,,,NE
C001021,CD-PE1,proprio,2025-05-19,noite,anuncio,15.1,False,False,2025-12-04,voluntario,NE
C001022,CD-PE1,proprio,2025-05-10,manha,agencia,16.9,False,False,2025-05-17,voluntario,NE
C001023,CD-PE1,proprio,2025-05-24,tarde,agencia,13.7,False,False,,,NE
C001024,CD-PE1,proprio,2025-05-06,manha,indicacao,10.7,False,False,,,NE
C001025,CD-PE1,proprio,2025-05-14,manha,anuncio,8.1,False,False,,,NE
C001026,CD-PE1,proprio,2025-05-15,manha,anuncio,4.7,False,False,,,NE
C001027,CD-PE1,proprio,2025-05-07,noite,anuncio,7.7,False,False,,,NE
C001028,CD-PE1,proprio,2025-05-02,manha,agencia,8.2,False,False,,,NE
C001029,CD-PE1,proprio,2025-05-14,noite,agencia,4.4,False,False,2025-12-05,voluntario,NE
C001030,CD-PE1,proprio,2025-05-11,tarde,indicacao,13.8,False,False,,,NE
C001031,CD-PE1,proprio,2025-05-19,manha,agencia,5.9,False,False,,,NE
C001032,CD-PE1,proprio,2025-05-26,manha,agencia,12.3,False,False,2025-11-01,voluntario,NE
C001033,CD-PE1,proprio,2025-05-08,noite,indicacao,10.9,False,False,2026-05-31,involuntario,NE
C001034,CD-PE1,proprio,2025-05-12,manha,agencia,4.6,False,False,2025-06-18,voluntario,NE
C001035,CD-PE1,proprio,2025-05-01,manha,anuncio,5.3,False,False,,,NE
C001036,CD-PE1,proprio,2025-05-22,tarde,indicacao,6.3,False,False,2025-10-01,voluntario,NE
C001037,CD-PE1,proprio,2025-05-26,noite,indicacao,6.9,False,False,,,NE
C001038,CD-PE1,proprio,2025-05-03,tarde,anuncio,19.9,False,False,2025-11-13,voluntario,NE
C001039,CD-PE1,proprio,2025-05-22,manha,agencia,10.2,False,False,,,NE
C001040,CD-PE1,proprio,2025-05-23,manha,anuncio,6.1,False,False,,,NE
C001041,CD-PE1,proprio,2025-05-14,manha,agencia,13.2,False,False,2025-07-06,voluntario,NE
C001042,CD-PE1,proprio,2025-05-22,tarde,indicacao,20.9,False,False,2026-01-07,involuntario,NE
C001043,CD-PE1,proprio,2025-05-26,manha,anuncio,6.8,False,False,,,NE
C001044,CD-PE1,proprio,2025-05-18,tarde,anuncio,8.7,False,False,,,NE
C001045,CD-PE1,proprio,2025-05-31,manha,agencia,6.4,False,False,2025-06-01,voluntario,NE
C001046,CD-PE1,proprio,2025-05-09,manha,anuncio,12.5,False,False,,,NE
C001047,CD-PE1,proprio,2025-05-12,noite,agencia,11.8,False,False,2025-11-30,involuntario,NE
C001048,CD-PE1,proprio,2025-05-01,tarde,anuncio,10.4,False,False,2025-05-22,involuntario,NE
C001049,CD-PE1,proprio,2025-05-07,tarde,anuncio,9.5,False,False,2025-12-20,involuntario,NE
C001050,CD-PE1,proprio,2025-05-29,tarde,indicacao,4.6,False,False,,,NE
C001051,CD-PE1,proprio,2025-05-28,manha,agencia,3.9,False,False,2026-09-07,involuntario,NE
C001052,CD-PE1,proprio,2025-05-16,manha,anuncio,8.9,False,False,,,NE
C001053,CD-PE1,proprio,2025-05-11,manha,anuncio,4.8,False,False,,,NE
C001054,CD-PE1,proprio,2025-05-18,noite,anuncio,10.2,False,False,,,NE
C001055,CD-PE1,proprio,2025-05-21,manha,indicacao,4.1,False,False,2026-08-22,voluntario,NE
C001056,CD-PE1,proprio,2025-05-13,tarde,anuncio,6.7,False,False,2025-07-05,voluntario,NE
C001057,CD-PE1,proprio,2025-05-12,manha,anuncio,7.0,False,False,,,NE
C001058,CD-PE1,proprio,2025-05-02,noite,indicacao,2.3,False,False,,,NE
C001059,CD-PE1,proprio,2025-05-11,manha,agencia,5.5,False,False,,,NE
C001060,CD-PE1,proprio,2025-05-03,tarde,anuncio,10.4,False,False,,,NE
C001061,CD-PE1,proprio,2025-05-03,manha,anuncio,21.1,False,False,,,NE
C001062,CD-PE1,proprio,2025-05-20,manha,anuncio,20.6,False,False,2025-06-09,voluntario,NE
C001063,CD-PE1,proprio,2025-05-25,noite,agencia,10.2,False,False,,,NE
C001064,CD-PE1,proprio,2025-05-09,manha,agencia,10.6,False,False,,,NE
C001065,CD-PE1,proprio,2025-05-30,noite,indicacao,14.8,False,False,2026-01-28,voluntario,NE
C001066,CD-PE1,proprio,2025-05-13,manha,anuncio,5.1,False,False,,,NE
C001067,CD-PE1,proprio,2025-05-01,manha,anuncio,4.1,False,False,2025-06-07,voluntario,NE
C001068,CD-PE1,proprio,2025-05-22,noite,agencia,5.5,False,False,2026-08-20,involuntario,NE
C001069,CD-PE1,proprio,2025-05-27,tarde,indicacao,7.3,False,False,,,NE
C001070,CD-PE1,proprio,2025-05-21,manha,anuncio,12.0,False,False,2025-05-30,involuntario,NE
C001071,CD-PE1,proprio,2025-05-21,noite,anuncio,4.7,False,False,2025-06-09,involuntario,NE
C001072,CD-PE1,proprio,2025-05-17,noite,anuncio,11.4,False,False,2025-06-03,voluntario,NE
C001073,CD-PE1,proprio,2025-05-16,tarde,agencia,7.6,False,False,,,NE
C001074,CD-PE1,proprio,2025-05-02,manha,agencia,5.1,False,False,2026-09-27,voluntario,NE
C001075,CD-PE1,proprio,2025-05-16,noite,anuncio,16.2,False,False,2025-05-24,involuntario,NE
C001076,CD-PE1,proprio,2025-05-27,tarde,agencia,14.9,False,False,2025-07-01,voluntario,NE
C001077,CD-PE1,proprio,2025-05-05,manha,agencia,11.0,False,False,,,NE
C001078,CD-PE1,proprio,2025-05-03,noite,agencia,18.6,False,False,2025-05-13,voluntario,NE
C001079,CD-PE1,proprio,2025-05-09,tarde,anuncio,9.1,False,False,,,NE
C001080,CD-PE1,proprio,2025-05-23,noite,anuncio,8.0,False,False,2026-03-18,voluntario,NE
C001081,CD-PE1,proprio,2025-05-30,tarde,anuncio,7.6,False,False,2025-08-09,voluntario,NE
C001082,CD-PE1,proprio,2025-05-08,noite,agencia,4.7,False,False,,,NE
C001083,CD-PE1,proprio,2025-05-04,manha,agencia,8.4,False,False,2026-05-29,voluntario,NE
C001084,CD-PE1,proprio,2025-05-29,manha,agencia,7.7,False,False,2026-02-02,involuntario,NE
C001085,CD-PE1,proprio,2025-05-28,tarde,anuncio,6.3,False,False,,,NE
C001086,CD-PE1,proprio,2025-05-18,manha,agencia,5.3,False,False,2025-06-06,voluntario,NE
C001087,CD-PE1,proprio,2025-05-20,noite,agencia,13.3,False,False,,,NE
C001088,CD-PE1,proprio,2025-05-17,tarde,anuncio,12.0,False,False,2025-06-12,voluntario,NE
C001089,CD-PE1,proprio,2025-05-03,manha,indicacao,12.7,False,False,,,NE
C001090,CD-PE1,proprio,2025-05-22,tarde,agencia,5.6,False,False,2025-06-09,voluntario,NE
C001091,CD-PE1,proprio,2025-05-22,manha,agencia,14.7,False,False,,,NE
C001092,CD-PE1,proprio,2025-05-28,noite,anuncio,11.5,False,False,2025-06-28,involuntario,NE
C001093,CD-PE1,proprio,2025-05-17,tarde,agencia,6.3,False,False,2025-12-31,voluntario,NE
C001094,CD-PE1,proprio,2025-05-25,manha,indicacao,9.8,False,False,,,NE
C001095,CD-PE1,proprio,2025-05-28,noite,indicacao,2.9,False,False,2025-06-09,voluntario,NE
C001096,CD-PE1,proprio,2025-05-02,tarde,anuncio,21.3,False,False,2025-06-26,voluntario,NE
C001097,CD-PE1,proprio,2025-05-07,manha,agencia,9.2,False,False,2025-10-24,voluntario,NE
C001098,CD-PE1,proprio,2025-05-12,tarde,agencia,5.2,False,False,,,NE
C001099,CD-PE1,proprio,2025-05-18,noite,anuncio,14.7,False,False,2025-06-05,voluntario,NE
C001100,CD-PE1,proprio,2025-05-16,manha,agencia,4.5,False,False,,,NE
C001101,CD-PE1,proprio,2025-05-23,tarde,agencia,9.8,False,False,,,NE
C001102,CD-PR1,proprio,2025-05-10,manha,indicacao,11.3,False,False,,,S
C001103,CD-PR1,proprio,2025-05-24,manha,anuncio,12.5,False,False,2025-06-22,voluntario,S
C001104,CD-PR1,proprio,2025-05-28,tarde,agencia,7.3,False,False,2026-01-15,voluntario,S
C001105,CD-PR1,proprio,2025-05-30,tarde,anuncio,7.8,False,False,,,S
C001106,CD-PR1,proprio,2025-05-07,manha,indicacao,18.3,False,False,2026-03-29,voluntario,S
C001107,CD-PR1,proprio,2025-05-23,noite,indicacao,10.4,False,False,2026-07-03,voluntario,S
C001108,CD-PR1,proprio,2025-05-22,tarde,agencia,12.6,False,False,,,S
C001109,CD-PR1,proprio,2025-05-30,manha,indicacao,5.4,False,False,,,S
C001110,CD-PR1,proprio,2025-05-20,noite,anuncio,10.2,False,False,,,S
C001111,CD-PR1,proprio,2025-05-17,noite,indicacao,8.1,False,False,,,S
C001112,CD-PR1,proprio,2025-05-14,noite,anuncio,3.5,False,False,,,S
C001113,CD-PR1,proprio,2025-05-26,manha,agencia,6.5,False,False,2025-08-21,voluntario,S
C001114,CD-PR1,proprio,2025-05-07,manha,indicacao,8.1,False,False,2026-03-08,voluntario,S
C001115,CD-PR1,proprio,2025-05-24,manha,agencia,13.0,False,False,2025-07-22,voluntario,S
C001116,CD-PR1,proprio,2025-05-22,noite,indicacao,3.0,False,False,,,S
C001117,CD-PR1,proprio,2025-05-27,noite,anuncio,16.5,False,False,2025-07-13,voluntario,S
C001118,CD-PR1,proprio,2025-05-06,manha,anuncio,30.2,False,False,,,S
C001119,CD-PR1,proprio,2025-05-14,noite,indicacao,10.1,False,False,2026-04-12,voluntario,S
C001120,CD-PR1,proprio,2025-05-25,manha,anuncio,6.3,False,False,2025-09-29,involuntario,S
C001121,CD-PR1,proprio,2025-05-12,manha,anuncio,6.8,False,False,,,S
C001122,CD-PR1,proprio,2025-05-11,manha,indicacao,3.9,False,False,2025-06-14,involuntario,S
C001123,CD-PR1,proprio,2025-05-15,noite,indicacao,7.0,False,False,2025-12-25,voluntario,S
C001124,CD-PR1,proprio,2025-05-24,manha,agencia,3.3,False,False,,,S
C001125,CD-PR1,proprio,2025-05-15,manha,indicacao,8.0,False,False,2026-04-08,voluntario,S
C001126,CD-PR1,proprio,2025-05-03,tarde,anuncio,57.4,False,False,2025-05-08,voluntario,S
C001127,CD-PR1,proprio,2025-05-13,tarde,anuncio,13.3,False,False,,,S
C001128,CD-PR1,proprio,2025-05-16,manha,indicacao,6.3,False,False,,,S
C001129,CD-PR1,proprio,2025-05-14,manha,indicacao,3.1,False,False,,,S
C001130,CD-PR1,proprio,2025-05-22,tarde,anuncio,7.0,False,False,2025-11-04,voluntario,S
C001131,CD-PR1,proprio,2025-05-01,noite,anuncio,14.5,False,False,2025-11-07,involuntario,S
C001132,CD-PR1,proprio,2025-05-14,manha,anuncio,9.1,False,False,,,S
C001133,CD-PR1,proprio,2025-05-18,noite,indicacao,12.7,False,False,2026-01-10,voluntario,S
C001134,CD-PR1,proprio,2025-05-25,tarde,agencia,21.5,False,False,2025-06-11,involuntario,S
C001135,CD-PR1,proprio,2025-05-14,tarde,agencia,14.1,False,False,,,S
C001136,CD-PR1,proprio,2025-05-31,noite,anuncio,11.0,False,False,2025-06-11,involuntario,S
C001137,CD-PR1,proprio,2025-05-21,manha,agencia,7.5,False,False,2026-08-23,involuntario,S
C001138,CD-PR1,proprio,2025-05-15,manha,indicacao,5.0,False,False,,,S
C001139,CD-PR1,proprio,2025-05-12,noite,anuncio,11.8,False,False,2025-06-16,voluntario,S
C001140,CD-PR1,proprio,2025-05-16,tarde,anuncio,16.4,False,False,2025-06-03,involuntario,S
C001141,CD-PR1,proprio,2025-05-25,noite,anuncio,3.4,False,False,,,S
C001142,CD-PR1,proprio,2025-05-31,tarde,anuncio,16.2,False,False,2025-06-26,voluntario,S
C001143,CD-PR1,proprio,2025-05-04,noite,indicacao,15.0,False,False,2026-07-22,voluntario,S
C001144,CD-PR1,proprio,2025-05-11,noite,agencia,4.1,False,False,2025-05-28,voluntario,S
C001145,CD-PR1,proprio,2025-05-18,noite,agencia,8.4,False,False,2025-09-20,involuntario,S
C001146,CD-PR1,proprio,2025-05-16,manha,agencia,10.8,False,False,2026-02-24,involuntario,S
C001147,CD-PR1,proprio,2025-05-10,manha,anuncio,7.5,False,False,,,S
C001148,CD-PR1,proprio,2025-05-09,tarde,anuncio,21.1,False,False,2025-05-17,involuntario,S
C001149,CD-PR1,proprio,2025-05-17,tarde,anuncio,18.4,False,False,,,S
C001150,CD-PR1,proprio,2025-05-26,tarde,agencia,6.9,False,False,,,S
C001151,CD-PR1,proprio,2025-05-24,tarde,indicacao,6.4,False,False,2025-06-04,involuntario,S
C001152,CD-PR1,proprio,2025-05-13,noite,agencia,11.1,False,False,2025-05-15,voluntario,S
C001153,CD-PR1,proprio,2025-05-11,tarde,anuncio,11.3,False,False,,,S
C001154,CD-PR1,proprio,2025-05-11,manha,anuncio,5.6,False,False,,,S
C001155,CD-PR1,proprio,2025-05-19,noite,agencia,6.2,False,False,,,S
C001156,CD-PR1,proprio,2025-05-08,noite,agencia,4.4,False,False,2025-05-27,involuntario,S
C001157,CD-PR1,proprio,2025-05-07,manha,indicacao,8.8,False,False,,,S
C001158,CD-PR1,proprio,2025-05-04,noite,agencia,6.5,False,False,2025-05-10,voluntario,S
C001159,CD-PR1,proprio,2025-05-18,tarde,anuncio,5.0,False,False,2026-07-26,voluntario,S
C001160,CD-PR1,proprio,2025-05-20,manha,anuncio,9.1,False,False,,,S
C001161,CD-PR1,proprio,2025-05-24,tarde,anuncio,19.9,False,False,,,S
C001162,CD-PR1,proprio,2025-05-04,tarde,indicacao,3.6,False,False,2025-11-29,involuntario,S
C001163,CD-PR1,proprio,2025-05-02,noite,indicacao,7.8,False,False,2025-05-04,voluntario,S
C001164,CD-PR1,proprio,2025-05-21,tarde,indicacao,6.6,False,False,,,S
C001165,CD-PR1,proprio,2025-05-26,noite,anuncio,7.1,False,False,2025-06-21,voluntario,S
C001166,CD-PR1,proprio,2025-05-16,tarde,anuncio,11.5,False,False,,,S
C001167,CD-PR1,proprio,2025-05-13,noite,agencia,6.2,False,False,2025-11-13,voluntario,S
C001168,CD-PR1,proprio,2025-05-04,noite,indicacao,7.5,False,False,,,S
C001169,CD-PR1,proprio,2025-05-06,noite,anuncio,8.0,False,False,,,S
C001170,CD-PR1,proprio,2025-05-25,manha,anuncio,13.6,False,False,,,S
C001171,CD-PR1,proprio,2025-05-09,manha,anuncio,5.7,False,False,2026-02-25,voluntario,S
C001172,CD-PR1,proprio,2025-05-25,tarde,anuncio,11.5,False,False,2025-06-01,involuntario,S
C001173,CD-PR1,proprio,2025-05-13,tarde,indicacao,12.3,False,False,2025-05-15,voluntario,S
C001174,CD-PR1,proprio,2025-05-29,noite,indicacao,11.7,False,False,2025-12-25,involuntario,S
C001175,CD-PR1,proprio,2025-05-16,manha,indicacao,4.5,False,False,,,S
C001176,CD-PR1,proprio,2025-05-07,manha,anuncio,10.2,False,False,2026-09-19,voluntario,S
C001177,CD-PR1,proprio,2025-05-03,manha,agencia,11.1,False,False,2026-05-25,involuntario,S
C001178,CD-PR1,proprio,2025-05-20,tarde,anuncio,6.2,False,False,,,S
C001179,CD-PR1,proprio,2025-05-14,manha,indicacao,14.3,False,False,2026-07-14,involuntario,S
C001180,CD-PR1,proprio,2025-05-22,tarde,agencia,10.5,False,False,,,S
C001181,CD-PR1,proprio,2025-05-19,noite,agencia,9.5,False,False,2025-09-05,voluntario,S
C001182,CD-PR1,proprio,2025-05-14,tarde,anuncio,9.3,False,False,2025-05-26,voluntario,S
C001183,CD-PR1,proprio,2025-05-13,tarde,indicacao,11.5,False,False,,,S
C001184,CD-PR1,proprio,2025-05-03,manha,indicacao,5.8,False,False,,,S
C001185,CD-PR1,proprio,2025-05-03,tarde,anuncio,6.6,False,False,2026-07-20,voluntario,S
C001186,CD-PR1,proprio,2025-05-10,tarde,anuncio,11.1,False,False,,,S
C001187,CD-PR1,proprio,2025-05-31,tarde,anuncio,15.6,False,False,,,S
C001188,CD-PR1,proprio,2025-05-19,tarde,indicacao,8.5,False,False,,,S
C001189,CD-PR1,proprio,2025-05-25,tarde,agencia,5.9,False,False,2025-07-18,voluntario,S
C001190,CD-PR1,proprio,2025-05-17,noite,agencia,9.3,False,False,,,S
C001191,CD-PR1,proprio,2025-05-09,manha,agencia,13.2,False,False,2026-03-10,involuntario,S
C001192,CD-RJ1,proprio,2025-05-17,tarde,anuncio,11.3,False,False,2025-06-27,voluntario,SE
C001193,CD-RJ1,proprio,2025-05-02,manha,agencia,19.6,False,False,2025-05-29,voluntario,SE
C001194,CD-RJ1,proprio,2025-05-01,noite,indicacao,14.7,False,False,,,SE
C001195,CD-RJ1,proprio,2025-05-19,manha,anuncio,15.3,False,False,,,SE
C001196,CD-RJ1,proprio,2025-05-09,manha,indicacao,11.2,False,False,2025-11-06,voluntario,SE
C001197,CD-RJ1,proprio,2025-05-29,noite,anuncio,10.4,False,False,,,SE
C001198,CD-RJ1,proprio,2025-05-05,manha,indicacao,3.6,False,False,,,SE
C001199,CD-RJ1,proprio,2025-05-15,noite,anuncio,9.4,False,False,,,SE
C001200,CD-RJ1,proprio,2025-05-28,manha,anuncio,11.5,False,False,2025-07-07,voluntario,SE
C001201,CD-RJ1,proprio,2025-05-10,manha,indicacao,6.0,False,False,,,SE
C001202,CD-RJ1,proprio,2025-05-05,tarde,indicacao,6.6,False,False,2025-11-17,involuntario,SE
C001203,CD-RJ1,proprio,2025-05-27,noite,indicacao,9.2,False,False,,,SE
C001204,CD-RJ1,proprio,2025-05-02,noite,agencia,3.9,False,False,2026-08-11,involuntario,SE
C001205,CD-RJ1,proprio,2025-05-30,tarde,anuncio,16.9,False,False,,,SE
C001206,CD-RJ1,proprio,2025-05-11,tarde,indicacao,3.3,False,False,,,SE
C001207,CD-RJ1,proprio,2025-05-03,manha,indicacao,4.4,False,False,2026-08-02,involuntario,SE
C001208,CD-RJ1,proprio,2025-05-15,tarde,anuncio,11.3,False,False,,,SE
C001209,CD-RJ1,proprio,2025-05-10,noite,indicacao,20.9,False,False,2026-02-17,involuntario,SE
C001210,CD-RJ1,proprio,2025-05-05,noite,agencia,13.7,False,False,,,SE
C001211,CD-RJ1,proprio,2025-05-06,manha,indicacao,16.3,False,False,2025-11-14,involuntario,SE
C001212,CD-RJ1,proprio,2025-05-18,noite,indicacao,9.7,False,False,2026-09-28,voluntario,SE
C001213,CD-RJ1,proprio,2025-05-22,manha,indicacao,7.7,False,False,,,SE
C001214,CD-RJ1,proprio,2025-05-31,noite,indicacao,5.3,False,False,2025-06-07,voluntario,SE
C001215,CD-RJ1,proprio,2025-05-27,tarde,agencia,10.4,False,False,,,SE
C001216,CD-RJ1,proprio,2025-05-24,tarde,anuncio,20.8,False,False,,,SE
C001217,CD-RJ1,proprio,2025-05-05,noite,anuncio,4.2,False,False,,,SE
C001218,CD-RJ1,proprio,2025-05-02,tarde,indicacao,10.8,False,False,,,SE
C001219,CD-RJ1,proprio,2025-05-18,noite,anuncio,9.9,False,False,2025-05-31,voluntario,SE
C001220,CD-RJ1,proprio,2025-05-17,noite,agencia,28.1,False,False,2025-05-23,involuntario,SE
C001221,CD-RJ1,proprio,2025-05-25,tarde,indicacao,13.2,False,False,2025-05-27,involuntario,SE
C001222,CD-RJ1,proprio,2025-05-24,manha,indicacao,9.6,False,False,,,SE
C001223,CD-RJ1,proprio,2025-05-22,noite,agencia,16.9,False,False,2025-09-14,involuntario,SE
C001224,CD-RJ1,proprio,2025-05-06,manha,indicacao,7.2,False,False,2025-06-02,voluntario,SE
C001225,CD-RJ1,proprio,2025-05-06,tarde,indicacao,19.7,False,False,,,SE
C001226,CD-RJ1,proprio,2025-05-18,noite,indicacao,3.6,False,False,2025-12-05,voluntario,SE
C001227,CD-RJ1,proprio,2025-05-05,noite,anuncio,6.6,False,False,2025-05-24,voluntario,SE
C001228,CD-RJ1,proprio,2025-05-24,manha,indicacao,8.9,False,False,,,SE
C001229,CD-RJ1,proprio,2025-05-31,tarde,agencia,24.5,False,False,2026-01-12,involuntario,SE
C001230,CD-RJ1,proprio,2025-05-03,manha,anuncio,4.6,False,False,2025-08-05,voluntario,SE
C001231,CD-RJ1,proprio,2025-05-03,noite,anuncio,13.4,False,False,2025-05-14,involuntario,SE
C001232,CD-RJ1,proprio,2025-05-29,manha,anuncio,10.5,False,False,2025-06-23,involuntario,SE
C001233,CD-RJ1,proprio,2025-05-27,manha,anuncio,4.6,False,False,,,SE
C001234,CD-RJ1,proprio,2025-05-04,noite,agencia,7.5,False,False,2025-12-11,voluntario,SE
C001235,CD-RJ1,proprio,2025-05-04,manha,agencia,12.2,False,False,2025-07-18,involuntario,SE
C001236,CD-RJ1,proprio,2025-05-05,tarde,agencia,6.7,False,False,2025-05-12,voluntario,SE
C001237,CD-RJ1,proprio,2025-05-05,tarde,agencia,10.6,False,False,,,SE
C001238,CD-RJ1,proprio,2025-05-11,tarde,indicacao,10.2,False,False,,,SE
C001239,CD-RJ1,proprio,2025-05-29,manha,anuncio,9.5,False,False,2026-01-18,voluntario,SE
C001240,CD-RJ1,proprio,2025-05-10,tarde,agencia,14.9,False,False,2025-12-17,voluntario,SE
C001241,CD-RJ1,proprio,2025-05-06,tarde,indicacao,3.1,False,False,2025-06-04,voluntario,SE
C001242,CD-RJ1,proprio,2025-05-08,manha,indicacao,3.2,False,False,2025-05-12,involuntario,SE
C001243,CD-RJ1,proprio,2025-05-22,noite,agencia,4.2,False,False,2026-02-04,voluntario,SE
C001244,CD-RJ1,proprio,2025-05-18,tarde,indicacao,8.3,False,False,,,SE
C001245,CD-RJ1,proprio,2025-05-23,manha,anuncio,6.5,False,False,2026-05-24,voluntario,SE
C001246,CD-RJ1,proprio,2025-05-13,noite,agencia,10.9,False,False,,,SE
C001247,CD-SP1,proprio,2025-05-07,manha,indicacao,8.2,False,False,,,SE
C001248,CD-SP1,proprio,2025-05-19,tarde,indicacao,5.7,False,False,2025-11-23,involuntario,SE
C001249,CD-SP1,proprio,2025-05-20,manha,anuncio,13.4,False,False,,,SE
C001250,CD-SP1,proprio,2025-05-28,manha,anuncio,10.1,False,False,,,SE
C001251,CD-SP1,proprio,2025-05-06,noite,agencia,5.6,False,False,,,SE
C001252,CD-SP1,proprio,2025-05-16,manha,agencia,7.5,False,False,2026-08-08,voluntario,SE
C001253,CD-SP1,proprio,2025-05-13,manha,anuncio,9.2,False,False,2026-08-27,voluntario,SE
C001254,CD-SP1,proprio,2025-05-23,manha,anuncio,36.2,False,False,2025-06-15,voluntario,SE
C001255,CD-SP1,proprio,2025-05-21,tarde,anuncio,11.3,False,False,,,SE
C001256,CD-SP1,proprio,2025-05-18,manha,agencia,4.5,False,False,,,SE
C001257,CD-SP1,proprio,2025-05-17,noite,agencia,16.4,False,False,2025-07-01,voluntario,SE
C001258,CD-SP1,proprio,2025-05-22,manha,anuncio,14.1,False,False,2025-06-01,voluntario,SE
C001259,CD-SP1,proprio,2025-05-18,tarde,indicacao,16.3,False,False,2026-05-23,involuntario,SE
C001260,CD-SP1,proprio,2025-05-04,manha,anuncio,3.8,False,False,,,SE
C001261,CD-SP1,proprio,2025-05-13,tarde,anuncio,6.8,False,False,,,SE
C001262,CD-SP1,proprio,2025-05-16,noite,anuncio,4.2,False,False,2025-05-25,voluntario,SE
C001263,CD-SP1,proprio,2025-05-03,manha,anuncio,16.4,False,False,2026-03-09,voluntario,SE
C001264,CD-SP1,proprio,2025-05-17,tarde,agencia,6.0,False,False,2026-09-01,voluntario,SE
C001265,CD-SP1,proprio,2025-05-04,tarde,anuncio,2.3,False,False,,,SE
C001266,CD-SP1,proprio,2025-05-06,tarde,anuncio,17.5,False,False,,,SE
C001267,CD-SP1,proprio,2025-05-31,manha,agencia,13.9,False,False,2026-08-28,involuntario,SE
C001268,CD-SP1,proprio,2025-05-11,manha,agencia,5.4,False,False,2025-09-27,involuntario,SE
C001269,CD-SP1,proprio,2025-05-27,tarde,agencia,10.8,False,False,2025-09-13,voluntario,SE
C001270,CD-SP1,proprio,2025-05-26,noite,anuncio,11.4,False,False,2025-05-28,voluntario,SE
C001271,CD-SP1,proprio,2025-05-23,manha,anuncio,6.1,False,False,,,SE
C001272,CD-SP1,proprio,2025-05-14,manha,indicacao,23.3,False,False,2026-08-13,voluntario,SE
C001273,CD-SP1,proprio,2025-05-26,tarde,indicacao,14.0,False,False,,,SE
C001274,CD-SP1,proprio,2025-05-26,manha,agencia,5.6,False,False,2025-07-17,voluntario,SE
C001275,CD-SP1,proprio,2025-05-06,tarde,anuncio,5.6,False,False,2025-05-22,voluntario,SE
C001276,CD-SP1,proprio,2025-05-09,manha,anuncio,8.3,False,False,2025-05-13,involuntario,SE
C001277,CD-SP1,proprio,2025-05-14,noite,anuncio,6.4,False,False,,,SE
C001278,CD-SP1,proprio,2025-05-28,manha,indicacao,9.7,False,False,,,SE
C001279,CD-SP1,proprio,2025-05-08,manha,indicacao,5.8,False,False,,,SE
C001280,CD-SP1,proprio,2025-05-14,noite,agencia,12.7,False,False,2025-06-17,voluntario,SE
C001281,CD-SP1,proprio,2025-05-11,tarde,anuncio,8.7,False,False,,,SE
C001282,CD-SP1,proprio,2025-05-21,noite,anuncio,6.1,False,False,2026-05-22,voluntario,SE
C001283,CD-SP1,proprio,2025-05-19,manha,anuncio,14.8,False,False,,,SE
C001284,CD-SP1,proprio,2025-05-22,noite,agencia,8.0,False,False,2025-05-28,voluntario,SE
C001285,CD-SP1,proprio,2025-05-07,tarde,indicacao,16.9,False,False,,,SE
C001286,CD-SP1,proprio,2025-05-18,tarde,agencia,5.4,False,False,2025-05-28,voluntario,SE
C001287,CD-SP1,proprio,2025-05-07,manha,agencia,18.5,False,False,,,SE
C001288,CD-SP1,proprio,2025-05-15,noite,indicacao,8.8,False,False,2026-01-17,voluntario,SE
C001289,CD-SP1,proprio,2025-05-29,manha,anuncio,9.8,False,False,,,SE
C001290,CD-SP1,proprio,2025-05-17,noite,indicacao,16.0,False,False,2025-05-18,voluntario,SE
C001291,CD-SP1,proprio,2025-05-12,manha,agencia,3.1,False,False,2026-06-01,voluntario,SE
C001292,CD-SP1,proprio,2025-05-22,manha,indicacao,18.2,False,False,,,SE
C001293,CD-SP1,proprio,2025-05-15,manha,anuncio,28.4,False,False,2025-06-16,voluntario,SE
C001294,CD-SP1,proprio,2025-05-24,tarde,anuncio,3.4,False,False,,,SE
C001295,CD-SP1,proprio,2025-05-24,noite,anuncio,13.3,False,False,2026-05-01,voluntario,SE
C001296,CD-SP1,proprio,2025-05-24,noite,anuncio,4.2,False,False,2025-06-09,voluntario,SE
C001297,CD-SP1,proprio,2025-05-16,noite,indicacao,8.9,False,False,,,SE
C001298,CD-SP1,proprio,2025-05-09,noite,agencia,11.1,False,False,2025-05-23,voluntario,SE
C001299,CD-SP1,proprio,2025-05-23,manha,agencia,13.0,False,False,2025-07-09,voluntario,SE
C001300,CD-SP1,proprio,2025-05-01,tarde,agencia,7.1,False,False,2025-05-05,involuntario,SE
C001301,CD-SP1,proprio,2025-05-27,tarde,indicacao,5.1,False,False,,,SE
C001302,CD-SP1,proprio,2025-05-27,manha,agencia,21.5,False,False,,,SE
C001303,CD-SP1,proprio,2025-05-13,noite,agencia,2.6,False,False,,,SE
C001304,CD-SP1,proprio,2025-05-11,manha,anuncio,8.4,False,False,,,SE
C001305,CD-SP1,proprio,2025-05-06,manha,indicacao,10.3,False,False,2026-09-27,voluntario,SE
C001306,CD-SP1,proprio,2025-05-27,manha,indicacao,11.1,False,False,,,SE
C001307,CD-SP1,proprio,2025-05-02,manha,anuncio,23.6,False,False,2025-05-22,voluntario,SE
C001308,CD-SP1,proprio,2025-05-13,tarde,agencia,4.1,False,False,2025-05-23,voluntario,SE
C001309,CD-SP1,proprio,2025-05-17,tarde,agencia,7.9,False,False,,,SE
C001310,CD-SP1,proprio,2025-05-13,manha,anuncio,7.1,False,False,2025-09-23,voluntario,SE
C001311,CD-SP1,proprio,2025-05-27,noite,indicacao,8.9,False,False,2025-11-28,voluntario,SE
C001312,CD-SP1,proprio,2025-05-05,tarde,anuncio,12.7,False,False,2026-03-17,voluntario,SE
C001313,CD-SP1,proprio,2025-05-10,noite,indicacao,43.0,False,False,2025-08-10,involuntario,SE
C001314,CD-SP1,proprio,2025-05-24,noite,agencia,14.2,False,False,2025-06-28,voluntario,SE
C001315,CD-SP1,proprio,2025-05-07,noite,agencia,17.5,False,False,2025-07-19,voluntario,SE
C001316,CD-SP1,proprio,2025-05-09,noite,anuncio,15.5,False,False,,,SE
C001317,CD-SP1,proprio,2025-05-27,tarde,agencia,21.1,False,False,2026-07-04,voluntario,SE
C001318,CD-SP1,proprio,2025-05-06,manha,indicacao,3.9,False,False,2025-05-09,voluntario,SE
C001319,CD-SP1,proprio,2025-05-01,manha,anuncio,12.3,False,False,,,SE
C001320,CD-SP1,proprio,2025-05-05,noite,indicacao,3.8,False,False,2025-05-17,voluntario,SE
C001321,CD-SP1,proprio,2025-05-19,tarde,agencia,27.6,False,False,2025-07-17,involuntario,SE
C001322,CD-SP1,proprio,2025-05-03,manha,indicacao,10.9,False,False,,,SE
C001323,CD-SP1,proprio,2025-05-28,noite,indicacao,10.2,False,False,,,SE
C001324,CD-SP1,proprio,2025-05-11,manha,indicacao,11.5,False,False,,,SE
C001325,CD-SP1,proprio,2025-05-18,manha,agencia,3.4,False,False,,,SE
C001326,CD-SP1,proprio,2025-05-19,manha,agencia,2.5,False,False,2025-06-08,voluntario,SE
C001327,CD-SP1,proprio,2025-05-18,noite,indicacao,7.4,False,False,2026-05-08,voluntario,SE
C001328,CD-SP1,proprio,2025-05-28,noite,anuncio,6.1,False,False,,,SE
C001329,CD-SP1,proprio,2025-05-27,manha,indicacao,7.7,False,False,,,SE
C001330,CD-SP1,proprio,2025-05-20,noite,anuncio,6.9,False,False,,,SE
C001331,CD-SP1,proprio,2025-05-03,noite,indicacao,10.7,False,False,2025-11-10,voluntario,SE
C001332,CD-SP1,proprio,2025-05-03,manha,anuncio,11.4,False,False,,,SE
C001333,CD-SP1,proprio,2025-05-24,tarde,agencia,11.6,False,False,2025-06-07,voluntario,SE
C001334,CD-SP1,proprio,2025-05-19,noite,indicacao,7.7,False,False,,,SE
C001335,CD-SP1,proprio,2025-05-29,tarde,anuncio,13.5,False,False,2025-12-12,voluntario,SE
C001336,CD-SP1,proprio,2025-05-03,manha,indicacao,5.3,False,False,,,SE
C001337,CD-SP1,proprio,2025-05-22,noite,indicacao,23.1,False,False,,,SE
C001338,CD-SP1,proprio,2025-05-14,noite,anuncio,10.0,False,False,,,SE
C001339,CD-SP1,proprio,2025-05-06,manha,anuncio,6.2,False,False,,,SE
C001340,CD-SP1,proprio,2025-05-14,manha,indicacao,10.2,False,False,2026-05-22,voluntario,SE
C001341,CD-SP1,proprio,2025-05-02,tarde,agencia,5.3,False,False,,,SE
C001342,CD-SP1,proprio,2025-05-04,tarde,anuncio,5.2,False,False,2026-02-01,voluntario,SE
C001343,CD-SP1,proprio,2025-05-21,noite,anuncio,10.3,False,False,,,SE
C001344,CD-SP1,proprio,2025-05-16,tarde,anuncio,5.6,False,False,,,SE
C001345,CD-SP1,proprio,2025-05-21,manha,indicacao,20.7,False,False,,,SE
C001346,CD-SP1,proprio,2025-05-21,manha,anuncio,5.5,False,False,,,SE
C001347,CD-SP1,proprio,2025-05-30,noite,agencia,13.2,False,False,2025-06-15,voluntario,SE
C001348,CD-SP1,proprio,2025-05-01,manha,anuncio,5.8,False,False,2025-05-18,voluntario,SE
C001349,CD-SP1,proprio,2025-05-10,manha,agencia,14.3,False,False,2025-10-02,involuntario,SE
C001350,CD-SP1,proprio,2025-05-20,tarde,anuncio,13.5,False,False,,,SE
C001351,CD-SP1,proprio,2025-05-23,noite,agencia,2.7,False,False,2025-05-26,voluntario,SE
C001352,CD-SP1,proprio,2025-05-03,noite,indicacao,14.3,False,False,2025-05-22,voluntario,SE
C001353,CD-SP1,proprio,2025-05-11,manha,anuncio,11.4,False,False,2025-08-03,voluntario,SE
C001354,CD-SP1,proprio,2025-05-18,noite,anuncio,11.1,False,False,2026-06-16,involuntario,SE
C001355,CD-SP1,proprio,2025-05-16,noite,anuncio,8.9,False,False,2025-10-13,voluntario,SE
C001356,CD-SP1,proprio,2025-05-29,manha,anuncio,7.7,False,False,2025-07-08,involuntario,SE
C001357,CD-SP1,proprio,2025-05-31,manha,agencia,2.8,False,False,2025-12-06,voluntario,SE
C001358,CD-SP1,proprio,2025-05-18,noite,agencia,8.5,False,False,2025-05-26,voluntario,SE
C001359,CD-SP1,proprio,2025-05-06,noite,agencia,8.5,False,False,,,SE
C001360,CD-SP1,proprio,2025-05-16,manha,agencia,7.8,False,False,,,SE
C001361,CD-SP1,proprio,2025-05-28,manha,anuncio,5.1,False,False,2025-07-16,voluntario,SE
C001362,CD-SP1,proprio,2025-05-16,manha,indicacao,17.4,False,False,2026-09-30,voluntario,SE
C001363,CD-SP1,proprio,2025-05-11,manha,anuncio,10.4,False,False,2026-07-08,voluntario,SE
C001364,CD-SP1,proprio,2025-05-09,manha,agencia,6.8,False,False,,,SE
C001365,CD-SP1,proprio,2025-05-03,noite,anuncio,3.5,False,False,2025-05-12,voluntario,SE
C001366,CD-SP1,proprio,2025-05-16,noite,anuncio,5.6,False,False,2025-06-06,voluntario,SE
C001367,CD-SP1,proprio,2025-05-22,tarde,agencia,7.3,False,False,,,SE
C001368,CD-SP1,proprio,2025-05-01,manha,anuncio,17.0,False,False,2026-07-11,involuntario,SE
C001369,CD-SP1,proprio,2025-05-02,noite,indicacao,8.9,False,False,2025-05-03,involuntario,SE
C001370,CD-SP1,proprio,2025-05-12,tarde,anuncio,7.2,False,False,,,SE
C001371,CD-SP1,proprio,2025-05-09,tarde,indicacao,12.6,False,False,2026-05-27,voluntario,SE
C001372,CD-SP1,proprio,2025-05-31,noite,anuncio,13.1,False,False,,,SE
C001373,CD-SP1,proprio,2025-05-12,noite,agencia,9.2,False,False,2025-05-13,voluntario,SE
C001374,CD-SP1,proprio,2025-05-16,manha,agencia,13.8,False,False,2025-09-10,involuntario,SE
C001375,CD-SP1,proprio,2025-05-29,noite,anuncio,12.9,False,False,,,SE
C001376,CD-SP1,proprio,2025-05-22,noite,anuncio,14.1,False,False,2025-06-28,voluntario,SE
C001377,CD-SP1,proprio,2025-05-23,noite,anuncio,8.9,False,False,2026-01-22,voluntario,SE
C001378,CD-SP2,3PL,2025-05-14,tarde,agencia,5.7,False,False,2026-08-14,voluntario,SE
C001379,CD-SP2,3PL,2025-05-11,manha,anuncio,7.5,False,False,,,SE
C001380,CD-SP2,3PL,2025-05-28,noite,indicacao,13.5,False,False,2025-08-17,voluntario,SE
C001381,CD-SP2,3PL,2025-05-13,tarde,anuncio,19.5,False,False,,,SE
C001382,CD-SP2,3PL,2025-05-04,noite,anuncio,14.8,False,False,2025-09-03,voluntario,SE
C001383,CD-SP2,3PL,2025-05-04,noite,agencia,8.8,False,False,2026-03-03,voluntario,SE
C001384,CD-SP2,3PL,2025-05-31,tarde,indicacao,15.0,False,False,,,SE
C001385,CD-SP2,3PL,2025-05-25,tarde,agencia,6.3,False,False,2025-06-01,voluntario,SE
C001386,CD-SP2,3PL,2025-05-18,tarde,indicacao,17.3,False,False,2025-05-31,involuntario,SE
C001387,CD-SP2,3PL,2025-05-20,noite,anuncio,22.7,False,False,2025-06-04,involuntario,SE
C001388,CD-SP2,3PL,2025-05-07,manha,agencia,15.6,False,False,,,SE
C001389,CD-SP2,3PL,2025-05-23,manha,agencia,5.1,False,False,2025-05-26,voluntario,SE
C001390,CD-SP2,3PL,2025-05-27,tarde,agencia,5.3,False,False,,,SE
C001391,CD-SP2,3PL,2025-05-01,tarde,agencia,15.6,False,False,,,SE
C001392,CD-SP2,3PL,2025-05-05,noite,anuncio,12.0,False,False,2025-05-21,involuntario,SE
C001393,CD-SP2,3PL,2025-05-31,manha,indicacao,5.9,False,False,2025-06-07,voluntario,SE
C001394,CD-SP2,3PL,2025-05-30,manha,anuncio,6.3,False,False,,,SE
C001395,CD-SP2,3PL,2025-05-24,manha,indicacao,11.9,False,False,2026-03-31,voluntario,SE
C001396,CD-SP2,3PL,2025-05-02,noite,indicacao,5.4,False,False,,,SE
C001397,CD-SP2,3PL,2025-05-24,noite,indicacao,11.2,False,False,,,SE
C001398,CD-SP2,3PL,2025-05-05,manha,anuncio,19.1,False,False,2025-07-04,voluntario,SE
C001399,CD-SP2,3PL,2025-05-22,noite,anuncio,10.0,False,False,2025-08-08,involuntario,SE
C001400,CD-SP2,3PL,2025-05-02,noite,agencia,24.7,False,False,2025-05-12,voluntario,SE
C001401,CD-SP2,3PL,2025-05-05,manha,anuncio,12.7,False,False,2026-06-17,involuntario,SE
C001402,CD-SP2,3PL,2025-05-25,tarde,anuncio,9.5,False,False,,,SE
C001403,CD-SP2,3PL,2025-05-17,manha,anuncio,14.8,False,False,,,SE
C001404,CD-SP2,3PL,2025-05-07,tarde,indicacao,16.4,False,False,,,SE
C001405,CD-SP2,3PL,2025-05-13,noite,indicacao,5.9,False,False,,,SE
C001406,CD-SP2,3PL,2025-05-19,manha,agencia,8.3,False,False,,,SE
C001407,CD-SP2,3PL,2025-05-04,noite,indicacao,5.3,False,False,,,SE
C001408,CD-SP2,3PL,2025-05-07,manha,anuncio,3.7,False,False,2025-05-25,involuntario,SE
C001409,CD-SP2,3PL,2025-05-21,noite,indicacao,8.4,False,False,,,SE
C001410,CD-SP2,3PL,2025-05-27,tarde,anuncio,11.4,False,False,,,SE
C001411,CD-SP2,3PL,2025-05-12,noite,anuncio,7.7,False,False,2026-02-17,involuntario,SE
C001412,CD-SP2,3PL,2025-05-28,noite,anuncio,10.6,False,False,,,SE
C001413,CD-SP2,3PL,2025-05-11,manha,anuncio,7.6,False,False,2025-08-08,voluntario,SE
C001414,CD-SP2,3PL,2025-05-28,noite,indicacao,5.6,False,False,,,SE
C001415,CD-SP2,3PL,2025-05-12,tarde,indicacao,10.9,False,False,2026-04-22,voluntario,SE
C001416,CD-SP2,3PL,2025-05-14,noite,agencia,5.1,False,False,2025-06-10,involuntario,SE
C001417,CD-SP2,3PL,2025-05-04,tarde,anuncio,8.5,False,False,2025-05-08,involuntario,SE
C001418,CD-SP2,3PL,2025-05-17,noite,anuncio,5.4,False,False,2025-05-26,involuntario,SE
C001419,CD-SP2,3PL,2025-05-30,tarde,anuncio,6.4,False,False,2025-12-31,involuntario,SE
C001420,CD-SP2,3PL,2025-05-10,tarde,anuncio,5.9,False,False,,,SE
C001421,CD-SP2,3PL,2025-05-22,noite,anuncio,21.3,False,False,2025-07-29,voluntario,SE
C001422,CD-SP2,3PL,2025-05-29,tarde,indicacao,9.6,False,False,,,SE
C001423,CD-SP2,3PL,2025-05-21,tarde,indicacao,6.0,False,False,,,SE
C001424,CD-SP2,3PL,2025-05-17,tarde,agencia,6.8,False,False,,,SE
C001425,CD-SP2,3PL,2025-05-31,tarde,agencia,13.8,False,False,,,SE
C001426,CD-SP2,3PL,2025-05-06,tarde,indicacao,9.8,False,False,2025-06-02,voluntario,SE
C001427,CD-SP2,3PL,2025-05-01,manha,agencia,13.0,False,False,2025-08-15,involuntario,SE
C001428,CD-SP2,3PL,2025-05-18,tarde,agencia,11.8,False,False,,,SE
C001429,CD-SP2,3PL,2025-05-09,tarde,agencia,15.4,False,False,2025-05-13,voluntario,SE
C001430,CD-SP2,3PL,2025-05-20,tarde,indicacao,3.8,False,False,,,SE
C001431,CD-SP2,3PL,2025-05-01,noite,anuncio,8.8,False,False,2025-06-16,voluntario,SE
C001432,CD-SP2,3PL,2025-05-08,manha,agencia,3.9,False,False,2025-05-28,voluntario,SE
C001433,CD-SP2,3PL,2025-05-23,manha,agencia,24.7,False,False,2025-06-25,voluntario,SE
C001434,CD-SP2,3PL,2025-05-29,noite,anuncio,8.0,False,False,2025-06-06,voluntario,SE
C001435,CD-SP2,3PL,2025-05-11,noite,agencia,17.9,False,False,2025-05-14,voluntario,SE
C001436,CD-SP2,3PL,2025-05-06,manha,agencia,13.0,False,False,2025-05-24,voluntario,SE
C001437,CD-SP2,3PL,2025-05-17,manha,anuncio,6.3,False,False,2025-05-20,voluntario,SE
C001438,CD-SP2,3PL,2025-05-08,tarde,agencia,19.0,False,False,2025-05-23,voluntario,SE
C001439,CD-SP2,3PL,2025-05-23,manha,anuncio,8.1,False,False,2026-03-14,voluntario,SE
C001440,CD-SP2,3PL,2025-05-03,manha,indicacao,16.9,False,False,,,SE
C001441,CD-SP2,3PL,2025-05-07,tarde,anuncio,6.1,False,False,,,SE
C001442,CD-SP2,3PL,2025-05-19,noite,agencia,11.6,False,False,2025-06-11,involuntario,SE
C001443,CD-SP2,3PL,2025-05-06,manha,anuncio,8.4,False,False,2025-05-14,voluntario,SE
C001444,CD-SP2,3PL,2025-05-08,manha,anuncio,10.2,False,False,2025-09-09,voluntario,SE
C001445,CD-SP2,3PL,2025-05-21,manha,anuncio,5.9,False,False,,,SE
C001446,CD-SP2,3PL,2025-05-15,tarde,indicacao,3.9,False,False,2025-06-18,voluntario,SE
C001447,CD-SP2,3PL,2025-05-10,tarde,anuncio,4.3,False,False,,,SE
C001448,CD-SP2,3PL,2025-05-03,noite,agencia,18.8,False,False,2025-05-11,voluntario,SE
C001449,CD-SP2,3PL,2025-05-23,manha,anuncio,5.0,False,False,2026-07-14,involuntario,SE
C001450,CD-SP2,3PL,2025-05-24,tarde,indicacao,7.1,False,False,2025-09-10,voluntario,SE
C001451,CD-SP2,3PL,2025-05-03,manha,agencia,7.3,False,False,2025-05-19,involuntario,SE
C001452,CD-SP2,3PL,2025-05-04,tarde,anuncio,15.1,False,False,2026-02-15,voluntario,SE
C001453,CD-SP2,3PL,2025-05-12,noite,indicacao,20.8,False,False,2026-05-12,voluntario,SE
C001454,CD-SP2,3PL,2025-05-09,manha,agencia,20.1,False,False,,,SE
C001455,CD-SP2,3PL,2025-05-29,manha,anuncio,4.2,False,False,2025-07-01,involuntario,SE
C001456,CD-GO1,3PL,2025-06-25,manha,indicacao,4.1,False,False,2026-05-05,involuntario,CO
C001457,CD-GO1,3PL,2025-06-13,manha,indicacao,5.2,False,False,2025-07-25,voluntario,CO
C001458,CD-GO1,3PL,2025-06-23,tarde,anuncio,13.5,False,False,,,CO
C001459,CD-GO1,3PL,2025-06-10,noite,anuncio,11.7,False,False,2025-08-19,voluntario,CO
C001460,CD-GO1,3PL,2025-06-29,manha,indicacao,17.6,False,False,,,CO
C001461,CD-GO1,3PL,2025-06-07,noite,agencia,4.7,False,False,2025-06-12,voluntario,CO
C001462,CD-GO1,3PL,2025-06-26,tarde,agencia,5.8,False,False,,,CO
C001463,CD-GO1,3PL,2025-06-14,tarde,agencia,10.9,False,False,,,CO
C001464,CD-GO1,3PL,2025-06-10,manha,anuncio,6.0,False,False,2025-06-18,voluntario,CO
C001465,CD-GO1,3PL,2025-06-23,noite,indicacao,15.9,False,False,2025-07-19,voluntario,CO
C001466,CD-GO1,3PL,2025-06-01,noite,agencia,3.9,False,False,2025-06-10,voluntario,CO
C001467,CD-GO1,3PL,2025-06-28,manha,agencia,28.1,False,False,2025-07-16,voluntario,CO
C001468,CD-GO1,3PL,2025-06-15,manha,anuncio,8.2,False,False,,,CO
C001469,CD-GO1,3PL,2025-06-18,manha,indicacao,3.5,False,False,,,CO
C001470,CD-GO1,3PL,2025-06-10,noite,agencia,27.8,False,False,,,CO
C001471,CD-GO1,3PL,2025-06-26,manha,agencia,4.7,False,False,,,CO
C001472,CD-GO1,3PL,2025-06-07,noite,anuncio,13.9,False,False,,,CO
C001473,CD-GO1,3PL,2025-06-06,manha,agencia,7.0,False,False,2026-03-25,voluntario,CO
C001474,CD-GO1,3PL,2025-06-26,manha,anuncio,4.1,False,False,,,CO
C001475,CD-GO1,3PL,2025-06-28,manha,indicacao,7.0,False,False,2025-08-02,voluntario,CO
C001476,CD-GO1,3PL,2025-06-22,manha,agencia,17.1,False,False,2025-07-23,voluntario,CO
C001477,CD-GO1,3PL,2025-06-06,noite,anuncio,11.6,False,False,,,CO
C001478,CD-GO1,3PL,2025-06-03,manha,indicacao,3.9,False,False,2025-06-13,involuntario,CO
C001479,CD-GO1,3PL,2025-06-26,noite,indicacao,12.1,False,False,,,CO
C001480,CD-GO1,3PL,2025-06-11,tarde,anuncio,7.5,False,False,,,CO
C001481,CD-GO1,3PL,2025-06-25,manha,indicacao,15.1,False,False,2026-01-07,voluntario,CO
C001482,CD-GO1,3PL,2025-06-16,noite,indicacao,3.5,False,False,,,CO
C001483,CD-GO1,3PL,2025-06-13,noite,agencia,3.0,False,False,2025-07-03,voluntario,CO
C001484,CD-GO1,3PL,2025-06-18,noite,agencia,3.6,False,False,2026-04-23,voluntario,CO
C001485,CD-GO1,3PL,2025-06-15,tarde,anuncio,16.0,False,False,2025-06-18,voluntario,CO
C001486,CD-GO1,3PL,2025-06-26,tarde,agencia,10.3,False,False,2026-08-10,voluntario,CO
C001487,CD-GO1,3PL,2025-06-08,manha,anuncio,34.8,False,False,2025-06-22,voluntario,CO
C001488,CD-GO1,3PL,2025-06-01,tarde,agencia,6.3,False,False,2025-06-09,involuntario,CO
C001489,CD-GO1,3PL,2025-06-01,noite,agencia,5.4,False,False,,,CO
C001490,CD-GO1,3PL,2025-06-26,tarde,agencia,3.4,False,False,2025-08-05,voluntario,CO
C001491,CD-GO1,3PL,2025-06-21,manha,indicacao,16.6,False,False,,,CO
C001492,CD-GO1,3PL,2025-06-01,manha,agencia,11.4,False,False,,,CO
C001493,CD-GO1,3PL,2025-06-25,tarde,agencia,11.5,False,False,2025-06-30,involuntario,CO
C001494,CD-GO1,3PL,2025-06-25,manha,anuncio,10.7,False,False,2026-09-26,involuntario,CO
C001495,CD-GO1,3PL,2025-06-13,noite,indicacao,22.0,False,False,,,CO
C001496,CD-GO1,3PL,2025-06-12,tarde,anuncio,5.5,False,False,2025-07-24,voluntario,CO
C001497,CD-GO1,3PL,2025-06-01,noite,indicacao,18.6,False,False,2026-05-14,voluntario,CO
C001498,CD-GO1,3PL,2025-06-28,noite,indicacao,11.6,False,False,2025-07-08,involuntario,CO
C001499,CD-GO1,3PL,2025-06-11,manha,anuncio,6.7,False,False,2025-08-08,involuntario,CO
C001500,CD-GO1,3PL,2025-06-28,noite,anuncio,8.0,False,False,2025-10-26,voluntario,CO
C001501,CD-GO1,3PL,2025-06-23,tarde,anuncio,6.1,False,False,,,CO
C001502,CD-GO1,3PL,2025-06-21,manha,agencia,13.3,False,False,2025-07-03,involuntario,CO
C001503,CD-GO1,3PL,2025-06-07,noite,anuncio,19.0,False,False,2025-06-30,voluntario,CO
C001504,CD-GO1,3PL,2025-06-21,noite,agencia,15.1,False,False,2025-07-02,involuntario,CO
C001505,CD-GO1,3PL,2025-06-06,manha,indicacao,18.8,False,False,2025-10-10,involuntario,CO
C001506,CD-GO1,3PL,2025-06-07,manha,indicacao,8.7,False,False,2025-10-07,involuntario,CO
C001507,CD-GO1,3PL,2025-06-25,manha,indicacao,5.7,False,False,2025-07-01,involuntario,CO
C001508,CD-GO1,3PL,2025-06-01,manha,agencia,9.6,False,False,,,CO
C001509,CD-GO1,3PL,2025-06-16,tarde,agencia,4.8,False,False,,,CO
C001510,CD-GO1,3PL,2025-06-09,tarde,agencia,10.0,False,False,2025-07-31,voluntario,CO
C001511,CD-GO1,3PL,2025-06-09,manha,anuncio,11.6,False,False,,,CO
C001512,CD-GO1,3PL,2025-06-08,noite,anuncio,11.6,False,False,,,CO
C001513,CD-GO1,3PL,2025-06-17,tarde,anuncio,3.9,False,False,,,CO
C001514,CD-GO1,3PL,2025-06-11,manha,anuncio,9.2,False,False,,,CO
C001515,CD-GO1,3PL,2025-06-08,tarde,anuncio,4.3,False,False,,,CO
C001516,CD-GO1,3PL,2025-06-12,manha,indicacao,5.8,False,False,2025-11-02,voluntario,CO
C001517,CD-GO1,3PL,2025-06-17,manha,agencia,10.1,False,False,,,CO
C001518,CD-GO1,3PL,2025-06-20,tarde,anuncio,9.3,False,False,2025-06-25,voluntario,CO
C001519,CD-GO1,3PL,2025-06-05,manha,anuncio,2.7,False,False,,,CO
C001520,CD-GO1,3PL,2025-06-03,manha,agencia,7.6,False,False,2025-06-17,voluntario,CO
C001521,CD-GO1,3PL,2025-06-27,manha,agencia,7.7,False,False,2025-07-17,involuntario,CO
C001522,CD-GO1,3PL,2025-06-10,manha,anuncio,7.7,False,False,2025-06-30,voluntario,CO
C001523,CD-GO1,3PL,2025-06-13,tarde,indicacao,7.5,False,False,2026-03-08,involuntario,CO
C001524,CD-GO1,3PL,2025-06-28,manha,anuncio,21.4,False,False,2026-07-17,voluntario,CO
C001525,CD-GO1,3PL,2025-06-18,manha,agencia,1.7,False,False,2025-07-30,voluntario,CO
C001526,CD-GO1,3PL,2025-06-29,noite,agencia,7.1,False,False,2025-08-06,involuntario,CO
C001527,CD-GO1,3PL,2025-06-27,manha,anuncio,2.7,False,False,,,CO
C001528,CD-GO1,3PL,2025-06-15,manha,anuncio,7.0,False,False,,,CO
C001529,CD-GO1,3PL,2025-06-24,manha,agencia,15.6,False,False,2026-04-26,voluntario,CO
C001530,CD-GO1,3PL,2025-06-04,tarde,anuncio,45.3,False,False,2025-07-01,voluntario,CO
C001531,CD-GO1,3PL,2025-06-13,noite,agencia,13.0,False,False,2025-10-21,voluntario,CO
C001532,CD-GO1,3PL,2025-06-14,manha,agencia,9.3,False,False,,,CO
C001533,CD-GO1,3PL,2025-06-04,tarde,anuncio,14.2,False,False,2025-09-15,voluntario,CO
C001534,CD-GO1,3PL,2025-06-16,noite,anuncio,6.4,False,False,2025-07-01,involuntario,CO
C001535,CD-GO1,3PL,2025-06-29,noite,agencia,12.8,False,False,2025-08-19,voluntario,CO
C001536,CD-GO1,3PL,2025-06-06,manha,anuncio,10.9,False,False,,,CO
C001537,CD-GO1,3PL,2025-06-19,tarde,indicacao,17.6,False,False,2026-03-18,voluntario,CO
C001538,CD-GO1,3PL,2025-06-19,noite,anuncio,8.9,False,False,2026-01-30,voluntario,CO
C001539,CD-GO1,3PL,2025-06-21,manha,indicacao,11.2,False,False,2026-02-24,voluntario,CO
C001540,CD-GO1,3PL,2025-06-06,noite,anuncio,7.2,False,False,2025-07-24,voluntario,CO
C001541,CD-GO1,3PL,2025-06-03,manha,anuncio,9.2,False,False,2026-05-23,involuntario,CO
C001542,CD-GO1,3PL,2025-06-16,manha,agencia,9.6,False,False,2026-05-05,involuntario,CO
C001543,CD-GO1,3PL,2025-06-07,manha,agencia,12.1,False,False,,,CO
C001544,CD-GO1,3PL,2025-06-01,tarde,indicacao,9.7,False,False,2026-02-11,involuntario,CO
C001545,CD-GO1,3PL,2025-06-08,manha,anuncio,8.1,False,False,,,CO
C001546,CD-GO1,3PL,2025-06-14,manha,indicacao,6.2,False,False,2025-07-29,voluntario,CO
C001547,CD-GO1,3PL,2025-06-15,noite,anuncio,8.2,False,False,2025-07-14,voluntario,CO
C001548,CD-GO1,3PL,2025-06-13,tarde,anuncio,7.1,False,False,,,CO
C001549,CD-GO1,3PL,2025-06-07,noite,anuncio,8.9,False,False,,,CO
C001550,CD-GO1,3PL,2025-06-18,manha,agencia,4.7,False,False,2026-06-27,voluntario,CO
C001551,CD-GO1,3PL,2025-06-10,manha,agencia,21.5,False,False,,,CO
C001552,CD-GO1,3PL,2025-06-14,noite,anuncio,6.2,False,False,,,CO
C001553,CD-GO1,3PL,2025-06-26,manha,indicacao,21.4,False,False,,,CO
C001554,CD-GO1,3PL,2025-06-15,noite,indicacao,4.9,False,False,,,CO
C001555,CD-GO1,3PL,2025-06-06,manha,agencia,24.5,False,False,2025-06-12,voluntario,CO
C001556,CD-GO1,3PL,2025-06-27,tarde,indicacao,13.7,False,False,2025-07-07,involuntario,CO
C001557,CD-GO1,3PL,2025-06-21,manha,anuncio,4.9,False,False,,,CO
C001558,CD-GO1,3PL,2025-06-01,tarde,agencia,10.6,False,False,2025-06-06,voluntario,CO
C001559,CD-GO1,3PL,2025-06-24,tarde,agencia,11.6,False,False,2025-07-27,voluntario,CO
C001560,CD-GO1,3PL,2025-06-05,noite,agencia,21.0,False,False,2025-07-31,voluntario,CO
C001561,CD-GO1,3PL,2025-06-26,manha,anuncio,8.5,False,False,,,CO
C001562,CD-GO1,3PL,2025-06-30,noite,indicacao,15.6,False,False,2025-11-20,involuntario,CO
C001563,CD-GO1,3PL,2025-06-26,manha,indicacao,8.8,False,False,2026-07-25,voluntario,CO
C001564,CD-GO1,3PL,2025-06-30,manha,anuncio,4.2,False,False,2026-06-11,involuntario,CO
C001565,CD-GO1,3PL,2025-06-22,noite,anuncio,11.9,False,False,2026-05-19,voluntario,CO
C001566,CD-GO1,3PL,2025-06-08,manha,anuncio,7.6,False,False,2025-08-12,voluntario,CO
C001567,CD-GO1,3PL,2025-06-06,manha,indicacao,9.6,False,False,,,CO
C001568,CD-GO1,3PL,2025-06-22,tarde,anuncio,14.3,False,False,2025-11-22,involuntario,CO
C001569,CD-GO1,3PL,2025-06-06,manha,agencia,20.9,False,False,2026-01-16,voluntario,CO
C001570,CD-GO1,3PL,2025-06-10,tarde,anuncio,5.7,False,False,,,CO
C001571,CD-GO1,3PL,2025-06-13,manha,indicacao,7.0,False,False,,,CO
C001572,CD-GO1,3PL,2025-06-16,manha,anuncio,7.2,False,False,,,CO
C001573,CD-GO1,3PL,2025-06-16,noite,agencia,10.9,False,False,2025-06-19,voluntario,CO
C001574,CD-GO1,3PL,2025-06-09,noite,anuncio,9.0,False,False,2025-07-08,involuntario,CO
C001575,CD-GO1,3PL,2025-06-22,tarde,indicacao,8.3,False,False,,,CO
C001576,CD-GO1,3PL,2025-06-30,noite,anuncio,6.7,False,False,2025-07-01,voluntario,CO
C001577,CD-GO1,3PL,2025-06-28,manha,agencia,5.2,False,False,,,CO
C001578,CD-GO1,3PL,2025-06-04,noite,agencia,5.8,False,False,2025-06-08,involuntario,CO
C001579,CD-GO1,3PL,2025-06-28,tarde,indicacao,6.6,False,False,,,CO
C001580,CD-GO1,3PL,2025-06-04,noite,indicacao,12.8,False,False,2025-06-19,voluntario,CO
C001581,CD-GO1,3PL,2025-06-06,tarde,anuncio,5.7,False,False,,,CO
C001582,CD-GO1,3PL,2025-06-05,tarde,anuncio,24.8,False,False,2025-07-25,voluntario,CO
C001583,CD-GO1,3PL,2025-06-03,tarde,agencia,3.0,False,False,,,CO
C001584,CD-GO1,3PL,2025-06-21,manha,indicacao,7.0,False,False,2025-11-12,voluntario,CO
C001585,CD-GO1,3PL,2025-06-07,noite,agencia,9.2,False,False,2025-06-14,voluntario,CO
C001586,CD-GO1,3PL,2025-06-10,noite,anuncio,10.5,False,False,2025-07-17,voluntario,CO
C001587,CD-GO1,3PL,2025-06-14,noite,indicacao,10.4,False,False,2025-07-12,voluntario,CO
C001588,CD-GO1,3PL,2025-06-17,tarde,indicacao,8.4,False,False,,,CO
C001589,CD-GO1,3PL,2025-06-08,manha,anuncio,13.1,False,False,2025-06-23,voluntario,CO
C001590,CD-GO1,3PL,2025-06-02,noite,agencia,4.5,False,False,,,CO
C001591,CD-GO1,3PL,2025-06-07,noite,agencia,17.0,False,False,2025-08-03,voluntario,CO
C001592,CD-GO1,3PL,2025-06-19,tarde,anuncio,4.7,False,False,2026-03-18,voluntario,CO
C001593,CD-GO1,3PL,2025-06-03,manha,anuncio,6.1,False,False,,,CO
C001594,CD-GO1,3PL,2025-06-28,tarde,indicacao,8.3,False,False,,,CO
C001595,CD-GO1,3PL,2025-06-29,tarde,agencia,14.1,False,False,2025-09-06,voluntario,CO
C001596,CD-GO1,3PL,2025-06-12,manha,indicacao,11.7,False,False,2025-10-21,voluntario,CO
C001597,CD-GO1,3PL,2025-06-10,manha,indicacao,18.4,False,False,2026-09-13,voluntario,CO
C001598,CD-GO1,3PL,2025-06-03,noite,agencia,7.4,False,False,2025-11-09,voluntario,CO
C001599,CD-GO1,3PL,2025-06-17,noite,agencia,12.6,False,False,,,CO
C001600,CD-GO1,3PL,2025-06-29,manha,indicacao,5.3,False,False,2025-07-10,voluntario,CO
C001601,CD-GO1,3PL,2025-06-04,manha,indicacao,13.1,False,False,2025-10-24,voluntario,CO
C001602,CD-GO1,3PL,2025-06-01,tarde,agencia,11.3,False,False,2026-01-11,voluntario,CO
C001603,CD-GO1,3PL,2025-06-05,manha,anuncio,7.2,False,False,,,CO
C001604,CD-GO1,3PL,2025-06-14,manha,indicacao,6.6,False,False,,,CO
C001605,CD-GO1,3PL,2025-06-11,manha,indicacao,17.3,False,False,,,CO
C001606,CD-GO1,3PL,2025-06-03,manha,indicacao,10.6,False,False,2025-06-12,involuntario,CO
C001607,CD-GO1,3PL,2025-06-27,noite,agencia,18.6,False,False,2025-07-01,voluntario,CO
C001608,CD-GO1,3PL,2025-06-25,tarde,agencia,8.6,False,False,2025-08-21,involuntario,CO
C001609,CD-GO1,3PL,2025-06-10,manha,agencia,14.3,False,False,2025-06-20,voluntario,CO
C001610,CD-GO1,3PL,2025-06-30,manha,agencia,23.8,False,False,2025-07-08,voluntario,CO
C001611,CD-GO1,3PL,2025-06-06,manha,anuncio,13.3,False,False,2025-08-19,involuntario,CO
C001612,CD-GO1,3PL,2025-06-03,noite,agencia,19.1,False,False,,,CO
C001613,CD-GO1,3PL,2025-06-18,noite,agencia,18.6,False,False,,,CO
C001614,CD-GO1,3PL,2025-06-30,manha,anuncio,15.7,False,False,2025-07-01,voluntario,CO
C001615,CD-GO1,3PL,2025-06-14,manha,anuncio,10.2,False,False,2025-12-10,voluntario,CO
C001616,CD-GO1,3PL,2025-06-29,noite,indicacao,19.6,False,False,2025-09-19,involuntario,CO
C001617,CD-GO1,3PL,2025-06-25,noite,agencia,11.1,False,False,2025-09-03,voluntario,CO
C001618,CD-GO1,3PL,2025-06-21,noite,anuncio,8.8,False,False,,,CO
C001619,CD-GO1,3PL,2025-06-27,tarde,agencia,8.7,False,False,2026-01-02,voluntario,CO
C001620,CD-GO1,3PL,2025-06-26,noite,anuncio,12.0,False,False,,,CO
C001621,CD-GO1,3PL,2025-06-06,manha,agencia,10.7,False,False,2025-06-13,voluntario,CO
C001622,CD-GO1,3PL,2025-06-19,noite,agencia,4.5,False,False,2025-08-01,voluntario,CO
C001623,CD-GO1,3PL,2025-06-20,tarde,indicacao,28.3,False,False,,,CO
C001624,CD-GO1,3PL,2025-06-15,noite,anuncio,9.0,False,False,,,CO
C001625,CD-GO1,3PL,2025-06-09,manha,anuncio,12.0,False,False,2025-06-12,voluntario,CO
C001626,CD-GO1,3PL,2025-06-11,noite,agencia,20.9,False,False,2025-07-07,voluntario,CO
C001627,CD-GO1,3PL,2025-06-05,manha,anuncio,4.9,False,False,,,CO
C001628,CD-GO1,3PL,2025-06-26,manha,indicacao,14.4,False,False,,,CO
C001629,CD-GO1,3PL,2025-06-24,noite,indicacao,5.8,False,False,2026-07-20,voluntario,CO
C001630,CD-GO1,3PL,2025-06-19,tarde,agencia,9.5,False,False,2026-02-16,involuntario,CO
C001631,CD-GO1,3PL,2025-06-08,noite,agencia,18.4,False,False,2025-07-29,voluntario,CO
C001632,CD-GO1,3PL,2025-06-06,manha,indicacao,16.0,False,False,2026-09-04,voluntario,CO
C001633,CD-GO1,3PL,2025-06-19,tarde,indicacao,6.9,False,False,,,CO
C001634,CD-GO1,3PL,2025-06-04,manha,agencia,4.1,False,False,2025-07-12,voluntario,CO
C001635,CD-GO1,3PL,2025-06-18,noite,indicacao,2.7,False,False,2025-08-03,involuntario,CO
C001636,CD-GO1,3PL,2025-06-01,manha,anuncio,22.1,False,False,2025-06-18,voluntario,CO
C001637,CD-GO1,3PL,2025-06-19,tarde,anuncio,2.8,False,False,2026-02-14,voluntario,CO
C001638,CD-GO1,3PL,2025-06-09,noite,anuncio,8.7,False,False,2025-06-11,voluntario,CO
C001639,CD-GO1,3PL,2025-06-24,tarde,agencia,5.7,False,False,,,CO
C001640,CD-GO1,3PL,2025-06-14,manha,agencia,3.4,False,False,,,CO
C001641,CD-GO1,3PL,2025-06-07,manha,indicacao,5.8,False,False,2025-07-06,voluntario,CO
C001642,CD-GO1,3PL,2025-06-11,tarde,agencia,7.3,False,False,2026-08-23,voluntario,CO
C001643,CD-GO1,3PL,2025-06-30,manha,anuncio,14.0,False,False,2025-08-24,involuntario,CO
C001644,CD-GO1,3PL,2025-06-21,tarde,indicacao,10.5,False,False,,,CO
C001645,CD-GO1,3PL,2025-06-26,tarde,anuncio,5.9,False,False,,,CO
C001646,CD-GO1,3PL,2025-06-09,manha,agencia,4.2,False,False,,,CO
C001647,CD-GO1,3PL,2025-06-24,noite,indicacao,17.0,False,False,2025-07-17,involuntario,CO
C001648,CD-GO1,3PL,2025-06-23,noite,agencia,7.1,False,False,,,CO
C001649,CD-GO1,3PL,2025-06-03,manha,agencia,6.1,False,False,2025-06-20,voluntario,CO
C001650,CD-GO1,3PL,2025-06-13,noite,anuncio,16.6,False,False,2025-08-17,voluntario,CO
C001651,CD-GO1,3PL,2025-06-18,noite,anuncio,6.6,False,False,,,CO
C001652,CD-GO1,3PL,2025-06-08,manha,indicacao,8.6,False,False,,,CO
C001653,CD-PE1,proprio,2025-06-20,noite,anuncio,13.2,False,False,2025-07-02,voluntario,NE
C001654,CD-PE1,proprio,2025-06-11,manha,indicacao,11.7,False,False,2025-06-26,involuntario,NE
C001655,CD-PE1,proprio,2025-06-27,noite,agencia,5.7,False,False,2025-08-07,involuntario,NE
C001656,CD-PE1,proprio,2025-06-24,noite,anuncio,5.5,False,False,,,NE
C001657,CD-PE1,proprio,2025-06-07,noite,agencia,11.6,False,False,2026-04-26,involuntario,NE
C001658,CD-PE1,proprio,2025-06-24,manha,anuncio,5.9,False,False,2025-10-01,voluntario,NE
C001659,CD-PE1,proprio,2025-06-14,noite,agencia,10.3,False,False,,,NE
C001660,CD-PE1,proprio,2025-06-09,manha,anuncio,5.2,False,False,,,NE
C001661,CD-PE1,proprio,2025-06-08,noite,agencia,13.3,False,False,2025-06-25,voluntario,NE
C001662,CD-PE1,proprio,2025-06-07,tarde,agencia,19.8,False,False,,,NE
C001663,CD-PE1,proprio,2025-06-29,noite,agencia,11.7,False,False,,,NE
C001664,CD-PE1,proprio,2025-06-25,noite,anuncio,12.0,False,False,,,NE
C001665,CD-PE1,proprio,2025-06-01,manha,indicacao,4.3,False,False,2025-06-25,voluntario,NE
C001666,CD-PE1,proprio,2025-06-01,tarde,anuncio,3.2,False,False,,,NE
C001667,CD-PR1,proprio,2025-06-03,tarde,agencia,6.7,False,False,,,S
C001668,CD-PR1,proprio,2025-06-03,manha,anuncio,5.0,False,False,2025-12-14,voluntario,S
C001669,CD-PR1,proprio,2025-06-27,noite,agencia,9.6,False,False,2025-07-08,involuntario,S
C001670,CD-PR1,proprio,2025-06-01,manha,anuncio,17.4,False,False,2025-06-24,voluntario,S
C001671,CD-PR1,proprio,2025-06-23,noite,agencia,2.3,False,False,2025-07-02,voluntario,S
C001672,CD-PR1,proprio,2025-06-08,tarde,agencia,11.4,False,False,,,S
C001673,CD-PR1,proprio,2025-06-03,manha,indicacao,9.3,False,False,,,S
C001674,CD-PR1,proprio,2025-06-16,noite,agencia,11.4,False,False,2025-07-26,involuntario,S
C001675,CD-PR1,proprio,2025-06-29,tarde,anuncio,20.3,False,False,2025-07-12,voluntario,S
C001676,CD-PR1,proprio,2025-06-05,manha,indicacao,6.8,False,False,,,S
C001677,CD-PR1,proprio,2025-06-20,manha,agencia,10.8,False,False,2026-06-10,voluntario,S
C001678,CD-RJ1,proprio,2025-06-13,manha,agencia,7.5,False,False,2025-07-05,involuntario,SE
C001679,CD-RJ1,proprio,2025-06-14,tarde,anuncio,21.2,False,False,,,SE
C001680,CD-RJ1,proprio,2025-06-02,manha,agencia,8.0,False,False,2025-06-03,voluntario,SE
C001681,CD-RJ1,proprio,2025-06-11,manha,agencia,11.3,False,False,,,SE
C001682,CD-RJ1,proprio,2025-06-09,manha,anuncio,7.0,False,False,2026-01-18,involuntario,SE
C001683,CD-RJ1,proprio,2025-06-18,noite,anuncio,9.3,False,False,,,SE
C001684,CD-SP1,proprio,2025-06-17,manha,indicacao,11.9,False,False,2026-05-10,voluntario,SE
C001685,CD-SP1,proprio,2025-06-25,tarde,agencia,8.2,False,False,2026-07-29,voluntario,SE
C001686,CD-SP1,proprio,2025-06-11,noite,anuncio,5.6,False,False,2025-07-18,voluntario,SE
C001687,CD-SP1,proprio,2025-06-25,manha,agencia,5.6,False,False,,,SE
C001688,CD-SP1,proprio,2025-06-23,noite,agencia,24.5,False,False,,,SE
C001689,CD-SP1,proprio,2025-06-03,noite,agencia,7.9,False,False,2025-06-25,voluntario,SE
C001690,CD-SP1,proprio,2025-06-08,tarde,agencia,22.8,False,False,2025-06-18,voluntario,SE
C001691,CD-SP1,proprio,2025-06-13,tarde,anuncio,11.5,False,False,,,SE
C001692,CD-SP1,proprio,2025-06-30,noite,indicacao,13.8,False,False,2026-05-15,voluntario,SE
C001693,CD-SP1,proprio,2025-06-19,noite,agencia,6.8,False,False,2025-08-27,voluntario,SE
C001694,CD-SP1,proprio,2025-06-30,noite,indicacao,16.4,False,False,2026-04-05,involuntario,SE
C001695,CD-SP1,proprio,2025-06-27,manha,indicacao,13.9,False,False,,,SE
C001696,CD-SP1,proprio,2025-06-12,manha,anuncio,23.6,False,False,2025-06-25,voluntario,SE
C001697,CD-SP2,3PL,2025-06-01,manha,anuncio,6.0,False,False,,,SE
C001698,CD-SP2,3PL,2025-06-22,noite,anuncio,11.1,False,False,2026-05-03,involuntario,SE
C001699,CD-SP2,3PL,2025-06-14,manha,agencia,22.9,False,False,2025-06-26,voluntario,SE
C001700,CD-SP2,3PL,2025-06-10,tarde,agencia,6.0,False,False,2025-06-16,voluntario,SE
C001701,CD-SP2,3PL,2025-06-14,manha,anuncio,6.0,False,False,,,SE
C001702,CD-SP2,3PL,2025-06-25,manha,anuncio,12.7,False,False,2025-06-27,voluntario,SE
C001703,CD-SP2,3PL,2025-06-19,tarde,indicacao,8.4,False,False,2025-06-29,voluntario,SE
C001704,CD-SP2,3PL,2025-06-19,manha,indicacao,10.4,False,False,,,SE
C001705,CD-GO1,3PL,2025-07-28,noite,anuncio,5.8,False,False,2025-09-01,voluntario,CO
C001706,CD-GO1,3PL,2025-07-05,manha,agencia,9.5,False,False,2025-07-26,voluntario,CO
C001707,CD-GO1,3PL,2025-07-21,noite,anuncio,15.3,False,False,2026-07-22,voluntario,CO
C001708,CD-GO1,3PL,2025-07-06,noite,anuncio,9.1,False,False,,,CO
C001709,CD-GO1,3PL,2025-07-15,manha,indicacao,17.4,False,False,,,CO
C001710,CD-GO1,3PL,2025-07-12,noite,anuncio,3.4,False,False,2025-07-21,involuntario,CO
C001711,CD-GO1,3PL,2025-07-13,noite,indicacao,12.0,False,False,,,CO
C001712,CD-GO1,3PL,2025-07-13,noite,indicacao,11.3,False,False,2026-02-28,voluntario,CO
C001713,CD-GO1,3PL,2025-07-26,tarde,anuncio,8.9,False,False,,,CO
C001714,CD-GO1,3PL,2025-07-20,tarde,anuncio,24.5,False,False,2026-07-16,involuntario,CO
C001715,CD-GO1,3PL,2025-07-28,tarde,anuncio,9.9,False,False,,,CO
C001716,CD-GO1,3PL,2025-07-26,manha,anuncio,6.9,False,False,2025-08-08,voluntario,CO
C001717,CD-GO1,3PL,2025-07-25,tarde,agencia,11.1,False,False,,,CO
C001718,CD-GO1,3PL,2025-07-02,noite,anuncio,3.9,False,False,2026-05-21,voluntario,CO
C001719,CD-GO1,3PL,2025-07-15,tarde,anuncio,7.1,False,False,,,CO
C001720,CD-GO1,3PL,2025-07-29,noite,indicacao,5.7,False,False,,,CO
C001721,CD-GO1,3PL,2025-07-23,manha,indicacao,2.9,False,False,2025-08-12,involuntario,CO
C001722,CD-GO1,3PL,2025-07-09,tarde,agencia,6.2,False,False,2025-09-25,involuntario,CO
C001723,CD-GO1,3PL,2025-07-02,manha,anuncio,12.2,False,False,,,CO
C001724,CD-GO1,3PL,2025-07-15,manha,anuncio,9.1,False,False,,,CO
C001725,CD-GO1,3PL,2025-07-21,manha,anuncio,17.6,False,False,,,CO
C001726,CD-GO1,3PL,2025-07-04,manha,indicacao,6.9,False,False,,,CO
C001727,CD-GO1,3PL,2025-07-12,noite,anuncio,5.6,False,False,2025-08-13,voluntario,CO
C001728,CD-GO1,3PL,2025-07-16,tarde,indicacao,10.3,False,False,2026-02-27,voluntario,CO
C001729,CD-GO1,3PL,2025-07-19,tarde,agencia,14.4,False,False,2025-07-25,voluntario,CO
C001730,CD-GO1,3PL,2025-07-25,tarde,anuncio,10.5,False,False,,,CO
C001731,CD-GO1,3PL,2025-07-31,noite,indicacao,8.4,False,False,,,CO
C001732,CD-GO1,3PL,2025-07-11,manha,agencia,13.3,False,False,2025-08-24,voluntario,CO
C001733,CD-GO1,3PL,2025-07-06,manha,indicacao,7.8,False,False,2025-09-04,voluntario,CO
C001734,CD-GO1,3PL,2025-07-12,tarde,indicacao,13.8,False,False,2026-03-05,involuntario,CO
C001735,CD-GO1,3PL,2025-07-13,tarde,agencia,5.8,False,False,,,CO
C001736,CD-GO1,3PL,2025-07-12,manha,indicacao,8.0,False,False,,,CO
C001737,CD-GO1,3PL,2025-07-06,manha,anuncio,7.9,False,False,2025-07-27,involuntario,CO
C001738,CD-GO1,3PL,2025-07-09,noite,indicacao,21.4,False,False,,,CO
C001739,CD-GO1,3PL,2025-07-31,tarde,indicacao,11.9,False,False,2026-05-12,involuntario,CO
C001740,CD-GO1,3PL,2025-07-30,tarde,anuncio,2.5,False,False,2025-08-05,voluntario,CO
C001741,CD-GO1,3PL,2025-07-22,tarde,indicacao,23.6,False,False,2025-08-18,voluntario,CO
C001742,CD-GO1,3PL,2025-07-11,manha,agencia,14.6,False,False,2025-07-19,voluntario,CO
C001743,CD-GO1,3PL,2025-07-24,manha,agencia,20.2,False,False,,,CO
C001744,CD-GO1,3PL,2025-07-26,tarde,agencia,16.5,False,False,,,CO
C001745,CD-GO1,3PL,2025-07-05,tarde,indicacao,5.6,False,False,2025-10-29,voluntario,CO
C001746,CD-GO1,3PL,2025-07-20,tarde,indicacao,6.2,False,False,2025-08-05,voluntario,CO
C001747,CD-GO1,3PL,2025-07-31,tarde,indicacao,5.1,False,False,,,CO
C001748,CD-GO1,3PL,2025-07-11,noite,indicacao,9.7,False,False,2025-07-24,voluntario,CO
C001749,CD-GO1,3PL,2025-07-02,noite,agencia,3.4,False,False,2025-07-31,voluntario,CO
C001750,CD-GO1,3PL,2025-07-27,manha,agencia,10.9,False,False,,,CO
C001751,CD-GO1,3PL,2025-07-19,tarde,agencia,9.6,False,False,,,CO
C001752,CD-GO1,3PL,2025-07-26,tarde,anuncio,6.0,False,False,,,CO
C001753,CD-GO1,3PL,2025-07-02,manha,anuncio,25.1,False,False,2025-07-09,voluntario,CO
C001754,CD-PE1,proprio,2025-07-14,manha,anuncio,14.2,False,False,,,NE
C001755,CD-PE1,proprio,2025-07-04,noite,anuncio,1.6,False,False,2025-07-29,voluntario,NE
C001756,CD-PE1,proprio,2025-07-19,noite,indicacao,13.4,False,False,,,NE
C001757,CD-PE1,proprio,2025-07-09,manha,anuncio,7.5,False,False,,,NE
C001758,CD-PE1,proprio,2025-07-31,manha,anuncio,8.2,False,False,,,NE
C001759,CD-PE1,proprio,2025-07-13,noite,indicacao,15.3,False,False,,,NE
C001760,CD-PE1,proprio,2025-07-28,noite,anuncio,9.0,False,False,,,NE
C001761,CD-PE1,proprio,2025-07-26,noite,anuncio,7.5,False,False,2025-09-07,involuntario,NE
C001762,CD-PE1,proprio,2025-07-05,tarde,agencia,4.8,False,False,,,NE
C001763,CD-PE1,proprio,2025-07-26,tarde,agencia,9.5,False,False,2025-08-20,voluntario,NE
C001764,CD-PE1,proprio,2025-07-27,manha,agencia,6.9,False,False,2026-05-31,voluntario,NE
C001765,CD-PE1,proprio,2025-07-03,noite,anuncio,12.2,False,False,2025-12-08,voluntario,NE
C001766,CD-PE1,proprio,2025-07-19,noite,anuncio,11.2,False,False,2025-08-01,voluntario,NE
C001767,CD-PE1,proprio,2025-07-24,noite,agencia,30.9,False,False,2025-09-02,involuntario,NE
C001768,CD-PE1,proprio,2025-07-14,noite,anuncio,5.8,False,False,,,NE
C001769,CD-PE1,proprio,2025-07-08,tarde,anuncio,6.1,False,False,,,NE
C001770,CD-PE1,proprio,2025-07-06,manha,indicacao,12.2,False,False,2026-02-22,voluntario,NE
C001771,CD-PE1,proprio,2025-07-18,tarde,anuncio,5.8,False,False,,,NE
C001772,CD-PE1,proprio,2025-07-03,tarde,indicacao,5.4,False,False,,,NE
C001773,CD-PE1,proprio,2025-07-12,manha,agencia,4.7,False,False,2025-08-11,voluntario,NE
C001774,CD-PE1,proprio,2025-07-18,noite,anuncio,22.1,False,False,2025-09-07,voluntario,NE
C001775,CD-PE1,proprio,2025-07-15,tarde,anuncio,6.9,False,False,,,NE
C001776,CD-PE1,proprio,2025-07-27,noite,indicacao,8.9,False,False,2025-08-12,involuntario,NE
C001777,CD-PE1,proprio,2025-07-27,noite,indicacao,5.4,False,False,2025-12-20,voluntario,NE
C001778,CD-PE1,proprio,2025-07-20,noite,anuncio,13.0,False,False,2025-10-24,voluntario,NE
C001779,CD-PE1,proprio,2025-07-11,manha,indicacao,11.1,False,False,,,NE
C001780,CD-PE1,proprio,2025-07-10,manha,anuncio,11.4,False,False,2025-07-16,voluntario,NE
C001781,CD-PE1,proprio,2025-07-09,manha,anuncio,6.6,False,False,2025-12-23,involuntario,NE
C001782,CD-PE1,proprio,2025-07-20,tarde,agencia,10.1,False,False,,,NE
C001783,CD-PE1,proprio,2025-07-25,noite,indicacao,9.6,False,False,,,NE
C001784,CD-PE1,proprio,2025-07-16,noite,indicacao,9.2,False,False,2026-07-04,voluntario,NE
C001785,CD-PE1,proprio,2025-07-22,noite,agencia,15.3,False,False,,,NE
C001786,CD-PE1,proprio,2025-07-20,noite,indicacao,8.1,False,False,2025-09-15,involuntario,NE
C001787,CD-PE1,proprio,2025-07-01,noite,agencia,12.4,False,False,2025-07-15,involuntario,NE
C001788,CD-PE1,proprio,2025-07-01,tarde,agencia,5.9,False,False,,,NE
C001789,CD-PE1,proprio,2025-07-20,manha,indicacao,11.9,False,False,,,NE
C001790,CD-PE1,proprio,2025-07-20,tarde,indicacao,5.5,False,False,,,NE
C001791,CD-PE1,proprio,2025-07-29,manha,indicacao,60.0,False,False,2025-07-30,involuntario,NE
C001792,CD-PE1,proprio,2025-07-06,tarde,indicacao,13.6,False,False,2026-03-17,voluntario,NE
C001793,CD-PE1,proprio,2025-07-30,tarde,indicacao,5.3,False,False,,,NE
C001794,CD-PE1,proprio,2025-07-17,manha,anuncio,9.1,False,False,2026-02-21,voluntario,NE
C001795,CD-PE1,proprio,2025-07-19,manha,anuncio,8.7,False,False,,,NE
C001796,CD-PE1,proprio,2025-07-21,tarde,agencia,9.7,False,False,2026-09-23,voluntario,NE
C001797,CD-PE1,proprio,2025-07-26,noite,indicacao,5.8,False,False,2025-09-26,involuntario,NE
C001798,CD-PE1,proprio,2025-07-03,tarde,agencia,2.9,False,False,2026-03-14,voluntario,NE
C001799,CD-PE1,proprio,2025-07-23,manha,anuncio,21.5,False,False,2025-08-05,involuntario,NE
C001800,CD-PE1,proprio,2025-07-25,noite,agencia,8.7,False,False,2025-08-29,involuntario,NE
C001801,CD-PE1,proprio,2025-07-14,tarde,anuncio,14.0,False,False,2025-07-29,voluntario,NE
C001802,CD-PE1,proprio,2025-07-23,noite,indicacao,4.7,False,False,,,NE
C001803,CD-PE1,proprio,2025-07-06,manha,indicacao,14.0,False,False,2026-05-09,voluntario,NE
C001804,CD-PE1,proprio,2025-07-01,tarde,agencia,8.9,False,False,2026-06-03,voluntario,NE
C001805,CD-PE1,proprio,2025-07-27,manha,anuncio,8.6,False,False,2026-05-17,involuntario,NE
C001806,CD-PE1,proprio,2025-07-31,noite,indicacao,4.5,False,False,,,NE
C001807,CD-PE1,proprio,2025-07-31,tarde,indicacao,8.9,False,False,,,NE
C001808,CD-PE1,proprio,2025-07-12,tarde,anuncio,14.4,False,False,2025-07-16,voluntario,NE
C001809,CD-PE1,proprio,2025-07-21,manha,indicacao,8.8,False,False,2025-08-08,voluntario,NE
C001810,CD-PE1,proprio,2025-07-08,tarde,indicacao,25.2,False,False,2025-10-08,voluntario,NE
C001811,CD-PE1,proprio,2025-07-05,manha,indicacao,12.0,False,False,,,NE
C001812,CD-PE1,proprio,2025-07-22,tarde,agencia,24.4,False,False,,,NE
C001813,CD-PE1,proprio,2025-07-08,tarde,agencia,6.1,False,False,,,NE
C001814,CD-PE1,proprio,2025-07-08,manha,anuncio,4.7,False,False,2025-07-20,voluntario,NE
C001815,CD-PE1,proprio,2025-07-28,manha,agencia,6.8,False,False,2025-07-29,involuntario,NE
C001816,CD-PE1,proprio,2025-07-28,manha,indicacao,5.9,False,False,,,NE
C001817,CD-PE1,proprio,2025-07-19,manha,indicacao,6.9,False,False,,,NE
C001818,CD-PE1,proprio,2025-07-28,tarde,agencia,10.3,False,False,2025-08-07,voluntario,NE
C001819,CD-PE1,proprio,2025-07-02,tarde,agencia,11.0,False,False,2026-04-14,voluntario,NE
C001820,CD-PE1,proprio,2025-07-08,tarde,agencia,6.5,False,False,2026-01-09,voluntario,NE
C001821,CD-PE1,proprio,2025-07-02,tarde,agencia,10.1,False,False,,,NE
C001822,CD-PE1,proprio,2025-07-10,manha,indicacao,5.1,False,False,,,NE
C001823,CD-PE1,proprio,2025-07-31,manha,indicacao,8.1,False,False,2025-09-27,voluntario,NE
C001824,CD-PE1,proprio,2025-07-27,tarde,indicacao,6.6,False,False,2026-09-25,voluntario,NE
C001825,CD-PE1,proprio,2025-07-02,manha,agencia,6.0,False,False,2026-06-18,voluntario,NE
C001826,CD-PE1,proprio,2025-07-01,manha,agencia,13.9,False,False,2025-08-16,voluntario,NE
C001827,CD-PE1,proprio,2025-07-20,tarde,indicacao,7.3,False,False,,,NE
C001828,CD-PE1,proprio,2025-07-16,noite,anuncio,11.0,False,False,2025-08-11,voluntario,NE
C001829,CD-PE1,proprio,2025-07-21,manha,indicacao,5.9,False,False,2025-11-30,voluntario,NE
C001830,CD-PE1,proprio,2025-07-09,noite,anuncio,9.5,False,False,2025-07-10,involuntario,NE
C001831,CD-PE1,proprio,2025-07-27,noite,agencia,11.6,False,False,2025-09-03,voluntario,NE
C001832,CD-PE1,proprio,2025-07-15,noite,agencia,16.1,False,False,2026-07-01,involuntario,NE
C001833,CD-PE1,proprio,2025-07-09,manha,anuncio,7.0,False,False,2025-07-14,involuntario,NE
C001834,CD-PE1,proprio,2025-07-22,noite,indicacao,4.8,False,False,2026-01-19,involuntario,NE
C001835,CD-PE1,proprio,2025-07-27,manha,anuncio,8.7,False,False,,,NE
C001836,CD-PE1,proprio,2025-07-12,noite,anuncio,3.9,False,False,,,NE
C001837,CD-PE1,proprio,2025-07-07,manha,agencia,13.2,False,False,,,NE
C001838,CD-PE1,proprio,2025-07-02,noite,agencia,8.2,False,False,2025-09-11,voluntario,NE
C001839,CD-PE1,proprio,2025-07-10,tarde,agencia,4.4,False,False,2025-07-21,voluntario,NE
C001840,CD-PR1,proprio,2025-07-28,noite,anuncio,6.8,False,False,,,S
C001841,CD-PR1,proprio,2025-07-27,manha,agencia,14.3,False,False,2025-08-14,voluntario,S
C001842,CD-PR1,proprio,2025-07-20,manha,anuncio,5.0,False,False,2025-08-02,voluntario,S
C001843,CD-PR1,proprio,2025-07-14,tarde,anuncio,12.7,False,False,2025-08-20,voluntario,S
C001844,CD-PR1,proprio,2025-07-13,tarde,indicacao,21.7,False,False,2025-09-18,voluntario,S
C001845,CD-PR1,proprio,2025-07-11,manha,anuncio,16.1,False,False,2025-08-28,voluntario,S
C001846,CD-PR1,proprio,2025-07-24,noite,agencia,11.2,False,False,,,S
C001847,CD-PR1,proprio,2025-07-08,manha,anuncio,8.8,False,False,,,S
C001848,CD-PR1,proprio,2025-07-23,manha,agencia,5.8,False,False,,,S
C001849,CD-PR1,proprio,2025-07-10,tarde,indicacao,15.0,False,False,,,S
C001850,CD-PR1,proprio,2025-07-01,manha,agencia,12.8,False,False,,,S
C001851,CD-PR1,proprio,2025-07-04,tarde,indicacao,22.7,False,False,2026-04-20,involuntario,S
C001852,CD-PR1,proprio,2025-07-12,noite,indicacao,10.8,False,False,2026-07-04,voluntario,S
C001853,CD-PR1,proprio,2025-07-10,manha,anuncio,9.7,False,False,2025-07-15,voluntario,S
C001854,CD-PR1,proprio,2025-07-20,noite,indicacao,17.0,False,False,,,S
C001855,CD-PR1,proprio,2025-07-06,noite,anuncio,16.7,False,False,2025-07-17,voluntario,S
C001856,CD-PR1,proprio,2025-07-08,tarde,agencia,3.1,False,False,,,S
C001857,CD-PR1,proprio,2025-07-17,noite,anuncio,18.0,False,False,,,S
C001858,CD-PR1,proprio,2025-07-26,tarde,agencia,14.0,False,False,2025-08-23,voluntario,S
C001859,CD-PR1,proprio,2025-07-20,tarde,anuncio,7.2,False,False,2026-05-20,voluntario,S
C001860,CD-PR1,proprio,2025-07-24,manha,agencia,10.2,False,False,,,S
C001861,CD-PR1,proprio,2025-07-16,manha,anuncio,15.4,False,False,,,S
C001862,CD-PR1,proprio,2025-07-09,tarde,agencia,18.0,False,False,2025-08-09,involuntario,S
C001863,CD-PR1,proprio,2025-07-18,manha,anuncio,13.2,False,False,,,S
C001864,CD-PR1,proprio,2025-07-10,manha,agencia,11.0,False,False,2025-07-23,involuntario,S
C001865,CD-PR1,proprio,2025-07-30,manha,indicacao,12.9,False,False,,,S
C001866,CD-PR1,proprio,2025-07-10,manha,anuncio,13.1,False,False,2025-10-21,voluntario,S
C001867,CD-PR1,proprio,2025-07-21,manha,agencia,33.8,False,False,2025-09-21,voluntario,S
C001868,CD-PR1,proprio,2025-07-12,manha,indicacao,19.4,False,False,,,S
C001869,CD-PR1,proprio,2025-07-18,manha,agencia,12.9,False,False,,,S
C001870,CD-PR1,proprio,2025-07-02,noite,anuncio,5.7,False,False,2025-07-08,involuntario,S
C001871,CD-PR1,proprio,2025-07-03,tarde,indicacao,13.7,False,False,,,S
C001872,CD-PR1,proprio,2025-07-08,manha,anuncio,7.9,False,False,2026-03-29,voluntario,S
C001873,CD-PR1,proprio,2025-07-03,manha,anuncio,8.1,False,False,,,S
C001874,CD-PR1,proprio,2025-07-18,manha,agencia,5.5,False,False,2025-07-23,involuntario,S
C001875,CD-PR1,proprio,2025-07-20,manha,indicacao,9.9,False,False,2025-11-15,voluntario,S
C001876,CD-PR1,proprio,2025-07-09,manha,indicacao,9.9,False,False,2026-03-30,voluntario,S
C001877,CD-PR1,proprio,2025-07-13,noite,agencia,21.3,False,False,2025-08-22,voluntario,S
C001878,CD-PR1,proprio,2025-07-09,manha,agencia,7.8,False,False,2025-08-26,voluntario,S
C001879,CD-PR1,proprio,2025-07-30,manha,indicacao,11.1,False,False,,,S
C001880,CD-PR1,proprio,2025-07-25,manha,indicacao,15.2,False,False,,,S
C001881,CD-PR1,proprio,2025-07-01,manha,indicacao,12.4,False,False,2025-07-15,voluntario,S
C001882,CD-PR1,proprio,2025-07-17,manha,anuncio,9.5,False,False,,,S
C001883,CD-PR1,proprio,2025-07-14,tarde,agencia,19.9,False,False,,,S
C001884,CD-PR1,proprio,2025-07-18,noite,anuncio,1.9,False,False,,,S
C001885,CD-PR1,proprio,2025-07-20,noite,anuncio,22.1,False,False,2025-09-12,involuntario,S
C001886,CD-PR1,proprio,2025-07-06,manha,anuncio,2.9,False,False,2026-05-30,involuntario,S
C001887,CD-PR1,proprio,2025-07-01,manha,indicacao,17.6,False,False,2026-01-30,voluntario,S
C001888,CD-PR1,proprio,2025-07-20,tarde,anuncio,13.9,False,False,,,S
C001889,CD-RJ1,proprio,2025-07-12,manha,anuncio,10.6,False,False,,,SE
C001890,CD-RJ1,proprio,2025-07-05,manha,indicacao,19.4,False,False,,,SE
C001891,CD-RJ1,proprio,2025-07-14,noite,anuncio,9.3,False,False,2025-07-15,voluntario,SE
C001892,CD-RJ1,proprio,2025-07-09,noite,indicacao,11.3,False,False,,,SE
C001893,CD-RJ1,proprio,2025-07-06,manha,anuncio,6.0,False,False,,,SE
C001894,CD-RJ1,proprio,2025-07-31,tarde,anuncio,9.4,False,False,2025-08-28,voluntario,SE
C001895,CD-RJ1,proprio,2025-07-05,tarde,anuncio,19.7,False,False,,,SE
C001896,CD-RJ1,proprio,2025-07-18,manha,agencia,12.8,False,False,,,SE
C001897,CD-RJ1,proprio,2025-07-26,manha,anuncio,14.5,False,False,,,SE
C001898,CD-RJ1,proprio,2025-07-18,tarde,agencia,9.4,False,False,2025-08-05,voluntario,SE
C001899,CD-RJ1,proprio,2025-07-31,noite,anuncio,9.0,False,False,2025-08-05,voluntario,SE
C001900,CD-RJ1,proprio,2025-07-03,noite,agencia,6.1,False,False,2025-08-02,voluntario,SE
C001901,CD-RJ1,proprio,2025-07-12,manha,indicacao,10.1,False,False,,,SE
C001902,CD-RJ1,proprio,2025-07-04,manha,anuncio,4.5,False,False,,,SE
C001903,CD-RJ1,proprio,2025-07-08,manha,indicacao,6.5,False,False,,,SE
C001904,CD-RJ1,proprio,2025-07-29,manha,indicacao,5.7,False,False,,,SE
C001905,CD-RJ1,proprio,2025-07-20,manha,indicacao,16.5,False,False,,,SE
C001906,CD-RJ1,proprio,2025-07-13,tarde,indicacao,14.9,False,False,2025-09-09,voluntario,SE
C001907,CD-RJ1,proprio,2025-07-15,noite,anuncio,16.3,False,False,2025-08-04,voluntario,SE
C001908,CD-RJ1,proprio,2025-07-24,manha,agencia,10.2,False,False,,,SE
C001909,CD-RJ1,proprio,2025-07-04,noite,anuncio,15.9,False,False,2025-08-21,voluntario,SE
C001910,CD-RJ1,proprio,2025-07-09,noite,agencia,13.3,False,False,2026-06-17,voluntario,SE
C001911,CD-RJ1,proprio,2025-07-31,tarde,anuncio,5.4,False,False,,,SE
C001912,CD-RJ1,proprio,2025-07-16,manha,anuncio,2.9,False,False,,,SE
C001913,CD-RJ1,proprio,2025-07-23,manha,anuncio,6.8,False,False,,,SE
C001914,CD-RJ1,proprio,2025-07-19,tarde,indicacao,12.2,False,False,2025-09-27,involuntario,SE
C001915,CD-RJ1,proprio,2025-07-07,tarde,agencia,24.3,False,False,2026-04-08,voluntario,SE
C001916,CD-SP1,proprio,2025-07-10,tarde,anuncio,13.8,False,False,,,SE
C001917,CD-SP1,proprio,2025-07-29,tarde,anuncio,5.4,False,False,2025-09-18,voluntario,SE
C001918,CD-SP1,proprio,2025-07-20,tarde,anuncio,10.5,False,False,,,SE
C001919,CD-SP1,proprio,2025-07-18,manha,agencia,13.6,False,False,2025-07-30,voluntario,SE
C001920,CD-SP1,proprio,2025-07-03,tarde,indicacao,14.5,False,False,2025-07-15,voluntario,SE
C001921,CD-SP1,proprio,2025-07-07,noite,agencia,8.6,False,False,,,SE
C001922,CD-SP1,proprio,2025-07-07,manha,agencia,5.4,False,False,,,SE
C001923,CD-SP1,proprio,2025-07-04,manha,agencia,16.2,False,False,,,SE
C001924,CD-SP1,proprio,2025-07-21,manha,anuncio,4.5,False,False,2025-07-30,involuntario,SE
C001925,CD-SP1,proprio,2025-07-26,manha,agencia,12.6,False,False,2025-08-01,involuntario,SE
C001926,CD-SP1,proprio,2025-07-26,noite,agencia,5.8,False,False,,,SE
C001927,CD-SP1,proprio,2025-07-16,tarde,anuncio,2.2,False,False,2026-03-06,voluntario,SE
C001928,CD-SP1,proprio,2025-07-31,manha,agencia,8.8,False,False,2026-02-01,voluntario,SE
C001929,CD-SP1,proprio,2025-07-27,noite,agencia,8.5,False,False,,,SE
C001930,CD-SP1,proprio,2025-07-07,manha,indicacao,5.9,False,False,,,SE
C001931,CD-SP1,proprio,2025-07-16,manha,anuncio,17.7,False,False,,,SE
C001932,CD-SP1,proprio,2025-07-25,manha,agencia,3.6,False,False,2026-03-22,involuntario,SE
C001933,CD-SP1,proprio,2025-07-09,manha,anuncio,12.1,False,False,,,SE
C001934,CD-SP1,proprio,2025-07-04,noite,agencia,13.0,False,False,2025-10-14,voluntario,SE
C001935,CD-SP1,proprio,2025-07-15,tarde,agencia,10.3,False,False,2025-07-30,voluntario,SE
C001936,CD-SP1,proprio,2025-07-23,tarde,indicacao,8.2,False,False,,,SE
C001937,CD-SP1,proprio,2025-07-08,tarde,anuncio,5.2,False,False,2026-04-28,involuntario,SE
C001938,CD-SP1,proprio,2025-07-29,noite,agencia,8.2,False,False,2025-08-06,voluntario,SE
C001939,CD-SP1,proprio,2025-07-27,manha,anuncio,13.5,False,False,2026-02-07,voluntario,SE
C001940,CD-SP1,proprio,2025-07-03,manha,anuncio,4.9,False,False,2025-07-25,voluntario,SE
C001941,CD-SP1,proprio,2025-07-28,tarde,agencia,2.7,False,False,,,SE
C001942,CD-SP1,proprio,2025-07-30,noite,agencia,6.7,False,False,2026-07-26,involuntario,SE
C001943,CD-SP1,proprio,2025-07-25,noite,anuncio,6.8,False,False,2025-07-28,voluntario,SE
C001944,CD-SP1,proprio,2025-07-16,manha,indicacao,3.2,False,False,2026-08-08,voluntario,SE
C001945,CD-SP1,proprio,2025-07-15,noite,indicacao,6.2,False,False,,,SE
C001946,CD-SP1,proprio,2025-07-24,tarde,anuncio,23.0,False,False,2025-07-27,involuntario,SE
C001947,CD-SP1,proprio,2025-07-14,manha,agencia,16.1,False,False,2026-07-24,involuntario,SE
C001948,CD-SP1,proprio,2025-07-28,manha,anuncio,12.6,False,False,,,SE
C001949,CD-SP1,proprio,2025-07-14,tarde,anuncio,10.6,False,False,2026-05-01,involuntario,SE
C001950,CD-SP1,proprio,2025-07-08,manha,indicacao,2.5,False,False,2025-08-22,voluntario,SE
C001951,CD-SP1,proprio,2025-07-26,tarde,anuncio,17.3,False,False,,,SE
C001952,CD-SP1,proprio,2025-07-27,tarde,anuncio,4.1,False,False,2026-02-28,voluntario,SE
C001953,CD-SP1,proprio,2025-07-19,manha,anuncio,6.0,False,False,2025-08-27,voluntario,SE
C001954,CD-SP1,proprio,2025-07-23,manha,anuncio,7.3,False,False,2025-08-29,voluntario,SE
C001955,CD-SP1,proprio,2025-07-31,tarde,indicacao,9.7,False,False,2026-04-04,voluntario,SE
C001956,CD-SP1,proprio,2025-07-21,noite,agencia,5.0,False,False,2025-08-29,voluntario,SE
C001957,CD-SP1,proprio,2025-07-11,noite,agencia,5.3,False,False,2025-10-16,voluntario,SE
C001958,CD-SP1,proprio,2025-07-25,tarde,indicacao,15.1,False,False,,,SE
C001959,CD-SP1,proprio,2025-07-30,manha,anuncio,26.3,False,False,2026-03-14,involuntario,SE
C001960,CD-SP1,proprio,2025-07-13,tarde,agencia,7.8,False,False,2025-07-19,voluntario,SE
C001961,CD-SP1,proprio,2025-07-23,manha,anuncio,13.7,False,False,,,SE
C001962,CD-SP1,proprio,2025-07-13,manha,indicacao,8.1,False,False,,,SE
C001963,CD-SP1,proprio,2025-07-10,manha,anuncio,14.9,False,False,2025-09-05,involuntario,SE
C001964,CD-SP1,proprio,2025-07-10,tarde,anuncio,12.1,False,False,2025-07-23,voluntario,SE
C001965,CD-SP1,proprio,2025-07-09,tarde,indicacao,12.3,False,False,,,SE
C001966,CD-SP1,proprio,2025-07-27,noite,agencia,5.5,False,False,,,SE
C001967,CD-SP1,proprio,2025-07-27,tarde,indicacao,6.8,False,False,,,SE
C001968,CD-SP1,proprio,2025-07-17,manha,agencia,9.1,False,False,2026-07-15,involuntario,SE
C001969,CD-SP1,proprio,2025-07-09,tarde,anuncio,7.5,False,False,2026-07-24,voluntario,SE
C001970,CD-SP1,proprio,2025-07-18,manha,agencia,12.4,False,False,,,SE
C001971,CD-SP1,proprio,2025-07-10,manha,anuncio,3.5,False,False,,,SE
C001972,CD-SP1,proprio,2025-07-07,noite,indicacao,21.6,False,False,2025-09-07,involuntario,SE
C001973,CD-SP1,proprio,2025-07-06,noite,indicacao,20.7,False,False,2026-05-17,voluntario,SE
C001974,CD-SP1,proprio,2025-07-14,noite,indicacao,11.9,False,False,2025-07-27,voluntario,SE
C001975,CD-SP1,proprio,2025-07-12,noite,indicacao,7.8,False,False,2025-10-05,voluntario,SE
C001976,CD-SP1,proprio,2025-07-16,tarde,agencia,7.6,False,False,2025-09-15,voluntario,SE
C001977,CD-SP1,proprio,2025-07-27,manha,anuncio,7.1,False,False,2026-04-25,voluntario,SE
C001978,CD-SP1,proprio,2025-07-14,noite,anuncio,11.3,False,False,2025-09-26,voluntario,SE
C001979,CD-SP1,proprio,2025-07-18,manha,anuncio,6.8,False,False,2026-04-08,voluntario,SE
C001980,CD-SP1,proprio,2025-07-25,manha,indicacao,7.0,False,False,,,SE
C001981,CD-SP1,proprio,2025-07-26,noite,anuncio,3.6,False,False,,,SE
C001982,CD-SP1,proprio,2025-07-02,tarde,anuncio,9.4,False,False,2026-08-24,involuntario,SE
C001983,CD-SP2,3PL,2025-07-27,noite,anuncio,7.6,False,False,2025-08-17,voluntario,SE
C001984,CD-SP2,3PL,2025-07-22,noite,anuncio,23.2,False,False,2025-07-31,voluntario,SE
C001985,CD-SP2,3PL,2025-07-21,noite,indicacao,9.3,False,False,,,SE
C001986,CD-SP2,3PL,2025-07-07,manha,agencia,2.4,False,False,2025-12-27,voluntario,SE
C001987,CD-SP2,3PL,2025-07-21,noite,indicacao,11.3,False,False,2026-01-04,voluntario,SE
C001988,CD-SP2,3PL,2025-07-15,manha,agencia,10.4,False,False,2025-08-20,voluntario,SE
C001989,CD-SP2,3PL,2025-07-30,manha,anuncio,6.2,False,False,2025-08-25,voluntario,SE
C001990,CD-SP2,3PL,2025-07-04,noite,anuncio,27.5,False,False,,,SE
C001991,CD-SP2,3PL,2025-07-28,noite,agencia,10.6,False,False,2025-08-18,involuntario,SE
C001992,CD-SP2,3PL,2025-07-27,manha,agencia,5.7,False,False,2025-09-26,voluntario,SE
C001993,CD-SP2,3PL,2025-07-03,tarde,anuncio,19.1,False,False,,,SE
C001994,CD-SP2,3PL,2025-07-04,tarde,agencia,9.9,False,False,,,SE
C001995,CD-SP2,3PL,2025-07-07,noite,agencia,8.4,False,False,2025-07-14,voluntario,SE
C001996,CD-SP2,3PL,2025-07-01,tarde,agencia,6.4,False,False,,,SE
C001997,CD-SP2,3PL,2025-07-08,manha,agencia,7.8,False,False,2025-08-16,voluntario,SE
C001998,CD-SP2,3PL,2025-07-25,noite,agencia,4.0,False,False,2025-07-26,voluntario,SE
C001999,CD-SP2,3PL,2025-07-25,noite,anuncio,7.6,False,False,2026-02-28,involuntario,SE
C002000,CD-SP2,3PL,2025-07-04,tarde,anuncio,5.2,False,False,2025-11-26,involuntario,SE
C002001,CD-SP2,3PL,2025-07-29,noite,agencia,16.8,False,False,,,SE
C002002,CD-SP2,3PL,2025-07-30,manha,anuncio,9.2,False,False,2025-08-10,involuntario,SE
C002003,CD-SP2,3PL,2025-07-06,noite,anuncio,20.6,False,False,2026-07-27,voluntario,SE
C002004,CD-SP2,3PL,2025-07-19,noite,anuncio,19.4,False,False,2025-07-26,voluntario,SE
C002005,CD-SP2,3PL,2025-07-04,noite,agencia,5.4,False,False,,,SE
C002006,CD-SP2,3PL,2025-07-16,manha,anuncio,9.6,False,False,,,SE
C002007,CD-SP2,3PL,2025-07-17,tarde,anuncio,9.2,False,False,,,SE
C002008,CD-SP2,3PL,2025-07-06,tarde,agencia,9.8,False,False,2025-07-24,voluntario,SE
C002009,CD-SP2,3PL,2025-07-27,noite,agencia,16.8,False,False,,,SE
C002010,CD-SP2,3PL,2025-07-09,noite,indicacao,8.6,False,False,,,SE
C002011,CD-SP2,3PL,2025-07-04,noite,anuncio,9.6,False,False,2026-03-14,voluntario,SE
C002012,CD-SP2,3PL,2025-07-15,noite,indicacao,9.2,False,False,,,SE
C002013,CD-SP2,3PL,2025-07-05,tarde,anuncio,9.2,False,False,2025-07-12,voluntario,SE
C002014,CD-SP2,3PL,2025-07-20,noite,agencia,5.3,False,False,,,SE
C002015,CD-SP2,3PL,2025-07-14,noite,anuncio,6.6,False,False,2025-08-08,involuntario,SE
C002016,CD-SP2,3PL,2025-07-25,noite,agencia,2.6,False,False,2025-09-24,voluntario,SE
C002017,CD-SP2,3PL,2025-07-21,manha,indicacao,11.2,False,False,,,SE
C002018,CD-SP2,3PL,2025-07-07,tarde,agencia,9.9,False,False,2026-08-07,involuntario,SE
C002019,CD-SP2,3PL,2025-07-21,manha,indicacao,10.3,False,False,2025-09-19,involuntario,SE
C002020,CD-AM1,3PL,2025-08-08,manha,anuncio,20.3,False,False,2025-10-21,voluntario,N
C002021,CD-AM1,3PL,2025-08-13,manha,agencia,12.8,False,False,2025-08-27,involuntario,N
C002022,CD-AM1,3PL,2025-08-21,noite,agencia,17.4,False,False,2025-08-24,voluntario,N
C002023,CD-AM1,3PL,2025-08-30,manha,agencia,16.3,False,False,2025-09-15,involuntario,N
C002024,CD-AM1,3PL,2025-08-20,manha,anuncio,23.0,False,False,,,N
C002025,CD-AM1,3PL,2025-08-07,noite,anuncio,18.3,False,False,2025-08-11,voluntario,N
C002026,CD-AM1,3PL,2025-08-10,tarde,indicacao,5.7,False,False,,,N
C002027,CD-AM1,3PL,2025-08-06,noite,agencia,12.8,False,False,2025-08-17,voluntario,N
C002028,CD-AM1,3PL,2025-08-14,manha,anuncio,13.3,False,False,2025-09-08,involuntario,N
C002029,CD-AM1,3PL,2025-08-26,tarde,anuncio,11.5,False,False,,,N
C002030,CD-AM1,3PL,2025-08-14,manha,indicacao,27.5,False,False,2025-09-29,voluntario,N
C002031,CD-AM1,3PL,2025-08-23,manha,agencia,10.5,False,False,2026-03-23,involuntario,N
C002032,CD-AM1,3PL,2025-08-13,manha,indicacao,12.5,False,False,2025-10-25,involuntario,N
C002033,CD-AM1,3PL,2025-08-01,tarde,agencia,8.8,False,False,2026-02-11,voluntario,N
C002034,CD-AM1,3PL,2025-08-07,noite,agencia,8.2,False,False,,,N
C002035,CD-AM1,3PL,2025-08-19,manha,anuncio,7.5,False,False,,,N
C002036,CD-AM1,3PL,2025-08-17,manha,agencia,5.5,False,False,2025-11-02,voluntario,N
C002037,CD-AM1,3PL,2025-08-13,noite,agencia,11.5,False,False,2025-08-20,voluntario,N
C002038,CD-AM1,3PL,2025-08-08,noite,indicacao,23.2,False,False,,,N
C002039,CD-AM1,3PL,2025-08-17,noite,indicacao,8.3,False,False,2025-08-22,voluntario,N
C002040,CD-AM1,3PL,2025-08-13,tarde,agencia,10.8,False,False,,,N
C002041,CD-AM1,3PL,2025-08-28,manha,indicacao,5.7,False,False,2026-09-05,voluntario,N
C002042,CD-AM1,3PL,2025-08-19,noite,anuncio,3.4,False,False,,,N
C002043,CD-AM1,3PL,2025-08-10,noite,anuncio,9.1,False,False,2025-08-13,voluntario,N
C002044,CD-AM1,3PL,2025-08-26,noite,anuncio,6.3,False,False,,,N
C002045,CD-AM1,3PL,2025-08-21,tarde,anuncio,5.3,False,False,2025-11-29,involuntario,N
C002046,CD-AM1,3PL,2025-08-25,noite,indicacao,3.6,False,False,2025-09-15,involuntario,N
C002047,CD-AM1,3PL,2025-08-14,noite,agencia,3.9,False,False,2025-10-08,involuntario,N
C002048,CD-AM1,3PL,2025-08-18,tarde,anuncio,9.8,False,False,,,N
C002049,CD-AM1,3PL,2025-08-30,tarde,anuncio,25.5,False,False,2025-11-17,voluntario,N
C002050,CD-AM1,3PL,2025-08-25,tarde,indicacao,6.7,False,False,2026-04-21,voluntario,N
C002051,CD-AM1,3PL,2025-08-20,tarde,agencia,12.1,False,False,2025-09-02,voluntario,N
C002052,CD-AM1,3PL,2025-08-06,manha,anuncio,5.3,False,False,,,N
C002053,CD-AM1,3PL,2025-08-12,tarde,anuncio,6.1,False,False,2026-07-12,voluntario,N
C002054,CD-AM1,3PL,2025-08-20,tarde,agencia,4.0,False,False,,,N
C002055,CD-AM1,3PL,2025-08-30,noite,agencia,7.5,False,False,2026-04-15,voluntario,N
C002056,CD-AM1,3PL,2025-08-27,tarde,agencia,2.6,False,False,2025-08-31,voluntario,N
C002057,CD-AM1,3PL,2025-08-16,noite,anuncio,5.2,False,False,,,N
C002058,CD-AM1,3PL,2025-08-10,manha,anuncio,7.1,False,False,,,N
C002059,CD-AM1,3PL,2025-08-08,noite,anuncio,6.7,False,False,,,N
C002060,CD-AM1,3PL,2025-08-27,noite,anuncio,11.3,False,False,2025-09-30,voluntario,N
C002061,CD-AM1,3PL,2025-08-19,noite,anuncio,13.2,False,False,2025-11-04,involuntario,N
C002062,CD-AM1,3PL,2025-08-21,manha,agencia,8.2,False,False,2025-09-27,voluntario,N
C002063,CD-AM1,3PL,2025-08-02,noite,agencia,16.3,False,False,2025-08-03,voluntario,N
C002064,CD-AM1,3PL,2025-08-31,noite,anuncio,3.3,False,False,,,N
C002065,CD-AM1,3PL,2025-08-06,manha,indicacao,13.4,False,False,,,N
C002066,CD-AM1,3PL,2025-08-30,tarde,anuncio,8.3,False,False,,,N
C002067,CD-AM1,3PL,2025-08-24,tarde,agencia,3.8,False,False,2025-09-18,voluntario,N
C002068,CD-AM1,3PL,2025-08-28,tarde,agencia,14.0,False,False,2025-09-19,voluntario,N
C002069,CD-AM1,3PL,2025-08-10,noite,agencia,10.6,False,False,2025-08-27,voluntario,N
C002070,CD-AM1,3PL,2025-08-14,noite,anuncio,6.7,False,False,,,N
C002071,CD-AM1,3PL,2025-08-07,tarde,anuncio,16.0,False,False,2025-08-17,involuntario,N
C002072,CD-AM1,3PL,2025-08-26,manha,agencia,9.2,False,False,,,N
C002073,CD-AM1,3PL,2025-08-22,manha,anuncio,14.4,False,False,,,N
C002074,CD-AM1,3PL,2025-08-03,tarde,agencia,11.0,False,False,2025-08-09,involuntario,N
C002075,CD-AM1,3PL,2025-08-25,manha,anuncio,4.9,False,False,,,N
C002076,CD-AM1,3PL,2025-08-08,noite,indicacao,3.6,False,False,2025-09-04,voluntario,N
C002077,CD-AM1,3PL,2025-08-05,tarde,anuncio,4.9,False,False,2025-08-13,involuntario,N
C002078,CD-AM1,3PL,2025-08-28,manha,indicacao,10.6,False,False,2026-02-22,voluntario,N
C002079,CD-AM1,3PL,2025-08-01,tarde,agencia,6.7,False,False,,,N
C002080,CD-AM1,3PL,2025-08-24,tarde,agencia,10.9,False,False,,,N
C002081,CD-AM1,3PL,2025-08-01,tarde,anuncio,6.6,False,False,2025-12-12,involuntario,N
C002082,CD-AM1,3PL,2025-08-04,manha,agencia,3.4,False,False,2025-08-19,involuntario,N
C002083,CD-AM1,3PL,2025-08-03,manha,agencia,11.4,False,False,,,N
C002084,CD-AM1,3PL,2025-08-31,manha,anuncio,14.8,False,False,2026-04-01,voluntario,N
C002085,CD-AM1,3PL,2025-08-09,manha,anuncio,8.2,False,False,2025-09-02,voluntario,N
C002086,CD-AM1,3PL,2025-08-13,manha,anuncio,7.8,False,False,,,N
C002087,CD-AM1,3PL,2025-08-05,noite,agencia,15.2,False,False,2026-07-29,voluntario,N
C002088,CD-AM1,3PL,2025-08-14,tarde,anuncio,12.3,False,False,2026-08-12,voluntario,N
C002089,CD-AM1,3PL,2025-08-15,noite,indicacao,18.0,False,False,,,N
C002090,CD-AM1,3PL,2025-08-03,noite,indicacao,15.3,False,False,,,N
C002091,CD-AM1,3PL,2025-08-27,manha,anuncio,6.3,False,False,,,N
C002092,CD-AM1,3PL,2025-08-25,manha,anuncio,7.3,False,False,,,N
C002093,CD-AM1,3PL,2025-08-29,manha,agencia,9.1,False,False,,,N
C002094,CD-AM1,3PL,2025-08-20,manha,anuncio,7.9,False,False,2025-08-25,voluntario,N
C002095,CD-AM1,3PL,2025-08-11,manha,agencia,6.9,False,False,,,N
C002096,CD-AM1,3PL,2025-08-17,tarde,agencia,11.8,False,False,,,N
C002097,CD-AM1,3PL,2025-08-30,manha,anuncio,10.0,False,False,,,N
C002098,CD-AM1,3PL,2025-08-19,manha,indicacao,6.8,False,False,,,N
C002099,CD-AM1,3PL,2025-08-16,tarde,anuncio,4.9,False,False,,,N
C002100,CD-AM1,3PL,2025-08-06,tarde,agencia,10.0,False,False,,,N
C002101,CD-AM1,3PL,2025-08-18,manha,anuncio,6.4,False,False,2025-11-11,voluntario,N
C002102,CD-AM1,3PL,2025-08-23,tarde,anuncio,6.7,False,False,2025-08-28,involuntario,N
C002103,CD-AM1,3PL,2025-08-03,noite,anuncio,5.7,False,False,,,N
C002104,CD-AM1,3PL,2025-08-31,manha,anuncio,7.3,False,False,2025-09-13,voluntario,N
C002105,CD-AM1,3PL,2025-08-26,noite,agencia,6.6,False,False,2025-10-05,voluntario,N
C002106,CD-AM1,3PL,2025-08-29,tarde,indicacao,16.2,False,False,,,N
C002107,CD-AM1,3PL,2025-08-11,noite,anuncio,7.8,False,False,,,N
C002108,CD-AM1,3PL,2025-08-03,noite,agencia,4.1,False,False,2025-08-21,voluntario,N
C002109,CD-AM1,3PL,2025-08-04,manha,anuncio,9.4,False,False,,,N
C002110,CD-AM1,3PL,2025-08-29,noite,anuncio,17.4,False,False,,,N
C002111,CD-AM1,3PL,2025-08-11,tarde,agencia,8.6,False,False,,,N
C002112,CD-AM1,3PL,2025-08-31,noite,agencia,8.1,False,False,2025-09-20,voluntario,N
C002113,CD-AM1,3PL,2025-08-07,noite,agencia,3.7,False,False,2025-08-20,voluntario,N
C002114,CD-AM1,3PL,2025-08-10,tarde,agencia,8.1,False,False,2026-03-05,voluntario,N
C002115,CD-AM1,3PL,2025-08-14,manha,anuncio,6.2,False,False,2025-11-24,voluntario,N
C002116,CD-AM1,3PL,2025-08-11,tarde,indicacao,3.3,False,False,2025-09-16,voluntario,N
C002117,CD-AM1,3PL,2025-08-18,manha,agencia,5.1,False,False,2026-08-12,involuntario,N
C002118,CD-AM1,3PL,2025-08-28,manha,anuncio,17.5,False,False,,,N
C002119,CD-AM1,3PL,2025-08-26,tarde,anuncio,15.0,False,False,,,N
C002120,CD-AM1,3PL,2025-08-26,noite,indicacao,18.0,False,False,2026-02-06,involuntario,N
C002121,CD-AM1,3PL,2025-08-30,tarde,indicacao,9.2,False,False,,,N
C002122,CD-AM1,3PL,2025-08-28,tarde,agencia,2.9,False,False,2026-01-09,involuntario,N
C002123,CD-AM1,3PL,2025-08-25,manha,agencia,10.6,False,False,,,N
C002124,CD-AM1,3PL,2025-08-29,tarde,indicacao,33.0,False,False,2025-09-03,voluntario,N
C002125,CD-AM1,3PL,2025-08-13,manha,indicacao,4.6,False,False,,,N
C002126,CD-AM1,3PL,2025-08-22,manha,agencia,3.5,False,False,,,N
C002127,CD-AM1,3PL,2025-08-07,tarde,anuncio,5.1,False,False,,,N
C002128,CD-AM1,3PL,2025-08-03,tarde,indicacao,12.6,False,False,2025-08-13,voluntario,N
C002129,CD-AM1,3PL,2025-08-24,tarde,indicacao,2.8,False,False,2025-09-12,voluntario,N
C002130,CD-AM1,3PL,2025-08-05,manha,indicacao,12.0,False,False,2025-08-14,voluntario,N
C002131,CD-AM1,3PL,2025-08-16,tarde,anuncio,7.1,False,False,2025-08-25,involuntario,N
C002132,CD-AM1,3PL,2025-08-11,noite,agencia,8.6,False,False,2026-02-22,involuntario,N
C002133,CD-AM1,3PL,2025-08-18,tarde,indicacao,11.6,False,False,,,N
C002134,CD-AM1,3PL,2025-08-24,noite,anuncio,7.3,False,False,2025-08-28,voluntario,N
C002135,CD-AM1,3PL,2025-08-27,manha,anuncio,8.3,False,False,,,N
C002136,CD-AM1,3PL,2025-08-01,manha,indicacao,9.2,False,False,2025-12-24,voluntario,N
C002137,CD-AM1,3PL,2025-08-29,noite,indicacao,15.8,False,False,2025-10-23,voluntario,N
C002138,CD-AM1,3PL,2025-08-21,noite,indicacao,8.5,False,False,,,N
C002139,CD-AM1,3PL,2025-08-03,noite,indicacao,3.7,False,False,2025-09-17,voluntario,N
C002140,CD-AM1,3PL,2025-08-07,noite,indicacao,10.5,False,False,2025-08-31,voluntario,N
C002141,CD-AM1,3PL,2025-08-20,noite,agencia,12.4,False,False,2025-08-26,voluntario,N
C002142,CD-AM1,3PL,2025-08-04,tarde,agencia,34.0,False,False,2025-09-26,voluntario,N
C002143,CD-AM1,3PL,2025-08-24,noite,anuncio,9.9,False,False,2025-08-25,involuntario,N
C002144,CD-AM1,3PL,2025-08-04,tarde,indicacao,14.7,False,False,,,N
C002145,CD-AM1,3PL,2025-08-15,manha,anuncio,9.4,False,False,2026-08-10,voluntario,N
C002146,CD-AM1,3PL,2025-08-14,manha,indicacao,10.0,False,False,,,N
C002147,CD-AM1,3PL,2025-08-14,tarde,agencia,18.1,False,False,,,N
C002148,CD-AM1,3PL,2025-08-08,noite,anuncio,27.4,False,False,2025-08-30,voluntario,N
C002149,CD-AM1,3PL,2025-08-11,tarde,agencia,12.1,False,False,2026-09-16,involuntario,N
C002150,CD-AM1,3PL,2025-08-22,manha,agencia,18.4,False,False,2025-11-10,voluntario,N
C002151,CD-AM1,3PL,2025-08-07,manha,agencia,2.2,False,False,,,N
C002152,CD-AM1,3PL,2025-08-29,manha,indicacao,4.9,False,False,,,N
C002153,CD-AM1,3PL,2025-08-17,tarde,agencia,6.4,False,False,2025-09-10,involuntario,N
C002154,CD-AM1,3PL,2025-08-30,noite,indicacao,11.1,False,False,,,N
C002155,CD-AM1,3PL,2025-08-04,tarde,agencia,5.0,False,False,,,N
C002156,CD-AM1,3PL,2025-08-10,tarde,anuncio,7.0,False,False,,,N
C002157,CD-AM1,3PL,2025-08-30,noite,anuncio,9.5,False,False,,,N
C002158,CD-AM1,3PL,2025-08-21,tarde,agencia,15.7,False,False,,,N
C002159,CD-AM1,3PL,2025-08-21,manha,agencia,9.7,False,False,2026-01-03,voluntario,N
C002160,CD-AM1,3PL,2025-08-04,noite,agencia,12.9,False,False,,,N
C002161,CD-AM1,3PL,2025-08-16,manha,indicacao,8.0,False,False,2025-09-01,involuntario,N
C002162,CD-AM1,3PL,2025-08-25,noite,agencia,6.5,False,False,,,N
C002163,CD-AM1,3PL,2025-08-01,tarde,anuncio,20.4,False,False,2025-09-28,voluntario,N
C002164,CD-AM1,3PL,2025-08-10,manha,anuncio,9.9,False,False,,,N
C002165,CD-AM1,3PL,2025-08-06,noite,anuncio,4.7,False,False,,,N
C002166,CD-AM1,3PL,2025-08-05,tarde,anuncio,8.1,False,False,2026-01-11,involuntario,N
C002167,CD-AM1,3PL,2025-08-16,manha,anuncio,15.6,False,False,,,N
C002168,CD-AM1,3PL,2025-08-10,tarde,anuncio,4.3,False,False,2026-02-15,involuntario,N
C002169,CD-AM1,3PL,2025-08-01,tarde,agencia,5.3,False,False,2026-04-04,voluntario,N
C002170,CD-AM1,3PL,2025-08-13,noite,anuncio,5.1,False,False,2025-09-18,voluntario,N
C002171,CD-AM1,3PL,2025-08-04,noite,indicacao,10.8,False,False,2025-08-27,involuntario,N
C002172,CD-AM1,3PL,2025-08-16,manha,agencia,6.6,False,False,2025-10-11,involuntario,N
C002173,CD-AM1,3PL,2025-08-23,noite,anuncio,4.4,False,False,,,N
C002174,CD-AM1,3PL,2025-08-21,tarde,agencia,4.6,False,False,2025-09-07,involuntario,N
C002175,CD-AM1,3PL,2025-08-21,noite,agencia,16.3,False,False,2025-08-27,voluntario,N
C002176,CD-AM1,3PL,2025-08-30,noite,anuncio,8.9,False,False,,,N
C002177,CD-AM1,3PL,2025-08-07,manha,agencia,11.0,False,False,,,N
C002178,CD-AM1,3PL,2025-08-12,manha,agencia,8.0,False,False,,,N
C002179,CD-AM1,3PL,2025-08-15,manha,anuncio,4.1,False,False,,,N
C002180,CD-AM1,3PL,2025-08-19,manha,indicacao,13.5,False,False,2025-08-23,voluntario,N
C002181,CD-AM1,3PL,2025-08-29,tarde,indicacao,6.5,False,False,,,N
C002182,CD-AM1,3PL,2025-08-24,tarde,anuncio,11.5,False,False,,,N
C002183,CD-AM1,3PL,2025-08-19,noite,agencia,7.0,False,False,2025-09-25,voluntario,N
C002184,CD-AM1,3PL,2025-08-29,manha,anuncio,5.9,False,False,2026-05-06,involuntario,N
C002185,CD-AM1,3PL,2025-08-20,noite,agencia,11.2,False,False,2025-09-12,voluntario,N
C002186,CD-GO1,3PL,2025-08-18,manha,indicacao,6.9,False,False,2026-05-05,voluntario,CO
C002187,CD-GO1,3PL,2025-08-05,manha,anuncio,25.3,False,False,,,CO
C002188,CD-GO1,3PL,2025-08-29,noite,agencia,17.1,False,False,2025-09-15,involuntario,CO
C002189,CD-GO1,3PL,2025-08-24,manha,anuncio,4.3,False,False,,,CO
C002190,CD-GO1,3PL,2025-08-01,tarde,anuncio,9.4,False,False,2025-09-09,voluntario,CO
C002191,CD-GO1,3PL,2025-08-22,noite,indicacao,7.8,False,False,,,CO
C002192,CD-GO1,3PL,2025-08-08,manha,agencia,6.1,False,False,2025-08-09,involuntario,CO
C002193,CD-GO1,3PL,2025-08-05,tarde,anuncio,5.5,False,False,,,CO
C002194,CD-GO1,3PL,2025-08-07,manha,agencia,7.0,False,False,2025-08-21,involuntario,CO
C002195,CD-GO1,3PL,2025-08-07,manha,agencia,20.1,False,False,2025-08-11,voluntario,CO
C002196,CD-GO1,3PL,2025-08-25,noite,indicacao,11.5,False,False,2025-09-01,voluntario,CO
C002197,CD-GO1,3PL,2025-08-29,noite,indicacao,9.4,False,False,,,CO
C002198,CD-GO1,3PL,2025-08-15,noite,agencia,4.3,False,False,2025-09-26,voluntario,CO
C002199,CD-GO1,3PL,2025-08-05,manha,agencia,1.2,False,False,,,CO
C002200,CD-GO1,3PL,2025-08-30,tarde,anuncio,5.0,False,False,,,CO
C002201,CD-GO1,3PL,2025-08-27,noite,agencia,19.5,False,False,,,CO
C002202,CD-GO1,3PL,2025-08-26,noite,agencia,7.1,False,False,,,CO
C002203,CD-GO1,3PL,2025-08-11,tarde,agencia,6.5,False,False,,,CO
C002204,CD-GO1,3PL,2025-08-16,tarde,agencia,13.4,False,False,,,CO
C002205,CD-GO1,3PL,2025-08-31,noite,indicacao,9.2,False,False,,,CO
C002206,CD-GO1,3PL,2025-08-09,noite,indicacao,5.9,False,False,,,CO
C002207,CD-GO1,3PL,2025-08-29,tarde,agencia,11.5,False,False,2026-07-03,voluntario,CO
C002208,CD-GO1,3PL,2025-08-13,manha,anuncio,12.1,False,False,2025-08-29,voluntario,CO
C002209,CD-GO1,3PL,2025-08-17,noite,agencia,31.6,False,False,2025-08-29,voluntario,CO
C002210,CD-PE1,proprio,2025-08-09,manha,indicacao,18.5,False,False,2025-12-11,voluntario,NE
C002211,CD-PE1,proprio,2025-08-12,manha,indicacao,7.4,False,False,2026-04-30,involuntario,NE
C002212,CD-PE1,proprio,2025-08-30,tarde,agencia,8.9,False,False,2026-07-21,voluntario,NE
C002213,CD-PE1,proprio,2025-08-22,manha,anuncio,4.4,False,False,2026-02-07,involuntario,NE
C002214,CD-PE1,proprio,2025-08-03,noite,indicacao,8.0,False,False,,,NE
C002215,CD-PE1,proprio,2025-08-04,noite,agencia,11.7,False,False,,,NE
C002216,CD-PE1,proprio,2025-08-26,manha,agencia,8.8,False,False,2025-08-29,voluntario,NE
C002217,CD-PE1,proprio,2025-08-28,noite,agencia,4.7,False,False,2025-09-01,involuntario,NE
C002218,CD-PE1,proprio,2025-08-29,noite,anuncio,6.3,False,False,,,NE
C002219,CD-PE1,proprio,2025-08-11,manha,anuncio,6.1,False,False,2025-08-16,involuntario,NE
C002220,CD-PE1,proprio,2025-08-24,manha,anuncio,12.5,False,False,,,NE
C002221,CD-PE1,proprio,2025-08-03,manha,indicacao,12.2,False,False,2026-01-23,voluntario,NE
C002222,CD-PE1,proprio,2025-08-06,noite,agencia,9.4,False,False,2025-08-19,involuntario,NE
C002223,CD-PE1,proprio,2025-08-01,manha,agencia,11.7,False,False,,,NE
C002224,CD-PE1,proprio,2025-08-16,noite,agencia,7.6,False,False,,,NE
C002225,CD-PE1,proprio,2025-08-04,tarde,anuncio,5.6,False,False,2025-11-20,voluntario,NE
C002226,CD-PE1,proprio,2025-08-16,tarde,anuncio,7.8,False,False,,,NE
C002227,CD-PE1,proprio,2025-08-04,noite,anuncio,9.5,False,False,,,NE
C002228,CD-PE1,proprio,2025-08-06,manha,agencia,10.3,False,False,,,NE
C002229,CD-PE1,proprio,2025-08-02,manha,anuncio,6.5,False,False,,,NE
C002230,CD-PE1,proprio,2025-08-03,tarde,anuncio,3.5,False,False,2026-07-01,involuntario,NE
C002231,CD-PE1,proprio,2025-08-28,noite,agencia,10.0,False,False,,,NE
C002232,CD-PE1,proprio,2025-08-20,tarde,agencia,3.2,False,False,2025-08-21,voluntario,NE
C002233,CD-PE1,proprio,2025-08-06,tarde,indicacao,7.3,False,False,,,NE
C002234,CD-PE1,proprio,2025-08-18,manha,anuncio,3.7,False,False,2026-08-09,involuntario,NE
C002235,CD-PE1,proprio,2025-08-23,tarde,agencia,16.3,False,False,2026-08-12,involuntario,NE
C002236,CD-PE1,proprio,2025-08-07,noite,agencia,13.7,False,False,,,NE
C002237,CD-PE1,proprio,2025-08-14,manha,indicacao,14.2,False,False,2025-08-21,voluntario,NE
C002238,CD-PE1,proprio,2025-08-21,manha,anuncio,4.5,False,False,,,NE
C002239,CD-PE1,proprio,2025-08-19,tarde,indicacao,4.0,False,False,2025-09-02,voluntario,NE
C002240,CD-PE1,proprio,2025-08-18,tarde,anuncio,28.6,False,False,,,NE
C002241,CD-PE1,proprio,2025-08-30,noite,anuncio,9.5,False,False,2026-01-26,voluntario,NE
C002242,CD-PE1,proprio,2025-08-27,noite,agencia,3.1,False,False,2025-09-30,voluntario,NE
C002243,CD-PE1,proprio,2025-08-29,noite,anuncio,7.1,False,False,,,NE
C002244,CD-PE1,proprio,2025-08-23,noite,agencia,5.4,False,False,,,NE
C002245,CD-PE1,proprio,2025-08-20,manha,agencia,13.3,False,False,,,NE
C002246,CD-PE1,proprio,2025-08-08,noite,indicacao,4.8,False,False,2025-08-10,voluntario,NE
C002247,CD-PE1,proprio,2025-08-28,tarde,agencia,6.7,False,False,,,NE
C002248,CD-PE1,proprio,2025-08-14,tarde,agencia,12.8,False,False,,,NE
C002249,CD-PE1,proprio,2025-08-08,manha,anuncio,10.1,False,False,2026-06-09,voluntario,NE
C002250,CD-PE1,proprio,2025-08-16,tarde,indicacao,6.9,False,False,2026-08-03,voluntario,NE
C002251,CD-PE1,proprio,2025-08-19,noite,agencia,4.9,False,False,,,NE
C002252,CD-PE1,proprio,2025-08-15,manha,indicacao,10.2,False,False,2025-09-01,voluntario,NE
C002253,CD-PE1,proprio,2025-08-08,noite,anuncio,3.1,False,False,,,NE
C002254,CD-PE1,proprio,2025-08-04,manha,anuncio,10.7,False,False,,,NE
C002255,CD-PE1,proprio,2025-08-31,tarde,agencia,9.0,False,False,,,NE
C002256,CD-PE1,proprio,2025-08-03,tarde,anuncio,7.4,False,False,2025-08-24,voluntario,NE
C002257,CD-PE1,proprio,2025-08-16,noite,agencia,5.1,False,False,,,NE
C002258,CD-PE1,proprio,2025-08-08,tarde,agencia,10.8,False,False,2025-09-05,voluntario,NE
C002259,CD-PE1,proprio,2025-08-11,tarde,indicacao,10.1,False,False,,,NE
C002260,CD-PE1,proprio,2025-08-02,noite,agencia,5.5,False,False,2025-09-27,voluntario,NE
C002261,CD-PE1,proprio,2025-08-17,noite,anuncio,2.4,False,False,,,NE
C002262,CD-PR1,proprio,2025-08-23,tarde,anuncio,9.1,False,False,,,S
C002263,CD-PR1,proprio,2025-08-07,noite,agencia,16.6,False,False,2025-08-24,voluntario,S
C002264,CD-PR1,proprio,2025-08-19,noite,indicacao,7.4,False,False,,,S
C002265,CD-PR1,proprio,2025-08-18,noite,agencia,7.3,False,False,2026-05-18,voluntario,S
C002266,CD-PR1,proprio,2025-08-14,tarde,agencia,10.1,False,False,2026-09-19,involuntario,S
C002267,CD-PR1,proprio,2025-08-27,noite,indicacao,5.6,False,False,2025-09-30,voluntario,S
C002268,CD-PR1,proprio,2025-08-23,tarde,agencia,7.7,False,False,,,S
C002269,CD-PR1,proprio,2025-08-31,manha,anuncio,15.5,False,False,2025-09-07,voluntario,S
C002270,CD-PR1,proprio,2025-08-06,manha,anuncio,10.0,False,False,,,S
C002271,CD-PR1,proprio,2025-08-17,noite,indicacao,22.6,False,False,2026-09-01,voluntario,S
C002272,CD-RJ1,proprio,2025-08-06,manha,agencia,9.8,False,False,,,SE
C002273,CD-RJ1,proprio,2025-08-26,manha,agencia,12.5,False,False,2025-09-04,involuntario,SE
C002274,CD-RJ1,proprio,2025-08-12,tarde,anuncio,6.7,False,False,2026-03-03,voluntario,SE
C002275,CD-RJ1,proprio,2025-08-22,tarde,agencia,7.7,False,False,,,SE
C002276,CD-RJ1,proprio,2025-08-01,tarde,anuncio,9.9,False,False,2025-08-25,voluntario,SE
C002277,CD-RJ1,proprio,2025-08-05,noite,indicacao,17.5,False,False,2026-07-27,voluntario,SE
C002278,CD-RJ1,proprio,2025-08-07,manha,agencia,8.2,False,False,,,SE
C002279,CD-RJ1,proprio,2025-08-24,tarde,indicacao,14.6,False,False,2026-09-03,voluntario,SE
C002280,CD-RJ1,proprio,2025-08-04,manha,agencia,17.8,False,False,2025-09-28,voluntario,SE
C002281,CD-SP1,proprio,2025-08-28,manha,anuncio,26.4,False,False,2025-09-05,voluntario,SE
C002282,CD-SP1,proprio,2025-08-18,manha,indicacao,9.9,False,False,,,SE
C002283,CD-SP1,proprio,2025-08-04,tarde,agencia,11.2,False,False,2025-08-11,voluntario,SE
C002284,CD-SP1,proprio,2025-08-27,noite,agencia,6.7,False,False,,,SE
C002285,CD-SP1,proprio,2025-08-15,manha,anuncio,10.8,False,False,2026-07-27,voluntario,SE
C002286,CD-SP1,proprio,2025-08-11,manha,anuncio,11.9,False,False,2026-09-26,voluntario,SE
C002287,CD-SP1,proprio,2025-08-19,noite,indicacao,8.3,False,False,,,SE
C002288,CD-SP1,proprio,2025-08-02,noite,anuncio,4.4,False,False,2025-08-17,involuntario,SE
C002289,CD-SP1,proprio,2025-08-21,tarde,agencia,7.4,False,False,2025-08-31,involuntario,SE
C002290,CD-SP1,proprio,2025-08-29,tarde,indicacao,2.3,False,False,,,SE
C002291,CD-SP1,proprio,2025-08-21,noite,agencia,8.5,False,False,2025-09-25,voluntario,SE
C002292,CD-SP1,proprio,2025-08-13,manha,agencia,4.9,False,False,,,SE
C002293,CD-SP1,proprio,2025-08-01,noite,anuncio,11.2,False,False,,,SE
C002294,CD-SP1,proprio,2025-08-15,manha,anuncio,31.3,False,False,,,SE
C002295,CD-SP1,proprio,2025-08-15,manha,anuncio,15.1,False,False,2025-10-08,voluntario,SE
C002296,CD-SP1,proprio,2025-08-19,noite,anuncio,6.1,False,False,2025-11-08,voluntario,SE
C002297,CD-SP1,proprio,2025-08-24,noite,anuncio,16.6,False,False,2026-02-27,involuntario,SE
C002298,CD-SP1,proprio,2025-08-07,manha,anuncio,10.7,False,False,2026-02-11,voluntario,SE
C002299,CD-SP1,proprio,2025-08-25,manha,indicacao,12.7,False,False,,,SE
C002300,CD-SP1,proprio,2025-08-04,manha,indicacao,8.1,False,False,2025-08-12,involuntario,SE
C002301,CD-SP2,3PL,2025-08-29,manha,anuncio,15.7,False,False,2025-09-06,voluntario,SE
C002302,CD-SP2,3PL,2025-08-22,manha,anuncio,5.7,False,False,,,SE
C002303,CD-SP2,3PL,2025-08-29,manha,indicacao,3.3,False,False,,,SE
C002304,CD-SP2,3PL,2025-08-14,noite,anuncio,6.4,False,False,2025-09-22,involuntario,SE
C002305,CD-SP2,3PL,2025-08-22,manha,agencia,10.8,False,False,,,SE
C002306,CD-SP2,3PL,2025-08-27,noite,agencia,6.6,False,False,2026-06-17,voluntario,SE
C002307,CD-SP2,3PL,2025-08-05,tarde,anuncio,14.2,False,False,,,SE
C002308,CD-SP2,3PL,2025-08-25,noite,agencia,10.0,False,False,2025-08-28,voluntario,SE
C002309,CD-SP2,3PL,2025-08-27,manha,anuncio,6.8,False,False,2025-10-02,voluntario,SE
C002310,CD-SP2,3PL,2025-08-28,manha,indicacao,9.3,False,False,,,SE
C002311,CD-SP2,3PL,2025-08-09,manha,agencia,1.6,False,False,,,SE
C002312,CD-SP2,3PL,2025-08-01,manha,anuncio,12.6,False,False,2026-04-06,voluntario,SE
C002313,CD-AM1,3PL,2025-09-08,tarde,agencia,10.3,False,False,2025-09-14,voluntario,N
C002314,CD-AM1,3PL,2025-09-21,tarde,indicacao,5.8,False,False,2026-06-02,voluntario,N
C002315,CD-AM1,3PL,2025-09-06,manha,indicacao,15.3,False,False,,,N
C002316,CD-AM1,3PL,2025-09-14,tarde,indicacao,6.9,False,False,2026-09-08,voluntario,N
C002317,CD-AM1,3PL,2025-09-13,noite,agencia,9.8,False,False,2025-09-30,voluntario,N
C002318,CD-AM1,3PL,2025-09-17,tarde,indicacao,7.4,False,False,,,N
C002319,CD-AM1,3PL,2025-09-01,tarde,anuncio,3.4,False,False,,,N
C002320,CD-AM1,3PL,2025-09-21,manha,anuncio,7.5,False,False,2025-09-25,involuntario,N
C002321,CD-AM1,3PL,2025-09-23,manha,agencia,3.4,False,False,2025-09-25,involuntario,N
C002322,CD-AM1,3PL,2025-09-01,tarde,anuncio,9.2,False,False,2025-10-02,involuntario,N
C002323,CD-AM1,3PL,2025-09-27,tarde,indicacao,9.4,False,False,,,N
C002324,CD-AM1,3PL,2025-09-16,manha,indicacao,11.3,False,False,,,N
C002325,CD-AM1,3PL,2025-09-26,tarde,anuncio,6.0,False,False,,,N
C002326,CD-AM1,3PL,2025-09-20,noite,anuncio,5.1,False,False,,,N
C002327,CD-AM1,3PL,2025-09-23,manha,agencia,10.9,False,False,2026-03-02,voluntario,N
C002328,CD-AM1,3PL,2025-09-17,manha,indicacao,2.6,False,False,2026-07-22,voluntario,N
C002329,CD-AM1,3PL,2025-09-23,manha,agencia,9.9,False,False,,,N
C002330,CD-AM1,3PL,2025-09-05,noite,anuncio,16.9,False,False,2025-09-18,voluntario,N
C002331,CD-AM1,3PL,2025-09-03,tarde,anuncio,7.0,False,False,,,N
C002332,CD-AM1,3PL,2025-09-26,noite,indicacao,16.5,False,False,2026-07-21,voluntario,N
C002333,CD-AM1,3PL,2025-09-21,tarde,agencia,10.8,False,False,,,N
C002334,CD-AM1,3PL,2025-09-03,tarde,agencia,18.0,False,False,2025-09-13,voluntario,N
C002335,CD-AM1,3PL,2025-09-15,manha,indicacao,12.1,False,False,2026-09-12,involuntario,N
C002336,CD-AM1,3PL,2025-09-08,tarde,agencia,7.6,False,False,2025-11-30,involuntario,N
C002337,CD-AM1,3PL,2025-09-15,tarde,agencia,8.7,False,False,2025-10-11,voluntario,N
C002338,CD-AM1,3PL,2025-09-08,noite,indicacao,6.4,False,False,,,N
C002339,CD-AM1,3PL,2025-09-24,manha,indicacao,5.7,False,False,2025-12-17,involuntario,N
C002340,CD-AM1,3PL,2025-09-28,noite,agencia,11.5,False,False,2025-11-05,involuntario,N
C002341,CD-AM1,3PL,2025-09-23,tarde,indicacao,8.5,False,False,,,N
C002342,CD-AM1,3PL,2025-09-04,manha,anuncio,6.0,False,False,,,N
C002343,CD-AM1,3PL,2025-09-14,noite,indicacao,17.0,False,False,2025-09-19,voluntario,N
C002344,CD-AM1,3PL,2025-09-20,tarde,anuncio,11.6,False,False,,,N
C002345,CD-AM1,3PL,2025-09-23,manha,anuncio,2.1,False,False,,,N
C002346,CD-GO1,3PL,2025-09-20,tarde,anuncio,12.3,False,False,,,CO
C002347,CD-GO1,3PL,2025-09-09,manha,agencia,6.0,False,False,,,CO
C002348,CD-GO1,3PL,2025-09-12,noite,agencia,15.7,False,False,,,CO
C002349,CD-GO1,3PL,2025-09-03,tarde,anuncio,14.3,False,False,2026-02-01,involuntario,CO
C002350,CD-GO1,3PL,2025-09-11,noite,agencia,16.9,False,False,2026-03-24,voluntario,CO
C002351,CD-GO1,3PL,2025-09-25,noite,indicacao,13.0,False,False,2025-11-25,involuntario,CO
C002352,CD-GO1,3PL,2025-09-08,manha,indicacao,17.5,False,False,,,CO
C002353,CD-GO1,3PL,2025-09-16,manha,agencia,2.7,False,False,2026-05-08,voluntario,CO
C002354,CD-GO1,3PL,2025-09-09,noite,anuncio,3.7,False,False,2025-10-07,involuntario,CO
C002355,CD-GO1,3PL,2025-09-14,noite,agencia,14.9,False,False,2025-09-23,involuntario,CO
C002356,CD-GO1,3PL,2025-09-19,noite,indicacao,4.2,False,False,2025-11-06,voluntario,CO
C002357,CD-GO1,3PL,2025-09-01,manha,agencia,7.4,False,False,,,CO
C002358,CD-GO1,3PL,2025-09-17,manha,agencia,14.6,False,False,2025-10-10,involuntario,CO
C002359,CD-GO1,3PL,2025-09-22,noite,agencia,36.3,False,False,2025-09-25,voluntario,CO
C002360,CD-GO1,3PL,2025-09-11,noite,indicacao,10.6,False,False,,,CO
C002361,CD-GO1,3PL,2025-09-07,tarde,agencia,9.5,False,False,2025-12-24,voluntario,CO
C002362,CD-GO1,3PL,2025-09-30,tarde,indicacao,2.9,False,False,,,CO
C002363,CD-GO1,3PL,2025-09-14,tarde,anuncio,11.2,False,False,,,CO
C002364,CD-GO1,3PL,2025-09-16,manha,indicacao,8.9,False,False,2025-10-06,voluntario,CO
C002365,CD-GO1,3PL,2025-09-08,manha,agencia,14.9,False,False,,,CO
C002366,CD-GO1,3PL,2025-09-25,noite,agencia,12.2,False,False,2025-11-14,involuntario,CO
C002367,CD-GO1,3PL,2025-09-24,manha,indicacao,15.3,False,False,,,CO
C002368,CD-GO1,3PL,2025-09-05,tarde,anuncio,5.0,False,False,,,CO
C002369,CD-GO1,3PL,2025-09-17,noite,agencia,13.9,False,False,2025-09-25,voluntario,CO
C002370,CD-GO1,3PL,2025-09-23,noite,indicacao,6.5,False,False,,,CO
C002371,CD-GO1,3PL,2025-09-11,noite,anuncio,4.9,False,False,2026-02-02,voluntario,CO
C002372,CD-GO1,3PL,2025-09-05,manha,anuncio,7.5,False,False,,,CO
C002373,CD-PE1,proprio,2025-09-18,noite,agencia,9.1,False,False,2025-11-02,voluntario,NE
C002374,CD-PE1,proprio,2025-09-22,manha,agencia,10.0,False,False,2026-01-09,voluntario,NE
C002375,CD-PE1,proprio,2025-09-13,manha,agencia,4.5,False,False,,,NE
C002376,CD-PE1,proprio,2025-09-22,tarde,anuncio,17.4,False,False,2025-11-29,voluntario,NE
C002377,CD-PE1,proprio,2025-09-20,tarde,anuncio,14.0,False,False,,,NE
C002378,CD-PE1,proprio,2025-09-07,noite,anuncio,16.6,False,False,2026-03-15,voluntario,NE
C002379,CD-PE1,proprio,2025-09-28,noite,indicacao,22.2,False,False,,,NE
C002380,CD-PE1,proprio,2025-09-20,manha,agencia,6.7,False,False,,,NE
C002381,CD-PE1,proprio,2025-09-29,tarde,agencia,19.4,False,False,,,NE
C002382,CD-PE1,proprio,2025-09-23,noite,agencia,6.8,False,False,2025-11-06,voluntario,NE
C002383,CD-PE1,proprio,2025-09-26,noite,anuncio,10.6,False,False,,,NE
C002384,CD-PE1,proprio,2025-09-19,noite,anuncio,14.3,False,False,2025-10-09,voluntario,NE
C002385,CD-PE1,proprio,2025-09-29,tarde,agencia,8.9,False,False,2025-10-02,involuntario,NE
C002386,CD-PE1,proprio,2025-09-10,noite,indicacao,13.9,False,False,,,NE
C002387,CD-PE1,proprio,2025-09-23,tarde,anuncio,5.8,False,False,,,NE
C002388,CD-PE1,proprio,2025-09-28,noite,anuncio,9.3,False,False,2025-10-04,voluntario,NE
C002389,CD-PE1,proprio,2025-09-12,manha,anuncio,12.8,False,False,,,NE
C002390,CD-PE1,proprio,2025-09-24,tarde,anuncio,10.7,False,False,,,NE
C002391,CD-PE1,proprio,2025-09-10,noite,agencia,4.3,False,False,2025-11-03,involuntario,NE
C002392,CD-PE1,proprio,2025-09-28,tarde,agencia,6.6,False,False,2025-10-04,voluntario,NE
C002393,CD-PE1,proprio,2025-09-29,noite,indicacao,7.1,False,False,,,NE
C002394,CD-PE1,proprio,2025-09-18,manha,indicacao,11.0,False,False,2025-11-07,voluntario,NE
C002395,CD-PE1,proprio,2025-09-27,noite,agencia,23.5,False,False,2025-10-01,voluntario,NE
C002396,CD-PE1,proprio,2025-09-15,noite,indicacao,4.2,False,False,,,NE
C002397,CD-PE1,proprio,2025-09-30,tarde,anuncio,5.3,False,False,2025-11-02,voluntario,NE
C002398,CD-PE1,proprio,2025-09-19,manha,agencia,21.4,False,False,,,NE
C002399,CD-PE1,proprio,2025-09-15,noite,agencia,15.1,False,False,2025-10-07,involuntario,NE
C002400,CD-PE1,proprio,2025-09-10,tarde,anuncio,10.0,False,False,2026-06-03,voluntario,NE
C002401,CD-PE1,proprio,2025-09-14,manha,agencia,11.4,False,False,2025-12-16,involuntario,NE
C002402,CD-PE1,proprio,2025-09-07,manha,agencia,12.8,False,False,2025-09-15,voluntario,NE
C002403,CD-PE1,proprio,2025-09-03,noite,agencia,10.0,False,False,,,NE
C002404,CD-PE1,proprio,2025-09-19,noite,agencia,9.5,False,False,,,NE
C002405,CD-PE1,proprio,2025-09-06,tarde,indicacao,18.9,False,False,2026-05-18,voluntario,NE
C002406,CD-PE1,proprio,2025-09-03,manha,anuncio,3.7,False,False,2026-06-25,involuntario,NE
C002407,CD-PE1,proprio,2025-09-25,noite,agencia,17.8,False,False,2026-04-09,voluntario,NE
C002408,CD-PE1,proprio,2025-09-05,manha,indicacao,4.5,False,False,2025-09-13,voluntario,NE
C002409,CD-PE1,proprio,2025-09-07,manha,anuncio,20.2,False,False,2026-05-26,voluntario,NE
C002410,CD-PE1,proprio,2025-09-07,tarde,anuncio,8.4,False,False,2026-02-18,voluntario,NE
C002411,CD-PE1,proprio,2025-09-25,manha,anuncio,7.9,False,False,2025-12-03,voluntario,NE
C002412,CD-PE1,proprio,2025-09-02,noite,agencia,4.6,False,False,2025-10-23,voluntario,NE
C002413,CD-PE1,proprio,2025-09-28,manha,agencia,14.8,False,False,2025-10-01,voluntario,NE
C002414,CD-PE1,proprio,2025-09-29,manha,agencia,11.3,False,False,,,NE
C002415,CD-PE1,proprio,2025-09-14,tarde,indicacao,8.6,False,False,2026-06-28,involuntario,NE
C002416,CD-PE1,proprio,2025-09-10,tarde,agencia,5.5,False,False,2025-10-26,involuntario,NE
C002417,CD-PE1,proprio,2025-09-21,tarde,anuncio,15.8,False,False,2025-09-23,voluntario,NE
C002418,CD-PE1,proprio,2025-09-27,manha,anuncio,8.0,False,False,2026-03-17,voluntario,NE
C002419,CD-PE1,proprio,2025-09-06,tarde,anuncio,7.1,False,False,,,NE
C002420,CD-PE1,proprio,2025-09-09,manha,agencia,17.6,False,False,2025-09-11,voluntario,NE
C002421,CD-PR1,proprio,2025-09-06,tarde,indicacao,12.3,False,False,,,S
C002422,CD-PR1,proprio,2025-09-05,tarde,anuncio,34.1,False,False,2025-09-11,voluntario,S
C002423,CD-PR1,proprio,2025-09-11,tarde,indicacao,9.6,False,False,,,S
C002424,CD-PR1,proprio,2025-09-05,manha,agencia,29.6,False,False,,,S
C002425,CD-PR1,proprio,2025-09-27,manha,indicacao,12.2,False,False,,,S
C002426,CD-PR1,proprio,2025-09-29,manha,agencia,13.8,False,False,,,S
C002427,CD-PR1,proprio,2025-09-13,tarde,anuncio,9.6,False,False,,,S
C002428,CD-PR1,proprio,2025-09-20,manha,indicacao,12.6,False,False,,,S
C002429,CD-PR1,proprio,2025-09-22,noite,agencia,15.9,False,False,,,S
C002430,CD-PR1,proprio,2025-09-22,manha,agencia,9.2,False,False,2025-11-12,voluntario,S
C002431,CD-PR1,proprio,2025-09-21,manha,anuncio,6.5,False,False,,,S
C002432,CD-PR1,proprio,2025-09-11,tarde,anuncio,6.8,False,False,2026-02-16,voluntario,S
C002433,CD-PR1,proprio,2025-09-14,noite,anuncio,10.8,False,False,,,S
C002434,CD-PR1,proprio,2025-09-03,noite,anuncio,7.8,False,False,,,S
C002435,CD-PR1,proprio,2025-09-12,noite,anuncio,10.0,False,False,2025-09-24,voluntario,S
C002436,CD-PR1,proprio,2025-09-10,tarde,anuncio,13.3,False,False,,,S
C002437,CD-PR1,proprio,2025-09-19,manha,indicacao,11.6,False,False,,,S
C002438,CD-PR1,proprio,2025-09-27,noite,indicacao,15.8,False,False,2025-11-06,voluntario,S
C002439,CD-PR1,proprio,2025-09-09,tarde,indicacao,10.0,False,False,,,S
C002440,CD-PR1,proprio,2025-09-18,tarde,anuncio,5.7,False,False,,,S
C002441,CD-PR1,proprio,2025-09-29,noite,indicacao,7.3,False,False,2025-10-09,voluntario,S
C002442,CD-PR1,proprio,2025-09-15,manha,anuncio,12.2,False,False,,,S
C002443,CD-PR1,proprio,2025-09-13,manha,agencia,17.7,False,False,,,S
C002444,CD-PR1,proprio,2025-09-17,noite,anuncio,9.9,False,False,2026-05-07,involuntario,S
C002445,CD-PR1,proprio,2025-09-28,noite,indicacao,6.3,False,False,,,S
C002446,CD-PR1,proprio,2025-09-02,manha,anuncio,12.0,False,False,,,S
C002447,CD-RJ1,proprio,2025-09-17,manha,indicacao,20.8,False,False,,,SE
C002448,CD-RJ1,proprio,2025-09-09,manha,indicacao,10.6,False,False,2025-09-11,voluntario,SE
C002449,CD-RJ1,proprio,2025-09-28,tarde,indicacao,5.4,False,False,,,SE
C002450,CD-RJ1,proprio,2025-09-06,noite,agencia,4.0,False,False,,,SE
C002451,CD-RJ1,proprio,2025-09-11,noite,anuncio,23.3,False,False,2025-09-18,involuntario,SE
C002452,CD-RJ1,proprio,2025-09-06,manha,anuncio,9.7,False,False,,,SE
C002453,CD-RJ1,proprio,2025-09-09,manha,agencia,5.1,False,False,2025-09-15,involuntario,SE
C002454,CD-RJ1,proprio,2025-09-29,noite,agencia,7.6,False,False,,,SE
C002455,CD-RJ1,proprio,2025-09-03,manha,indicacao,27.7,False,False,2026-06-26,voluntario,SE
C002456,CD-RJ1,proprio,2025-09-17,manha,anuncio,21.1,False,False,2025-10-12,voluntario,SE
C002457,CD-RJ1,proprio,2025-09-01,manha,indicacao,8.4,False,False,,,SE
C002458,CD-RJ1,proprio,2025-09-14,noite,agencia,5.3,False,False,2025-09-25,voluntario,SE
C002459,CD-RJ1,proprio,2025-09-07,tarde,agencia,20.5,False,False,2025-09-08,voluntario,SE
C002460,CD-RJ1,proprio,2025-09-27,noite,agencia,15.3,False,False,2025-09-28,voluntario,SE
C002461,CD-RJ1,proprio,2025-09-06,manha,anuncio,9.6,False,False,2026-07-31,voluntario,SE
C002462,CD-RJ1,proprio,2025-09-13,manha,indicacao,2.2,False,False,2025-12-14,involuntario,SE
C002463,CD-RJ1,proprio,2025-09-28,tarde,agencia,9.9,False,False,,,SE
C002464,CD-SP1,proprio,2025-09-14,tarde,anuncio,13.7,False,False,,,SE
C002465,CD-SP1,proprio,2025-09-23,tarde,agencia,8.0,False,False,,,SE
C002466,CD-SP1,proprio,2025-09-08,manha,anuncio,6.2,False,False,2025-10-10,voluntario,SE
C002467,CD-SP1,proprio,2025-09-24,manha,agencia,4.8,False,False,,,SE
C002468,CD-SP1,proprio,2025-09-19,tarde,agencia,9.8,False,False,,,SE
C002469,CD-SP1,proprio,2025-09-16,tarde,indicacao,4.3,False,False,,,SE
C002470,CD-SP1,proprio,2025-09-14,manha,anuncio,11.7,False,False,2026-06-27,voluntario,SE
C002471,CD-SP1,proprio,2025-09-22,tarde,agencia,4.3,False,False,,,SE
C002472,CD-SP1,proprio,2025-09-03,noite,anuncio,6.6,False,False,,,SE
C002473,CD-SP1,proprio,2025-09-09,tarde,agencia,5.5,False,False,,,SE
C002474,CD-SP1,proprio,2025-09-09,manha,indicacao,5.0,False,False,2026-02-25,involuntario,SE
C002475,CD-SP1,proprio,2025-09-11,noite,anuncio,4.6,False,False,,,SE
C002476,CD-SP1,proprio,2025-09-26,manha,anuncio,18.6,False,False,,,SE
C002477,CD-SP1,proprio,2025-09-20,tarde,agencia,8.4,False,False,,,SE
C002478,CD-SP1,proprio,2025-09-30,noite,anuncio,4.5,False,False,,,SE
C002479,CD-SP1,proprio,2025-09-08,manha,anuncio,13.1,False,False,,,SE
C002480,CD-SP1,proprio,2025-09-29,tarde,indicacao,6.0,False,False,,,SE
C002481,CD-SP1,proprio,2025-09-10,tarde,anuncio,19.4,False,False,2025-11-25,voluntario,SE
C002482,CD-SP1,proprio,2025-09-08,manha,agencia,6.8,False,False,,,SE
C002483,CD-SP1,proprio,2025-09-13,tarde,agencia,7.2,False,False,,,SE
C002484,CD-SP1,proprio,2025-09-08,manha,indicacao,4.2,False,False,,,SE
C002485,CD-SP1,proprio,2025-09-20,manha,anuncio,19.3,False,False,,,SE
C002486,CD-SP1,proprio,2025-09-12,tarde,indicacao,5.4,False,False,2026-03-29,voluntario,SE
C002487,CD-SP1,proprio,2025-09-23,manha,agencia,6.8,False,False,,,SE
C002488,CD-SP1,proprio,2025-09-14,manha,anuncio,5.0,False,False,,,SE
C002489,CD-SP1,proprio,2025-09-26,noite,agencia,4.8,False,False,,,SE
C002490,CD-SP1,proprio,2025-09-19,tarde,anuncio,11.5,False,False,2025-10-24,voluntario,SE
C002491,CD-SP1,proprio,2025-09-03,noite,anuncio,27.0,False,False,2025-09-23,voluntario,SE
C002492,CD-SP1,proprio,2025-09-02,noite,agencia,13.3,False,False,,,SE
C002493,CD-SP1,proprio,2025-09-11,manha,agencia,3.4,False,False,,,SE
C002494,CD-SP1,proprio,2025-09-04,noite,indicacao,15.0,False,False,,,SE
C002495,CD-SP1,proprio,2025-09-26,tarde,anuncio,8.6,False,False,,,SE
C002496,CD-SP1,proprio,2025-09-21,tarde,agencia,5.5,False,False,2025-11-04,voluntario,SE
C002497,CD-SP2,3PL,2025-09-10,noite,agencia,10.7,False,False,2025-09-16,involuntario,SE
C002498,CD-SP2,3PL,2025-09-21,manha,agencia,6.0,False,False,,,SE
C002499,CD-SP2,3PL,2025-09-27,manha,agencia,21.8,False,False,,,SE
C002500,CD-SP2,3PL,2025-09-11,manha,anuncio,12.3,False,False,,,SE
C002501,CD-SP2,3PL,2025-09-23,noite,anuncio,4.9,False,False,,,SE
C002502,CD-SP2,3PL,2025-09-07,noite,agencia,9.5,False,False,,,SE
C002503,CD-SP2,3PL,2025-09-17,noite,agencia,2.2,False,False,2025-10-16,voluntario,SE
C002504,CD-SP2,3PL,2025-09-12,manha,anuncio,6.6,False,False,2026-09-28,voluntario,SE
C002505,CD-SP2,3PL,2025-09-16,noite,agencia,17.0,False,False,2025-11-09,voluntario,SE
C002506,CD-SP2,3PL,2025-09-03,tarde,agencia,20.3,False,False,2025-09-10,voluntario,SE
C002507,CD-SP2,3PL,2025-09-27,noite,agencia,6.7,False,False,2026-02-14,involuntario,SE
C002508,CD-SP2,3PL,2025-09-26,tarde,anuncio,9.4,False,False,,,SE
C002509,CD-SP2,3PL,2025-09-15,manha,agencia,10.0,False,False,,,SE
C002510,CD-SP2,3PL,2025-09-06,noite,anuncio,15.8,False,False,2025-09-09,involuntario,SE
C002511,CD-SP2,3PL,2025-09-02,manha,anuncio,5.4,False,False,2025-09-17,involuntario,SE
C002512,CD-SP2,3PL,2025-09-19,noite,anuncio,17.4,False,False,,,SE
C002513,CD-SP2,3PL,2025-09-16,tarde,agencia,10.7,False,False,2025-09-17,involuntario,SE
C002514,CD-SP2,3PL,2025-09-05,manha,anuncio,10.5,False,False,,,SE
C002515,CD-SP2,3PL,2025-09-09,manha,anuncio,10.7,False,False,2026-03-31,voluntario,SE
C002516,CD-SP2,3PL,2025-09-13,manha,anuncio,9.1,False,False,,,SE
C002517,CD-SP2,3PL,2025-09-23,noite,indicacao,16.7,False,False,2026-08-06,voluntario,SE
C002518,CD-SP2,3PL,2025-09-02,manha,anuncio,5.6,False,False,,,SE
C002519,CD-SP2,3PL,2025-09-17,manha,indicacao,5.1,False,False,,,SE
C002520,CD-SP2,3PL,2025-09-13,manha,agencia,7.1,False,False,,,SE
C002521,CD-SP2,3PL,2025-09-29,tarde,agencia,27.5,False,False,2025-11-10,voluntario,SE
C002522,CD-SP2,3PL,2025-09-08,noite,anuncio,20.0,False,False,,,SE
C002523,CD-SP2,3PL,2025-09-20,manha,anuncio,6.3,False,False,2026-08-10,voluntario,SE
C002524,CD-SP2,3PL,2025-09-04,noite,agencia,8.0,False,False,2026-07-29,voluntario,SE
C002525,CD-SP2,3PL,2025-09-25,tarde,anuncio,6.6,False,False,,,SE
C002526,CD-SP2,3PL,2025-09-04,manha,anuncio,10.7,False,False,,,SE
C002527,CD-AM1,3PL,2025-10-28,manha,agencia,7.4,True,False,2026-05-15,voluntario,N
C002528,CD-AM1,3PL,2025-10-09,manha,anuncio,6.7,True,False,,,N
C002529,CD-AM1,3PL,2025-10-14,tarde,agencia,7.9,True,False,2025-10-17,voluntario,N
C002530,CD-AM1,3PL,2025-10-06,noite,agencia,10.1,True,False,2025-10-26,voluntario,N
C002531,CD-AM1,3PL,2025-10-11,noite,anuncio,18.9,True,False,2025-11-03,voluntario,N
C002532,CD-AM1,3PL,2025-10-11,manha,indicacao,7.1,True,False,2025-11-17,voluntario,N
C002533,CD-AM1,3PL,2025-10-15,tarde,anuncio,10.1,True,False,2026-07-15,involuntario,N
C002534,CD-AM1,3PL,2025-10-10,noite,anuncio,15.3,True,False,,,N
C002535,CD-AM1,3PL,2025-10-05,tarde,indicacao,5.7,True,False,2025-11-04,voluntario,N
C002536,CD-AM1,3PL,2025-10-15,manha,anuncio,9.9,True,False,2025-10-23,voluntario,N
C002537,CD-AM1,3PL,2025-10-01,noite,agencia,13.3,True,False,2025-10-12,involuntario,N
C002538,CD-AM1,3PL,2025-10-01,manha,indicacao,12.8,True,False,2025-12-07,involuntario,N
C002539,CD-AM1,3PL,2025-10-22,manha,agencia,20.5,True,False,,,N
C002540,CD-AM1,3PL,2025-10-19,manha,agencia,12.0,True,False,2025-10-24,voluntario,N
C002541,CD-AM1,3PL,2025-10-11,noite,indicacao,9.3,True,False,2025-10-16,voluntario,N
C002542,CD-AM1,3PL,2025-10-15,noite,anuncio,11.4,True,False,2026-01-27,voluntario,N
C002543,CD-AM1,3PL,2025-10-18,manha,agencia,8.1,True,False,,,N
C002544,CD-AM1,3PL,2025-10-07,noite,agencia,17.2,True,False,,,N
C002545,CD-AM1,3PL,2025-10-27,noite,anuncio,8.6,True,False,,,N
C002546,CD-AM1,3PL,2025-10-19,noite,agencia,8.2,True,False,,,N
C002547,CD-AM1,3PL,2025-10-17,manha,anuncio,6.0,True,False,2025-12-11,voluntario,N
C002548,CD-AM1,3PL,2025-10-14,manha,anuncio,7.1,True,False,,,N
C002549,CD-AM1,3PL,2025-10-02,manha,indicacao,12.2,True,False,,,N
C002550,CD-AM1,3PL,2025-10-27,manha,agencia,4.4,True,False,,,N
C002551,CD-AM1,3PL,2025-10-12,manha,agencia,7.2,True,False,,,N
C002552,CD-AM1,3PL,2025-10-23,manha,agencia,7.3,True,False,2025-11-01,voluntario,N
C002553,CD-AM1,3PL,2025-10-24,manha,anuncio,12.7,True,False,,,N
C002554,CD-AM1,3PL,2025-10-07,tarde,anuncio,14.5,True,False,2025-10-30,voluntario,N
C002555,CD-AM1,3PL,2025-10-20,tarde,agencia,20.3,True,False,2025-11-28,involuntario,N
C002556,CD-AM1,3PL,2025-10-04,tarde,agencia,6.1,True,False,,,N
C002557,CD-AM1,3PL,2025-10-08,manha,anuncio,13.9,True,False,2025-12-07,voluntario,N
C002558,CD-AM1,3PL,2025-10-19,manha,anuncio,10.4,True,False,,,N
C002559,CD-AM1,3PL,2025-10-23,manha,anuncio,8.7,True,False,,,N
C002560,CD-AM1,3PL,2025-10-07,tarde,anuncio,13.4,True,False,2025-11-10,voluntario,N
C002561,CD-AM1,3PL,2025-10-07,noite,agencia,4.3,True,False,,,N
C002562,CD-AM1,3PL,2025-10-27,tarde,agencia,6.7,True,False,2026-06-01,voluntario,N
C002563,CD-AM1,3PL,2025-10-22,noite,agencia,5.0,True,False,,,N
C002564,CD-AM1,3PL,2025-10-13,tarde,anuncio,18.4,True,False,2025-10-31,involuntario,N
C002565,CD-AM1,3PL,2025-10-20,manha,indicacao,14.6,True,False,,,N
C002566,CD-GO1,3PL,2025-10-29,noite,agencia,5.0,True,False,,,CO
C002567,CD-GO1,3PL,2025-10-30,manha,anuncio,4.3,True,False,,,CO
C002568,CD-GO1,3PL,2025-10-06,noite,agencia,12.5,True,False,2025-11-15,voluntario,CO
C002569,CD-GO1,3PL,2025-10-11,tarde,anuncio,5.6,True,False,,,CO
C002570,CD-GO1,3PL,2025-10-15,noite,anuncio,13.0,True,False,2025-10-29,voluntario,CO
C002571,CD-GO1,3PL,2025-10-27,manha,agencia,24.1,True,False,2025-12-06,voluntario,CO
C002572,CD-GO1,3PL,2025-10-07,noite,anuncio,5.6,True,False,2025-10-15,voluntario,CO
C002573,CD-GO1,3PL,2025-10-14,manha,agencia,12.5,True,False,2025-10-22,voluntario,CO
C002574,CD-GO1,3PL,2025-10-03,noite,agencia,7.9,True,False,2025-11-25,voluntario,CO
C002575,CD-GO1,3PL,2025-10-11,tarde,indicacao,21.6,True,False,2026-08-01,voluntario,CO
C002576,CD-GO1,3PL,2025-10-24,noite,indicacao,3.8,True,False,2026-01-20,voluntario,CO
C002577,CD-GO1,3PL,2025-10-28,tarde,agencia,4.3,True,False,2025-12-11,voluntario,CO
C002578,CD-GO1,3PL,2025-10-08,manha,agencia,9.9,True,False,2025-11-05,voluntario,CO
C002579,CD-GO1,3PL,2025-10-14,manha,indicacao,19.7,True,False,2025-12-15,voluntario,CO
C002580,CD-GO1,3PL,2025-10-16,tarde,anuncio,7.8,True,False,,,CO
C002581,CD-GO1,3PL,2025-10-01,tarde,indicacao,5.9,True,False,2026-03-17,voluntario,CO
C002582,CD-GO1,3PL,2025-10-20,noite,anuncio,3.5,True,False,2025-11-06,involuntario,CO
C002583,CD-GO1,3PL,2025-10-08,noite,agencia,11.5,True,False,2025-10-17,voluntario,CO
C002584,CD-GO1,3PL,2025-10-18,noite,indicacao,4.2,True,False,,,CO
C002585,CD-GO1,3PL,2025-10-23,manha,agencia,29.4,True,False,2026-02-07,voluntario,CO
C002586,CD-GO1,3PL,2025-10-17,manha,agencia,9.7,True,False,,,CO
C002587,CD-GO1,3PL,2025-10-05,tarde,anuncio,9.3,True,False,2026-09-06,voluntario,CO
C002588,CD-GO1,3PL,2025-10-02,manha,indicacao,7.6,True,False,2025-11-07,voluntario,CO
C002589,CD-GO1,3PL,2025-10-12,tarde,indicacao,5.6,True,False,,,CO
C002590,CD-GO1,3PL,2025-10-07,noite,anuncio,8.0,True,False,,,CO
C002591,CD-GO1,3PL,2025-10-07,tarde,indicacao,11.8,True,False,2025-10-19,involuntario,CO
C002592,CD-GO1,3PL,2025-10-27,manha,agencia,15.2,True,False,,,CO
C002593,CD-GO1,3PL,2025-10-19,tarde,agencia,8.9,True,False,2025-11-15,involuntario,CO
C002594,CD-GO1,3PL,2025-10-14,noite,agencia,8.2,True,False,2026-09-22,voluntario,CO
C002595,CD-GO1,3PL,2025-10-19,noite,agencia,9.6,True,False,2025-10-23,involuntario,CO
C002596,CD-GO1,3PL,2025-10-12,manha,indicacao,5.9,True,False,,,CO
C002597,CD-GO1,3PL,2025-10-13,tarde,anuncio,22.9,True,False,2025-10-21,voluntario,CO
C002598,CD-GO1,3PL,2025-10-06,manha,agencia,6.5,True,False,2026-02-03,voluntario,CO
C002599,CD-GO1,3PL,2025-10-20,manha,agencia,6.1,True,False,2026-09-12,voluntario,CO
C002600,CD-GO1,3PL,2025-10-11,manha,indicacao,12.3,True,False,,,CO
C002601,CD-GO1,3PL,2025-10-04,noite,anuncio,7.2,True,False,2026-01-12,involuntario,CO
C002602,CD-PE1,proprio,2025-10-06,manha,agencia,21.0,True,False,2025-10-15,voluntario,NE
C002603,CD-PE1,proprio,2025-10-18,tarde,anuncio,11.6,True,False,,,NE
C002604,CD-PE1,proprio,2025-10-16,manha,indicacao,5.3,True,False,,,NE
C002605,CD-PE1,proprio,2025-10-03,manha,indicacao,15.5,True,False,2025-10-15,involuntario,NE
C002606,CD-PE1,proprio,2025-10-15,manha,indicacao,8.8,True,False,2026-04-08,voluntario,NE
C002607,CD-PE1,proprio,2025-10-13,manha,agencia,19.8,True,False,,,NE
C002608,CD-PE1,proprio,2025-10-28,manha,indicacao,6.0,True,False,,,NE
C002609,CD-PE1,proprio,2025-10-24,noite,agencia,10.6,True,False,,,NE
C002610,CD-PE1,proprio,2025-10-11,manha,indicacao,14.2,True,False,,,NE
C002611,CD-PE1,proprio,2025-10-02,manha,agencia,5.2,True,False,2026-07-04,voluntario,NE
C002612,CD-PE1,proprio,2025-10-20,tarde,anuncio,21.5,True,False,,,NE
C002613,CD-PE1,proprio,2025-10-24,tarde,agencia,9.2,True,False,,,NE
C002614,CD-PE1,proprio,2025-10-28,noite,agencia,10.8,True,False,2026-01-09,involuntario,NE
C002615,CD-PE1,proprio,2025-10-23,tarde,agencia,2.5,True,False,2025-10-28,voluntario,NE
C002616,CD-PE1,proprio,2025-10-30,manha,indicacao,4.9,True,False,,,NE
C002617,CD-PE1,proprio,2025-10-25,tarde,agencia,5.3,True,False,,,NE
C002618,CD-PE1,proprio,2025-10-13,manha,indicacao,18.2,True,False,,,NE
C002619,CD-PE1,proprio,2025-10-13,tarde,anuncio,3.2,True,False,,,NE
C002620,CD-PE1,proprio,2025-10-13,tarde,agencia,5.6,True,False,2025-11-29,voluntario,NE
C002621,CD-PE1,proprio,2025-10-24,noite,anuncio,9.5,True,False,2025-12-04,voluntario,NE
C002622,CD-PE1,proprio,2025-10-17,noite,anuncio,11.8,True,False,,,NE
C002623,CD-PE1,proprio,2025-10-09,manha,anuncio,14.2,True,False,,,NE
C002624,CD-PE1,proprio,2025-10-26,manha,indicacao,11.3,True,False,2026-09-28,involuntario,NE
C002625,CD-PE1,proprio,2025-10-09,manha,anuncio,6.8,True,False,2025-10-31,voluntario,NE
C002626,CD-PE1,proprio,2025-10-09,tarde,anuncio,5.1,True,False,,,NE
C002627,CD-PE1,proprio,2025-10-06,tarde,agencia,21.5,True,False,2025-10-22,voluntario,NE
C002628,CD-PE1,proprio,2025-10-30,noite,anuncio,13.8,True,False,,,NE
C002629,CD-PE1,proprio,2025-10-20,manha,anuncio,8.6,True,False,2025-12-07,voluntario,NE
C002630,CD-PE1,proprio,2025-10-03,noite,agencia,6.2,True,False,,,NE
C002631,CD-PE1,proprio,2025-10-25,manha,anuncio,8.6,True,False,,,NE
C002632,CD-PE1,proprio,2025-10-17,manha,agencia,7.8,True,False,2025-11-12,voluntario,NE
C002633,CD-PE1,proprio,2025-10-09,manha,agencia,7.4,True,False,2025-11-18,voluntario,NE
C002634,CD-PE1,proprio,2025-10-13,noite,agencia,5.9,True,False,2025-11-25,voluntario,NE
C002635,CD-PE1,proprio,2025-10-29,noite,anuncio,15.3,True,False,,,NE
C002636,CD-PE1,proprio,2025-10-15,manha,agencia,6.7,True,False,,,NE
C002637,CD-PE1,proprio,2025-10-24,manha,indicacao,7.2,True,False,,,NE
C002638,CD-PE1,proprio,2025-10-20,tarde,indicacao,15.2,True,False,2026-03-28,involuntario,NE
C002639,CD-PE1,proprio,2025-10-17,tarde,agencia,10.7,True,False,,,NE
C002640,CD-PE1,proprio,2025-10-17,manha,agencia,20.6,True,False,,,NE
C002641,CD-PE1,proprio,2025-10-21,tarde,anuncio,3.4,True,False,,,NE
C002642,CD-PE1,proprio,2025-10-29,tarde,anuncio,8.7,True,False,,,NE
C002643,CD-PE1,proprio,2025-10-06,tarde,indicacao,9.2,True,False,,,NE
C002644,CD-PE1,proprio,2025-10-07,tarde,anuncio,11.9,True,False,2025-12-26,involuntario,NE
C002645,CD-PE1,proprio,2025-10-08,manha,anuncio,8.2,True,False,2026-07-05,voluntario,NE
C002646,CD-PE1,proprio,2025-10-18,manha,anuncio,10.4,True,False,2025-12-28,voluntario,NE
C002647,CD-PE1,proprio,2025-10-27,tarde,indicacao,14.3,True,False,,,NE
C002648,CD-PE1,proprio,2025-10-21,noite,agencia,6.1,True,False,,,NE
C002649,CD-PE1,proprio,2025-10-13,manha,anuncio,14.3,True,False,2025-12-11,involuntario,NE
C002650,CD-PE1,proprio,2025-10-02,noite,indicacao,6.3,True,False,2026-02-20,voluntario,NE
C002651,CD-PE1,proprio,2025-10-17,noite,agencia,9.7,True,False,2025-11-04,voluntario,NE
C002652,CD-PE1,proprio,2025-10-16,tarde,agencia,3.6,True,False,,,NE
C002653,CD-PE1,proprio,2025-10-14,tarde,indicacao,4.3,True,False,2026-05-25,voluntario,NE
C002654,CD-PE1,proprio,2025-10-21,manha,indicacao,6.2,True,False,,,NE
C002655,CD-PE1,proprio,2025-10-04,manha,agencia,4.2,True,False,,,NE
C002656,CD-PE1,proprio,2025-10-23,tarde,agencia,7.8,True,False,,,NE
C002657,CD-PE1,proprio,2025-10-09,tarde,indicacao,16.5,True,False,2025-10-11,voluntario,NE
C002658,CD-PE1,proprio,2025-10-19,noite,anuncio,8.1,True,False,,,NE
C002659,CD-PE1,proprio,2025-10-26,manha,agencia,10.1,True,False,2026-05-24,voluntario,NE
C002660,CD-PR1,proprio,2025-10-06,tarde,agencia,26.9,True,False,2025-10-29,voluntario,S
C002661,CD-PR1,proprio,2025-10-13,tarde,anuncio,10.3,True,False,2025-10-31,voluntario,S
C002662,CD-PR1,proprio,2025-10-20,manha,anuncio,9.3,True,False,,,S
C002663,CD-PR1,proprio,2025-10-20,tarde,indicacao,5.3,True,False,,,S
C002664,CD-PR1,proprio,2025-10-27,noite,indicacao,10.5,True,False,,,S
C002665,CD-PR1,proprio,2025-10-17,manha,agencia,14.4,True,False,2025-12-19,voluntario,S
C002666,CD-PR1,proprio,2025-10-22,manha,agencia,6.3,True,False,2025-11-04,involuntario,S
C002667,CD-PR1,proprio,2025-10-01,manha,anuncio,10.3,True,False,2025-10-23,involuntario,S
C002668,CD-PR1,proprio,2025-10-06,manha,agencia,4.5,True,False,,,S
C002669,CD-PR1,proprio,2025-10-31,manha,indicacao,10.9,True,False,2025-11-24,voluntario,S
C002670,CD-PR1,proprio,2025-10-16,manha,agencia,7.5,True,False,2025-10-18,voluntario,S
C002671,CD-PR1,proprio,2025-10-01,manha,anuncio,11.6,True,False,,,S
C002672,CD-PR1,proprio,2025-10-02,tarde,anuncio,3.1,True,False,2026-04-01,involuntario,S
C002673,CD-PR1,proprio,2025-10-24,noite,agencia,8.8,True,False,,,S
C002674,CD-PR1,proprio,2025-10-10,noite,anuncio,13.9,True,False,2026-09-06,involuntario,S
C002675,CD-PR1,proprio,2025-10-09,manha,agencia,11.8,True,False,2026-04-20,voluntario,S
C002676,CD-PR1,proprio,2025-10-27,manha,anuncio,8.0,True,False,,,S
C002677,CD-PR1,proprio,2025-10-24,noite,anuncio,2.2,True,False,,,S
C002678,CD-PR1,proprio,2025-10-13,noite,anuncio,18.8,True,False,,,S
C002679,CD-PR1,proprio,2025-10-01,manha,agencia,5.1,True,False,,,S
C002680,CD-PR1,proprio,2025-10-30,tarde,agencia,15.6,True,False,,,S
C002681,CD-PR1,proprio,2025-10-29,tarde,agencia,5.8,True,False,,,S
C002682,CD-PR1,proprio,2025-10-27,tarde,anuncio,5.1,True,False,,,S
C002683,CD-PR1,proprio,2025-10-23,tarde,agencia,8.2,True,False,,,S
C002684,CD-PR1,proprio,2025-10-18,manha,anuncio,3.8,True,False,,,S
C002685,CD-PR1,proprio,2025-10-26,noite,indicacao,4.5,True,False,,,S
C002686,CD-PR1,proprio,2025-10-13,manha,anuncio,16.7,True,False,,,S
C002687,CD-PR1,proprio,2025-10-21,manha,anuncio,14.5,True,False,,,S
C002688,CD-PR1,proprio,2025-10-09,tarde,agencia,5.4,True,False,2025-11-14,voluntario,S
C002689,CD-PR1,proprio,2025-10-31,manha,indicacao,6.5,True,False,2025-11-14,involuntario,S
C002690,CD-PR1,proprio,2025-10-03,tarde,anuncio,3.0,True,False,,,S
C002691,CD-PR1,proprio,2025-10-25,tarde,anuncio,7.1,True,False,2025-11-14,voluntario,S
C002692,CD-PR1,proprio,2025-10-09,tarde,anuncio,6.5,True,False,,,S
C002693,CD-PR1,proprio,2025-10-24,manha,anuncio,20.3,True,False,2026-08-18,involuntario,S
C002694,CD-PR1,proprio,2025-10-11,noite,anuncio,9.5,True,False,2025-12-11,voluntario,S
C002695,CD-PR1,proprio,2025-10-09,tarde,agencia,9.5,True,False,,,S
C002696,CD-PR1,proprio,2025-10-27,manha,agencia,11.3,True,False,2025-11-30,voluntario,S
C002697,CD-PR1,proprio,2025-10-11,noite,agencia,6.7,True,False,2026-02-01,voluntario,S
C002698,CD-PR1,proprio,2025-10-11,noite,anuncio,12.8,True,False,2026-09-26,involuntario,S
C002699,CD-PR1,proprio,2025-10-07,manha,agencia,11.8,True,False,,,S
C002700,CD-PR1,proprio,2025-10-09,tarde,indicacao,10.2,True,False,2025-11-20,involuntario,S
C002701,CD-PR1,proprio,2025-10-17,tarde,anuncio,11.4,True,False,,,S
C002702,CD-PR1,proprio,2025-10-20,tarde,indicacao,27.7,True,False,2026-06-28,involuntario,S
C002703,CD-PR1,proprio,2025-10-25,manha,agencia,2.4,True,False,,,S
C002704,CD-PR1,proprio,2025-10-08,noite,agencia,4.7,True,False,,,S
C002705,CD-PR1,proprio,2025-10-10,manha,anuncio,7.0,True,False,2026-05-08,voluntario,S
C002706,CD-PR1,proprio,2025-10-19,manha,anuncio,14.5,True,False,2026-04-04,involuntario,S
C002707,CD-PR1,proprio,2025-10-23,manha,agencia,9.2,True,False,,,S
C002708,CD-PR1,proprio,2025-10-23,noite,anuncio,13.2,True,False,2026-01-16,voluntario,S
C002709,CD-PR1,proprio,2025-10-11,tarde,indicacao,8.3,True,False,2026-03-11,voluntario,S
C002710,CD-PR1,proprio,2025-10-27,noite,indicacao,6.1,True,False,2025-11-05,voluntario,S
C002711,CD-PR1,proprio,2025-10-22,noite,indicacao,13.0,True,False,2025-10-25,voluntario,S
C002712,CD-RJ1,proprio,2025-10-05,manha,agencia,7.4,True,False,2025-11-14,voluntario,SE
C002713,CD-RJ1,proprio,2025-10-22,tarde,agencia,16.2,True,False,,,SE
C002714,CD-RJ1,proprio,2025-10-23,noite,anuncio,4.6,True,False,,,SE
C002715,CD-RJ1,proprio,2025-10-23,noite,agencia,19.3,True,False,2026-01-16,voluntario,SE
C002716,CD-RJ1,proprio,2025-10-13,manha,anuncio,14.2,True,False,2026-07-22,voluntario,SE
C002717,CD-RJ1,proprio,2025-10-19,tarde,anuncio,7.9,True,False,,,SE
C002718,CD-RJ1,proprio,2025-10-18,tarde,agencia,4.4,True,False,2025-10-31,involuntario,SE
C002719,CD-RJ1,proprio,2025-10-01,noite,indicacao,6.5,True,False,2025-10-08,voluntario,SE
C002720,CD-RJ1,proprio,2025-10-18,noite,agencia,8.0,True,False,2025-11-23,voluntario,SE
C002721,CD-RJ1,proprio,2025-10-13,tarde,indicacao,16.2,True,False,2025-10-25,voluntario,SE
C002722,CD-RJ1,proprio,2025-10-27,manha,agencia,8.1,True,False,,,SE
C002723,CD-RJ1,proprio,2025-10-22,manha,indicacao,14.0,True,False,,,SE
C002724,CD-RJ1,proprio,2025-10-06,manha,indicacao,6.3,True,False,,,SE
C002725,CD-RJ1,proprio,2025-10-05,manha,anuncio,8.1,True,False,2025-10-26,voluntario,SE
C002726,CD-RJ1,proprio,2025-10-30,tarde,anuncio,8.4,True,False,,,SE
C002727,CD-RJ1,proprio,2025-10-09,manha,anuncio,37.5,True,False,2025-11-03,involuntario,SE
C002728,CD-RJ1,proprio,2025-10-17,tarde,indicacao,17.1,True,False,2026-07-22,voluntario,SE
C002729,CD-RJ1,proprio,2025-10-17,manha,agencia,12.5,True,False,2026-09-22,voluntario,SE
C002730,CD-RJ1,proprio,2025-10-29,manha,anuncio,11.6,True,False,2026-01-03,voluntario,SE
C002731,CD-RJ1,proprio,2025-10-09,noite,agencia,18.8,True,False,,,SE
C002732,CD-RJ1,proprio,2025-10-16,tarde,anuncio,3.8,True,False,,,SE
C002733,CD-RJ1,proprio,2025-10-09,tarde,agencia,2.4,True,False,,,SE
C002734,CD-RJ1,proprio,2025-10-23,noite,agencia,10.7,True,False,,,SE
C002735,CD-RJ1,proprio,2025-10-10,manha,indicacao,7.4,True,False,,,SE
C002736,CD-RJ1,proprio,2025-10-24,manha,indicacao,5.9,True,False,2025-12-14,voluntario,SE
C002737,CD-RJ1,proprio,2025-10-03,manha,anuncio,13.3,True,False,2025-10-12,voluntario,SE
C002738,CD-RJ1,proprio,2025-10-11,manha,anuncio,2.7,True,False,,,SE
C002739,CD-SP1,proprio,2025-10-15,tarde,anuncio,15.8,True,False,,,SE
C002740,CD-SP1,proprio,2025-10-17,manha,indicacao,20.4,True,False,2025-10-24,voluntario,SE
C002741,CD-SP1,proprio,2025-10-11,noite,indicacao,4.8,True,False,,,SE
C002742,CD-SP1,proprio,2025-10-18,noite,anuncio,23.4,True,False,,,SE
C002743,CD-SP1,proprio,2025-10-08,manha,agencia,15.4,True,False,,,SE
C002744,CD-SP1,proprio,2025-10-09,tarde,agencia,7.6,True,False,,,SE
C002745,CD-SP1,proprio,2025-10-10,manha,anuncio,8.1,True,False,2025-10-12,voluntario,SE
C002746,CD-SP1,proprio,2025-10-17,manha,anuncio,9.1,True,False,,,SE
C002747,CD-SP1,proprio,2025-10-07,noite,agencia,10.1,True,False,2025-10-08,voluntario,SE
C002748,CD-SP1,proprio,2025-10-17,manha,anuncio,11.3,True,False,,,SE
C002749,CD-SP1,proprio,2025-10-15,manha,indicacao,25.1,True,False,2025-10-23,voluntario,SE
C002750,CD-SP1,proprio,2025-10-15,noite,anuncio,6.5,True,False,,,SE
C002751,CD-SP1,proprio,2025-10-13,manha,anuncio,9.0,True,False,,,SE
C002752,CD-SP1,proprio,2025-10-07,tarde,indicacao,10.1,True,False,,,SE
C002753,CD-SP1,proprio,2025-10-21,tarde,agencia,3.9,True,False,,,SE
C002754,CD-SP1,proprio,2025-10-24,noite,indicacao,12.0,True,False,2025-11-01,involuntario,SE
C002755,CD-SP1,proprio,2025-10-21,manha,anuncio,7.0,True,False,,,SE
C002756,CD-SP1,proprio,2025-10-08,tarde,agencia,11.8,True,False,2026-06-23,voluntario,SE
C002757,CD-SP1,proprio,2025-10-21,tarde,agencia,8.1,True,False,2025-11-12,voluntario,SE
C002758,CD-SP1,proprio,2025-10-01,tarde,anuncio,15.8,True,False,2025-10-15,involuntario,SE
C002759,CD-SP1,proprio,2025-10-04,tarde,agencia,3.7,True,False,2025-11-26,voluntario,SE
C002760,CD-SP1,proprio,2025-10-09,noite,agencia,3.1,True,False,2025-11-02,involuntario,SE
C002761,CD-SP1,proprio,2025-10-19,manha,agencia,16.6,True,False,2025-10-20,involuntario,SE
C002762,CD-SP1,proprio,2025-10-20,manha,anuncio,7.6,True,False,2025-12-24,voluntario,SE
C002763,CD-SP1,proprio,2025-10-06,manha,anuncio,14.9,True,False,2026-01-01,voluntario,SE
C002764,CD-SP1,proprio,2025-10-24,noite,agencia,58.3,True,False,2025-12-09,involuntario,SE
C002765,CD-SP1,proprio,2025-10-23,manha,indicacao,7.4,True,False,,,SE
C002766,CD-SP1,proprio,2025-10-15,manha,agencia,7.2,True,False,,,SE
C002767,CD-SP1,proprio,2025-10-25,tarde,indicacao,10.3,True,False,,,SE
C002768,CD-SP1,proprio,2025-10-24,manha,anuncio,3.9,True,False,,,SE
C002769,CD-SP1,proprio,2025-10-22,manha,indicacao,7.2,True,False,,,SE
C002770,CD-SP1,proprio,2025-10-28,tarde,indicacao,13.6,True,False,2025-11-01,voluntario,SE
C002771,CD-SP1,proprio,2025-10-03,manha,anuncio,7.3,True,False,2025-10-10,voluntario,SE
C002772,CD-SP1,proprio,2025-10-05,manha,agencia,8.7,True,False,,,SE
C002773,CD-SP1,proprio,2025-10-15,manha,agencia,3.3,True,False,,,SE
C002774,CD-SP1,proprio,2025-10-09,noite,agencia,13.8,True,False,2025-12-09,voluntario,SE
C002775,CD-SP1,proprio,2025-10-27,tarde,anuncio,19.5,True,False,,,SE
C002776,CD-SP1,proprio,2025-10-19,manha,agencia,2.9,True,False,2026-01-06,voluntario,SE
C002777,CD-SP1,proprio,2025-10-22,noite,anuncio,11.8,True,False,,,SE
C002778,CD-SP1,proprio,2025-10-29,manha,indicacao,15.5,True,False,,,SE
C002779,CD-SP1,proprio,2025-10-22,tarde,agencia,9.8,True,False,2025-10-30,involuntario,SE
C002780,CD-SP1,proprio,2025-10-31,tarde,indicacao,10.8,True,False,,,SE
C002781,CD-SP1,proprio,2025-10-24,noite,anuncio,19.4,True,False,,,SE
C002782,CD-SP1,proprio,2025-10-21,manha,agencia,24.8,True,False,2026-06-22,voluntario,SE
C002783,CD-SP1,proprio,2025-10-10,tarde,anuncio,10.4,True,False,,,SE
C002784,CD-SP1,proprio,2025-10-24,manha,agencia,4.7,True,False,,,SE
C002785,CD-SP1,proprio,2025-10-14,manha,agencia,7.8,True,False,,,SE
C002786,CD-SP1,proprio,2025-10-30,tarde,indicacao,9.8,True,False,,,SE
C002787,CD-SP1,proprio,2025-10-27,manha,anuncio,4.6,True,False,,,SE
C002788,CD-SP1,proprio,2025-10-03,noite,indicacao,12.7,True,False,,,SE
C002789,CD-SP1,proprio,2025-10-31,tarde,indicacao,5.5,True,False,2025-11-01,involuntario,SE
C002790,CD-SP1,proprio,2025-10-13,manha,agencia,25.1,True,False,2025-11-21,voluntario,SE
C002791,CD-SP1,proprio,2025-10-10,tarde,anuncio,4.4,True,False,2025-10-29,voluntario,SE
C002792,CD-SP1,proprio,2025-10-11,tarde,agencia,35.1,True,False,2025-10-19,voluntario,SE
C002793,CD-SP1,proprio,2025-10-07,tarde,indicacao,4.8,True,False,,,SE
C002794,CD-SP1,proprio,2025-10-13,noite,agencia,3.0,True,False,2026-03-30,voluntario,SE
C002795,CD-SP1,proprio,2025-10-29,tarde,indicacao,17.5,True,False,,,SE
C002796,CD-SP1,proprio,2025-10-13,tarde,indicacao,5.4,True,False,2026-09-15,voluntario,SE
C002797,CD-SP1,proprio,2025-10-31,tarde,agencia,11.0,True,False,,,SE
C002798,CD-SP1,proprio,2025-10-24,tarde,agencia,10.0,True,False,,,SE
C002799,CD-SP1,proprio,2025-10-19,manha,anuncio,4.6,True,False,,,SE
C002800,CD-SP1,proprio,2025-10-08,noite,anuncio,2.4,True,False,2026-05-29,voluntario,SE
C002801,CD-SP2,3PL,2025-10-07,noite,agencia,7.2,True,False,2025-10-25,involuntario,SE
C002802,CD-SP2,3PL,2025-10-15,noite,indicacao,12.5,True,False,,,SE
C002803,CD-SP2,3PL,2025-10-17,manha,indicacao,7.3,True,False,,,SE
C002804,CD-SP2,3PL,2025-10-08,tarde,agencia,8.5,True,False,,,SE
C002805,CD-SP2,3PL,2025-10-22,noite,indicacao,12.4,True,False,,,SE
C002806,CD-SP2,3PL,2025-10-18,tarde,anuncio,3.4,True,False,,,SE
C002807,CD-SP2,3PL,2025-10-12,manha,agencia,6.8,True,False,2025-10-25,involuntario,SE
C002808,CD-SP2,3PL,2025-10-08,manha,agencia,19.0,True,False,2025-10-18,involuntario,SE
C002809,CD-SP2,3PL,2025-10-15,manha,agencia,6.6,True,False,,,SE
C002810,CD-SP2,3PL,2025-10-30,manha,anuncio,9.8,True,False,2025-11-02,involuntario,SE
C002811,CD-SP2,3PL,2025-10-19,manha,indicacao,6.5,True,False,,,SE
C002812,CD-SP2,3PL,2025-10-15,tarde,anuncio,7.6,True,False,,,SE
C002813,CD-SP2,3PL,2025-10-24,tarde,anuncio,9.0,True,False,2025-11-05,voluntario,SE
C002814,CD-SP2,3PL,2025-10-30,noite,anuncio,4.4,True,False,2026-07-26,voluntario,SE
C002815,CD-SP2,3PL,2025-10-16,tarde,anuncio,20.7,True,False,2026-06-16,voluntario,SE
C002816,CD-SP2,3PL,2025-10-26,noite,anuncio,13.7,True,False,2025-11-13,voluntario,SE
C002817,CD-SP2,3PL,2025-10-04,noite,agencia,18.5,True,False,2025-12-30,voluntario,SE
C002818,CD-SP2,3PL,2025-10-16,tarde,anuncio,8.3,True,False,2025-11-29,voluntario,SE
C002819,CD-SP2,3PL,2025-10-29,manha,anuncio,3.7,True,False,,,SE
C002820,CD-SP2,3PL,2025-10-27,noite,anuncio,7.0,True,False,2025-12-21,voluntario,SE
C002821,CD-SP2,3PL,2025-10-28,manha,anuncio,11.8,True,False,,,SE
C002822,CD-SP2,3PL,2025-10-01,manha,agencia,13.7,True,False,2025-10-17,involuntario,SE
C002823,CD-SP2,3PL,2025-10-11,noite,agencia,8.7,True,False,2025-10-28,voluntario,SE
C002824,CD-SP2,3PL,2025-10-01,tarde,agencia,4.6,True,False,2025-10-12,voluntario,SE
C002825,CD-SP2,3PL,2025-10-27,manha,indicacao,15.6,True,False,2026-04-19,involuntario,SE
C002826,CD-SP2,3PL,2025-10-16,manha,indicacao,8.2,True,False,2026-01-11,voluntario,SE
C002827,CD-SP2,3PL,2025-10-02,manha,agencia,7.3,True,False,2025-11-04,involuntario,SE
C002828,CD-SP2,3PL,2025-10-05,noite,indicacao,9.8,True,False,,,SE
C002829,CD-SP2,3PL,2025-10-29,manha,anuncio,10.6,True,False,,,SE
C002830,CD-SP2,3PL,2025-10-13,tarde,agencia,8.5,True,False,2025-11-08,voluntario,SE
C002831,CD-SP2,3PL,2025-10-08,manha,agencia,14.2,True,False,2025-11-29,voluntario,SE
C002832,CD-SP2,3PL,2025-10-07,manha,anuncio,14.1,True,False,,,SE
C002833,CD-SP2,3PL,2025-10-13,manha,indicacao,12.6,True,False,,,SE
C002834,CD-SP2,3PL,2025-10-13,tarde,anuncio,6.4,True,False,2025-11-13,involuntario,SE
C002835,CD-SP2,3PL,2025-10-03,manha,agencia,6.4,True,False,,,SE
C002836,CD-SP2,3PL,2025-10-10,manha,agencia,8.0,True,False,,,SE
C002837,CD-SP2,3PL,2025-10-24,noite,anuncio,13.2,True,False,2025-10-26,voluntario,SE
C002838,CD-SP2,3PL,2025-10-27,tarde,anuncio,4.9,True,False,,,SE
C002839,CD-SP2,3PL,2025-10-15,manha,agencia,10.7,True,False,2026-09-10,involuntario,SE
C002840,CD-AM1,3PL,2025-11-05,noite,indicacao,10.0,True,False,,,N
C002841,CD-AM1,3PL,2025-11-14,noite,anuncio,11.9,True,False,,,N
C002842,CD-AM1,3PL,2025-11-08,tarde,anuncio,10.8,True,False,,,N
C002843,CD-AM1,3PL,2025-11-09,tarde,indicacao,11.2,True,False,2025-11-27,voluntario,N
C002844,CD-AM1,3PL,2025-11-01,tarde,anuncio,7.0,True,False,,,N
C002845,CD-AM1,3PL,2025-11-30,manha,indicacao,3.6,True,False,,,N
C002846,CD-AM1,3PL,2025-11-02,noite,anuncio,6.9,True,False,2026-03-04,voluntario,N
C002847,CD-AM1,3PL,2025-11-04,manha,anuncio,12.7,True,False,2025-11-20,voluntario,N
C002848,CD-AM1,3PL,2025-11-15,noite,agencia,18.6,True,False,2026-01-10,voluntario,N
C002849,CD-AM1,3PL,2025-11-13,noite,anuncio,9.1,True,False,,,N
C002850,CD-AM1,3PL,2025-11-01,manha,agencia,22.6,True,False,,,N
C002851,CD-AM1,3PL,2025-11-23,tarde,anuncio,10.1,True,False,2025-11-26,voluntario,N
C002852,CD-AM1,3PL,2025-11-30,noite,anuncio,7.4,True,False,,,N
C002853,CD-AM1,3PL,2025-11-03,tarde,anuncio,9.8,True,False,,,N
C002854,CD-AM1,3PL,2025-11-27,noite,anuncio,8.4,True,False,2025-12-02,voluntario,N
C002855,CD-AM1,3PL,2025-11-19,tarde,indicacao,26.7,True,False,2025-11-29,voluntario,N
C002856,CD-AM1,3PL,2025-11-17,manha,anuncio,8.3,True,False,2026-01-06,voluntario,N
C002857,CD-AM1,3PL,2025-11-28,manha,agencia,8.2,True,False,2025-12-17,voluntario,N
C002858,CD-AM1,3PL,2025-11-18,noite,indicacao,5.7,True,False,2026-09-07,involuntario,N
C002859,CD-AM1,3PL,2025-11-22,manha,agencia,16.0,True,False,2025-12-04,voluntario,N
C002860,CD-AM1,3PL,2025-11-20,noite,agencia,4.4,True,False,2025-12-17,voluntario,N
C002861,CD-AM1,3PL,2025-11-19,manha,agencia,4.2,True,False,,,N
C002862,CD-AM1,3PL,2025-11-24,tarde,anuncio,4.0,True,False,,,N
C002863,CD-AM1,3PL,2025-11-25,manha,indicacao,4.3,True,False,2026-05-06,involuntario,N
C002864,CD-AM1,3PL,2025-11-05,manha,agencia,10.8,True,False,,,N
C002865,CD-AM1,3PL,2025-11-11,tarde,anuncio,9.3,True,False,,,N
C002866,CD-AM1,3PL,2025-11-19,tarde,agencia,4.2,True,False,2025-12-30,involuntario,N
C002867,CD-AM1,3PL,2025-11-16,tarde,anuncio,8.8,True,False,,,N
C002868,CD-AM1,3PL,2025-11-15,tarde,indicacao,10.3,True,False,,,N
C002869,CD-AM1,3PL,2025-11-01,noite,anuncio,8.8,True,False,2025-11-22,voluntario,N
C002870,CD-AM1,3PL,2025-11-20,noite,agencia,2.1,True,False,,,N
C002871,CD-AM1,3PL,2025-11-07,manha,anuncio,14.5,True,False,,,N
C002872,CD-AM1,3PL,2025-11-03,tarde,anuncio,12.6,True,False,,,N
C002873,CD-AM1,3PL,2025-11-25,manha,indicacao,8.8,True,False,,,N
C002874,CD-AM1,3PL,2025-11-06,tarde,indicacao,18.1,True,False,,,N
C002875,CD-AM1,3PL,2025-11-25,manha,anuncio,16.5,True,False,,,N
C002876,CD-AM1,3PL,2025-11-25,manha,anuncio,3.9,True,False,,,N
C002877,CD-AM1,3PL,2025-11-25,tarde,agencia,14.9,True,False,2025-12-05,voluntario,N
C002878,CD-AM1,3PL,2025-11-03,tarde,anuncio,5.8,True,False,,,N
C002879,CD-AM1,3PL,2025-11-04,noite,anuncio,4.5,True,False,2026-07-23,involuntario,N
C002880,CD-AM1,3PL,2025-11-08,manha,indicacao,10.8,True,False,,,N
C002881,CD-AM1,3PL,2025-11-14,tarde,indicacao,5.7,True,False,,,N
C002882,CD-AM1,3PL,2025-11-21,tarde,anuncio,15.5,True,False,,,N
C002883,CD-AM1,3PL,2025-11-20,tarde,indicacao,10.6,True,False,,,N
C002884,CD-AM1,3PL,2025-11-03,tarde,anuncio,19.3,True,False,,,N
C002885,CD-AM1,3PL,2025-11-01,manha,agencia,8.0,True,False,,,N
C002886,CD-AM1,3PL,2025-11-28,noite,agencia,15.8,True,False,2025-12-03,voluntario,N
C002887,CD-AM1,3PL,2025-11-17,tarde,indicacao,7.1,True,False,2026-06-20,involuntario,N
C002888,CD-AM1,3PL,2025-11-22,tarde,anuncio,17.1,True,False,,,N
C002889,CD-AM1,3PL,2025-11-07,tarde,anuncio,11.4,True,False,2025-11-20,voluntario,N
C002890,CD-AM1,3PL,2025-11-27,noite,anuncio,7.9,True,False,2026-09-16,involuntario,N
C002891,CD-AM1,3PL,2025-11-28,manha,agencia,24.1,True,False,,,N
C002892,CD-AM1,3PL,2025-11-18,noite,indicacao,5.4,True,False,,,N
C002893,CD-AM1,3PL,2025-11-27,manha,anuncio,8.3,True,False,,,N
C002894,CD-AM1,3PL,2025-11-04,tarde,indicacao,12.6,True,False,,,N
C002895,CD-AM1,3PL,2025-11-26,noite,anuncio,12.7,True,False,2025-12-20,involuntario,N
C002896,CD-AM1,3PL,2025-11-07,manha,indicacao,4.9,True,False,,,N
C002897,CD-AM1,3PL,2025-11-23,manha,agencia,4.3,True,False,,,N
C002898,CD-AM1,3PL,2025-11-24,tarde,agencia,6.8,True,False,2025-12-11,involuntario,N
C002899,CD-AM1,3PL,2025-11-19,tarde,anuncio,9.6,True,False,,,N
C002900,CD-AM1,3PL,2025-11-01,manha,anuncio,6.6,True,False,,,N
C002901,CD-AM1,3PL,2025-11-03,noite,anuncio,9.5,True,False,,,N
C002902,CD-AM1,3PL,2025-11-09,tarde,anuncio,19.2,True,False,2025-11-11,voluntario,N
C002903,CD-AM1,3PL,2025-11-19,manha,agencia,10.8,True,False,,,N
C002904,CD-AM1,3PL,2025-11-05,manha,anuncio,8.7,True,False,2025-11-30,involuntario,N
C002905,CD-AM1,3PL,2025-11-03,noite,anuncio,12.7,True,False,,,N
C002906,CD-AM1,3PL,2025-11-03,tarde,agencia,6.8,True,False,,,N
C002907,CD-AM1,3PL,2025-11-22,noite,anuncio,6.3,True,False,2025-12-08,voluntario,N
C002908,CD-AM1,3PL,2025-11-23,tarde,indicacao,6.7,True,False,2025-11-30,voluntario,N
C002909,CD-AM1,3PL,2025-11-10,manha,anuncio,9.3,True,False,2026-02-23,involuntario,N
C002910,CD-AM1,3PL,2025-11-25,manha,agencia,19.4,True,False,,,N
C002911,CD-AM1,3PL,2025-11-18,manha,anuncio,15.1,True,False,2025-11-27,involuntario,N
C002912,CD-AM1,3PL,2025-11-06,noite,anuncio,15.9,True,False,2026-01-07,voluntario,N
C002913,CD-AM1,3PL,2025-11-18,manha,indicacao,4.5,True,False,,,N
C002914,CD-AM1,3PL,2025-11-03,manha,agencia,6.4,True,False,,,N
C002915,CD-AM1,3PL,2025-11-25,manha,agencia,17.5,True,False,2025-11-30,voluntario,N
C002916,CD-AM1,3PL,2025-11-14,noite,anuncio,9.3,True,False,2026-05-28,involuntario,N
C002917,CD-AM1,3PL,2025-11-26,tarde,anuncio,5.4,True,False,,,N
C002918,CD-AM1,3PL,2025-11-25,noite,indicacao,16.0,True,False,2026-05-30,voluntario,N
C002919,CD-AM1,3PL,2025-11-09,manha,agencia,3.7,True,False,,,N
C002920,CD-AM1,3PL,2025-11-29,noite,anuncio,11.8,True,False,,,N
C002921,CD-AM1,3PL,2025-11-07,tarde,anuncio,4.6,True,False,2025-11-10,involuntario,N
C002922,CD-AM1,3PL,2025-11-17,tarde,agencia,13.8,True,False,,,N
C002923,CD-AM1,3PL,2025-11-24,noite,agencia,8.6,True,False,,,N
C002924,CD-AM1,3PL,2025-11-13,noite,anuncio,14.0,True,False,2025-12-22,involuntario,N
C002925,CD-AM1,3PL,2025-11-17,manha,indicacao,6.2,True,False,,,N
C002926,CD-AM1,3PL,2025-11-01,manha,anuncio,3.6,True,False,2025-11-08,involuntario,N
C002927,CD-AM1,3PL,2025-11-27,manha,anuncio,6.7,True,False,,,N
C002928,CD-AM1,3PL,2025-11-09,manha,anuncio,4.4,True,False,,,N
C002929,CD-AM1,3PL,2025-11-23,manha,agencia,8.3,True,False,2025-12-24,voluntario,N
C002930,CD-AM1,3PL,2025-11-06,manha,anuncio,7.3,True,False,,,N
C002931,CD-AM1,3PL,2025-11-03,manha,agencia,18.2,True,False,,,N
C002932,CD-AM1,3PL,2025-11-20,noite,anuncio,5.6,True,False,,,N
C002933,CD-AM1,3PL,2025-11-23,noite,agencia,6.2,True,False,,,N
C002934,CD-AM1,3PL,2025-11-14,manha,indicacao,5.8,True,False,,,N
C002935,CD-AM1,3PL,2025-11-06,tarde,anuncio,13.3,True,False,2026-08-16,voluntario,N
C002936,CD-AM1,3PL,2025-11-09,manha,anuncio,10.0,True,False,2025-11-16,voluntario,N
C002937,CD-AM1,3PL,2025-11-01,manha,agencia,3.3,True,False,,,N
C002938,CD-AM1,3PL,2025-11-17,manha,anuncio,30.9,True,False,2025-11-20,voluntario,N
C002939,CD-AM1,3PL,2025-11-28,manha,agencia,14.5,True,False,,,N
C002940,CD-AM1,3PL,2025-11-03,noite,anuncio,7.1,True,False,2026-01-13,voluntario,N
C002941,CD-AM1,3PL,2025-11-30,noite,indicacao,2.9,True,False,,,N
C002942,CD-AM1,3PL,2025-11-29,noite,indicacao,9.5,True,False,2025-12-06,voluntario,N
C002943,CD-AM1,3PL,2025-11-10,manha,agencia,7.3,True,False,,,N
C002944,CD-AM1,3PL,2025-11-01,noite,agencia,7.0,True,False,,,N
C002945,CD-AM1,3PL,2025-11-30,manha,agencia,12.1,True,False,2026-06-10,voluntario,N
C002946,CD-GO1,3PL,2025-11-06,manha,indicacao,12.7,True,False,2025-11-15,voluntario,CO
C002947,CD-GO1,3PL,2025-11-26,noite,agencia,28.7,True,False,2025-12-28,voluntario,CO
C002948,CD-GO1,3PL,2025-11-28,noite,indicacao,4.5,True,False,,,CO
C002949,CD-GO1,3PL,2025-11-03,noite,agencia,16.7,True,False,2026-06-15,involuntario,CO
C002950,CD-GO1,3PL,2025-11-28,manha,agencia,4.9,True,False,2025-12-02,voluntario,CO
C002951,CD-GO1,3PL,2025-11-30,noite,anuncio,13.3,True,False,,,CO
C002952,CD-GO1,3PL,2025-11-17,noite,agencia,8.9,True,False,2025-11-20,voluntario,CO
C002953,CD-GO1,3PL,2025-11-10,noite,indicacao,12.6,True,False,,,CO
C002954,CD-GO1,3PL,2025-11-13,noite,agencia,14.5,True,False,2025-12-18,voluntario,CO
C002955,CD-GO1,3PL,2025-11-30,manha,indicacao,4.4,True,False,,,CO
C002956,CD-GO1,3PL,2025-11-20,tarde,anuncio,4.0,True,False,,,CO
C002957,CD-GO1,3PL,2025-11-26,manha,agencia,10.4,True,False,,,CO
C002958,CD-GO1,3PL,2025-11-22,tarde,anuncio,3.2,True,False,,,CO
C002959,CD-GO1,3PL,2025-11-11,manha,anuncio,12.3,True,False,2025-12-25,voluntario,CO
C002960,CD-GO1,3PL,2025-11-19,manha,anuncio,10.5,True,False,,,CO
C002961,CD-GO1,3PL,2025-11-03,noite,indicacao,3.7,True,False,2026-06-27,voluntario,CO
C002962,CD-GO1,3PL,2025-11-23,manha,indicacao,12.9,True,False,,,CO
C002963,CD-GO1,3PL,2025-11-10,manha,anuncio,13.0,True,False,,,CO
C002964,CD-GO1,3PL,2025-11-11,tarde,anuncio,4.9,True,False,2026-03-22,voluntario,CO
C002965,CD-GO1,3PL,2025-11-26,tarde,agencia,13.0,True,False,2026-02-12,voluntario,CO
C002966,CD-GO1,3PL,2025-11-11,noite,indicacao,7.8,True,False,2025-12-08,involuntario,CO
C002967,CD-GO1,3PL,2025-11-08,tarde,indicacao,3.5,True,False,,,CO
C002968,CD-GO1,3PL,2025-11-03,tarde,anuncio,17.4,True,False,,,CO
C002969,CD-GO1,3PL,2025-11-04,manha,indicacao,9.4,True,False,,,CO
C002970,CD-GO1,3PL,2025-11-27,manha,anuncio,20.9,True,False,,,CO
C002971,CD-GO1,3PL,2025-11-17,manha,anuncio,5.6,True,False,2025-11-28,involuntario,CO
C002972,CD-GO1,3PL,2025-11-28,noite,agencia,8.3,True,False,2025-11-29,voluntario,CO
C002973,CD-GO1,3PL,2025-11-29,manha,indicacao,10.7,True,False,,,CO
C002974,CD-GO1,3PL,2025-11-08,noite,agencia,16.2,True,False,2026-08-07,voluntario,CO
C002975,CD-GO1,3PL,2025-11-26,tarde,anuncio,6.5,True,False,,,CO
C002976,CD-GO1,3PL,2025-11-14,manha,agencia,12.6,True,False,2025-11-23,involuntario,CO
C002977,CD-GO1,3PL,2025-11-21,manha,indicacao,5.8,True,False,,,CO
C002978,CD-GO1,3PL,2025-11-19,manha,indicacao,18.8,True,False,,,CO
C002979,CD-GO1,3PL,2025-11-10,tarde,anuncio,2.4,True,False,,,CO
C002980,CD-GO1,3PL,2025-11-05,tarde,anuncio,17.9,True,False,,,CO
C002981,CD-GO1,3PL,2025-11-13,manha,anuncio,5.8,True,False,,,CO
C002982,CD-GO1,3PL,2025-11-06,manha,anuncio,4.0,True,False,2026-08-08,voluntario,CO
C002983,CD-GO1,3PL,2025-11-04,manha,anuncio,27.3,True,False,2025-11-17,involuntario,CO
C002984,CD-GO1,3PL,2025-11-12,noite,anuncio,6.8,True,False,,,CO
C002985,CD-GO1,3PL,2025-11-02,noite,anuncio,8.5,True,False,,,CO
C002986,CD-GO1,3PL,2025-11-06,manha,agencia,14.2,True,False,,,CO
C002987,CD-GO1,3PL,2025-11-04,noite,anuncio,11.8,True,False,,,CO
C002988,CD-GO1,3PL,2025-11-21,manha,anuncio,12.9,True,False,2025-12-03,voluntario,CO
C002989,CD-GO1,3PL,2025-11-03,manha,agencia,10.4,True,False,,,CO
C002990,CD-GO1,3PL,2025-11-07,manha,indicacao,6.0,True,False,2026-04-19,voluntario,CO
C002991,CD-GO1,3PL,2025-11-29,noite,anuncio,11.5,True,False,2026-01-28,involuntario,CO
C002992,CD-GO1,3PL,2025-11-11,manha,anuncio,30.2,True,False,,,CO
C002993,CD-GO1,3PL,2025-11-28,noite,agencia,13.4,True,False,2026-01-19,involuntario,CO
C002994,CD-GO1,3PL,2025-11-07,noite,indicacao,7.6,True,False,,,CO
C002995,CD-GO1,3PL,2025-11-14,noite,anuncio,7.4,True,False,2026-01-18,voluntario,CO
C002996,CD-GO1,3PL,2025-11-20,noite,indicacao,9.0,True,False,,,CO
C002997,CD-GO1,3PL,2025-11-14,tarde,anuncio,5.1,True,False,2025-11-17,involuntario,CO
C002998,CD-GO1,3PL,2025-11-05,manha,agencia,17.2,True,False,2025-12-10,voluntario,CO
C002999,CD-GO1,3PL,2025-11-01,noite,agencia,6.2,True,False,2025-12-07,voluntario,CO
C003000,CD-GO1,3PL,2025-11-16,manha,agencia,11.6,True,False,2025-11-26,voluntario,CO
C003001,CD-GO1,3PL,2025-11-07,tarde,anuncio,41.7,True,False,2025-11-08,involuntario,CO
C003002,CD-GO1,3PL,2025-11-29,manha,agencia,6.2,True,False,2026-05-09,voluntario,CO
C003003,CD-GO1,3PL,2025-11-07,tarde,anuncio,7.0,True,False,,,CO
C003004,CD-GO1,3PL,2025-11-06,noite,agencia,11.0,True,False,2026-01-03,voluntario,CO
C003005,CD-GO1,3PL,2025-11-05,manha,anuncio,15.6,True,False,,,CO
C003006,CD-GO1,3PL,2025-11-20,noite,agencia,5.3,True,False,,,CO
C003007,CD-GO1,3PL,2025-11-13,tarde,agencia,12.3,True,False,,,CO
C003008,CD-GO1,3PL,2025-11-05,noite,agencia,11.0,True,False,2025-11-16,voluntario,CO
C003009,CD-GO1,3PL,2025-11-03,tarde,agencia,4.6,True,False,,,CO
C003010,CD-GO1,3PL,2025-11-24,manha,agencia,6.7,True,False,,,CO
C003011,CD-GO1,3PL,2025-11-13,tarde,agencia,17.5,True,False,,,CO
C003012,CD-GO1,3PL,2025-11-15,manha,agencia,6.5,True,False,2026-07-05,voluntario,CO
C003013,CD-GO1,3PL,2025-11-08,tarde,anuncio,3.4,True,False,,,CO
C003014,CD-GO1,3PL,2025-11-06,noite,indicacao,7.3,True,False,2025-11-23,involuntario,CO
C003015,CD-GO1,3PL,2025-11-03,tarde,anuncio,20.7,True,False,,,CO
C003016,CD-GO1,3PL,2025-11-01,tarde,agencia,2.6,True,False,2026-02-20,voluntario,CO
C003017,CD-GO1,3PL,2025-11-19,manha,indicacao,9.1,True,False,2025-11-21,voluntario,CO
C003018,CD-GO1,3PL,2025-11-05,tarde,anuncio,11.4,True,False,2025-11-16,voluntario,CO
C003019,CD-GO1,3PL,2025-11-24,manha,indicacao,8.8,True,False,,,CO
C003020,CD-GO1,3PL,2025-11-01,noite,anuncio,3.6,True,False,2025-11-06,voluntario,CO
C003021,CD-GO1,3PL,2025-11-06,noite,anuncio,7.1,True,False,,,CO
C003022,CD-GO1,3PL,2025-11-21,tarde,indicacao,5.9,True,False,,,CO
C003023,CD-GO1,3PL,2025-11-22,tarde,agencia,25.0,True,False,2025-12-11,involuntario,CO
C003024,CD-GO1,3PL,2025-11-07,tarde,agencia,4.5,True,False,2025-11-11,voluntario,CO
C003025,CD-GO1,3PL,2025-11-04,manha,indicacao,12.2,True,False,2025-12-18,voluntario,CO
C003026,CD-GO1,3PL,2025-11-28,manha,anuncio,4.7,True,False,,,CO
C003027,CD-GO1,3PL,2025-11-17,tarde,agencia,12.7,True,False,,,CO
C003028,CD-GO1,3PL,2025-11-04,tarde,anuncio,6.9,True,False,2025-11-05,involuntario,CO
C003029,CD-GO1,3PL,2025-11-12,manha,anuncio,6.4,True,False,,,CO
C003030,CD-GO1,3PL,2025-11-26,noite,anuncio,18.2,True,False,2025-12-04,voluntario,CO
C003031,CD-GO1,3PL,2025-11-11,manha,anuncio,6.3,True,False,2026-01-29,voluntario,CO
C003032,CD-GO1,3PL,2025-11-05,noite,indicacao,3.6,True,False,2026-03-31,voluntario,CO
C003033,CD-GO1,3PL,2025-11-12,tarde,agencia,5.6,True,False,2025-11-26,voluntario,CO
C003034,CD-GO1,3PL,2025-11-28,manha,indicacao,8.5,True,False,,,CO
C003035,CD-GO1,3PL,2025-11-22,noite,anuncio,13.6,True,False,,,CO
C003036,CD-GO1,3PL,2025-11-16,noite,anuncio,3.1,True,False,2026-06-03,voluntario,CO
C003037,CD-GO1,3PL,2025-11-30,noite,anuncio,7.4,True,False,2025-12-09,voluntario,CO
C003038,CD-GO1,3PL,2025-11-10,manha,agencia,4.3,True,False,,,CO
C003039,CD-GO1,3PL,2025-11-18,tarde,anuncio,3.0,True,False,2026-04-04,voluntario,CO
C003040,CD-GO1,3PL,2025-11-15,noite,anuncio,21.9,True,False,2026-08-31,voluntario,CO
C003041,CD-GO1,3PL,2025-11-19,tarde,indicacao,8.4,True,False,,,CO
C003042,CD-GO1,3PL,2025-11-02,noite,indicacao,4.1,True,False,,,CO
C003043,CD-GO1,3PL,2025-11-26,manha,anuncio,6.9,True,False,,,CO
C003044,CD-GO1,3PL,2025-11-01,tarde,anuncio,5.6,True,False,,,CO
C003045,CD-GO1,3PL,2025-11-14,tarde,anuncio,5.3,True,False,,,CO
C003046,CD-GO1,3PL,2025-11-02,tarde,anuncio,12.2,True,False,,,CO
C003047,CD-GO1,3PL,2025-11-07,tarde,agencia,22.4,True,False,2025-12-10,voluntario,CO
C003048,CD-GO1,3PL,2025-11-21,noite,agencia,15.1,True,False,2026-01-24,voluntario,CO
C003049,CD-GO1,3PL,2025-11-23,noite,agencia,4.7,True,False,2025-12-06,voluntario,CO
C003050,CD-GO1,3PL,2025-11-11,tarde,anuncio,6.1,True,False,2025-12-05,voluntario,CO
C003051,CD-GO1,3PL,2025-11-29,manha,anuncio,6.1,True,False,2026-06-16,voluntario,CO
C003052,CD-GO1,3PL,2025-11-25,manha,anuncio,11.7,True,False,2026-05-20,voluntario,CO
C003053,CD-GO1,3PL,2025-11-17,manha,anuncio,11.6,True,False,2025-12-16,voluntario,CO
C003054,CD-GO1,3PL,2025-11-26,manha,indicacao,5.2,True,False,2026-09-20,voluntario,CO
C003055,CD-GO1,3PL,2025-11-20,noite,agencia,10.9,True,False,2026-08-11,voluntario,CO
C003056,CD-GO1,3PL,2025-11-22,manha,anuncio,13.0,True,False,2025-11-23,voluntario,CO
C003057,CD-GO1,3PL,2025-11-28,noite,indicacao,10.5,True,False,,,CO
C003058,CD-GO1,3PL,2025-11-28,noite,anuncio,5.7,True,False,2025-12-10,voluntario,CO
C003059,CD-GO1,3PL,2025-11-28,manha,agencia,14.0,True,False,2025-12-21,voluntario,CO
C003060,CD-GO1,3PL,2025-11-26,manha,agencia,12.9,True,False,,,CO
C003061,CD-GO1,3PL,2025-11-28,noite,anuncio,8.7,True,False,2026-08-08,involuntario,CO
C003062,CD-GO1,3PL,2025-11-17,tarde,indicacao,14.5,True,False,,,CO
C003063,CD-GO1,3PL,2025-11-21,manha,indicacao,15.5,True,False,,,CO
C003064,CD-GO1,3PL,2025-11-12,manha,agencia,34.2,True,False,2025-12-08,voluntario,CO
C003065,CD-GO1,3PL,2025-11-11,tarde,agencia,9.9,True,False,2025-11-23,involuntario,CO
C003066,CD-GO1,3PL,2025-11-02,tarde,agencia,9.9,True,False,2025-11-10,voluntario,CO
C003067,CD-GO1,3PL,2025-11-23,tarde,agencia,4.0,True,False,2026-01-21,voluntario,CO
C003068,CD-GO1,3PL,2025-11-23,manha,anuncio,13.0,True,False,,,CO
C003069,CD-GO1,3PL,2025-11-21,tarde,agencia,8.0,True,False,,,CO
C003070,CD-GO1,3PL,2025-11-03,manha,agencia,8.9,True,False,,,CO
C003071,CD-GO1,3PL,2025-11-23,tarde,indicacao,3.9,True,False,2025-12-04,voluntario,CO
C003072,CD-GO1,3PL,2025-11-26,manha,indicacao,5.2,True,False,,,CO
C003073,CD-GO1,3PL,2025-11-27,noite,agencia,7.7,True,False,,,CO
C003074,CD-GO1,3PL,2025-11-08,manha,agencia,4.1,True,False,2025-11-21,voluntario,CO
C003075,CD-GO1,3PL,2025-11-08,noite,agencia,13.7,True,False,2025-11-18,voluntario,CO
C003076,CD-GO1,3PL,2025-11-29,manha,indicacao,11.4,True,False,2026-02-03,voluntario,CO
C003077,CD-GO1,3PL,2025-11-06,noite,agencia,13.5,True,False,,,CO
C003078,CD-GO1,3PL,2025-11-21,tarde,anuncio,8.4,True,False,,,CO
C003079,CD-GO1,3PL,2025-11-16,noite,anuncio,20.9,True,False,2025-12-12,voluntario,CO
C003080,CD-GO1,3PL,2025-11-09,noite,indicacao,35.9,True,False,2025-11-17,voluntario,CO
C003081,CD-PE1,proprio,2025-11-22,tarde,agencia,8.2,True,False,2025-11-30,involuntario,NE
C003082,CD-PE1,proprio,2025-11-10,manha,agencia,9.3,True,False,2025-12-23,voluntario,NE
C003083,CD-PE1,proprio,2025-11-27,manha,anuncio,8.7,True,False,2025-12-06,involuntario,NE
C003084,CD-PE1,proprio,2025-11-28,manha,anuncio,6.0,True,False,,,NE
C003085,CD-PE1,proprio,2025-11-26,tarde,agencia,3.6,True,False,,,NE
C003086,CD-PE1,proprio,2025-11-06,noite,agencia,7.3,True,False,2025-12-18,voluntario,NE
C003087,CD-PE1,proprio,2025-11-30,noite,indicacao,13.6,True,False,2026-09-25,voluntario,NE
C003088,CD-PE1,proprio,2025-11-10,tarde,anuncio,9.4,True,False,,,NE
C003089,CD-PE1,proprio,2025-11-16,manha,agencia,6.3,True,False,,,NE
C003090,CD-PE1,proprio,2025-11-26,tarde,indicacao,17.5,True,False,,,NE
C003091,CD-PE1,proprio,2025-11-16,noite,anuncio,11.5,True,False,,,NE
C003092,CD-PE1,proprio,2025-11-09,noite,indicacao,46.5,True,False,2026-06-30,involuntario,NE
C003093,CD-PE1,proprio,2025-11-09,manha,anuncio,13.6,True,False,,,NE
C003094,CD-PE1,proprio,2025-11-15,noite,indicacao,12.2,True,False,,,NE
C003095,CD-PE1,proprio,2025-11-20,tarde,indicacao,7.5,True,False,,,NE
C003096,CD-PE1,proprio,2025-11-19,noite,anuncio,14.2,True,False,,,NE
C003097,CD-PE1,proprio,2025-11-01,noite,agencia,4.9,True,False,,,NE
C003098,CD-PE1,proprio,2025-11-23,manha,anuncio,9.7,True,False,2026-01-15,involuntario,NE
C003099,CD-PE1,proprio,2025-11-11,tarde,anuncio,8.5,True,False,2026-01-15,voluntario,NE
C003100,CD-PE1,proprio,2025-11-30,manha,anuncio,12.7,True,False,,,NE
C003101,CD-PE1,proprio,2025-11-07,tarde,anuncio,11.3,True,False,2026-08-09,voluntario,NE
C003102,CD-PE1,proprio,2025-11-25,manha,anuncio,10.0,True,False,2026-03-25,involuntario,NE
C003103,CD-PE1,proprio,2025-11-12,manha,anuncio,18.3,True,False,2026-06-01,involuntario,NE
C003104,CD-PE1,proprio,2025-11-13,manha,agencia,21.8,True,False,,,NE
C003105,CD-PE1,proprio,2025-11-23,noite,agencia,20.8,True,False,,,NE
C003106,CD-PE1,proprio,2025-11-22,tarde,anuncio,15.0,True,False,,,NE
C003107,CD-PE1,proprio,2025-11-16,manha,agencia,11.8,True,False,,,NE
C003108,CD-PE1,proprio,2025-11-07,tarde,anuncio,14.8,True,False,,,NE
C003109,CD-PE1,proprio,2025-11-26,noite,agencia,11.8,True,False,2025-11-30,involuntario,NE
C003110,CD-PE1,proprio,2025-11-22,tarde,agencia,15.5,True,False,2025-12-20,voluntario,NE
C003111,CD-PE1,proprio,2025-11-29,manha,anuncio,8.6,True,False,2026-08-15,involuntario,NE
C003112,CD-PE1,proprio,2025-11-18,manha,anuncio,10.5,True,False,,,NE
C003113,CD-PE1,proprio,2025-11-10,tarde,indicacao,20.9,True,False,2025-11-14,voluntario,NE
C003114,CD-PE1,proprio,2025-11-26,manha,agencia,14.9,True,False,2025-12-20,voluntario,NE
C003115,CD-PE1,proprio,2025-11-01,manha,agencia,14.0,True,False,2025-12-22,voluntario,NE
C003116,CD-PE1,proprio,2025-11-16,tarde,agencia,9.3,True,False,,,NE
C003117,CD-PE1,proprio,2025-11-20,manha,anuncio,9.7,True,False,,,NE
C003118,CD-PE1,proprio,2025-11-29,noite,anuncio,5.6,True,False,2026-01-24,voluntario,NE
C003119,CD-PE1,proprio,2025-11-17,manha,agencia,9.3,True,False,,,NE
C003120,CD-PE1,proprio,2025-11-17,noite,agencia,10.2,True,False,2025-12-08,voluntario,NE
C003121,CD-PE1,proprio,2025-11-20,noite,indicacao,10.9,True,False,,,NE
C003122,CD-PE1,proprio,2025-11-17,noite,anuncio,4.8,True,False,,,NE
C003123,CD-PE1,proprio,2025-11-12,tarde,agencia,22.7,True,False,2025-11-23,voluntario,NE
C003124,CD-PE1,proprio,2025-11-13,manha,agencia,7.5,True,False,2026-03-24,voluntario,NE
C003125,CD-PE1,proprio,2025-11-02,tarde,agencia,4.2,True,False,,,NE
C003126,CD-PE1,proprio,2025-11-13,noite,indicacao,5.9,True,False,2025-11-16,voluntario,NE
C003127,CD-PE1,proprio,2025-11-06,manha,agencia,5.2,True,False,,,NE
C003128,CD-PE1,proprio,2025-11-20,manha,anuncio,6.2,True,False,,,NE
C003129,CD-PE1,proprio,2025-11-15,manha,agencia,11.6,True,False,,,NE
C003130,CD-PE1,proprio,2025-11-05,manha,agencia,16.6,True,False,2025-11-25,voluntario,NE
C003131,CD-PE1,proprio,2025-11-09,tarde,indicacao,7.8,True,False,,,NE
C003132,CD-PE1,proprio,2025-11-04,tarde,anuncio,2.3,True,False,,,NE
C003133,CD-PE1,proprio,2025-11-12,noite,indicacao,4.3,True,False,,,NE
C003134,CD-PE1,proprio,2025-11-26,noite,anuncio,11.5,True,False,,,NE
C003135,CD-PE1,proprio,2025-11-28,manha,anuncio,4.9,True,False,2025-12-01,involuntario,NE
C003136,CD-PE1,proprio,2025-11-23,noite,anuncio,8.6,True,False,2025-12-22,voluntario,NE
C003137,CD-PE1,proprio,2025-11-25,manha,indicacao,4.5,True,False,2025-12-16,involuntario,NE
C003138,CD-PE1,proprio,2025-11-30,noite,agencia,8.4,True,False,,,NE
C003139,CD-PE1,proprio,2025-11-21,noite,agencia,7.7,True,False,,,NE
C003140,CD-PE1,proprio,2025-11-02,manha,agencia,8.1,True,False,,,NE
C003141,CD-PE1,proprio,2025-11-08,noite,anuncio,7.1,True,False,,,NE
C003142,CD-PE1,proprio,2025-11-12,manha,indicacao,4.0,True,False,,,NE
C003143,CD-PE1,proprio,2025-11-09,noite,indicacao,15.7,True,False,2025-12-01,voluntario,NE
C003144,CD-PE1,proprio,2025-11-08,noite,anuncio,7.9,True,False,,,NE
C003145,CD-PE1,proprio,2025-11-18,tarde,agencia,14.4,True,False,2025-12-10,voluntario,NE
C003146,CD-PE1,proprio,2025-11-01,tarde,anuncio,9.6,True,False,2025-11-03,voluntario,NE
C003147,CD-PE1,proprio,2025-11-09,noite,anuncio,12.3,True,False,,,NE
C003148,CD-PE1,proprio,2025-11-12,tarde,anuncio,7.6,True,False,2025-12-25,involuntario,NE
C003149,CD-PE1,proprio,2025-11-19,manha,anuncio,8.7,True,False,2025-11-22,voluntario,NE
C003150,CD-PE1,proprio,2025-11-03,noite,indicacao,6.0,True,False,,,NE
C003151,CD-PE1,proprio,2025-11-07,noite,agencia,9.2,True,False,2026-04-29,voluntario,NE
C003152,CD-PE1,proprio,2025-11-29,manha,anuncio,10.3,True,False,2026-02-06,voluntario,NE
C003153,CD-PE1,proprio,2025-11-07,manha,indicacao,4.6,True,False,2026-05-05,voluntario,NE
C003154,CD-PE1,proprio,2025-11-22,manha,anuncio,10.5,True,False,2026-07-06,involuntario,NE
C003155,CD-PE1,proprio,2025-11-25,tarde,anuncio,13.5,True,False,2025-12-26,voluntario,NE
C003156,CD-PE1,proprio,2025-11-23,tarde,agencia,23.1,True,False,2025-11-25,voluntario,NE
C003157,CD-PE1,proprio,2025-11-07,noite,agencia,8.9,True,False,2025-11-23,voluntario,NE
C003158,CD-PE1,proprio,2025-11-04,tarde,agencia,7.6,True,False,2025-11-19,voluntario,NE
C003159,CD-PE1,proprio,2025-11-28,tarde,agencia,3.6,True,False,,,NE
C003160,CD-PE1,proprio,2025-11-06,tarde,agencia,7.2,True,False,2026-04-14,voluntario,NE
C003161,CD-PE1,proprio,2025-11-01,noite,agencia,13.0,True,False,2026-01-24,voluntario,NE
C003162,CD-PE1,proprio,2025-11-01,tarde,agencia,7.9,True,False,2026-07-25,involuntario,NE
C003163,CD-PE1,proprio,2025-11-28,tarde,anuncio,2.5,True,False,,,NE
C003164,CD-PE1,proprio,2025-11-26,noite,indicacao,7.6,True,False,,,NE
C003165,CD-PE1,proprio,2025-11-04,noite,agencia,8.6,True,False,2025-11-30,involuntario,NE
C003166,CD-PE1,proprio,2025-11-30,manha,indicacao,9.4,True,False,,,NE
C003167,CD-PE1,proprio,2025-11-07,noite,agencia,19.5,True,False,2025-11-25,involuntario,NE
C003168,CD-PE1,proprio,2025-11-17,noite,anuncio,12.3,True,False,2026-01-16,voluntario,NE
C003169,CD-PE1,proprio,2025-11-22,noite,anuncio,5.7,True,False,,,NE
C003170,CD-PE1,proprio,2025-11-16,noite,agencia,8.5,True,False,2026-02-08,voluntario,NE
C003171,CD-PE1,proprio,2025-11-17,noite,anuncio,5.6,True,False,2025-12-14,involuntario,NE
C003172,CD-PE1,proprio,2025-11-26,manha,anuncio,11.8,True,False,,,NE
C003173,CD-PE1,proprio,2025-11-16,manha,agencia,8.5,True,False,,,NE
C003174,CD-PE1,proprio,2025-11-09,noite,anuncio,10.2,True,False,2025-11-18,voluntario,NE
C003175,CD-PE1,proprio,2025-11-27,manha,agencia,6.9,True,False,2026-01-06,voluntario,NE
C003176,CD-PE1,proprio,2025-11-27,manha,anuncio,3.5,True,False,,,NE
C003177,CD-PE1,proprio,2025-11-05,manha,anuncio,9.5,True,False,,,NE
C003178,CD-PE1,proprio,2025-11-02,tarde,anuncio,11.1,True,False,2026-07-01,involuntario,NE
C003179,CD-PE1,proprio,2025-11-29,noite,anuncio,18.4,True,False,2026-01-10,voluntario,NE
C003180,CD-PE1,proprio,2025-11-08,noite,anuncio,9.8,True,False,2026-03-31,voluntario,NE
C003181,CD-PE1,proprio,2025-11-24,manha,anuncio,7.5,True,False,2025-12-19,voluntario,NE
C003182,CD-PE1,proprio,2025-11-27,manha,agencia,22.5,True,False,2025-12-22,voluntario,NE
C003183,CD-PE1,proprio,2025-11-20,manha,anuncio,8.1,True,False,,,NE
C003184,CD-PE1,proprio,2025-11-01,manha,agencia,6.8,True,False,2025-11-07,voluntario,NE
C003185,CD-PE1,proprio,2025-11-01,manha,anuncio,9.1,True,False,2025-11-05,voluntario,NE
C003186,CD-PE1,proprio,2025-11-12,manha,indicacao,8.6,True,False,,,NE
C003187,CD-PE1,proprio,2025-11-09,manha,anuncio,6.2,True,False,,,NE
C003188,CD-PE1,proprio,2025-11-03,manha,agencia,4.9,True,False,,,NE
C003189,CD-PE1,proprio,2025-11-03,manha,agencia,9.2,True,False,2025-12-02,voluntario,NE
C003190,CD-PE1,proprio,2025-11-19,noite,indicacao,3.8,True,False,2025-11-20,voluntario,NE
C003191,CD-PE1,proprio,2025-11-19,noite,indicacao,7.2,True,False,2026-01-06,voluntario,NE
C003192,CD-PE1,proprio,2025-11-21,tarde,anuncio,7.3,True,False,,,NE
C003193,CD-PE1,proprio,2025-11-30,manha,anuncio,8.8,True,False,2025-12-14,voluntario,NE
C003194,CD-PE1,proprio,2025-11-01,tarde,indicacao,9.8,True,False,,,NE
C003195,CD-PE1,proprio,2025-11-13,tarde,indicacao,7.1,True,False,2025-12-30,voluntario,NE
C003196,CD-PE1,proprio,2025-11-18,noite,indicacao,8.1,True,False,2026-03-01,voluntario,NE
C003197,CD-PE1,proprio,2025-11-10,noite,agencia,10.0,True,False,2026-03-19,voluntario,NE
C003198,CD-PE1,proprio,2025-11-26,noite,agencia,8.4,True,False,2026-01-16,voluntario,NE
C003199,CD-PE1,proprio,2025-11-03,noite,indicacao,6.1,True,False,,,NE
C003200,CD-PE1,proprio,2025-11-29,manha,indicacao,9.2,True,False,2026-04-24,voluntario,NE
C003201,CD-PE1,proprio,2025-11-23,manha,anuncio,24.3,True,False,2026-09-08,involuntario,NE
C003202,CD-PE1,proprio,2025-11-07,tarde,agencia,9.6,True,False,,,NE
C003203,CD-PE1,proprio,2025-11-08,tarde,indicacao,10.3,True,False,2026-06-16,voluntario,NE
C003204,CD-PE1,proprio,2025-11-01,noite,anuncio,6.6,True,False,,,NE
C003205,CD-PE1,proprio,2025-11-28,manha,indicacao,7.2,True,False,,,NE
C003206,CD-PE1,proprio,2025-11-12,noite,indicacao,6.2,True,False,,,NE
C003207,CD-PE1,proprio,2025-11-08,noite,anuncio,8.3,True,False,,,NE
C003208,CD-PE1,proprio,2025-11-27,noite,anuncio,13.5,True,False,,,NE
C003209,CD-PE1,proprio,2025-11-12,manha,anuncio,8.3,True,False,,,NE
C003210,CD-PE1,proprio,2025-11-15,noite,agencia,15.8,True,False,,,NE
C003211,CD-PE1,proprio,2025-11-06,noite,agencia,9.2,True,False,2026-06-17,voluntario,NE
C003212,CD-PE1,proprio,2025-11-26,noite,indicacao,5.6,True,False,2025-12-18,voluntario,NE
C003213,CD-PE1,proprio,2025-11-07,manha,indicacao,9.1,True,False,,,NE
C003214,CD-PE1,proprio,2025-11-15,tarde,indicacao,5.6,True,False,,,NE
C003215,CD-PE1,proprio,2025-11-27,manha,indicacao,5.9,True,False,2026-03-19,voluntario,NE
C003216,CD-PE1,proprio,2025-11-22,manha,indicacao,7.4,True,False,,,NE
C003217,CD-PE1,proprio,2025-11-24,noite,anuncio,24.2,True,False,2025-12-09,voluntario,NE
C003218,CD-PE1,proprio,2025-11-16,tarde,agencia,14.6,True,False,,,NE
C003219,CD-PE1,proprio,2025-11-13,manha,indicacao,4.8,True,False,2026-01-06,involuntario,NE
C003220,CD-PE1,proprio,2025-11-27,noite,agencia,8.5,True,False,,,NE
C003221,CD-PE1,proprio,2025-11-10,tarde,anuncio,16.7,True,False,,,NE
C003222,CD-PE1,proprio,2025-11-12,tarde,anuncio,11.8,True,False,2025-11-18,voluntario,NE
C003223,CD-PE1,proprio,2025-11-20,manha,agencia,8.6,True,False,2025-11-27,voluntario,NE
C003224,CD-PE1,proprio,2025-11-08,manha,anuncio,3.4,True,False,,,NE
C003225,CD-PE1,proprio,2025-11-17,manha,anuncio,4.9,True,False,,,NE
C003226,CD-PE1,proprio,2025-11-18,tarde,agencia,8.1,True,False,2025-11-28,voluntario,NE
C003227,CD-PE1,proprio,2025-11-16,noite,agencia,16.0,True,False,2025-11-18,voluntario,NE
C003228,CD-PE1,proprio,2025-11-18,manha,agencia,19.2,True,False,,,NE
C003229,CD-PE1,proprio,2025-11-23,tarde,indicacao,6.7,True,False,,,NE
C003230,CD-PE1,proprio,2025-11-16,manha,anuncio,14.5,True,False,,,NE
C003231,CD-PE1,proprio,2025-11-14,manha,indicacao,5.8,True,False,,,NE
C003232,CD-PE1,proprio,2025-11-28,manha,indicacao,12.4,True,False,,,NE
C003233,CD-PE1,proprio,2025-11-08,manha,anuncio,2.5,True,False,,,NE
C003234,CD-PE1,proprio,2025-11-03,manha,agencia,5.0,True,False,,,NE
C003235,CD-PE1,proprio,2025-11-07,noite,anuncio,4.9,True,False,2025-11-12,involuntario,NE
C003236,CD-PE1,proprio,2025-11-26,manha,anuncio,3.8,True,False,,,NE
C003237,CD-PE1,proprio,2025-11-08,noite,indicacao,10.1,True,False,,,NE
C003238,CD-PE1,proprio,2025-11-08,tarde,anuncio,5.3,True,False,,,NE
C003239,CD-PE1,proprio,2025-11-11,manha,anuncio,5.1,True,False,,,NE
C003240,CD-PE1,proprio,2025-11-22,noite,agencia,8.4,True,False,2025-12-08,voluntario,NE
C003241,CD-PE1,proprio,2025-11-04,tarde,indicacao,4.4,True,False,,,NE
C003242,CD-PE1,proprio,2025-11-21,tarde,anuncio,4.4,True,False,,,NE
C003243,CD-PE1,proprio,2025-11-04,manha,anuncio,11.5,True,False,2026-06-18,involuntario,NE
C003244,CD-PE1,proprio,2025-11-03,manha,agencia,11.5,True,False,2026-01-08,voluntario,NE
C003245,CD-PE1,proprio,2025-11-12,noite,agencia,16.4,True,False,2026-01-08,voluntario,NE
C003246,CD-PE1,proprio,2025-11-30,noite,indicacao,16.0,True,False,,,NE
C003247,CD-PE1,proprio,2025-11-04,tarde,anuncio,4.7,True,False,,,NE
C003248,CD-PE1,proprio,2025-11-06,noite,agencia,9.0,True,False,,,NE
C003249,CD-PE1,proprio,2025-11-16,noite,agencia,20.4,True,False,2025-12-09,voluntario,NE
C003250,CD-PE1,proprio,2025-11-22,manha,indicacao,13.6,True,False,,,NE
C003251,CD-PE1,proprio,2025-11-02,manha,indicacao,4.9,True,False,2026-01-26,voluntario,NE
C003252,CD-PE1,proprio,2025-11-07,noite,anuncio,11.8,True,False,,,NE
C003253,CD-PE1,proprio,2025-11-26,manha,agencia,6.0,True,False,2025-12-07,voluntario,NE
C003254,CD-PE1,proprio,2025-11-18,tarde,indicacao,7.5,True,False,,,NE
C003255,CD-PE1,proprio,2025-11-01,manha,indicacao,11.4,True,False,2025-11-20,voluntario,NE
C003256,CD-PE1,proprio,2025-11-24,manha,indicacao,11.5,True,False,2025-12-15,voluntario,NE
C003257,CD-PE1,proprio,2025-11-03,tarde,anuncio,7.6,True,False,,,NE
C003258,CD-PE1,proprio,2025-11-20,noite,agencia,3.6,True,False,2026-07-23,voluntario,NE
C003259,CD-PE1,proprio,2025-11-16,tarde,anuncio,7.5,True,False,,,NE
C003260,CD-PE1,proprio,2025-11-20,noite,anuncio,9.1,True,False,2025-11-28,voluntario,NE
C003261,CD-PE1,proprio,2025-11-19,noite,agencia,2.7,True,False,,,NE
C003262,CD-PE1,proprio,2025-11-14,manha,indicacao,7.2,True,False,,,NE
C003263,CD-PE1,proprio,2025-11-20,tarde,agencia,5.7,True,False,,,NE
C003264,CD-PE1,proprio,2025-11-24,tarde,indicacao,7.0,True,False,,,NE
C003265,CD-PE1,proprio,2025-11-21,manha,agencia,6.5,True,False,2025-12-23,voluntario,NE
C003266,CD-PE1,proprio,2025-11-06,manha,indicacao,3.1,True,False,,,NE
C003267,CD-PE1,proprio,2025-11-27,tarde,anuncio,6.5,True,False,,,NE
C003268,CD-PE1,proprio,2025-11-24,tarde,agencia,6.4,True,False,,,NE
C003269,CD-PE1,proprio,2025-11-05,tarde,anuncio,10.8,True,False,,,NE
C003270,CD-PE1,proprio,2025-11-01,tarde,agencia,4.0,True,False,2025-12-01,voluntario,NE
C003271,CD-PE1,proprio,2025-11-01,noite,indicacao,8.9,True,False,2026-01-05,involuntario,NE
C003272,CD-PE1,proprio,2025-11-06,noite,anuncio,4.8,True,False,,,NE
C003273,CD-PE1,proprio,2025-11-19,tarde,indicacao,11.5,True,False,,,NE
C003274,CD-PE1,proprio,2025-11-03,manha,indicacao,14.9,True,False,,,NE
C003275,CD-PE1,proprio,2025-11-19,manha,anuncio,17.0,True,False,,,NE
C003276,CD-PE1,proprio,2025-11-19,noite,agencia,25.7,True,False,2025-12-02,involuntario,NE
C003277,CD-PE1,proprio,2025-11-03,manha,agencia,1.8,True,False,,,NE
C003278,CD-PE1,proprio,2025-11-07,manha,anuncio,5.8,True,False,2025-11-08,voluntario,NE
C003279,CD-PE1,proprio,2025-11-22,noite,indicacao,15.6,True,False,2026-06-22,voluntario,NE
C003280,CD-PE1,proprio,2025-11-11,noite,agencia,5.1,True,False,,,NE
C003281,CD-PE1,proprio,2025-11-10,manha,agencia,19.2,True,False,,,NE
C003282,CD-PE1,proprio,2025-11-19,manha,indicacao,9.3,True,False,,,NE
C003283,CD-PE1,proprio,2025-11-06,tarde,anuncio,10.0,True,False,2025-11-30,voluntario,NE
C003284,CD-PE1,proprio,2025-11-11,noite,agencia,6.5,True,False,2026-07-10,voluntario,NE
C003285,CD-PE1,proprio,2025-11-06,noite,anuncio,15.9,True,False,,,NE
C003286,CD-PE1,proprio,2025-11-23,manha,indicacao,13.8,True,False,2026-01-28,voluntario,NE
C003287,CD-PE1,proprio,2025-11-01,manha,anuncio,10.0,True,False,2025-11-19,voluntario,NE
C003288,CD-PE1,proprio,2025-11-15,tarde,indicacao,2.7,True,False,2026-09-23,voluntario,NE
C003289,CD-PE1,proprio,2025-11-28,manha,agencia,5.0,True,False,2025-12-13,involuntario,NE
C003290,CD-PE1,proprio,2025-11-21,manha,agencia,2.3,True,False,2025-12-15,involuntario,NE
C003291,CD-PE1,proprio,2025-11-16,manha,agencia,14.6,True,False,,,NE
C003292,CD-PE1,proprio,2025-11-07,manha,agencia,16.4,True,False,2025-11-09,voluntario,NE
C003293,CD-PE1,proprio,2025-11-17,manha,anuncio,7.0,True,False,,,NE
C003294,CD-PE1,proprio,2025-11-07,noite,anuncio,8.9,True,False,2025-11-11,voluntario,NE
C003295,CD-PE1,proprio,2025-11-27,manha,indicacao,7.7,True,False,,,NE
C003296,CD-PE1,proprio,2025-11-27,manha,agencia,20.2,True,False,2025-12-05,voluntario,NE
C003297,CD-PE1,proprio,2025-11-22,tarde,agencia,9.3,True,False,2025-12-15,voluntario,NE
C003298,CD-PE1,proprio,2025-11-01,noite,agencia,6.6,True,False,2025-11-28,voluntario,NE
C003299,CD-PE1,proprio,2025-11-30,manha,indicacao,8.6,True,False,,,NE
C003300,CD-PE1,proprio,2025-11-18,tarde,agencia,9.1,True,False,,,NE
C003301,CD-PE1,proprio,2025-11-28,manha,indicacao,10.9,True,False,,,NE
C003302,CD-PE1,proprio,2025-11-21,manha,anuncio,5.5,True,False,2026-07-12,voluntario,NE
C003303,CD-PE1,proprio,2025-11-06,noite,anuncio,5.2,True,False,2025-11-23,involuntario,NE
C003304,CD-PE1,proprio,2025-11-07,noite,anuncio,3.2,True,False,,,NE
C003305,CD-PE1,proprio,2025-11-05,tarde,anuncio,5.7,True,False,2025-11-13,voluntario,NE
C003306,CD-PE1,proprio,2025-11-18,noite,agencia,11.7,True,False,,,NE
C003307,CD-PE1,proprio,2025-11-07,tarde,agencia,10.4,True,False,,,NE
C003308,CD-PE1,proprio,2025-11-02,manha,agencia,15.3,True,False,,,NE
C003309,CD-PE1,proprio,2025-11-30,manha,anuncio,1.8,True,False,,,NE
C003310,CD-PE1,proprio,2025-11-20,tarde,agencia,11.7,True,False,2026-01-16,voluntario,NE
C003311,CD-PE1,proprio,2025-11-17,manha,agencia,7.3,True,False,2026-03-28,voluntario,NE
C003312,CD-PE1,proprio,2025-11-06,tarde,anuncio,8.6,True,False,2025-11-28,voluntario,NE
C003313,CD-PE1,proprio,2025-11-26,manha,anuncio,7.5,True,False,,,NE
C003314,CD-PE1,proprio,2025-11-20,manha,agencia,7.5,True,False,,,NE
C003315,CD-PE1,proprio,2025-11-29,tarde,agencia,8.8,True,False,2025-12-16,voluntario,NE
C003316,CD-PE1,proprio,2025-11-10,manha,agencia,14.6,True,False,,,NE
C003317,CD-PE1,proprio,2025-11-22,manha,agencia,15.2,True,False,2026-01-11,involuntario,NE
C003318,CD-PE1,proprio,2025-11-01,tarde,anuncio,4.2,True,False,2025-11-24,voluntario,NE
C003319,CD-PE1,proprio,2025-11-21,tarde,agencia,10.7,True,False,,,NE
C003320,CD-PE1,proprio,2025-11-02,manha,agencia,5.5,True,False,,,NE
C003321,CD-PE1,proprio,2025-11-29,manha,indicacao,9.1,True,False,2025-12-06,involuntario,NE
C003322,CD-PE1,proprio,2025-11-12,noite,indicacao,9.1,True,False,,,NE
C003323,CD-PE1,proprio,2025-11-28,tarde,agencia,12.8,True,False,2025-12-09,voluntario,NE
C003324,CD-PE1,proprio,2025-11-15,noite,agencia,4.1,True,False,,,NE
C003325,CD-PE1,proprio,2025-11-24,tarde,anuncio,11.6,True,False,,,NE
C003326,CD-PE1,proprio,2025-11-15,manha,anuncio,9.5,True,False,2026-08-25,involuntario,NE
C003327,CD-PE1,proprio,2025-11-17,noite,anuncio,15.3,True,False,,,NE
C003328,CD-PE1,proprio,2025-11-20,noite,indicacao,6.7,True,False,,,NE
C003329,CD-PE1,proprio,2025-11-28,noite,agencia,12.2,True,False,,,NE
C003330,CD-PE1,proprio,2025-11-07,manha,indicacao,4.8,True,False,,,NE
C003331,CD-PE1,proprio,2025-11-20,noite,anuncio,5.6,True,False,2025-12-28,involuntario,NE
C003332,CD-PE1,proprio,2025-11-21,noite,anuncio,9.9,True,False,2026-02-20,voluntario,NE
C003333,CD-PE1,proprio,2025-11-10,manha,anuncio,5.3,True,False,2026-06-30,involuntario,NE
C003334,CD-PE1,proprio,2025-11-10,manha,agencia,11.2,True,False,,,NE
C003335,CD-PE1,proprio,2025-11-04,manha,agencia,2.6,True,False,,,NE
C003336,CD-PE1,proprio,2025-11-11,manha,indicacao,8.7,True,False,,,NE
C003337,CD-PE1,proprio,2025-11-13,noite,anuncio,8.8,True,False,,,NE
C003338,CD-PE1,proprio,2025-11-15,noite,indicacao,6.9,True,False,2026-09-20,voluntario,NE
C003339,CD-PE1,proprio,2025-11-20,manha,anuncio,13.9,True,False,,,NE
C003340,CD-PE1,proprio,2025-11-03,tarde,agencia,10.1,True,False,2025-12-03,voluntario,NE
C003341,CD-PE1,proprio,2025-11-01,manha,anuncio,6.9,True,False,,,NE
C003342,CD-PE1,proprio,2025-11-06,tarde,agencia,6.2,True,False,,,NE
C003343,CD-PE1,proprio,2025-11-30,manha,agencia,9.2,True,False,2026-01-18,involuntario,NE
C003344,CD-PE1,proprio,2025-11-30,noite,indicacao,8.8,True,False,2026-06-15,voluntario,NE
C003345,CD-PE1,proprio,2025-11-24,tarde,indicacao,8.1,True,False,,,NE
C003346,CD-PE1,proprio,2025-11-13,tarde,agencia,13.3,True,False,2025-11-20,voluntario,NE
C003347,CD-PE1,proprio,2025-11-29,noite,indicacao,5.1,True,False,2026-03-04,voluntario,NE
C003348,CD-PE1,proprio,2025-11-24,noite,anuncio,8.0,True,False,2025-12-20,voluntario,NE
C003349,CD-PE1,proprio,2025-11-29,tarde,agencia,23.3,True,False,2026-02-01,voluntario,NE
C003350,CD-PE1,proprio,2025-11-16,tarde,agencia,8.0,True,False,2025-12-21,voluntario,NE
C003351,CD-PE1,proprio,2025-11-28,noite,anuncio,6.3,True,False,2026-09-23,voluntario,NE
C003352,CD-PE1,proprio,2025-11-25,manha,agencia,8.2,True,False,2025-12-10,involuntario,NE
C003353,CD-PE1,proprio,2025-11-22,noite,anuncio,6.8,True,False,2025-12-23,voluntario,NE
C003354,CD-PE1,proprio,2025-11-27,noite,anuncio,7.5,True,False,,,NE
C003355,CD-PE1,proprio,2025-11-03,manha,anuncio,11.9,True,False,2025-12-14,involuntario,NE
C003356,CD-PE1,proprio,2025-11-17,manha,indicacao,10.1,True,False,2026-01-01,involuntario,NE
C003357,CD-PE1,proprio,2025-11-04,noite,anuncio,2.9,True,False,,,NE
C003358,CD-PE1,proprio,2025-11-22,manha,agencia,18.0,True,False,,,NE
C003359,CD-PE1,proprio,2025-11-07,tarde,agencia,7.5,True,False,,,NE
C003360,CD-PE1,proprio,2025-11-11,manha,agencia,6.0,True,False,2026-03-30,voluntario,NE
C003361,CD-PE1,proprio,2025-11-05,noite,indicacao,11.3,True,False,,,NE
C003362,CD-PE1,proprio,2025-11-18,noite,indicacao,19.6,True,False,,,NE
C003363,CD-PE1,proprio,2025-11-01,tarde,agencia,13.7,True,False,,,NE
C003364,CD-PE1,proprio,2025-11-25,tarde,agencia,8.0,True,False,2026-06-22,voluntario,NE
C003365,CD-PE1,proprio,2025-11-16,tarde,anuncio,10.4,True,False,,,NE
C003366,CD-PE1,proprio,2025-11-06,tarde,indicacao,8.5,True,False,2026-06-16,involuntario,NE
C003367,CD-PE1,proprio,2025-11-16,manha,agencia,4.2,True,False,2025-12-27,voluntario,NE
C003368,CD-PE1,proprio,2025-11-22,tarde,agencia,5.9,True,False,2025-11-29,voluntario,NE
C003369,CD-PE1,proprio,2025-11-21,noite,anuncio,3.9,True,False,2026-08-10,voluntario,NE
C003370,CD-PE1,proprio,2025-11-20,manha,anuncio,31.1,True,False,2025-12-18,voluntario,NE
C003371,CD-PE1,proprio,2025-11-20,manha,indicacao,5.8,True,False,,,NE
C003372,CD-PE1,proprio,2025-11-17,manha,agencia,10.0,True,False,2025-11-21,involuntario,NE
C003373,CD-PE1,proprio,2025-11-10,noite,anuncio,13.2,True,False,2025-11-30,voluntario,NE
C003374,CD-PE1,proprio,2025-11-15,tarde,agencia,8.8,True,False,2025-11-19,voluntario,NE
C003375,CD-PE1,proprio,2025-11-25,tarde,indicacao,11.1,True,False,,,NE
C003376,CD-PE1,proprio,2025-11-25,tarde,agencia,6.6,True,False,,,NE
C003377,CD-PE1,proprio,2025-11-25,manha,indicacao,11.6,True,False,,,NE
C003378,CD-PE1,proprio,2025-11-09,noite,agencia,5.3,True,False,2025-11-15,voluntario,NE
C003379,CD-PE1,proprio,2025-11-27,noite,agencia,7.0,True,False,2025-12-28,voluntario,NE
C003380,CD-PE1,proprio,2025-11-13,manha,anuncio,13.6,True,False,2025-12-01,voluntario,NE
C003381,CD-PR1,proprio,2025-11-12,noite,anuncio,6.5,True,False,,,S
C003382,CD-PR1,proprio,2025-11-28,tarde,anuncio,12.7,True,False,,,S
C003383,CD-PR1,proprio,2025-11-20,noite,agencia,5.3,True,False,2026-06-11,voluntario,S
C003384,CD-PR1,proprio,2025-11-29,noite,agencia,21.4,True,False,2025-12-02,involuntario,S
C003385,CD-PR1,proprio,2025-11-03,noite,anuncio,19.5,True,False,,,S
C003386,CD-PR1,proprio,2025-11-11,noite,indicacao,8.3,True,False,,,S
C003387,CD-PR1,proprio,2025-11-16,tarde,indicacao,16.0,True,False,2025-12-05,voluntario,S
C003388,CD-PR1,proprio,2025-11-17,noite,indicacao,9.8,True,False,2025-12-06,voluntario,S
C003389,CD-PR1,proprio,2025-11-24,noite,anuncio,5.0,True,False,,,S
C003390,CD-PR1,proprio,2025-11-20,noite,agencia,18.0,True,False,2025-12-15,voluntario,S
C003391,CD-PR1,proprio,2025-11-07,manha,indicacao,4.2,True,False,,,S
C003392,CD-PR1,proprio,2025-11-24,tarde,anuncio,7.9,True,False,2025-11-28,involuntario,S
C003393,CD-PR1,proprio,2025-11-23,manha,indicacao,5.9,True,False,,,S
C003394,CD-PR1,proprio,2025-11-08,manha,indicacao,16.9,True,False,2025-11-16,involuntario,S
C003395,CD-PR1,proprio,2025-11-06,manha,agencia,8.7,True,False,2025-11-12,involuntario,S
C003396,CD-PR1,proprio,2025-11-02,manha,agencia,8.0,True,False,2026-03-17,involuntario,S
C003397,CD-PR1,proprio,2025-11-20,tarde,indicacao,9.7,True,False,,,S
C003398,CD-PR1,proprio,2025-11-27,manha,anuncio,20.9,True,False,2025-12-05,voluntario,S
C003399,CD-PR1,proprio,2025-11-20,tarde,anuncio,15.5,True,False,,,S
C003400,CD-PR1,proprio,2025-11-04,manha,indicacao,21.9,True,False,2025-11-08,voluntario,S
C003401,CD-PR1,proprio,2025-11-28,manha,anuncio,6.4,True,False,2025-12-28,voluntario,S
C003402,CD-PR1,proprio,2025-11-25,noite,anuncio,15.8,True,False,,,S
C003403,CD-PR1,proprio,2025-11-23,tarde,anuncio,6.7,True,False,2025-12-06,involuntario,S
C003404,CD-PR1,proprio,2025-11-27,manha,anuncio,3.4,True,False,,,S
C003405,CD-PR1,proprio,2025-11-12,noite,agencia,6.3,True,False,,,S
C003406,CD-PR1,proprio,2025-11-06,noite,anuncio,7.3,True,False,2026-05-31,voluntario,S
C003407,CD-PR1,proprio,2025-11-20,tarde,anuncio,4.1,True,False,2026-06-11,voluntario,S
C003408,CD-PR1,proprio,2025-11-28,tarde,agencia,25.7,True,False,2025-12-29,involuntario,S
C003409,CD-PR1,proprio,2025-11-07,tarde,agencia,4.7,True,False,,,S
C003410,CD-PR1,proprio,2025-11-16,manha,anuncio,8.6,True,False,,,S
C003411,CD-PR1,proprio,2025-11-26,manha,anuncio,4.9,True,False,,,S
C003412,CD-PR1,proprio,2025-11-05,manha,agencia,13.7,True,False,2026-03-02,voluntario,S
C003413,CD-PR1,proprio,2025-11-11,tarde,indicacao,8.4,True,False,,,S
C003414,CD-PR1,proprio,2025-11-25,manha,anuncio,9.4,True,False,,,S
C003415,CD-PR1,proprio,2025-11-20,manha,agencia,12.3,True,False,,,S
C003416,CD-PR1,proprio,2025-11-04,tarde,agencia,5.7,True,False,,,S
C003417,CD-PR1,proprio,2025-11-17,manha,indicacao,15.4,True,False,,,S
C003418,CD-PR1,proprio,2025-11-11,manha,agencia,8.3,True,False,2026-08-10,voluntario,S
C003419,CD-PR1,proprio,2025-11-30,tarde,indicacao,2.2,True,False,2026-01-23,involuntario,S
C003420,CD-PR1,proprio,2025-11-12,noite,anuncio,5.4,True,False,,,S
C003421,CD-PR1,proprio,2025-11-21,noite,anuncio,26.8,True,False,2025-12-12,voluntario,S
C003422,CD-PR1,proprio,2025-11-15,manha,anuncio,13.0,True,False,2025-12-10,voluntario,S
C003423,CD-PR1,proprio,2025-11-05,manha,anuncio,6.5,True,False,,,S
C003424,CD-PR1,proprio,2025-11-11,manha,anuncio,9.6,True,False,,,S
C003425,CD-PR1,proprio,2025-11-28,noite,anuncio,12.3,True,False,,,S
C003426,CD-PR1,proprio,2025-11-06,tarde,agencia,11.9,True,False,2025-11-26,involuntario,S
C003427,CD-PR1,proprio,2025-11-10,tarde,anuncio,26.4,True,False,,,S
C003428,CD-PR1,proprio,2025-11-15,noite,anuncio,11.2,True,False,,,S
C003429,CD-PR1,proprio,2025-11-06,tarde,indicacao,15.9,True,False,2026-05-29,voluntario,S
C003430,CD-PR1,proprio,2025-11-16,manha,anuncio,13.5,True,False,2026-01-14,voluntario,S
C003431,CD-PR1,proprio,2025-11-03,noite,anuncio,6.2,True,False,,,S
C003432,CD-PR1,proprio,2025-11-20,manha,agencia,13.8,True,False,,,S
C003433,CD-PR1,proprio,2025-11-26,manha,anuncio,8.3,True,False,,,S
C003434,CD-PR1,proprio,2025-11-27,noite,agencia,6.8,True,False,2025-12-03,voluntario,S
C003435,CD-PR1,proprio,2025-11-07,noite,anuncio,12.2,True,False,2025-12-04,voluntario,S
C003436,CD-PR1,proprio,2025-11-20,manha,anuncio,16.7,True,False,,,S
C003437,CD-PR1,proprio,2025-11-01,tarde,indicacao,11.6,True,False,2025-11-10,voluntario,S
C003438,CD-PR1,proprio,2025-11-20,tarde,agencia,24.7,True,False,2025-11-26,voluntario,S
C003439,CD-PR1,proprio,2025-11-24,manha,anuncio,13.6,True,False,,,S
C003440,CD-PR1,proprio,2025-11-15,tarde,anuncio,21.0,True,False,2025-12-25,involuntario,S
C003441,CD-PR1,proprio,2025-11-23,tarde,indicacao,7.8,True,False,2026-04-23,voluntario,S
C003442,CD-PR1,proprio,2025-11-07,tarde,indicacao,3.2,True,False,,,S
C003443,CD-PR1,proprio,2025-11-09,tarde,indicacao,5.0,True,False,2025-11-16,voluntario,S
C003444,CD-PR1,proprio,2025-11-26,manha,indicacao,10.4,True,False,,,S
C003445,CD-PR1,proprio,2025-11-03,tarde,anuncio,4.9,True,False,,,S
C003446,CD-PR1,proprio,2025-11-21,manha,agencia,9.4,True,False,,,S
C003447,CD-PR1,proprio,2025-11-23,tarde,indicacao,10.8,True,False,,,S
C003448,CD-PR1,proprio,2025-11-12,tarde,anuncio,5.5,True,False,,,S
C003449,CD-PR1,proprio,2025-11-16,manha,indicacao,12.1,True,False,,,S
C003450,CD-PR1,proprio,2025-11-20,tarde,indicacao,11.2,True,False,,,S
C003451,CD-PR1,proprio,2025-11-04,noite,agencia,4.6,True,False,2025-11-12,voluntario,S
C003452,CD-PR1,proprio,2025-11-23,manha,indicacao,9.4,True,False,,,S
C003453,CD-PR1,proprio,2025-11-14,manha,agencia,25.8,True,False,2025-12-24,voluntario,S
C003454,CD-PR1,proprio,2025-11-25,tarde,anuncio,8.9,True,False,,,S
C003455,CD-PR1,proprio,2025-11-10,manha,agencia,4.2,True,False,2026-04-09,involuntario,S
C003456,CD-PR1,proprio,2025-11-09,tarde,indicacao,4.2,True,False,,,S
C003457,CD-PR1,proprio,2025-11-22,manha,indicacao,15.2,True,False,,,S
C003458,CD-PR1,proprio,2025-11-21,noite,anuncio,6.9,True,False,2026-03-15,voluntario,S
C003459,CD-PR1,proprio,2025-11-22,noite,agencia,12.5,True,False,2026-05-03,voluntario,S
C003460,CD-PR1,proprio,2025-11-10,manha,agencia,6.5,True,False,2026-08-25,voluntario,S
C003461,CD-PR1,proprio,2025-11-29,tarde,agencia,6.9,True,False,,,S
C003462,CD-PR1,proprio,2025-11-10,manha,indicacao,12.2,True,False,,,S
C003463,CD-PR1,proprio,2025-11-09,manha,agencia,12.2,True,False,,,S
C003464,CD-PR1,proprio,2025-11-12,tarde,agencia,12.2,True,False,2026-02-04,voluntario,S
C003465,CD-PR1,proprio,2025-11-02,manha,indicacao,9.2,True,False,2026-07-25,voluntario,S
C003466,CD-PR1,proprio,2025-11-13,noite,anuncio,19.9,True,False,,,S
C003467,CD-PR1,proprio,2025-11-03,noite,agencia,12.1,True,False,2025-12-20,voluntario,S
C003468,CD-PR1,proprio,2025-11-08,noite,agencia,5.6,True,False,,,S
C003469,CD-PR1,proprio,2025-11-09,noite,agencia,7.7,True,False,2025-11-17,voluntario,S
C003470,CD-PR1,proprio,2025-11-06,noite,anuncio,9.5,True,False,2025-11-15,voluntario,S
C003471,CD-PR1,proprio,2025-11-20,manha,agencia,4.5,True,False,2026-04-01,involuntario,S
C003472,CD-PR1,proprio,2025-11-21,noite,agencia,7.1,True,False,2026-01-01,involuntario,S
C003473,CD-PR1,proprio,2025-11-12,manha,anuncio,19.0,True,False,2026-02-18,voluntario,S
C003474,CD-PR1,proprio,2025-11-04,tarde,anuncio,5.1,True,False,,,S
C003475,CD-PR1,proprio,2025-11-25,tarde,indicacao,7.0,True,False,2025-11-29,involuntario,S
C003476,CD-PR1,proprio,2025-11-26,manha,anuncio,7.3,True,False,2026-01-04,involuntario,S
C003477,CD-PR1,proprio,2025-11-30,noite,agencia,10.5,True,False,,,S
C003478,CD-PR1,proprio,2025-11-27,manha,agencia,12.3,True,False,2025-12-09,involuntario,S
C003479,CD-PR1,proprio,2025-11-18,manha,anuncio,7.6,True,False,,,S
C003480,CD-PR1,proprio,2025-11-11,tarde,agencia,14.7,True,False,,,S
C003481,CD-PR1,proprio,2025-11-25,noite,anuncio,5.2,True,False,,,S
C003482,CD-PR1,proprio,2025-11-18,noite,anuncio,5.5,True,False,2025-12-03,involuntario,S
C003483,CD-PR1,proprio,2025-11-29,noite,anuncio,25.3,True,False,2025-12-11,voluntario,S
C003484,CD-PR1,proprio,2025-11-22,tarde,indicacao,10.6,True,False,,,S
C003485,CD-PR1,proprio,2025-11-08,tarde,anuncio,11.1,True,False,,,S
C003486,CD-PR1,proprio,2025-11-11,noite,indicacao,4.8,True,False,,,S
C003487,CD-PR1,proprio,2025-11-25,noite,anuncio,11.5,True,False,,,S
C003488,CD-PR1,proprio,2025-11-30,manha,indicacao,4.5,True,False,2025-12-10,voluntario,S
C003489,CD-PR1,proprio,2025-11-15,manha,agencia,7.8,True,False,,,S
C003490,CD-PR1,proprio,2025-11-14,tarde,agencia,5.5,True,False,2025-11-19,voluntario,S
C003491,CD-PR1,proprio,2025-11-06,noite,agencia,7.6,True,False,2025-11-09,voluntario,S
C003492,CD-PR1,proprio,2025-11-20,noite,anuncio,7.0,True,False,2025-12-08,involuntario,S
C003493,CD-PR1,proprio,2025-11-02,noite,indicacao,13.2,True,False,,,S
C003494,CD-PR1,proprio,2025-11-15,manha,indicacao,7.4,True,False,,,S
C003495,CD-PR1,proprio,2025-11-18,tarde,agencia,7.6,True,False,,,S
C003496,CD-PR1,proprio,2025-11-07,tarde,agencia,8.8,True,False,2026-02-28,voluntario,S
C003497,CD-PR1,proprio,2025-11-15,tarde,agencia,20.0,True,False,2026-04-16,involuntario,S
C003498,CD-PR1,proprio,2025-11-22,tarde,agencia,24.5,True,False,2025-11-28,voluntario,S
C003499,CD-PR1,proprio,2025-11-19,tarde,anuncio,5.6,True,False,2025-12-28,voluntario,S
C003500,CD-PR1,proprio,2025-11-07,noite,indicacao,6.3,True,False,2025-11-25,voluntario,S
C003501,CD-PR1,proprio,2025-11-05,tarde,indicacao,9.8,True,False,,,S
C003502,CD-PR1,proprio,2025-11-22,manha,anuncio,11.6,True,False,2026-01-10,voluntario,S
C003503,CD-PR1,proprio,2025-11-17,manha,agencia,23.6,True,False,2025-11-27,involuntario,S
C003504,CD-PR1,proprio,2025-11-07,noite,anuncio,7.2,True,False,2025-12-05,involuntario,S
C003505,CD-PR1,proprio,2025-11-10,noite,agencia,11.6,True,False,2025-11-11,voluntario,S
C003506,CD-PR1,proprio,2025-11-23,manha,agencia,10.1,True,False,,,S
C003507,CD-PR1,proprio,2025-11-07,manha,anuncio,7.2,True,False,,,S
C003508,CD-PR1,proprio,2025-11-19,noite,agencia,8.3,True,False,2025-11-26,voluntario,S
C003509,CD-PR1,proprio,2025-11-11,noite,anuncio,7.5,True,False,,,S
C003510,CD-PR1,proprio,2025-11-06,noite,agencia,4.4,True,False,,,S
C003511,CD-PR1,proprio,2025-11-01,noite,indicacao,33.5,True,False,2026-05-05,voluntario,S
C003512,CD-PR1,proprio,2025-11-19,noite,anuncio,19.6,True,False,,,S
C003513,CD-PR1,proprio,2025-11-16,noite,indicacao,21.7,True,False,2025-11-27,voluntario,S
C003514,CD-PR1,proprio,2025-11-22,manha,agencia,6.7,True,False,,,S
C003515,CD-PR1,proprio,2025-11-09,noite,anuncio,5.7,True,False,,,S
C003516,CD-PR1,proprio,2025-11-18,tarde,indicacao,18.5,True,False,2026-05-11,voluntario,S
C003517,CD-PR1,proprio,2025-11-01,manha,agencia,5.7,True,False,,,S
C003518,CD-PR1,proprio,2025-11-27,noite,anuncio,27.7,True,False,2026-02-06,involuntario,S
C003519,CD-PR1,proprio,2025-11-20,manha,indicacao,9.6,True,False,,,S
C003520,CD-PR1,proprio,2025-11-20,tarde,indicacao,25.4,True,False,,,S
C003521,CD-PR1,proprio,2025-11-12,manha,anuncio,3.2,True,False,,,S
C003522,CD-PR1,proprio,2025-11-22,noite,anuncio,7.1,True,False,2025-11-30,involuntario,S
C003523,CD-PR1,proprio,2025-11-06,noite,agencia,19.7,True,False,2025-11-07,voluntario,S
C003524,CD-PR1,proprio,2025-11-09,tarde,agencia,7.7,True,False,,,S
C003525,CD-PR1,proprio,2025-11-04,manha,indicacao,9.6,True,False,2025-11-16,voluntario,S
C003526,CD-PR1,proprio,2025-11-20,tarde,agencia,8.8,True,False,2026-01-07,voluntario,S
C003527,CD-PR1,proprio,2025-11-09,noite,agencia,4.6,True,False,2025-11-17,voluntario,S
C003528,CD-PR1,proprio,2025-11-10,noite,anuncio,6.6,True,False,2026-01-25,voluntario,S
C003529,CD-PR1,proprio,2025-11-17,manha,anuncio,19.0,True,False,,,S
C003530,CD-PR1,proprio,2025-11-25,manha,agencia,3.7,True,False,2026-03-12,voluntario,S
C003531,CD-PR1,proprio,2025-11-28,noite,agencia,7.5,True,False,2025-12-27,voluntario,S
C003532,CD-PR1,proprio,2025-11-25,tarde,indicacao,10.1,True,False,,,S
C003533,CD-PR1,proprio,2025-11-17,noite,anuncio,5.9,True,False,2025-12-10,voluntario,S
C003534,CD-PR1,proprio,2025-11-29,tarde,anuncio,11.6,True,False,,,S
C003535,CD-PR1,proprio,2025-11-14,tarde,indicacao,17.5,True,False,2025-11-15,voluntario,S
C003536,CD-PR1,proprio,2025-11-10,tarde,indicacao,12.5,True,False,,,S
C003537,CD-PR1,proprio,2025-11-09,manha,anuncio,13.5,True,False,,,S
C003538,CD-PR1,proprio,2025-11-09,noite,anuncio,6.4,True,False,2026-09-06,involuntario,S
C003539,CD-PR1,proprio,2025-11-30,tarde,indicacao,8.2,True,False,,,S
C003540,CD-PR1,proprio,2025-11-25,tarde,anuncio,7.2,True,False,,,S
C003541,CD-PR1,proprio,2025-11-05,noite,indicacao,13.2,True,False,,,S
C003542,CD-PR1,proprio,2025-11-21,manha,indicacao,20.0,True,False,2025-12-02,voluntario,S
C003543,CD-PR1,proprio,2025-11-08,manha,agencia,11.3,True,False,2025-12-03,involuntario,S
C003544,CD-PR1,proprio,2025-11-06,tarde,agencia,5.7,True,False,2026-06-14,involuntario,S
C003545,CD-PR1,proprio,2025-11-18,manha,indicacao,2.7,True,False,,,S
C003546,CD-PR1,proprio,2025-11-09,manha,agencia,10.0,True,False,,,S
C003547,CD-PR1,proprio,2025-11-25,manha,anuncio,13.7,True,False,,,S
C003548,CD-PR1,proprio,2025-11-02,tarde,anuncio,5.7,True,False,,,S
C003549,CD-PR1,proprio,2025-11-15,tarde,agencia,9.1,True,False,,,S
C003550,CD-PR1,proprio,2025-11-23,noite,agencia,4.6,True,False,,,S
C003551,CD-PR1,proprio,2025-11-16,tarde,indicacao,10.5,True,False,2026-08-22,voluntario,S
C003552,CD-PR1,proprio,2025-11-26,noite,agencia,3.7,True,False,2025-12-07,voluntario,S
C003553,CD-PR1,proprio,2025-11-04,tarde,indicacao,12.7,True,False,,,S
C003554,CD-PR1,proprio,2025-11-07,manha,agencia,6.5,True,False,2025-11-11,voluntario,S
C003555,CD-PR1,proprio,2025-11-01,noite,anuncio,10.6,True,False,2026-02-01,involuntario,S
C003556,CD-PR1,proprio,2025-11-26,noite,indicacao,8.5,True,False,,,S
C003557,CD-PR1,proprio,2025-11-10,manha,anuncio,14.4,True,False,2025-11-13,voluntario,S
C003558,CD-PR1,proprio,2025-11-25,tarde,anuncio,14.8,True,False,,,S
C003559,CD-PR1,proprio,2025-11-05,manha,agencia,8.0,True,False,2025-11-14,voluntario,S
C003560,CD-PR1,proprio,2025-11-13,manha,anuncio,24.7,True,False,,,S
C003561,CD-PR1,proprio,2025-11-10,tarde,anuncio,10.7,True,False,2026-05-08,involuntario,S
C003562,CD-PR1,proprio,2025-11-19,manha,indicacao,3.2,True,False,2025-12-01,voluntario,S
C003563,CD-PR1,proprio,2025-11-26,noite,indicacao,6.2,True,False,,,S
C003564,CD-PR1,proprio,2025-11-19,noite,indicacao,4.5,True,False,2026-03-18,voluntario,S
C003565,CD-PR1,proprio,2025-11-30,manha,indicacao,4.9,True,False,2026-01-20,voluntario,S
C003566,CD-PR1,proprio,2025-11-07,tarde,indicacao,7.6,True,False,,,S
C003567,CD-PR1,proprio,2025-11-18,manha,indicacao,5.9,True,False,,,S
C003568,CD-PR1,proprio,2025-11-08,manha,anuncio,9.6,True,False,2026-04-26,involuntario,S
C003569,CD-PR1,proprio,2025-11-04,manha,anuncio,6.4,True,False,,,S
C003570,CD-PR1,proprio,2025-11-13,manha,agencia,24.5,True,False,,,S
C003571,CD-PR1,proprio,2025-11-06,manha,indicacao,11.3,True,False,2026-06-26,involuntario,S
C003572,CD-PR1,proprio,2025-11-15,manha,agencia,3.2,True,False,,,S
C003573,CD-PR1,proprio,2025-11-07,manha,agencia,11.9,True,False,2025-12-10,involuntario,S
C003574,CD-PR1,proprio,2025-11-13,manha,agencia,9.1,True,False,,,S
C003575,CD-PR1,proprio,2025-11-13,noite,agencia,3.7,True,False,,,S
C003576,CD-PR1,proprio,2025-11-07,noite,agencia,6.6,True,False,,,S
C003577,CD-PR1,proprio,2025-11-14,manha,agencia,8.2,True,False,,,S
C003578,CD-PR1,proprio,2025-11-30,manha,indicacao,8.4,True,False,,,S
C003579,CD-PR1,proprio,2025-11-16,tarde,agencia,4.2,True,False,2025-11-30,voluntario,S
C003580,CD-PR1,proprio,2025-11-07,noite,anuncio,15.8,True,False,,,S
C003581,CD-PR1,proprio,2025-11-05,manha,anuncio,11.0,True,False,2026-08-26,voluntario,S
C003582,CD-PR1,proprio,2025-11-25,tarde,anuncio,13.9,True,False,2025-11-27,involuntario,S
C003583,CD-PR1,proprio,2025-11-02,manha,agencia,9.0,True,False,,,S
C003584,CD-PR1,proprio,2025-11-04,manha,anuncio,7.6,True,False,,,S
C003585,CD-PR1,proprio,2025-11-03,manha,agencia,14.1,True,False,2025-12-05,voluntario,S
C003586,CD-PR1,proprio,2025-11-10,manha,anuncio,9.2,True,False,,,S
C003587,CD-PR1,proprio,2025-11-24,noite,anuncio,13.3,True,False,,,S
C003588,CD-PR1,proprio,2025-11-22,tarde,agencia,11.5,True,False,,,S
C003589,CD-PR1,proprio,2025-11-27,noite,anuncio,8.9,True,False,,,S
C003590,CD-PR1,proprio,2025-11-19,noite,agencia,20.3,True,False,2026-01-21,voluntario,S
C003591,CD-PR1,proprio,2025-11-02,tarde,agencia,16.7,True,False,,,S
C003592,CD-PR1,proprio,2025-11-07,tarde,agencia,16.1,True,False,2025-11-16,voluntario,S
C003593,CD-PR1,proprio,2025-11-03,manha,agencia,6.6,True,False,,,S
C003594,CD-PR1,proprio,2025-11-08,noite,agencia,3.9,True,False,2025-11-22,involuntario,S
C003595,CD-PR1,proprio,2025-11-28,manha,agencia,7.4,True,False,,,S
C003596,CD-PR1,proprio,2025-11-14,noite,anuncio,7.0,True,False,,,S
C003597,CD-RJ1,proprio,2025-11-04,tarde,agencia,22.7,True,False,2025-11-11,voluntario,SE
C003598,CD-RJ1,proprio,2025-11-17,manha,anuncio,2.4,True,False,,,SE
C003599,CD-RJ1,proprio,2025-11-14,noite,anuncio,26.7,True,False,2025-12-02,voluntario,SE
C003600,CD-RJ1,proprio,2025-11-30,tarde,anuncio,12.1,True,False,2026-08-03,involuntario,SE
C003601,CD-RJ1,proprio,2025-11-25,tarde,anuncio,12.7,True,False,2026-02-01,voluntario,SE
C003602,CD-RJ1,proprio,2025-11-20,noite,indicacao,24.4,True,False,2025-12-07,involuntario,SE
C003603,CD-RJ1,proprio,2025-11-29,manha,agencia,23.8,True,False,2025-12-05,voluntario,SE
C003604,CD-RJ1,proprio,2025-11-08,tarde,anuncio,12.1,True,False,2025-11-22,voluntario,SE
C003605,CD-RJ1,proprio,2025-11-12,manha,agencia,10.6,True,False,,,SE
C003606,CD-RJ1,proprio,2025-11-16,tarde,indicacao,11.9,True,False,2026-09-28,voluntario,SE
C003607,CD-RJ1,proprio,2025-11-28,noite,agencia,11.5,True,False,2026-04-21,voluntario,SE
C003608,CD-RJ1,proprio,2025-11-01,manha,agencia,10.5,True,False,,,SE
C003609,CD-RJ1,proprio,2025-11-30,manha,agencia,13.1,True,False,,,SE
C003610,CD-RJ1,proprio,2025-11-21,tarde,indicacao,6.4,True,False,,,SE
C003611,CD-RJ1,proprio,2025-11-18,noite,indicacao,13.4,True,False,,,SE
C003612,CD-RJ1,proprio,2025-11-06,noite,agencia,4.9,True,False,2025-12-26,voluntario,SE
C003613,CD-RJ1,proprio,2025-11-14,noite,anuncio,9.0,True,False,,,SE
C003614,CD-RJ1,proprio,2025-11-08,noite,anuncio,12.4,True,False,,,SE
C003615,CD-RJ1,proprio,2025-11-16,noite,agencia,3.0,True,False,2026-01-27,involuntario,SE
C003616,CD-RJ1,proprio,2025-11-23,tarde,agencia,3.0,True,False,2025-12-12,voluntario,SE
C003617,CD-RJ1,proprio,2025-11-26,tarde,indicacao,10.5,True,False,,,SE
C003618,CD-RJ1,proprio,2025-11-13,manha,anuncio,3.5,True,False,,,SE
C003619,CD-RJ1,proprio,2025-11-02,manha,agencia,9.4,True,False,2025-11-19,involuntario,SE
C003620,CD-RJ1,proprio,2025-11-19,noite,anuncio,6.9,True,False,,,SE
C003621,CD-RJ1,proprio,2025-11-10,manha,indicacao,11.4,True,False,,,SE
C003622,CD-RJ1,proprio,2025-11-26,manha,agencia,15.5,True,False,,,SE
C003623,CD-RJ1,proprio,2025-11-18,manha,anuncio,4.3,True,False,,,SE
C003624,CD-RJ1,proprio,2025-11-16,tarde,anuncio,18.7,True,False,2026-03-31,voluntario,SE
C003625,CD-RJ1,proprio,2025-11-04,manha,anuncio,8.7,True,False,2026-03-06,involuntario,SE
C003626,CD-RJ1,proprio,2025-11-19,noite,indicacao,13.2,True,False,,,SE
C003627,CD-RJ1,proprio,2025-11-03,noite,anuncio,21.4,True,False,2025-11-17,voluntario,SE
C003628,CD-RJ1,proprio,2025-11-23,tarde,anuncio,11.4,True,False,,,SE
C003629,CD-RJ1,proprio,2025-11-17,tarde,anuncio,8.0,True,False,2025-11-25,voluntario,SE
C003630,CD-RJ1,proprio,2025-11-22,manha,indicacao,8.5,True,False,,,SE
C003631,CD-RJ1,proprio,2025-11-06,manha,anuncio,10.2,True,False,2025-11-12,voluntario,SE
C003632,CD-RJ1,proprio,2025-11-26,noite,agencia,13.6,True,False,,,SE
C003633,CD-RJ1,proprio,2025-11-21,tarde,anuncio,20.4,True,False,2025-12-04,voluntario,SE
C003634,CD-RJ1,proprio,2025-11-12,noite,indicacao,12.7,True,False,,,SE
C003635,CD-RJ1,proprio,2025-11-04,noite,agencia,2.7,True,False,2025-12-29,voluntario,SE
C003636,CD-RJ1,proprio,2025-11-15,manha,anuncio,20.5,True,False,,,SE
C003637,CD-RJ1,proprio,2025-11-05,noite,agencia,10.2,True,False,2025-12-04,voluntario,SE
C003638,CD-RJ1,proprio,2025-11-19,tarde,indicacao,15.4,True,False,,,SE
C003639,CD-RJ1,proprio,2025-11-11,manha,indicacao,11.1,True,False,2026-01-08,involuntario,SE
C003640,CD-RJ1,proprio,2025-11-28,manha,anuncio,3.6,True,False,,,SE
C003641,CD-RJ1,proprio,2025-11-29,manha,anuncio,3.0,True,False,2026-04-30,involuntario,SE
C003642,CD-RJ1,proprio,2025-11-04,manha,agencia,5.7,True,False,2025-11-22,voluntario,SE
C003643,CD-RJ1,proprio,2025-11-09,tarde,agencia,9.8,True,False,2025-11-16,voluntario,SE
C003644,CD-RJ1,proprio,2025-11-08,tarde,agencia,4.8,True,False,2025-12-22,voluntario,SE
C003645,CD-RJ1,proprio,2025-11-27,manha,agencia,16.5,True,False,,,SE
C003646,CD-RJ1,proprio,2025-11-12,tarde,indicacao,6.4,True,False,,,SE
C003647,CD-RJ1,proprio,2025-11-11,manha,agencia,11.2,True,False,,,SE
C003648,CD-RJ1,proprio,2025-11-28,noite,anuncio,12.4,True,False,2026-05-18,voluntario,SE
C003649,CD-RJ1,proprio,2025-11-04,noite,anuncio,8.7,True,False,,,SE
C003650,CD-RJ1,proprio,2025-11-24,tarde,anuncio,5.8,True,False,2025-12-25,voluntario,SE
C003651,CD-RJ1,proprio,2025-11-26,manha,anuncio,7.6,True,False,,,SE
C003652,CD-RJ1,proprio,2025-11-13,manha,anuncio,6.6,True,False,,,SE
C003653,CD-RJ1,proprio,2025-11-02,tarde,indicacao,5.9,True,False,2025-11-24,voluntario,SE
C003654,CD-RJ1,proprio,2025-11-25,manha,agencia,5.1,True,False,2025-12-29,voluntario,SE
C003655,CD-RJ1,proprio,2025-11-06,noite,agencia,13.6,True,False,2025-11-18,voluntario,SE
C003656,CD-RJ1,proprio,2025-11-15,tarde,indicacao,23.7,True,False,2025-12-03,involuntario,SE
C003657,CD-RJ1,proprio,2025-11-12,manha,agencia,9.6,True,False,,,SE
C003658,CD-RJ1,proprio,2025-11-30,tarde,anuncio,10.8,True,False,2025-12-22,voluntario,SE
C003659,CD-RJ1,proprio,2025-11-19,noite,agencia,8.1,True,False,2026-01-06,voluntario,SE
C003660,CD-RJ1,proprio,2025-11-27,manha,agencia,7.7,True,False,,,SE
C003661,CD-RJ1,proprio,2025-11-19,noite,agencia,5.2,True,False,2025-12-15,involuntario,SE
C003662,CD-RJ1,proprio,2025-11-19,manha,anuncio,15.4,True,False,,,SE
C003663,CD-RJ1,proprio,2025-11-15,tarde,agencia,10.0,True,False,2026-01-24,voluntario,SE
C003664,CD-RJ1,proprio,2025-11-16,tarde,indicacao,11.6,True,False,,,SE
C003665,CD-RJ1,proprio,2025-11-18,tarde,agencia,8.0,True,False,,,SE
C003666,CD-RJ1,proprio,2025-11-25,manha,anuncio,3.5,True,False,2025-11-28,voluntario,SE
C003667,CD-RJ1,proprio,2025-11-25,tarde,anuncio,5.8,True,False,,,SE
C003668,CD-RJ1,proprio,2025-11-25,manha,indicacao,11.3,True,False,,,SE
C003669,CD-RJ1,proprio,2025-11-20,manha,indicacao,10.5,True,False,,,SE
C003670,CD-RJ1,proprio,2025-11-06,noite,anuncio,9.3,True,False,,,SE
C003671,CD-RJ1,proprio,2025-11-30,noite,anuncio,12.7,True,False,,,SE
C003672,CD-RJ1,proprio,2025-11-10,tarde,indicacao,4.8,True,False,2026-04-18,involuntario,SE
C003673,CD-RJ1,proprio,2025-11-28,noite,indicacao,14.8,True,False,,,SE
C003674,CD-RJ1,proprio,2025-11-05,noite,agencia,24.5,True,False,2025-12-09,voluntario,SE
C003675,CD-RJ1,proprio,2025-11-25,manha,anuncio,16.3,True,False,,,SE
C003676,CD-RJ1,proprio,2025-11-30,manha,agencia,7.7,True,False,,,SE
C003677,CD-RJ1,proprio,2025-11-19,manha,anuncio,18.5,True,False,,,SE
C003678,CD-RJ1,proprio,2025-11-03,noite,agencia,11.3,True,False,2026-01-05,involuntario,SE
C003679,CD-RJ1,proprio,2025-11-12,tarde,agencia,8.5,True,False,2025-11-21,voluntario,SE
C003680,CD-RJ1,proprio,2025-11-25,tarde,anuncio,12.6,True,False,,,SE
C003681,CD-RJ1,proprio,2025-11-04,noite,anuncio,19.0,True,False,2025-12-21,involuntario,SE
C003682,CD-RJ1,proprio,2025-11-28,manha,anuncio,2.4,True,False,,,SE
C003683,CD-RJ1,proprio,2025-11-15,manha,agencia,3.0,True,False,,,SE
C003684,CD-RJ1,proprio,2025-11-20,manha,anuncio,3.9,True,False,2026-07-11,voluntario,SE
C003685,CD-RJ1,proprio,2025-11-10,manha,indicacao,7.1,True,False,,,SE
C003686,CD-RJ1,proprio,2025-11-02,tarde,agencia,11.7,True,False,,,SE
C003687,CD-RJ1,proprio,2025-11-05,manha,anuncio,20.0,True,False,,,SE
C003688,CD-RJ1,proprio,2025-11-30,tarde,anuncio,4.6,True,False,2025-12-02,voluntario,SE
C003689,CD-RJ1,proprio,2025-11-29,tarde,anuncio,19.7,True,False,2025-12-02,voluntario,SE
C003690,CD-RJ1,proprio,2025-11-29,tarde,indicacao,7.0,True,False,,,SE
C003691,CD-RJ1,proprio,2025-11-26,tarde,agencia,13.4,True,False,2025-12-13,voluntario,SE
C003692,CD-RJ1,proprio,2025-11-30,noite,agencia,7.9,True,False,2026-02-01,voluntario,SE
C003693,CD-RJ1,proprio,2025-11-10,noite,anuncio,4.3,True,False,2026-07-09,voluntario,SE
C003694,CD-RJ1,proprio,2025-11-30,manha,anuncio,16.7,True,False,2025-12-16,voluntario,SE
C003695,CD-RJ1,proprio,2025-11-27,manha,anuncio,5.5,True,False,2026-06-13,involuntario,SE
C003696,CD-RJ1,proprio,2025-11-02,manha,indicacao,4.1,True,False,,,SE
C003697,CD-RJ1,proprio,2025-11-19,tarde,indicacao,16.9,True,False,2025-11-28,voluntario,SE
C003698,CD-RJ1,proprio,2025-11-25,manha,agencia,12.4,True,False,2025-12-05,voluntario,SE
C003699,CD-RJ1,proprio,2025-11-22,manha,indicacao,18.8,True,False,2025-11-23,voluntario,SE
C003700,CD-RJ1,proprio,2025-11-18,noite,agencia,21.0,True,False,,,SE
C003701,CD-RJ1,proprio,2025-11-16,tarde,indicacao,12.3,True,False,2025-12-14,voluntario,SE
C003702,CD-RJ1,proprio,2025-11-04,noite,agencia,4.6,True,False,2026-07-12,voluntario,SE
C003703,CD-RJ1,proprio,2025-11-21,manha,indicacao,4.1,True,False,,,SE
C003704,CD-RJ1,proprio,2025-11-30,tarde,anuncio,5.4,True,False,2026-01-20,voluntario,SE
C003705,CD-RJ1,proprio,2025-11-23,tarde,agencia,22.6,True,False,,,SE
C003706,CD-RJ1,proprio,2025-11-25,tarde,agencia,11.1,True,False,2026-04-16,involuntario,SE
C003707,CD-RJ1,proprio,2025-11-16,tarde,agencia,7.5,True,False,,,SE
C003708,CD-RJ1,proprio,2025-11-17,tarde,anuncio,14.4,True,False,2026-07-05,voluntario,SE
C003709,CD-RJ1,proprio,2025-11-19,manha,anuncio,13.0,True,False,2025-12-19,voluntario,SE
C003710,CD-RJ1,proprio,2025-11-10,tarde,agencia,9.3,True,False,2026-01-06,voluntario,SE
C003711,CD-RJ1,proprio,2025-11-25,manha,indicacao,13.8,True,False,,,SE
C003712,CD-RJ1,proprio,2025-11-22,tarde,agencia,4.7,True,False,,,SE
C003713,CD-RJ1,proprio,2025-11-16,manha,indicacao,35.2,True,False,2026-06-21,involuntario,SE
C003714,CD-RJ1,proprio,2025-11-12,manha,agencia,2.5,True,False,2025-12-19,involuntario,SE
C003715,CD-RJ1,proprio,2025-11-08,noite,anuncio,5.3,True,False,2026-07-22,voluntario,SE
C003716,CD-RJ1,proprio,2025-11-08,tarde,anuncio,6.1,True,False,2026-01-14,involuntario,SE
C003717,CD-RJ1,proprio,2025-11-22,noite,anuncio,7.0,True,False,,,SE
C003718,CD-RJ1,proprio,2025-11-03,noite,agencia,7.8,True,False,2025-11-15,voluntario,SE
C003719,CD-RJ1,proprio,2025-11-22,manha,anuncio,16.0,True,False,,,SE
C003720,CD-RJ1,proprio,2025-11-04,manha,anuncio,11.1,True,False,2026-01-04,voluntario,SE
C003721,CD-RJ1,proprio,2025-11-11,manha,anuncio,7.4,True,False,2025-12-03,voluntario,SE
C003722,CD-RJ1,proprio,2025-11-21,tarde,anuncio,16.3,True,False,2026-03-27,voluntario,SE
C003723,CD-RJ1,proprio,2025-11-19,manha,anuncio,6.8,True,False,,,SE
C003724,CD-RJ1,proprio,2025-11-05,manha,agencia,8.7,True,False,,,SE
C003725,CD-RJ1,proprio,2025-11-19,tarde,indicacao,5.9,True,False,,,SE
C003726,CD-RJ1,proprio,2025-11-25,tarde,indicacao,3.8,True,False,,,SE
C003727,CD-RJ1,proprio,2025-11-28,noite,anuncio,7.7,True,False,2026-01-22,voluntario,SE
C003728,CD-RJ1,proprio,2025-11-21,manha,indicacao,10.2,True,False,2026-03-23,voluntario,SE
C003729,CD-RJ1,proprio,2025-11-29,manha,anuncio,25.6,True,False,,,SE
C003730,CD-RJ1,proprio,2025-11-19,tarde,indicacao,7.3,True,False,,,SE
C003731,CD-RJ1,proprio,2025-11-05,tarde,indicacao,8.3,True,False,2026-04-11,voluntario,SE
C003732,CD-RJ1,proprio,2025-11-25,manha,anuncio,6.1,True,False,,,SE
C003733,CD-RJ1,proprio,2025-11-27,manha,agencia,3.5,True,False,,,SE
C003734,CD-RJ1,proprio,2025-11-18,manha,indicacao,5.8,True,False,2025-12-27,voluntario,SE
C003735,CD-RJ1,proprio,2025-11-16,noite,anuncio,6.2,True,False,2026-01-18,involuntario,SE
C003736,CD-RJ1,proprio,2025-11-21,tarde,agencia,15.4,True,False,,,SE
C003737,CD-RJ1,proprio,2025-11-23,manha,anuncio,7.7,True,False,2025-11-27,voluntario,SE
C003738,CD-SP1,proprio,2025-11-06,tarde,agencia,8.1,True,False,,,SE
C003739,CD-SP1,proprio,2025-11-28,manha,anuncio,16.8,True,False,,,SE
C003740,CD-SP1,proprio,2025-11-17,tarde,indicacao,13.4,True,False,2025-12-03,voluntario,SE
C003741,CD-SP1,proprio,2025-11-05,noite,anuncio,12.7,True,False,2025-12-27,voluntario,SE
C003742,CD-SP1,proprio,2025-11-13,tarde,anuncio,17.3,True,False,2025-11-25,voluntario,SE
C003743,CD-SP1,proprio,2025-11-29,tarde,anuncio,4.6,True,False,,,SE
C003744,CD-SP1,proprio,2025-11-23,manha,anuncio,2.8,True,False,2025-11-29,voluntario,SE
C003745,CD-SP1,proprio,2025-11-01,tarde,anuncio,9.3,True,False,,,SE
C003746,CD-SP1,proprio,2025-11-11,manha,agencia,6.7,True,False,,,SE
C003747,CD-SP1,proprio,2025-11-13,tarde,indicacao,16.8,True,False,,,SE
C003748,CD-SP1,proprio,2025-11-01,tarde,agencia,8.3,True,False,2026-05-29,involuntario,SE
C003749,CD-SP1,proprio,2025-11-17,manha,agencia,28.7,True,False,2025-12-10,voluntario,SE
C003750,CD-SP1,proprio,2025-11-28,noite,anuncio,19.0,True,False,2025-12-11,involuntario,SE
C003751,CD-SP1,proprio,2025-11-29,manha,indicacao,13.8,True,False,,,SE
C003752,CD-SP1,proprio,2025-11-11,manha,agencia,17.3,True,False,,,SE
C003753,CD-SP1,proprio,2025-11-14,noite,anuncio,5.2,True,False,,,SE
C003754,CD-SP1,proprio,2025-11-23,noite,anuncio,5.6,True,False,,,SE
C003755,CD-SP1,proprio,2025-11-01,noite,indicacao,4.7,True,False,2025-11-06,involuntario,SE
C003756,CD-SP1,proprio,2025-11-04,noite,anuncio,7.5,True,False,,,SE
C003757,CD-SP1,proprio,2025-11-22,manha,anuncio,3.6,True,False,2026-02-02,voluntario,SE
C003758,CD-SP1,proprio,2025-11-14,manha,indicacao,4.5,True,False,2026-01-06,voluntario,SE
C003759,CD-SP1,proprio,2025-11-04,manha,agencia,6.6,True,False,2026-09-13,voluntario,SE
C003760,CD-SP1,proprio,2025-11-12,noite,agencia,2.9,True,False,,,SE
C003761,CD-SP1,proprio,2025-11-24,noite,indicacao,7.9,True,False,2026-02-11,voluntario,SE
C003762,CD-SP1,proprio,2025-11-15,noite,anuncio,3.7,True,False,,,SE
C003763,CD-SP1,proprio,2025-11-02,noite,agencia,6.6,True,False,2025-11-08,involuntario,SE
C003764,CD-SP1,proprio,2025-11-23,manha,anuncio,3.1,True,False,2026-02-10,voluntario,SE
C003765,CD-SP1,proprio,2025-11-07,manha,anuncio,17.1,True,False,2026-05-03,voluntario,SE
C003766,CD-SP1,proprio,2025-11-21,tarde,indicacao,16.6,True,False,2025-11-24,involuntario,SE
C003767,CD-SP1,proprio,2025-11-04,tarde,anuncio,5.1,True,False,2025-11-12,voluntario,SE
C003768,CD-SP1,proprio,2025-11-22,tarde,agencia,8.5,True,False,2026-09-27,voluntario,SE
C003769,CD-SP1,proprio,2025-11-11,manha,anuncio,21.0,True,False,,,SE
C003770,CD-SP1,proprio,2025-11-05,tarde,agencia,21.5,True,False,,,SE
C003771,CD-SP1,proprio,2025-11-21,manha,anuncio,7.2,True,False,2025-12-03,involuntario,SE
C003772,CD-SP1,proprio,2025-11-24,manha,agencia,5.4,True,False,2026-02-21,voluntario,SE
C003773,CD-SP1,proprio,2025-11-04,tarde,agencia,26.7,True,False,,,SE
C003774,CD-SP1,proprio,2025-11-29,tarde,indicacao,4.7,True,False,,,SE
C003775,CD-SP1,proprio,2025-11-21,tarde,agencia,13.6,True,False,2026-08-09,involuntario,SE
C003776,CD-SP1,proprio,2025-11-10,manha,anuncio,7.3,True,False,2025-12-25,voluntario,SE
C003777,CD-SP1,proprio,2025-11-08,noite,anuncio,7.2,True,False,2025-12-26,voluntario,SE
C003778,CD-SP1,proprio,2025-11-06,manha,anuncio,6.1,True,False,,,SE
C003779,CD-SP1,proprio,2025-11-05,noite,indicacao,10.9,True,False,,,SE
C003780,CD-SP1,proprio,2025-11-23,noite,indicacao,9.0,True,False,2026-06-19,involuntario,SE
C003781,CD-SP1,proprio,2025-11-06,manha,anuncio,4.2,True,False,2026-08-30,voluntario,SE
C003782,CD-SP1,proprio,2025-11-01,noite,anuncio,8.8,True,False,,,SE
C003783,CD-SP1,proprio,2025-11-07,tarde,agencia,6.0,True,False,,,SE
C003784,CD-SP1,proprio,2025-11-19,noite,anuncio,8.4,True,False,,,SE
C003785,CD-SP1,proprio,2025-11-21,manha,agencia,11.8,True,False,,,SE
C003786,CD-SP1,proprio,2025-11-17,manha,indicacao,6.8,True,False,,,SE
C003787,CD-SP1,proprio,2025-11-17,manha,anuncio,7.6,True,False,,,SE
C003788,CD-SP1,proprio,2025-11-04,tarde,indicacao,6.1,True,False,2026-04-20,voluntario,SE
C003789,CD-SP1,proprio,2025-11-25,noite,indicacao,11.3,True,False,,,SE
C003790,CD-SP1,proprio,2025-11-15,manha,agencia,8.5,True,False,,,SE
C003791,CD-SP1,proprio,2025-11-16,noite,anuncio,11.2,True,False,2026-04-19,involuntario,SE
C003792,CD-SP1,proprio,2025-11-03,tarde,indicacao,9.4,True,False,2025-11-17,voluntario,SE
C003793,CD-SP1,proprio,2025-11-15,tarde,indicacao,24.9,True,False,,,SE
C003794,CD-SP1,proprio,2025-11-26,tarde,anuncio,11.3,True,False,2025-12-04,voluntario,SE
C003795,CD-SP1,proprio,2025-11-22,manha,anuncio,9.5,True,False,,,SE
C003796,CD-SP1,proprio,2025-11-09,tarde,anuncio,9.9,True,False,2026-08-06,voluntario,SE
C003797,CD-SP1,proprio,2025-11-06,manha,indicacao,23.0,True,False,,,SE
C003798,CD-SP1,proprio,2025-11-30,tarde,anuncio,18.4,True,False,2026-01-19,voluntario,SE
C003799,CD-SP1,proprio,2025-11-27,tarde,agencia,19.2,True,False,,,SE
C003800,CD-SP1,proprio,2025-11-08,manha,agencia,9.0,True,False,2025-12-24,involuntario,SE
C003801,CD-SP1,proprio,2025-11-27,noite,anuncio,13.5,True,False,2026-05-12,involuntario,SE
C003802,CD-SP1,proprio,2025-11-30,manha,indicacao,8.5,True,False,,,SE
C003803,CD-SP1,proprio,2025-11-27,noite,agencia,13.1,True,False,,,SE
C003804,CD-SP1,proprio,2025-11-22,tarde,agencia,8.8,True,False,2025-12-06,involuntario,SE
C003805,CD-SP1,proprio,2025-11-07,tarde,agencia,8.4,True,False,,,SE
C003806,CD-SP1,proprio,2025-11-08,tarde,anuncio,7.4,True,False,2026-09-22,voluntario,SE
C003807,CD-SP1,proprio,2025-11-16,noite,indicacao,10.3,True,False,,,SE
C003808,CD-SP1,proprio,2025-11-17,manha,agencia,15.0,True,False,,,SE
C003809,CD-SP1,proprio,2025-11-12,noite,agencia,15.3,True,False,,,SE
C003810,CD-SP1,proprio,2025-11-09,manha,anuncio,6.5,True,False,2025-11-20,voluntario,SE
C003811,CD-SP1,proprio,2025-11-03,tarde,agencia,8.8,True,False,2025-11-27,voluntario,SE
C003812,CD-SP1,proprio,2025-11-03,tarde,anuncio,5.1,True,False,,,SE
C003813,CD-SP1,proprio,2025-11-20,manha,agencia,7.2,True,False,2026-01-06,voluntario,SE
C003814,CD-SP1,proprio,2025-11-18,noite,anuncio,6.3,True,False,,,SE
C003815,CD-SP1,proprio,2025-11-29,noite,anuncio,4.5,True,False,,,SE
C003816,CD-SP1,proprio,2025-11-10,manha,anuncio,7.7,True,False,2026-05-18,voluntario,SE
C003817,CD-SP1,proprio,2025-11-21,manha,anuncio,23.3,True,False,,,SE
C003818,CD-SP1,proprio,2025-11-01,noite,indicacao,8.8,True,False,2026-01-07,voluntario,SE
C003819,CD-SP1,proprio,2025-11-25,noite,anuncio,15.3,True,False,2026-01-15,voluntario,SE
C003820,CD-SP1,proprio,2025-11-08,noite,indicacao,9.2,True,False,2025-11-19,voluntario,SE
C003821,CD-SP1,proprio,2025-11-29,manha,agencia,7.6,True,False,,,SE
C003822,CD-SP1,proprio,2025-11-01,tarde,indicacao,17.7,True,False,,,SE
C003823,CD-SP1,proprio,2025-11-02,tarde,anuncio,21.8,True,False,2026-01-06,involuntario,SE
C003824,CD-SP1,proprio,2025-11-28,noite,indicacao,4.8,True,False,,,SE
C003825,CD-SP1,proprio,2025-11-29,noite,indicacao,18.2,True,False,2026-06-01,involuntario,SE
C003826,CD-SP1,proprio,2025-11-05,noite,agencia,10.3,True,False,,,SE
C003827,CD-SP1,proprio,2025-11-01,noite,anuncio,4.7,True,False,,,SE
C003828,CD-SP1,proprio,2025-11-29,tarde,indicacao,7.5,True,False,,,SE
C003829,CD-SP1,proprio,2025-11-16,tarde,anuncio,8.7,True,False,,,SE
C003830,CD-SP1,proprio,2025-11-21,manha,agencia,13.4,True,False,,,SE
C003831,CD-SP1,proprio,2025-11-20,manha,anuncio,11.7,True,False,2025-11-24,involuntario,SE
C003832,CD-SP1,proprio,2025-11-04,manha,anuncio,7.5,True,False,,,SE
C003833,CD-SP1,proprio,2025-11-11,manha,agencia,13.5,True,False,2025-12-07,voluntario,SE
C003834,CD-SP1,proprio,2025-11-05,manha,anuncio,6.6,True,False,,,SE
C003835,CD-SP1,proprio,2025-11-24,noite,agencia,7.3,True,False,,,SE
C003836,CD-SP1,proprio,2025-11-07,manha,anuncio,26.0,True,False,2025-12-15,voluntario,SE
C003837,CD-SP1,proprio,2025-11-23,manha,anuncio,3.8,True,False,2026-06-24,voluntario,SE
C003838,CD-SP1,proprio,2025-11-20,noite,anuncio,14.3,True,False,2026-05-08,involuntario,SE
C003839,CD-SP1,proprio,2025-11-07,tarde,agencia,5.0,True,False,2025-12-29,voluntario,SE
C003840,CD-SP1,proprio,2025-11-28,noite,agencia,11.3,True,False,,,SE
C003841,CD-SP1,proprio,2025-11-08,tarde,agencia,9.6,True,False,2025-12-11,involuntario,SE
C003842,CD-SP1,proprio,2025-11-17,tarde,agencia,6.4,True,False,,,SE
C003843,CD-SP1,proprio,2025-11-10,manha,agencia,8.8,True,False,,,SE
C003844,CD-SP1,proprio,2025-11-27,noite,anuncio,5.4,True,False,2026-07-14,voluntario,SE
C003845,CD-SP1,proprio,2025-11-04,tarde,indicacao,12.2,True,False,,,SE
C003846,CD-SP1,proprio,2025-11-06,tarde,anuncio,13.6,True,False,2026-09-07,voluntario,SE
C003847,CD-SP1,proprio,2025-11-28,noite,anuncio,17.9,True,False,2026-01-09,voluntario,SE
C003848,CD-SP1,proprio,2025-11-26,tarde,anuncio,23.0,True,False,,,SE
C003849,CD-SP1,proprio,2025-11-23,noite,agencia,7.7,True,False,2025-11-25,voluntario,SE
C003850,CD-SP1,proprio,2025-11-30,tarde,anuncio,6.5,True,False,,,SE
C003851,CD-SP1,proprio,2025-11-04,tarde,agencia,6.7,True,False,2026-03-08,voluntario,SE
C003852,CD-SP1,proprio,2025-11-05,manha,indicacao,18.9,True,False,2025-11-24,involuntario,SE
C003853,CD-SP1,proprio,2025-11-02,manha,anuncio,7.1,True,False,,,SE
C003854,CD-SP1,proprio,2025-11-14,tarde,anuncio,12.1,True,False,2025-12-04,voluntario,SE
C003855,CD-SP1,proprio,2025-11-20,tarde,anuncio,4.5,True,False,2025-12-02,voluntario,SE
C003856,CD-SP1,proprio,2025-11-17,manha,anuncio,8.8,True,False,2026-03-05,voluntario,SE
C003857,CD-SP1,proprio,2025-11-01,noite,agencia,10.7,True,False,,,SE
C003858,CD-SP1,proprio,2025-11-26,tarde,indicacao,8.1,True,False,,,SE
C003859,CD-SP1,proprio,2025-11-17,tarde,indicacao,7.1,True,False,2025-12-10,involuntario,SE
C003860,CD-SP1,proprio,2025-11-05,noite,agencia,3.9,True,False,2026-05-03,involuntario,SE
C003861,CD-SP1,proprio,2025-11-07,tarde,indicacao,24.0,True,False,2026-06-01,involuntario,SE
C003862,CD-SP1,proprio,2025-11-14,manha,agencia,10.4,True,False,2025-12-03,voluntario,SE
C003863,CD-SP1,proprio,2025-11-15,noite,agencia,26.3,True,False,,,SE
C003864,CD-SP1,proprio,2025-11-20,tarde,anuncio,12.8,True,False,2025-12-04,voluntario,SE
C003865,CD-SP1,proprio,2025-11-13,tarde,agencia,15.9,True,False,2026-09-06,voluntario,SE
C003866,CD-SP1,proprio,2025-11-26,manha,indicacao,7.8,True,False,2026-09-15,involuntario,SE
C003867,CD-SP1,proprio,2025-11-23,manha,anuncio,9.6,True,False,2026-01-04,voluntario,SE
C003868,CD-SP1,proprio,2025-11-21,manha,agencia,9.8,True,False,2026-08-22,voluntario,SE
C003869,CD-SP1,proprio,2025-11-27,tarde,anuncio,9.7,True,False,,,SE
C003870,CD-SP1,proprio,2025-11-28,manha,indicacao,24.3,True,False,2026-01-03,voluntario,SE
C003871,CD-SP1,proprio,2025-11-24,manha,indicacao,8.4,True,False,,,SE
C003872,CD-SP1,proprio,2025-11-08,noite,agencia,9.8,True,False,2025-11-09,voluntario,SE
C003873,CD-SP1,proprio,2025-11-07,tarde,agencia,6.7,True,False,2025-11-23,voluntario,SE
C003874,CD-SP1,proprio,2025-11-05,tarde,indicacao,10.7,True,False,,,SE
C003875,CD-SP1,proprio,2025-11-08,manha,anuncio,6.5,True,False,2025-11-10,voluntario,SE
C003876,CD-SP1,proprio,2025-11-30,tarde,anuncio,7.7,True,False,2026-08-04,voluntario,SE
C003877,CD-SP1,proprio,2025-11-21,tarde,anuncio,23.5,True,False,2026-04-06,involuntario,SE
C003878,CD-SP1,proprio,2025-11-10,manha,anuncio,8.6,True,False,,,SE
C003879,CD-SP1,proprio,2025-11-17,noite,agencia,5.3,True,False,2026-02-09,involuntario,SE
C003880,CD-SP1,proprio,2025-11-14,noite,anuncio,20.5,True,False,,,SE
C003881,CD-SP1,proprio,2025-11-18,tarde,anuncio,8.6,True,False,,,SE
C003882,CD-SP1,proprio,2025-11-13,manha,anuncio,16.3,True,False,,,SE
C003883,CD-SP1,proprio,2025-11-21,manha,anuncio,16.5,True,False,,,SE
C003884,CD-SP1,proprio,2025-11-27,noite,anuncio,11.5,True,False,2026-01-26,voluntario,SE
C003885,CD-SP1,proprio,2025-11-27,manha,agencia,11.5,True,False,2025-12-19,involuntario,SE
C003886,CD-SP1,proprio,2025-11-26,noite,indicacao,6.6,True,False,,,SE
C003887,CD-SP1,proprio,2025-11-10,manha,agencia,9.5,True,False,,,SE
C003888,CD-SP1,proprio,2025-11-30,tarde,anuncio,18.9,True,False,,,SE
C003889,CD-SP1,proprio,2025-11-24,tarde,anuncio,8.1,True,False,,,SE
C003890,CD-SP1,proprio,2025-11-25,manha,anuncio,5.7,True,False,,,SE
C003891,CD-SP1,proprio,2025-11-16,noite,anuncio,3.8,True,False,,,SE
C003892,CD-SP1,proprio,2025-11-18,noite,anuncio,10.0,True,False,,,SE
C003893,CD-SP1,proprio,2025-11-26,tarde,anuncio,6.2,True,False,,,SE
C003894,CD-SP1,proprio,2025-11-05,tarde,agencia,19.8,True,False,2025-11-30,involuntario,SE
C003895,CD-SP1,proprio,2025-11-14,noite,anuncio,11.7,True,False,,,SE
C003896,CD-SP1,proprio,2025-11-21,noite,anuncio,10.2,True,False,2025-12-03,voluntario,SE
C003897,CD-SP1,proprio,2025-11-12,noite,anuncio,10.1,True,False,,,SE
C003898,CD-SP1,proprio,2025-11-26,manha,agencia,9.0,True,False,2026-03-27,involuntario,SE
C003899,CD-SP1,proprio,2025-11-20,tarde,agencia,10.2,True,False,2025-12-22,voluntario,SE
C003900,CD-SP1,proprio,2025-11-25,noite,anuncio,4.9,True,False,2025-12-01,involuntario,SE
C003901,CD-SP1,proprio,2025-11-25,tarde,anuncio,13.3,True,False,,,SE
C003902,CD-SP1,proprio,2025-11-18,tarde,agencia,8.3,True,False,,,SE
C003903,CD-SP1,proprio,2025-11-24,tarde,indicacao,10.8,True,False,,,SE
C003904,CD-SP1,proprio,2025-11-27,noite,anuncio,5.0,True,False,,,SE
C003905,CD-SP1,proprio,2025-11-30,noite,agencia,4.6,True,False,,,SE
C003906,CD-SP1,proprio,2025-11-23,noite,anuncio,6.4,True,False,,,SE
C003907,CD-SP1,proprio,2025-11-18,manha,agencia,9.0,True,False,,,SE
C003908,CD-SP1,proprio,2025-11-21,tarde,indicacao,19.7,True,False,,,SE
C003909,CD-SP1,proprio,2025-11-18,noite,anuncio,1.6,True,False,,,SE
C003910,CD-SP1,proprio,2025-11-07,tarde,agencia,26.4,True,False,,,SE
C003911,CD-SP1,proprio,2025-11-03,manha,indicacao,5.1,True,False,,,SE
C003912,CD-SP1,proprio,2025-11-30,tarde,agencia,12.7,True,False,2025-12-10,voluntario,SE
C003913,CD-SP1,proprio,2025-11-30,tarde,indicacao,14.3,True,False,,,SE
C003914,CD-SP1,proprio,2025-11-10,manha,anuncio,6.6,True,False,2025-12-21,voluntario,SE
C003915,CD-SP1,proprio,2025-11-21,tarde,agencia,11.1,True,False,2026-02-15,voluntario,SE
C003916,CD-SP1,proprio,2025-11-14,manha,indicacao,6.7,True,False,,,SE
C003917,CD-SP1,proprio,2025-11-04,manha,indicacao,8.2,True,False,2026-02-24,involuntario,SE
C003918,CD-SP1,proprio,2025-11-27,tarde,anuncio,4.4,True,False,,,SE
C003919,CD-SP1,proprio,2025-11-11,manha,indicacao,7.1,True,False,2026-07-29,voluntario,SE
C003920,CD-SP1,proprio,2025-11-24,manha,agencia,17.6,True,False,2025-12-03,voluntario,SE
C003921,CD-SP1,proprio,2025-11-29,noite,anuncio,20.0,True,False,,,SE
C003922,CD-SP1,proprio,2025-11-23,manha,indicacao,6.7,True,False,2025-12-22,involuntario,SE
C003923,CD-SP1,proprio,2025-11-09,manha,anuncio,6.8,True,False,,,SE
C003924,CD-SP1,proprio,2025-11-08,tarde,anuncio,4.9,True,False,,,SE
C003925,CD-SP1,proprio,2025-11-22,manha,agencia,13.3,True,False,,,SE
C003926,CD-SP1,proprio,2025-11-11,manha,anuncio,9.8,True,False,,,SE
C003927,CD-SP1,proprio,2025-11-25,noite,anuncio,7.6,True,False,,,SE
C003928,CD-SP1,proprio,2025-11-28,tarde,anuncio,6.5,True,False,,,SE
C003929,CD-SP1,proprio,2025-11-22,manha,agencia,12.2,True,False,,,SE
C003930,CD-SP1,proprio,2025-11-26,tarde,agencia,8.2,True,False,,,SE
C003931,CD-SP1,proprio,2025-11-30,manha,agencia,12.3,True,False,,,SE
C003932,CD-SP1,proprio,2025-11-26,manha,anuncio,8.6,True,False,2025-12-19,involuntario,SE
C003933,CD-SP1,proprio,2025-11-18,noite,indicacao,14.8,True,False,2026-09-26,voluntario,SE
C003934,CD-SP1,proprio,2025-11-05,manha,anuncio,12.8,True,False,,,SE
C003935,CD-SP1,proprio,2025-11-10,tarde,anuncio,6.1,True,False,2026-06-02,involuntario,SE
C003936,CD-SP1,proprio,2025-11-10,manha,indicacao,7.9,True,False,2025-12-11,involuntario,SE
C003937,CD-SP1,proprio,2025-11-10,manha,anuncio,3.5,True,False,2026-01-04,voluntario,SE
C003938,CD-SP1,proprio,2025-11-22,manha,agencia,10.9,True,False,,,SE
C003939,CD-SP1,proprio,2025-11-06,manha,indicacao,5.2,True,False,,,SE
C003940,CD-SP1,proprio,2025-11-30,manha,indicacao,11.3,True,False,,,SE
C003941,CD-SP1,proprio,2025-11-21,manha,agencia,5.0,True,False,2025-12-28,voluntario,SE
C003942,CD-SP1,proprio,2025-11-06,noite,agencia,6.5,True,False,2025-11-21,voluntario,SE
C003943,CD-SP1,proprio,2025-11-14,noite,anuncio,4.5,True,False,,,SE
C003944,CD-SP1,proprio,2025-11-09,tarde,agencia,18.2,True,False,2025-12-14,voluntario,SE
C003945,CD-SP1,proprio,2025-11-04,noite,anuncio,11.5,True,False,2026-02-06,voluntario,SE
C003946,CD-SP1,proprio,2025-11-15,noite,anuncio,11.6,True,False,2025-11-23,voluntario,SE
C003947,CD-SP1,proprio,2025-11-15,tarde,agencia,3.8,True,False,2025-12-09,voluntario,SE
C003948,CD-SP1,proprio,2025-11-24,noite,anuncio,7.8,True,False,,,SE
C003949,CD-SP1,proprio,2025-11-08,manha,agencia,12.2,True,False,2026-01-03,voluntario,SE
C003950,CD-SP1,proprio,2025-11-21,noite,indicacao,14.6,True,False,,,SE
C003951,CD-SP1,proprio,2025-11-18,noite,agencia,7.1,True,False,2026-05-15,voluntario,SE
C003952,CD-SP1,proprio,2025-11-14,tarde,anuncio,6.4,True,False,,,SE
C003953,CD-SP1,proprio,2025-11-29,tarde,anuncio,5.5,True,False,,,SE
C003954,CD-SP1,proprio,2025-11-29,noite,anuncio,15.0,True,False,2025-12-19,voluntario,SE
C003955,CD-SP1,proprio,2025-11-18,manha,indicacao,3.2,True,False,2026-03-25,involuntario,SE
C003956,CD-SP1,proprio,2025-11-03,noite,indicacao,9.7,True,False,,,SE
C003957,CD-SP1,proprio,2025-11-28,manha,agencia,2.3,True,False,2026-04-26,involuntario,SE
C003958,CD-SP1,proprio,2025-11-12,manha,indicacao,14.4,True,False,2025-12-03,voluntario,SE
C003959,CD-SP1,proprio,2025-11-26,tarde,indicacao,5.8,True,False,2025-12-12,voluntario,SE
C003960,CD-SP1,proprio,2025-11-22,manha,agencia,16.2,True,False,2026-01-09,involuntario,SE
C003961,CD-SP1,proprio,2025-11-04,noite,agencia,4.9,True,False,2026-07-28,voluntario,SE
C003962,CD-SP1,proprio,2025-11-25,tarde,agencia,10.3,True,False,,,SE
C003963,CD-SP1,proprio,2025-11-10,tarde,indicacao,11.8,True,False,,,SE
C003964,CD-SP1,proprio,2025-11-26,tarde,anuncio,7.2,True,False,,,SE
C003965,CD-SP1,proprio,2025-11-23,noite,indicacao,3.5,True,False,2026-01-16,voluntario,SE
C003966,CD-SP1,proprio,2025-11-16,noite,agencia,5.7,True,False,,,SE
C003967,CD-SP1,proprio,2025-11-02,noite,indicacao,5.7,True,False,2025-11-09,involuntario,SE
C003968,CD-SP1,proprio,2025-11-28,noite,indicacao,13.5,True,False,,,SE
C003969,CD-SP1,proprio,2025-11-28,tarde,anuncio,7.9,True,False,2025-12-17,voluntario,SE
C003970,CD-SP1,proprio,2025-11-30,tarde,indicacao,13.9,True,False,,,SE
C003971,CD-SP1,proprio,2025-11-28,tarde,anuncio,21.6,True,False,,,SE
C003972,CD-SP1,proprio,2025-11-15,manha,agencia,2.9,True,False,2025-12-04,voluntario,SE
C003973,CD-SP1,proprio,2025-11-26,tarde,indicacao,10.1,True,False,,,SE
C003974,CD-SP1,proprio,2025-11-18,manha,indicacao,7.2,True,False,2026-06-22,involuntario,SE
C003975,CD-SP1,proprio,2025-11-22,noite,anuncio,12.6,True,False,2026-01-07,voluntario,SE
C003976,CD-SP1,proprio,2025-11-04,manha,indicacao,7.6,True,False,2025-11-21,voluntario,SE
C003977,CD-SP1,proprio,2025-11-22,tarde,anuncio,9.3,True,False,,,SE
C003978,CD-SP1,proprio,2025-11-05,noite,agencia,4.5,True,False,2026-03-20,voluntario,SE
C003979,CD-SP1,proprio,2025-11-08,tarde,anuncio,5.5,True,False,2026-01-09,voluntario,SE
C003980,CD-SP1,proprio,2025-11-09,manha,agencia,9.6,True,False,2025-11-13,voluntario,SE
C003981,CD-SP1,proprio,2025-11-08,tarde,agencia,3.9,True,False,,,SE
C003982,CD-SP1,proprio,2025-11-03,tarde,agencia,4.8,True,False,,,SE
C003983,CD-SP1,proprio,2025-11-14,tarde,anuncio,9.9,True,False,,,SE
C003984,CD-SP1,proprio,2025-11-24,manha,anuncio,9.2,True,False,2026-06-09,voluntario,SE
C003985,CD-SP1,proprio,2025-11-23,noite,indicacao,6.7,True,False,2026-04-10,involuntario,SE
C003986,CD-SP1,proprio,2025-11-08,manha,anuncio,7.9,True,False,,,SE
C003987,CD-SP1,proprio,2025-11-12,manha,agencia,6.8,True,False,2025-11-19,voluntario,SE
C003988,CD-SP1,proprio,2025-11-19,noite,anuncio,7.4,True,False,2026-02-10,voluntario,SE
C003989,CD-SP1,proprio,2025-11-18,manha,agencia,5.9,True,False,2025-12-13,voluntario,SE
C003990,CD-SP1,proprio,2025-11-03,manha,agencia,3.9,True,False,2026-04-26,voluntario,SE
C003991,CD-SP1,proprio,2025-11-05,manha,anuncio,14.6,True,False,,,SE
C003992,CD-SP1,proprio,2025-11-17,manha,indicacao,12.1,True,False,,,SE
C003993,CD-SP1,proprio,2025-11-01,tarde,anuncio,3.7,True,False,,,SE
C003994,CD-SP1,proprio,2025-11-29,noite,indicacao,4.6,True,False,2026-02-02,voluntario,SE
C003995,CD-SP1,proprio,2025-11-07,manha,indicacao,24.0,True,False,,,SE
C003996,CD-SP1,proprio,2025-11-12,tarde,anuncio,11.9,True,False,,,SE
C003997,CD-SP1,proprio,2025-11-23,manha,indicacao,17.3,True,False,,,SE
C003998,CD-SP1,proprio,2025-11-12,tarde,anuncio,5.3,True,False,2025-11-14,voluntario,SE
C003999,CD-SP1,proprio,2025-11-10,noite,agencia,13.8,True,False,,,SE
C004000,CD-SP1,proprio,2025-11-01,tarde,agencia,6.2,True,False,,,SE
C004001,CD-SP1,proprio,2025-11-01,tarde,anuncio,4.9,True,False,2025-11-22,involuntario,SE
C004002,CD-SP1,proprio,2025-11-06,noite,agencia,10.0,True,False,2025-11-27,voluntario,SE
C004003,CD-SP1,proprio,2025-11-01,tarde,indicacao,4.8,True,False,2025-11-13,involuntario,SE
C004004,CD-SP1,proprio,2025-11-29,tarde,anuncio,7.2,True,False,,,SE
C004005,CD-SP1,proprio,2025-11-27,manha,agencia,6.7,True,False,2025-12-05,voluntario,SE
C004006,CD-SP1,proprio,2025-11-29,tarde,indicacao,2.5,True,False,2026-03-06,voluntario,SE
C004007,CD-SP1,proprio,2025-11-28,manha,anuncio,3.3,True,False,2026-02-08,voluntario,SE
C004008,CD-SP1,proprio,2025-11-27,manha,anuncio,9.8,True,False,2025-11-29,voluntario,SE
C004009,CD-SP1,proprio,2025-11-19,manha,anuncio,6.2,True,False,,,SE
C004010,CD-SP1,proprio,2025-11-22,manha,agencia,13.6,True,False,,,SE
C004011,CD-SP1,proprio,2025-11-11,manha,anuncio,9.8,True,False,,,SE
C004012,CD-SP1,proprio,2025-11-02,tarde,anuncio,8.3,True,False,,,SE
C004013,CD-SP1,proprio,2025-11-11,manha,agencia,21.7,True,False,,,SE
C004014,CD-SP1,proprio,2025-11-22,tarde,agencia,11.7,True,False,2026-04-27,voluntario,SE
C004015,CD-SP1,proprio,2025-11-18,manha,agencia,9.9,True,False,,,SE
C004016,CD-SP1,proprio,2025-11-17,noite,indicacao,12.4,True,False,,,SE
C004017,CD-SP1,proprio,2025-11-25,manha,anuncio,11.1,True,False,,,SE
C004018,CD-SP1,proprio,2025-11-09,noite,anuncio,8.5,True,False,,,SE
C004019,CD-SP1,proprio,2025-11-06,tarde,indicacao,10.2,True,False,2026-04-11,voluntario,SE
C004020,CD-SP1,proprio,2025-11-22,noite,agencia,6.4,True,False,2025-12-10,voluntario,SE
C004021,CD-SP1,proprio,2025-11-14,noite,agencia,13.6,True,False,,,SE
C004022,CD-SP1,proprio,2025-11-28,manha,indicacao,7.6,True,False,,,SE
C004023,CD-SP1,proprio,2025-11-14,noite,agencia,12.0,True,False,2025-12-15,voluntario,SE
C004024,CD-SP1,proprio,2025-11-10,tarde,indicacao,7.0,True,False,,,SE
C004025,CD-SP1,proprio,2025-11-24,tarde,anuncio,2.7,True,False,2026-05-12,voluntario,SE
C004026,CD-SP1,proprio,2025-11-09,tarde,anuncio,10.7,True,False,,,SE
C004027,CD-SP1,proprio,2025-11-21,tarde,anuncio,28.5,True,False,,,SE
C004028,CD-SP1,proprio,2025-11-17,tarde,agencia,5.5,True,False,2026-01-28,voluntario,SE
C004029,CD-SP1,proprio,2025-11-23,noite,agencia,8.2,True,False,2025-12-24,voluntario,SE
C004030,CD-SP1,proprio,2025-11-27,manha,indicacao,10.3,True,False,2026-06-08,voluntario,SE
C004031,CD-SP1,proprio,2025-11-08,noite,anuncio,11.0,True,False,,,SE
C004032,CD-SP1,proprio,2025-11-23,tarde,agencia,14.1,True,False,2026-04-26,voluntario,SE
C004033,CD-SP1,proprio,2025-11-24,noite,indicacao,7.1,True,False,,,SE
C004034,CD-SP1,proprio,2025-11-24,manha,anuncio,6.5,True,False,,,SE
C004035,CD-SP1,proprio,2025-11-13,manha,agencia,5.1,True,False,,,SE
C004036,CD-SP1,proprio,2025-11-06,manha,indicacao,11.4,True,False,,,SE
C004037,CD-SP1,proprio,2025-11-28,noite,anuncio,14.0,True,False,2025-12-20,voluntario,SE
C004038,CD-SP1,proprio,2025-11-18,tarde,anuncio,10.7,True,False,,,SE
C004039,CD-SP1,proprio,2025-11-06,noite,agencia,9.7,True,False,,,SE
C004040,CD-SP1,proprio,2025-11-21,noite,anuncio,8.2,True,False,2025-12-04,voluntario,SE
C004041,CD-SP1,proprio,2025-11-18,tarde,anuncio,17.2,True,False,2026-08-15,voluntario,SE
C004042,CD-SP1,proprio,2025-11-23,noite,agencia,21.9,True,False,,,SE
C004043,CD-SP1,proprio,2025-11-26,manha,anuncio,8.3,True,False,2026-03-07,involuntario,SE
C004044,CD-SP1,proprio,2025-11-16,manha,agencia,5.6,True,False,2026-02-26,involuntario,SE
C004045,CD-SP1,proprio,2025-11-04,tarde,anuncio,4.6,True,False,,,SE
C004046,CD-SP1,proprio,2025-11-21,tarde,anuncio,13.9,True,False,,,SE
C004047,CD-SP1,proprio,2025-11-12,tarde,agencia,4.8,True,False,2025-11-15,voluntario,SE
C004048,CD-SP1,proprio,2025-11-11,noite,indicacao,6.9,True,False,,,SE
C004049,CD-SP1,proprio,2025-11-03,manha,indicacao,6.2,True,False,,,SE
C004050,CD-SP1,proprio,2025-11-25,noite,anuncio,21.5,True,False,2026-01-11,voluntario,SE
C004051,CD-SP1,proprio,2025-11-04,noite,anuncio,14.3,True,False,2025-11-24,voluntario,SE
C004052,CD-SP1,proprio,2025-11-19,manha,anuncio,19.4,True,False,2025-11-27,voluntario,SE
C004053,CD-SP1,proprio,2025-11-04,manha,anuncio,7.4,True,False,2026-04-29,voluntario,SE
C004054,CD-SP1,proprio,2025-11-03,noite,indicacao,15.8,True,False,,,SE
C004055,CD-SP1,proprio,2025-11-02,manha,agencia,14.2,True,False,2026-01-19,involuntario,SE
C004056,CD-SP1,proprio,2025-11-20,tarde,agencia,11.2,True,False,2026-03-26,voluntario,SE
C004057,CD-SP1,proprio,2025-11-30,manha,agencia,6.4,True,False,,,SE
C004058,CD-SP1,proprio,2025-11-13,manha,anuncio,9.0,True,False,,,SE
C004059,CD-SP1,proprio,2025-11-25,noite,indicacao,11.6,True,False,2026-08-07,voluntario,SE
C004060,CD-SP1,proprio,2025-11-24,tarde,agencia,8.2,True,False,2025-12-20,involuntario,SE
C004061,CD-SP1,proprio,2025-11-12,noite,anuncio,6.4,True,False,2026-08-20,involuntario,SE
C004062,CD-SP1,proprio,2025-11-10,manha,indicacao,23.6,True,False,2026-05-17,involuntario,SE
C004063,CD-SP1,proprio,2025-11-24,manha,indicacao,11.5,True,False,,,SE
C004064,CD-SP1,proprio,2025-11-30,tarde,indicacao,8.7,True,False,2025-12-13,voluntario,SE
C004065,CD-SP1,proprio,2025-11-23,noite,indicacao,13.7,True,False,2025-12-07,voluntario,SE
C004066,CD-SP2,3PL,2025-11-28,manha,indicacao,16.6,True,False,,,SE
C004067,CD-SP2,3PL,2025-11-16,manha,agencia,5.4,True,False,2026-03-04,involuntario,SE
C004068,CD-SP2,3PL,2025-11-23,noite,anuncio,3.1,True,False,,,SE
C004069,CD-SP2,3PL,2025-11-30,noite,agencia,10.8,True,False,,,SE
C004070,CD-SP2,3PL,2025-11-17,noite,anuncio,15.2,True,False,,,SE
C004071,CD-SP2,3PL,2025-11-09,noite,anuncio,17.5,True,False,,,SE
C004072,CD-SP2,3PL,2025-11-22,manha,agencia,12.2,True,False,2026-09-14,voluntario,SE
C004073,CD-SP2,3PL,2025-11-17,noite,agencia,4.7,True,False,2025-11-29,involuntario,SE
C004074,CD-SP2,3PL,2025-11-05,manha,agencia,10.9,True,False,,,SE
C004075,CD-SP2,3PL,2025-11-28,tarde,anuncio,12.7,True,False,2026-07-09,voluntario,SE
C004076,CD-SP2,3PL,2025-11-14,noite,agencia,7.6,True,False,2025-12-19,involuntario,SE
C004077,CD-SP2,3PL,2025-11-03,tarde,anuncio,13.4,True,False,,,SE
C004078,CD-SP2,3PL,2025-11-17,manha,agencia,4.4,True,False,2025-11-22,voluntario,SE
C004079,CD-SP2,3PL,2025-11-14,noite,agencia,21.3,True,False,2025-12-03,voluntario,SE
C004080,CD-SP2,3PL,2025-11-25,manha,agencia,6.5,True,False,2026-07-30,involuntario,SE
C004081,CD-SP2,3PL,2025-11-15,manha,anuncio,3.8,True,False,2025-12-08,voluntario,SE
C004082,CD-SP2,3PL,2025-11-02,manha,anuncio,5.9,True,False,,,SE
C004083,CD-SP2,3PL,2025-11-16,noite,anuncio,13.4,True,False,2025-11-29,voluntario,SE
C004084,CD-SP2,3PL,2025-11-06,manha,agencia,13.7,True,False,,,SE
C004085,CD-SP2,3PL,2025-11-13,manha,agencia,9.7,True,False,2025-11-15,voluntario,SE
C004086,CD-SP2,3PL,2025-11-25,noite,anuncio,3.0,True,False,2025-12-05,voluntario,SE
C004087,CD-SP2,3PL,2025-11-05,tarde,agencia,5.2,True,False,2025-11-17,voluntario,SE
C004088,CD-SP2,3PL,2025-11-05,noite,indicacao,7.3,True,False,,,SE
C004089,CD-SP2,3PL,2025-11-20,manha,agencia,7.5,True,False,2025-12-17,voluntario,SE
C004090,CD-SP2,3PL,2025-11-14,noite,agencia,4.7,True,False,2026-05-16,voluntario,SE
C004091,CD-SP2,3PL,2025-11-01,tarde,agencia,8.1,True,False,,,SE
C004092,CD-SP2,3PL,2025-11-14,noite,indicacao,15.3,True,False,,,SE
C004093,CD-SP2,3PL,2025-11-29,noite,anuncio,9.3,True,False,,,SE
C004094,CD-SP2,3PL,2025-11-15,manha,anuncio,19.9,True,False,2026-01-19,voluntario,SE
C004095,CD-SP2,3PL,2025-11-04,tarde,anuncio,8.7,True,False,,,SE
C004096,CD-SP2,3PL,2025-11-21,tarde,anuncio,19.9,True,False,2025-12-12,voluntario,SE
C004097,CD-SP2,3PL,2025-11-15,noite,anuncio,23.1,True,False,2026-09-23,voluntario,SE
C004098,CD-SP2,3PL,2025-11-24,tarde,agencia,11.1,True,False,2025-11-27,voluntario,SE
C004099,CD-SP2,3PL,2025-11-06,tarde,anuncio,9.7,True,False,2026-03-19,voluntario,SE
C004100,CD-SP2,3PL,2025-11-29,manha,agencia,18.0,True,False,2026-09-26,involuntario,SE
C004101,CD-SP2,3PL,2025-11-01,manha,anuncio,16.5,True,False,2025-12-02,voluntario,SE
C004102,CD-SP2,3PL,2025-11-27,manha,anuncio,7.7,True,False,2026-01-01,involuntario,SE
C004103,CD-SP2,3PL,2025-11-02,manha,indicacao,7.6,True,False,2026-01-01,voluntario,SE
C004104,CD-SP2,3PL,2025-11-10,manha,anuncio,11.5,True,False,2025-11-13,involuntario,SE
C004105,CD-SP2,3PL,2025-11-11,noite,agencia,4.6,True,False,2026-02-02,involuntario,SE
C004106,CD-SP2,3PL,2025-11-26,manha,anuncio,11.6,True,False,2025-12-04,involuntario,SE
C004107,CD-SP2,3PL,2025-11-21,manha,anuncio,9.2,True,False,2025-11-24,involuntario,SE
C004108,CD-SP2,3PL,2025-11-03,manha,indicacao,5.0,True,False,,,SE
C004109,CD-SP2,3PL,2025-11-01,noite,indicacao,7.3,True,False,,,SE
C004110,CD-SP2,3PL,2025-11-04,noite,anuncio,11.9,True,False,,,SE
C004111,CD-SP2,3PL,2025-11-18,manha,anuncio,8.1,True,False,,,SE
C004112,CD-SP2,3PL,2025-11-10,manha,indicacao,10.6,True,False,2026-07-19,voluntario,SE
C004113,CD-SP2,3PL,2025-11-30,tarde,agencia,13.3,True,False,2025-12-06,voluntario,SE
C004114,CD-SP2,3PL,2025-11-24,noite,indicacao,21.1,True,False,2025-11-27,voluntario,SE
C004115,CD-SP2,3PL,2025-11-04,tarde,agencia,7.4,True,False,,,SE
C004116,CD-SP2,3PL,2025-11-01,tarde,indicacao,8.4,True,False,2025-11-16,voluntario,SE
C004117,CD-SP2,3PL,2025-11-12,noite,anuncio,9.9,True,False,2025-11-15,voluntario,SE
C004118,CD-SP2,3PL,2025-11-21,noite,agencia,25.7,True,False,2026-02-02,voluntario,SE
C004119,CD-SP2,3PL,2025-11-14,tarde,indicacao,16.2,True,False,2026-06-07,voluntario,SE
C004120,CD-SP2,3PL,2025-11-01,tarde,indicacao,5.6,True,False,2025-11-07,voluntario,SE
C004121,CD-SP2,3PL,2025-11-07,manha,indicacao,4.0,True,False,,,SE
C004122,CD-SP2,3PL,2025-11-09,manha,anuncio,18.2,True,False,2025-11-12,voluntario,SE
C004123,CD-SP2,3PL,2025-11-23,manha,indicacao,10.1,True,False,,,SE
C004124,CD-SP2,3PL,2025-11-05,manha,agencia,19.9,True,False,2025-11-29,involuntario,SE
C004125,CD-SP2,3PL,2025-11-10,tarde,anuncio,20.8,True,False,,,SE
C004126,CD-SP2,3PL,2025-11-17,manha,indicacao,7.1,True,False,2026-03-14,involuntario,SE
C004127,CD-SP2,3PL,2025-11-18,tarde,agencia,8.7,True,False,2025-12-03,voluntario,SE
C004128,CD-SP2,3PL,2025-11-04,manha,indicacao,13.7,True,False,2025-11-13,voluntario,SE
C004129,CD-SP2,3PL,2025-11-02,manha,agencia,5.8,True,False,,,SE
C004130,CD-SP2,3PL,2025-11-22,tarde,indicacao,9.7,True,False,,,SE
C004131,CD-SP2,3PL,2025-11-12,noite,anuncio,8.2,True,False,2025-12-11,voluntario,SE
C004132,CD-SP2,3PL,2025-11-01,manha,agencia,7.1,True,False,2026-08-01,voluntario,SE
C004133,CD-SP2,3PL,2025-11-26,manha,agencia,13.2,True,False,2025-12-18,voluntario,SE
C004134,CD-SP2,3PL,2025-11-01,tarde,agencia,8.7,True,False,2025-11-10,involuntario,SE
C004135,CD-SP2,3PL,2025-11-11,noite,anuncio,5.8,True,False,2025-11-27,voluntario,SE
C004136,CD-SP2,3PL,2025-11-28,tarde,agencia,15.2,True,False,2026-04-23,voluntario,SE
C004137,CD-SP2,3PL,2025-11-11,tarde,anuncio,17.1,True,False,,,SE
C004138,CD-SP2,3PL,2025-11-20,manha,anuncio,15.5,True,False,2026-08-30,voluntario,SE
C004139,CD-SP2,3PL,2025-11-30,manha,agencia,6.7,True,False,2026-05-26,voluntario,SE
C004140,CD-SP2,3PL,2025-11-04,manha,anuncio,11.4,True,False,,,SE
C004141,CD-SP2,3PL,2025-11-12,noite,agencia,9.8,True,False,2025-11-29,involuntario,SE
C004142,CD-SP2,3PL,2025-11-12,manha,anuncio,9.6,True,False,2025-12-23,voluntario,SE
C004143,CD-SP2,3PL,2025-11-03,manha,agencia,12.2,True,False,,,SE
C004144,CD-SP2,3PL,2025-11-11,tarde,agencia,12.9,True,False,,,SE
C004145,CD-SP2,3PL,2025-11-12,manha,agencia,21.6,True,False,2025-12-07,voluntario,SE
C004146,CD-SP2,3PL,2025-11-29,tarde,agencia,12.0,True,False,2025-12-01,involuntario,SE
C004147,CD-SP2,3PL,2025-11-03,noite,anuncio,11.3,True,False,2025-11-05,involuntario,SE
C004148,CD-SP2,3PL,2025-11-26,noite,indicacao,11.5,True,False,2025-12-29,involuntario,SE
C004149,CD-SP2,3PL,2025-11-13,manha,indicacao,23.0,True,False,,,SE
C004150,CD-SP2,3PL,2025-11-01,tarde,agencia,4.3,True,False,2025-11-13,involuntario,SE
C004151,CD-SP2,3PL,2025-11-11,manha,indicacao,16.6,True,False,,,SE
C004152,CD-SP2,3PL,2025-11-06,noite,agencia,12.5,True,False,2025-12-11,voluntario,SE
C004153,CD-SP2,3PL,2025-11-11,tarde,agencia,9.4,True,False,2025-12-22,voluntario,SE
C004154,CD-SP2,3PL,2025-11-24,manha,anuncio,11.1,True,False,,,SE
C004155,CD-SP2,3PL,2025-11-27,manha,indicacao,20.1,True,False,2025-12-19,involuntario,SE
C004156,CD-SP2,3PL,2025-11-05,noite,anuncio,12.2,True,False,2025-11-23,involuntario,SE
C004157,CD-SP2,3PL,2025-11-26,noite,anuncio,12.6,True,False,,,SE
C004158,CD-SP2,3PL,2025-11-20,tarde,anuncio,9.1,True,False,2026-03-25,voluntario,SE
C004159,CD-SP2,3PL,2025-11-01,manha,indicacao,14.9,True,False,,,SE
C004160,CD-SP2,3PL,2025-11-14,tarde,anuncio,15.2,True,False,2025-12-16,voluntario,SE
C004161,CD-SP2,3PL,2025-11-24,manha,agencia,3.1,True,False,2025-12-16,voluntario,SE
C004162,CD-SP2,3PL,2025-11-20,manha,agencia,11.1,True,False,2025-12-02,voluntario,SE
C004163,CD-SP2,3PL,2025-11-03,noite,anuncio,37.2,True,False,,,SE
C004164,CD-SP2,3PL,2025-11-21,noite,indicacao,23.2,True,False,,,SE
C004165,CD-SP2,3PL,2025-11-08,tarde,indicacao,17.2,True,False,2025-12-03,involuntario,SE
C004166,CD-SP2,3PL,2025-11-27,noite,anuncio,9.5,True,False,,,SE
C004167,CD-SP2,3PL,2025-11-25,manha,anuncio,18.1,True,False,2025-12-12,voluntario,SE
C004168,CD-SP2,3PL,2025-11-07,tarde,anuncio,11.0,True,False,2025-12-13,voluntario,SE
C004169,CD-SP2,3PL,2025-11-29,manha,agencia,3.7,True,False,,,SE
C004170,CD-SP2,3PL,2025-11-23,manha,agencia,8.8,True,False,2026-03-07,voluntario,SE
C004171,CD-SP2,3PL,2025-11-19,noite,agencia,4.1,True,False,2025-12-05,involuntario,SE
C004172,CD-SP2,3PL,2025-11-25,tarde,anuncio,9.1,True,False,2025-12-27,involuntario,SE
C004173,CD-SP2,3PL,2025-11-02,tarde,agencia,33.0,True,False,2025-12-05,voluntario,SE
C004174,CD-SP2,3PL,2025-11-03,noite,anuncio,6.5,True,False,2025-11-23,voluntario,SE
C004175,CD-SP2,3PL,2025-11-22,tarde,anuncio,15.2,True,False,2026-09-24,voluntario,SE
C004176,CD-SP2,3PL,2025-11-04,manha,indicacao,4.3,True,False,,,SE
C004177,CD-SP2,3PL,2025-11-21,manha,agencia,10.5,True,False,2025-12-05,voluntario,SE
C004178,CD-SP2,3PL,2025-11-15,manha,anuncio,3.8,True,False,,,SE
C004179,CD-SP2,3PL,2025-11-05,manha,indicacao,4.4,True,False,2026-09-15,voluntario,SE
C004180,CD-SP2,3PL,2025-11-01,manha,indicacao,13.4,True,False,2025-12-12,involuntario,SE
C004181,CD-SP2,3PL,2025-11-10,tarde,anuncio,8.4,True,False,2025-12-31,involuntario,SE
C004182,CD-SP2,3PL,2025-11-03,tarde,agencia,8.7,True,False,,,SE
C004183,CD-SP2,3PL,2025-11-14,noite,anuncio,9.1,True,False,2025-11-29,voluntario,SE
C004184,CD-SP2,3PL,2025-11-17,manha,agencia,2.8,True,False,,,SE
C004185,CD-SP2,3PL,2025-11-28,noite,anuncio,7.1,True,False,,,SE
C004186,CD-SP2,3PL,2025-11-30,tarde,agencia,9.0,True,False,2026-04-02,involuntario,SE
C004187,CD-SP2,3PL,2025-11-05,noite,indicacao,11.2,True,False,,,SE
C004188,CD-SP2,3PL,2025-11-01,tarde,agencia,2.1,True,False,2025-11-13,involuntario,SE
C004189,CD-SP2,3PL,2025-11-04,tarde,agencia,16.0,True,False,2025-11-28,involuntario,SE
C004190,CD-SP2,3PL,2025-11-29,manha,anuncio,5.1,True,False,,,SE
C004191,CD-SP2,3PL,2025-11-08,noite,indicacao,12.2,True,False,2025-12-24,voluntario,SE
C004192,CD-SP2,3PL,2025-11-12,manha,anuncio,9.4,True,False,2025-11-20,voluntario,SE
C004193,CD-SP2,3PL,2025-11-07,noite,agencia,15.3,True,False,,,SE
C004194,CD-SP2,3PL,2025-11-16,tarde,agencia,21.3,True,False,,,SE
C004195,CD-SP2,3PL,2025-11-09,tarde,anuncio,9.5,True,False,2025-11-11,involuntario,SE
C004196,CD-SP2,3PL,2025-11-25,manha,anuncio,10.5,True,False,,,SE
C004197,CD-SP2,3PL,2025-11-15,tarde,agencia,2.5,True,False,,,SE
C004198,CD-SP2,3PL,2025-11-14,manha,anuncio,5.9,True,False,,,SE
C004199,CD-SP2,3PL,2025-11-05,noite,anuncio,5.3,True,False,,,SE
C004200,CD-SP2,3PL,2025-11-24,tarde,agencia,8.7,True,False,,,SE
C004201,CD-SP2,3PL,2025-11-27,manha,anuncio,8.7,True,False,2025-12-19,voluntario,SE
C004202,CD-SP2,3PL,2025-11-05,noite,agencia,8.5,True,False,2025-11-15,voluntario,SE
C004203,CD-SP2,3PL,2025-11-25,noite,anuncio,10.7,True,False,2026-08-10,voluntario,SE
C004204,CD-SP2,3PL,2025-11-06,manha,indicacao,29.6,True,False,,,SE
C004205,CD-SP2,3PL,2025-11-16,noite,agencia,14.0,True,False,,,SE
C004206,CD-SP2,3PL,2025-11-19,noite,agencia,12.8,True,False,2025-11-22,involuntario,SE
C004207,CD-SP2,3PL,2025-11-19,noite,agencia,9.2,True,False,,,SE
C004208,CD-SP2,3PL,2025-11-05,tarde,agencia,9.3,True,False,,,SE
C004209,CD-SP2,3PL,2025-11-19,manha,anuncio,11.6,True,False,,,SE
C004210,CD-SP2,3PL,2025-11-22,tarde,anuncio,9.2,True,False,,,SE
C004211,CD-SP2,3PL,2025-11-25,manha,agencia,23.8,True,False,,,SE
C004212,CD-SP2,3PL,2025-11-21,noite,agencia,5.8,True,False,2025-12-01,voluntario,SE
C004213,CD-SP2,3PL,2025-11-04,manha,anuncio,13.4,True,False,2026-04-15,voluntario,SE
C004214,CD-SP2,3PL,2025-11-06,manha,anuncio,6.1,True,False,,,SE
C004215,CD-SP2,3PL,2025-11-06,manha,anuncio,11.4,True,False,2026-06-28,involuntario,SE
C004216,CD-SP2,3PL,2025-11-30,manha,anuncio,12.1,True,False,,,SE
C004217,CD-SP2,3PL,2025-11-12,noite,indicacao,11.4,True,False,,,SE
C004218,CD-SP2,3PL,2025-11-24,manha,indicacao,8.1,True,False,,,SE
C004219,CD-SP2,3PL,2025-11-17,noite,agencia,4.6,True,False,2025-12-10,voluntario,SE
C004220,CD-SP2,3PL,2025-11-10,noite,agencia,7.5,True,False,2026-01-07,voluntario,SE
C004221,CD-SP2,3PL,2025-11-01,manha,indicacao,11.7,True,False,2026-01-02,voluntario,SE
C004222,CD-SP2,3PL,2025-11-28,tarde,anuncio,2.7,True,False,2026-01-21,voluntario,SE
C004223,CD-SP2,3PL,2025-11-24,noite,indicacao,11.1,True,False,,,SE
C004224,CD-SP2,3PL,2025-11-28,tarde,agencia,7.8,True,False,,,SE
C004225,CD-SP2,3PL,2025-11-14,noite,indicacao,4.5,True,False,,,SE
C004226,CD-SP2,3PL,2025-11-19,manha,anuncio,9.9,True,False,,,SE
C004227,CD-SP2,3PL,2025-11-24,noite,anuncio,21.4,True,False,2025-11-27,voluntario,SE
C004228,CD-SP2,3PL,2025-11-24,noite,agencia,17.0,True,False,2025-12-09,voluntario,SE
C004229,CD-SP2,3PL,2025-11-16,tarde,indicacao,5.7,True,False,,,SE
C004230,CD-SP2,3PL,2025-11-03,manha,agencia,29.5,True,False,2025-12-04,voluntario,SE
C004231,CD-SP2,3PL,2025-11-05,manha,anuncio,12.4,True,False,2026-03-25,voluntario,SE
C004232,CD-SP2,3PL,2025-11-28,noite,indicacao,14.2,True,False,2025-11-29,involuntario,SE
C004233,CD-SP2,3PL,2025-11-03,tarde,agencia,9.4,True,False,2025-12-16,voluntario,SE
C004234,CD-SP2,3PL,2025-11-01,noite,agencia,7.6,True,False,,,SE
C004235,CD-SP2,3PL,2025-11-23,manha,indicacao,3.7,True,False,,,SE
C004236,CD-SP2,3PL,2025-11-01,noite,anuncio,21.5,True,False,2025-12-19,involuntario,SE
C004237,CD-SP2,3PL,2025-11-06,tarde,agencia,11.2,True,False,2026-01-15,involuntario,SE
C004238,CD-SP2,3PL,2025-11-07,manha,anuncio,8.1,True,False,,,SE
C004239,CD-SP2,3PL,2025-11-21,manha,anuncio,17.0,True,False,,,SE
C004240,CD-SP2,3PL,2025-11-02,tarde,anuncio,10.3,True,False,,,SE
C004241,CD-SP2,3PL,2025-11-04,manha,anuncio,4.5,True,False,,,SE
C004242,CD-SP2,3PL,2025-11-06,tarde,agencia,9.1,True,False,2025-11-17,involuntario,SE
C004243,CD-SP2,3PL,2025-11-20,noite,agencia,6.9,True,False,2025-11-21,involuntario,SE
C004244,CD-SP2,3PL,2025-11-07,manha,indicacao,7.1,True,False,2026-07-26,voluntario,SE
C004245,CD-SP2,3PL,2025-11-26,noite,anuncio,21.1,True,False,,,SE
C004246,CD-SP2,3PL,2025-11-12,manha,agencia,12.1,True,False,2025-12-21,voluntario,SE
C004247,CD-SP2,3PL,2025-11-15,noite,anuncio,13.9,True,False,2025-12-09,voluntario,SE
C004248,CD-SP2,3PL,2025-11-12,manha,anuncio,17.8,True,False,,,SE
C004249,CD-SP2,3PL,2025-11-13,noite,agencia,13.5,True,False,2025-11-20,voluntario,SE
C004250,CD-SP2,3PL,2025-11-14,tarde,agencia,13.4,True,False,2025-12-10,voluntario,SE
C004251,CD-AM1,3PL,2025-12-09,noite,indicacao,12.8,False,False,2026-01-14,voluntario,N
C004252,CD-AM1,3PL,2025-12-16,noite,indicacao,10.0,False,False,2026-07-24,voluntario,N
C004253,CD-AM1,3PL,2025-12-13,noite,anuncio,10.0,False,False,2025-12-28,voluntario,N
C004254,CD-AM1,3PL,2025-12-07,noite,anuncio,6.2,False,False,2026-03-26,voluntario,N
C004255,CD-AM1,3PL,2025-12-28,manha,agencia,7.6,False,False,,,N
C004256,CD-AM1,3PL,2025-12-04,tarde,indicacao,11.0,False,False,2026-01-08,involuntario,N
C004257,CD-AM1,3PL,2025-12-02,manha,anuncio,10.4,False,False,,,N
C004258,CD-AM1,3PL,2025-12-06,manha,agencia,6.3,False,False,,,N
C004259,CD-AM1,3PL,2025-12-16,noite,anuncio,8.4,False,False,2026-01-19,involuntario,N
C004260,CD-AM1,3PL,2025-12-10,tarde,anuncio,7.5,False,False,,,N
C004261,CD-AM1,3PL,2025-12-31,noite,anuncio,17.7,False,False,,,N
C004262,CD-AM1,3PL,2025-12-31,tarde,agencia,8.8,False,False,2026-02-20,involuntario,N
C004263,CD-AM1,3PL,2025-12-21,tarde,agencia,7.1,False,False,,,N
C004264,CD-AM1,3PL,2025-12-21,noite,agencia,5.1,False,False,,,N
C004265,CD-AM1,3PL,2025-12-27,manha,indicacao,4.9,False,False,2026-03-29,voluntario,N
C004266,CD-AM1,3PL,2025-12-04,tarde,anuncio,4.0,False,False,,,N
C004267,CD-AM1,3PL,2025-12-31,tarde,anuncio,12.3,False,False,2026-02-28,voluntario,N
C004268,CD-AM1,3PL,2025-12-21,manha,anuncio,4.8,False,False,,,N
C004269,CD-AM1,3PL,2025-12-20,noite,indicacao,5.1,False,False,2026-07-04,voluntario,N
C004270,CD-AM1,3PL,2025-12-24,manha,agencia,2.7,False,False,,,N
C004271,CD-AM1,3PL,2025-12-05,noite,anuncio,6.3,False,False,,,N
C004272,CD-AM1,3PL,2025-12-04,manha,agencia,3.5,False,False,,,N
C004273,CD-AM1,3PL,2025-12-24,manha,anuncio,3.7,False,False,2026-02-11,voluntario,N
C004274,CD-AM1,3PL,2025-12-05,manha,indicacao,13.5,False,False,,,N
C004275,CD-AM1,3PL,2025-12-23,tarde,indicacao,9.0,False,False,,,N
C004276,CD-AM1,3PL,2025-12-27,manha,indicacao,6.6,False,False,,,N
C004277,CD-GO1,3PL,2025-12-09,tarde,anuncio,14.9,False,False,2026-01-08,involuntario,CO
C004278,CD-GO1,3PL,2025-12-19,tarde,agencia,7.6,False,False,2026-01-15,voluntario,CO
C004279,CD-GO1,3PL,2025-12-15,noite,indicacao,4.5,False,False,,,CO
C004280,CD-GO1,3PL,2025-12-25,noite,agencia,13.6,False,False,2026-07-16,voluntario,CO
C004281,CD-GO1,3PL,2025-12-20,tarde,indicacao,13.1,False,False,2025-12-25,voluntario,CO
C004282,CD-GO1,3PL,2025-12-25,tarde,agencia,5.6,False,False,2026-01-05,voluntario,CO
C004283,CD-GO1,3PL,2025-12-24,tarde,anuncio,6.5,False,False,,,CO
C004284,CD-GO1,3PL,2025-12-20,manha,anuncio,6.8,False,False,,,CO
C004285,CD-GO1,3PL,2025-12-12,tarde,anuncio,21.9,False,False,,,CO
C004286,CD-GO1,3PL,2025-12-18,manha,indicacao,6.7,False,False,,,CO
C004287,CD-GO1,3PL,2025-12-27,noite,anuncio,7.2,False,False,2026-07-09,voluntario,CO
C004288,CD-GO1,3PL,2025-12-27,tarde,anuncio,5.9,False,False,2026-01-11,involuntario,CO
C004289,CD-GO1,3PL,2025-12-18,tarde,anuncio,5.7,False,False,,,CO
C004290,CD-GO1,3PL,2025-12-04,manha,anuncio,11.6,False,False,2026-08-25,voluntario,CO
C004291,CD-GO1,3PL,2025-12-03,noite,indicacao,18.9,False,False,,,CO
C004292,CD-GO1,3PL,2025-12-09,noite,agencia,5.6,False,False,2026-02-01,voluntario,CO
C004293,CD-GO1,3PL,2025-12-31,noite,anuncio,2.3,False,False,2026-01-21,voluntario,CO
C004294,CD-GO1,3PL,2025-12-01,tarde,anuncio,9.4,False,False,2025-12-06,involuntario,CO
C004295,CD-GO1,3PL,2025-12-27,noite,anuncio,2.1,False,False,,,CO
C004296,CD-GO1,3PL,2025-12-31,tarde,anuncio,7.7,False,False,,,CO
C004297,CD-GO1,3PL,2025-12-06,noite,agencia,8.8,False,False,2026-01-21,voluntario,CO
C004298,CD-GO1,3PL,2025-12-11,tarde,anuncio,4.0,False,False,,,CO
C004299,CD-GO1,3PL,2025-12-29,noite,agencia,9.8,False,False,2026-01-08,voluntario,CO
C004300,CD-GO1,3PL,2025-12-05,noite,agencia,8.1,False,False,,,CO
C004301,CD-GO1,3PL,2025-12-26,tarde,agencia,3.3,False,False,2026-06-19,voluntario,CO
C004302,CD-GO1,3PL,2025-12-20,manha,agencia,5.4,False,False,,,CO
C004303,CD-GO1,3PL,2025-12-27,manha,agencia,8.6,False,False,,,CO
C004304,CD-GO1,3PL,2025-12-12,tarde,agencia,14.6,False,False,,,CO
C004305,CD-GO1,3PL,2025-12-04,manha,agencia,6.4,False,False,2025-12-13,involuntario,CO
C004306,CD-GO1,3PL,2025-12-19,manha,agencia,7.2,False,False,2026-04-13,involuntario,CO
C004307,CD-GO1,3PL,2025-12-23,noite,indicacao,5.0,False,False,,,CO
C004308,CD-PE1,proprio,2025-12-05,noite,anuncio,9.8,False,False,,,NE
C004309,CD-PE1,proprio,2025-12-08,tarde,agencia,8.2,False,False,,,NE
C004310,CD-PE1,proprio,2025-12-14,manha,indicacao,11.6,False,False,,,NE
C004311,CD-PE1,proprio,2025-12-18,manha,anuncio,6.1,False,False,2026-05-21,involuntario,NE
C004312,CD-PE1,proprio,2025-12-13,noite,indicacao,5.4,False,False,2026-01-10,voluntario,NE
C004313,CD-PE1,proprio,2025-12-19,tarde,agencia,7.2,False,False,2025-12-26,voluntario,NE
C004314,CD-PE1,proprio,2025-12-18,noite,agencia,8.0,False,False,2025-12-26,voluntario,NE
C004315,CD-PE1,proprio,2025-12-03,tarde,agencia,10.4,False,False,,,NE
C004316,CD-PE1,proprio,2025-12-10,tarde,anuncio,11.9,False,False,,,NE
C004317,CD-PE1,proprio,2025-12-13,manha,agencia,11.0,False,False,,,NE
C004318,CD-PE1,proprio,2025-12-17,manha,indicacao,7.0,False,False,,,NE
C004319,CD-PE1,proprio,2025-12-26,tarde,agencia,15.5,False,False,,,NE
C004320,CD-PE1,proprio,2025-12-25,manha,anuncio,10.0,False,False,,,NE
C004321,CD-PE1,proprio,2025-12-25,tarde,anuncio,20.6,False,False,,,NE
C004322,CD-PE1,proprio,2025-12-19,noite,anuncio,12.3,False,False,2026-01-03,voluntario,NE
C004323,CD-PE1,proprio,2025-12-18,tarde,agencia,3.0,False,False,2026-01-30,voluntario,NE
C004324,CD-PE1,proprio,2025-12-26,manha,indicacao,3.9,False,False,2026-01-02,voluntario,NE
C004325,CD-PE1,proprio,2025-12-07,noite,anuncio,20.6,False,False,2025-12-23,involuntario,NE
C004326,CD-PE1,proprio,2025-12-05,tarde,anuncio,12.4,False,False,,,NE
C004327,CD-PE1,proprio,2025-12-03,noite,indicacao,9.2,False,False,,,NE
C004328,CD-PE1,proprio,2025-12-30,manha,anuncio,28.0,False,False,2026-06-21,involuntario,NE
C004329,CD-PE1,proprio,2025-12-27,tarde,anuncio,2.7,False,False,,,NE
C004330,CD-PE1,proprio,2025-12-21,manha,indicacao,5.4,False,False,,,NE
C004331,CD-PE1,proprio,2025-12-06,manha,anuncio,10.2,False,False,,,NE
C004332,CD-PE1,proprio,2025-12-01,manha,anuncio,7.7,False,False,,,NE
C004333,CD-PE1,proprio,2025-12-20,noite,indicacao,15.1,False,False,2026-04-14,involuntario,NE
C004334,CD-PE1,proprio,2025-12-23,manha,anuncio,27.1,False,False,,,NE
C004335,CD-PE1,proprio,2025-12-23,noite,agencia,14.0,False,False,2026-02-13,voluntario,NE
C004336,CD-PE1,proprio,2025-12-18,tarde,indicacao,3.0,False,False,2026-01-14,voluntario,NE
C004337,CD-PE1,proprio,2025-12-02,manha,anuncio,22.6,False,False,,,NE
C004338,CD-PE1,proprio,2025-12-15,tarde,agencia,8.8,False,False,,,NE
C004339,CD-PE1,proprio,2025-12-06,noite,agencia,6.2,False,False,,,NE
C004340,CD-PE1,proprio,2025-12-11,tarde,agencia,3.3,False,False,,,NE
C004341,CD-PE1,proprio,2025-12-29,noite,agencia,9.2,False,False,,,NE
C004342,CD-PE1,proprio,2025-12-12,tarde,agencia,3.7,False,False,,,NE
C004343,CD-PE1,proprio,2025-12-29,tarde,agencia,5.8,False,False,2025-12-30,involuntario,NE
C004344,CD-PE1,proprio,2025-12-09,noite,anuncio,4.1,False,False,,,NE
C004345,CD-PE1,proprio,2025-12-09,manha,anuncio,7.3,False,False,,,NE
C004346,CD-PE1,proprio,2025-12-25,noite,indicacao,7.3,False,False,,,NE
C004347,CD-PE1,proprio,2025-12-10,noite,agencia,4.7,False,False,2025-12-17,voluntario,NE
C004348,CD-PE1,proprio,2025-12-08,tarde,anuncio,7.8,False,False,2025-12-30,voluntario,NE
C004349,CD-PE1,proprio,2025-12-21,tarde,agencia,11.9,False,False,2026-01-12,voluntario,NE
C004350,CD-PE1,proprio,2025-12-07,manha,indicacao,8.3,False,False,2025-12-22,voluntario,NE
C004351,CD-PE1,proprio,2025-12-26,manha,anuncio,34.0,False,False,,,NE
C004352,CD-PE1,proprio,2025-12-22,manha,anuncio,6.8,False,False,2026-08-17,voluntario,NE
C004353,CD-PE1,proprio,2025-12-11,noite,agencia,8.2,False,False,,,NE
C004354,CD-PE1,proprio,2025-12-15,manha,indicacao,16.7,False,False,2026-07-14,voluntario,NE
C004355,CD-PE1,proprio,2025-12-20,manha,anuncio,5.4,False,False,,,NE
C004356,CD-PE1,proprio,2025-12-22,noite,agencia,12.7,False,False,2026-04-03,involuntario,NE
C004357,CD-PE1,proprio,2025-12-04,tarde,agencia,5.0,False,False,,,NE
C004358,CD-PE1,proprio,2025-12-08,manha,anuncio,6.1,False,False,2026-07-15,voluntario,NE
C004359,CD-PE1,proprio,2025-12-31,tarde,agencia,10.4,False,False,2026-03-06,voluntario,NE
C004360,CD-PE1,proprio,2025-12-08,noite,agencia,5.8,False,False,,,NE
C004361,CD-PE1,proprio,2025-12-06,manha,agencia,6.8,False,False,,,NE
C004362,CD-PE1,proprio,2025-12-13,noite,agencia,3.0,False,False,,,NE
C004363,CD-PE1,proprio,2025-12-24,manha,anuncio,22.0,False,False,2026-09-10,voluntario,NE
C004364,CD-PE1,proprio,2025-12-04,noite,anuncio,13.1,False,False,2025-12-29,involuntario,NE
C004365,CD-PE1,proprio,2025-12-11,noite,agencia,10.9,False,False,2025-12-24,voluntario,NE
C004366,CD-PE1,proprio,2025-12-03,manha,anuncio,6.4,False,False,2026-06-10,voluntario,NE
C004367,CD-PE1,proprio,2025-12-06,manha,agencia,3.2,False,False,,,NE
C004368,CD-PE1,proprio,2025-12-30,noite,anuncio,11.0,False,False,2026-01-31,voluntario,NE
C004369,CD-PE1,proprio,2025-12-17,tarde,indicacao,10.9,False,False,,,NE
C004370,CD-PE1,proprio,2025-12-30,noite,agencia,3.1,False,False,,,NE
C004371,CD-PE1,proprio,2025-12-26,noite,anuncio,4.0,False,False,,,NE
C004372,CD-PE1,proprio,2025-12-31,noite,indicacao,8.6,False,False,,,NE
C004373,CD-PE1,proprio,2025-12-09,tarde,anuncio,10.5,False,False,,,NE
C004374,CD-PE1,proprio,2025-12-17,noite,indicacao,8.2,False,False,,,NE
C004375,CD-PE1,proprio,2025-12-17,tarde,indicacao,2.0,False,False,,,NE
C004376,CD-PE1,proprio,2025-12-17,manha,anuncio,9.7,False,False,,,NE
C004377,CD-PE1,proprio,2025-12-02,noite,agencia,8.2,False,False,,,NE
C004378,CD-PR1,proprio,2025-12-19,noite,agencia,4.0,False,False,,,S
C004379,CD-PR1,proprio,2025-12-22,noite,anuncio,8.9,False,False,2026-03-30,voluntario,S
C004380,CD-PR1,proprio,2025-12-28,noite,anuncio,6.2,False,False,,,S
C004381,CD-PR1,proprio,2025-12-25,tarde,anuncio,2.7,False,False,,,S
C004382,CD-PR1,proprio,2025-12-12,noite,agencia,9.0,False,False,2026-03-23,involuntario,S
C004383,CD-PR1,proprio,2025-12-09,manha,indicacao,14.8,False,False,2025-12-29,involuntario,S
C004384,CD-PR1,proprio,2025-12-18,manha,anuncio,17.0,False,False,,,S
C004385,CD-PR1,proprio,2025-12-30,noite,anuncio,13.9,False,False,,,S
C004386,CD-PR1,proprio,2025-12-03,noite,agencia,7.5,False,False,2026-01-04,involuntario,S
C004387,CD-PR1,proprio,2025-12-12,tarde,agencia,6.1,False,False,,,S
C004388,CD-PR1,proprio,2025-12-19,noite,indicacao,4.5,False,False,2025-12-20,voluntario,S
C004389,CD-PR1,proprio,2025-12-04,tarde,agencia,2.6,False,False,2026-05-08,involuntario,S
C004390,CD-PR1,proprio,2025-12-23,manha,anuncio,9.4,False,False,,,S
C004391,CD-PR1,proprio,2025-12-24,manha,anuncio,9.5,False,False,2026-03-09,involuntario,S
C004392,CD-PR1,proprio,2025-12-18,manha,anuncio,6.9,False,False,,,S
C004393,CD-PR1,proprio,2025-12-04,noite,agencia,17.2,False,False,2025-12-12,voluntario,S
C004394,CD-PR1,proprio,2025-12-26,manha,agencia,15.7,False,False,,,S
C004395,CD-PR1,proprio,2025-12-03,manha,anuncio,12.0,False,False,,,S
C004396,CD-PR1,proprio,2025-12-31,tarde,indicacao,5.9,False,False,,,S
C004397,CD-PR1,proprio,2025-12-17,manha,anuncio,23.8,False,False,,,S
C004398,CD-PR1,proprio,2025-12-16,tarde,agencia,18.8,False,False,2025-12-25,voluntario,S
C004399,CD-PR1,proprio,2025-12-11,noite,anuncio,4.1,False,False,,,S
C004400,CD-PR1,proprio,2025-12-17,manha,indicacao,10.2,False,False,,,S
C004401,CD-PR1,proprio,2025-12-28,manha,agencia,12.2,False,False,,,S
C004402,CD-PR1,proprio,2025-12-13,manha,agencia,4.9,False,False,,,S
C004403,CD-PR1,proprio,2025-12-12,tarde,indicacao,13.6,False,False,2026-09-11,involuntario,S
C004404,CD-PR1,proprio,2025-12-28,manha,agencia,17.1,False,False,2026-01-14,voluntario,S
C004405,CD-PR1,proprio,2025-12-09,noite,anuncio,6.0,False,False,,,S
C004406,CD-PR1,proprio,2025-12-12,manha,indicacao,7.5,False,False,,,S
C004407,CD-PR1,proprio,2025-12-03,tarde,anuncio,12.1,False,False,,,S
C004408,CD-PR1,proprio,2025-12-07,manha,anuncio,22.3,False,False,2025-12-12,voluntario,S
C004409,CD-PR1,proprio,2025-12-07,manha,agencia,12.2,False,False,2025-12-09,voluntario,S
C004410,CD-PR1,proprio,2025-12-26,noite,agencia,6.6,False,False,2026-03-11,voluntario,S
C004411,CD-PR1,proprio,2025-12-31,tarde,indicacao,7.1,False,False,2026-04-29,voluntario,S
C004412,CD-PR1,proprio,2025-12-03,manha,anuncio,10.8,False,False,2026-01-26,involuntario,S
C004413,CD-PR1,proprio,2025-12-10,noite,indicacao,9.4,False,False,,,S
C004414,CD-PR1,proprio,2025-12-05,tarde,anuncio,8.9,False,False,,,S
C004415,CD-PR1,proprio,2025-12-23,manha,agencia,4.4,False,False,,,S
C004416,CD-PR1,proprio,2025-12-14,tarde,indicacao,10.1,False,False,,,S
C004417,CD-PR1,proprio,2025-12-12,noite,anuncio,11.9,False,False,2026-02-05,voluntario,S
C004418,CD-PR1,proprio,2025-12-25,manha,agencia,6.5,False,False,,,S
C004419,CD-PR1,proprio,2025-12-20,noite,anuncio,12.0,False,False,,,S
C004420,CD-PR1,proprio,2025-12-16,tarde,anuncio,15.5,False,False,,,S
C004421,CD-PR1,proprio,2025-12-04,tarde,anuncio,13.7,False,False,,,S
C004422,CD-PR1,proprio,2025-12-12,manha,anuncio,19.0,False,False,,,S
C004423,CD-PR1,proprio,2025-12-02,noite,agencia,4.8,False,False,2026-02-11,involuntario,S
C004424,CD-PR1,proprio,2025-12-09,manha,agencia,12.1,False,False,2026-02-03,involuntario,S
C004425,CD-PR1,proprio,2025-12-29,manha,agencia,22.1,False,False,2026-01-24,voluntario,S
C004426,CD-PR1,proprio,2025-12-10,tarde,indicacao,19.2,False,False,2025-12-22,voluntario,S
C004427,CD-PR1,proprio,2025-12-20,manha,agencia,2.7,False,False,,,S
C004428,CD-PR1,proprio,2025-12-25,tarde,agencia,6.8,False,False,,,S
C004429,CD-PR1,proprio,2025-12-11,manha,agencia,10.1,False,False,,,S
C004430,CD-RJ1,proprio,2025-12-05,tarde,indicacao,2.6,False,False,,,SE
C004431,CD-RJ1,proprio,2025-12-07,noite,agencia,10.9,False,False,2025-12-24,voluntario,SE
C004432,CD-RJ1,proprio,2025-12-18,manha,anuncio,3.5,False,False,,,SE
C004433,CD-RJ1,proprio,2025-12-02,tarde,indicacao,7.1,False,False,2026-06-19,voluntario,SE
C004434,CD-RJ1,proprio,2025-12-04,manha,anuncio,6.3,False,False,,,SE
C004435,CD-RJ1,proprio,2025-12-30,noite,anuncio,6.4,False,False,,,SE
C004436,CD-RJ1,proprio,2025-12-18,noite,anuncio,7.5,False,False,,,SE
C004437,CD-RJ1,proprio,2025-12-08,tarde,anuncio,2.8,False,False,,,SE
C004438,CD-RJ1,proprio,2025-12-09,noite,indicacao,11.6,False,False,2026-01-25,involuntario,SE
C004439,CD-RJ1,proprio,2025-12-31,manha,agencia,10.1,False,False,,,SE
C004440,CD-RJ1,proprio,2025-12-17,noite,anuncio,11.2,False,False,,,SE
C004441,CD-RJ1,proprio,2025-12-04,noite,anuncio,16.5,False,False,2026-02-15,voluntario,SE
C004442,CD-RJ1,proprio,2025-12-07,tarde,indicacao,15.5,False,False,,,SE
C004443,CD-RJ1,proprio,2025-12-24,tarde,indicacao,8.9,False,False,2026-05-05,voluntario,SE
C004444,CD-RJ1,proprio,2025-12-21,noite,anuncio,11.0,False,False,2026-02-01,voluntario,SE
C004445,CD-RJ1,proprio,2025-12-15,noite,anuncio,16.0,False,False,,,SE
C004446,CD-RJ1,proprio,2025-12-10,noite,agencia,5.0,False,False,,,SE
C004447,CD-RJ1,proprio,2025-12-23,tarde,agencia,11.1,False,False,,,SE
C004448,CD-RJ1,proprio,2025-12-08,manha,anuncio,4.9,False,False,,,SE
C004449,CD-SP1,proprio,2025-12-12,noite,anuncio,4.6,False,False,2025-12-14,involuntario,SE
C004450,CD-SP1,proprio,2025-12-28,noite,anuncio,6.2,False,False,2026-05-15,involuntario,SE
C004451,CD-SP1,proprio,2025-12-09,manha,anuncio,8.6,False,False,,,SE
C004452,CD-SP1,proprio,2025-12-16,tarde,anuncio,11.3,False,False,2026-01-26,voluntario,SE
C004453,CD-SP1,proprio,2025-12-06,manha,anuncio,5.4,False,False,,,SE
C004454,CD-SP1,proprio,2025-12-01,manha,anuncio,18.4,False,False,2026-05-05,voluntario,SE
C004455,CD-SP1,proprio,2025-12-13,tarde,agencia,9.9,False,False,,,SE
C004456,CD-SP1,proprio,2025-12-05,tarde,indicacao,7.6,False,False,2026-01-22,voluntario,SE
C004457,CD-SP1,proprio,2025-12-25,manha,agencia,7.0,False,False,,,SE
C004458,CD-SP1,proprio,2025-12-04,tarde,indicacao,7.0,False,False,,,SE
C004459,CD-SP1,proprio,2025-12-28,noite,agencia,4.9,False,False,2026-01-19,involuntario,SE
C004460,CD-SP1,proprio,2025-12-22,tarde,agencia,4.8,False,False,2026-02-08,voluntario,SE
C004461,CD-SP1,proprio,2025-12-02,noite,indicacao,7.5,False,False,,,SE
C004462,CD-SP1,proprio,2025-12-10,manha,agencia,7.7,False,False,2025-12-26,involuntario,SE
C004463,CD-SP1,proprio,2025-12-07,noite,anuncio,12.9,False,False,,,SE
C004464,CD-SP1,proprio,2025-12-31,noite,anuncio,28.6,False,False,2026-03-02,involuntario,SE
C004465,CD-SP1,proprio,2025-12-12,tarde,anuncio,10.9,False,False,,,SE
C004466,CD-SP1,proprio,2025-12-04,noite,agencia,5.0,False,False,,,SE
C004467,CD-SP1,proprio,2025-12-25,noite,anuncio,7.1,False,False,,,SE
C004468,CD-SP1,proprio,2025-12-09,tarde,indicacao,25.7,False,False,,,SE
C004469,CD-SP1,proprio,2025-12-07,manha,anuncio,28.4,False,False,,,SE
C004470,CD-SP1,proprio,2025-12-04,tarde,anuncio,9.5,False,False,,,SE
C004471,CD-SP1,proprio,2025-12-27,manha,anuncio,22.4,False,False,2026-01-04,voluntario,SE
C004472,CD-SP1,proprio,2025-12-13,tarde,agencia,16.3,False,False,2025-12-23,voluntario,SE
C004473,CD-SP1,proprio,2025-12-31,noite,anuncio,11.4,False,False,,,SE
C004474,CD-SP1,proprio,2025-12-10,noite,agencia,10.4,False,False,2026-02-20,involuntario,SE
C004475,CD-SP1,proprio,2025-12-04,tarde,anuncio,16.8,False,False,,,SE
C004476,CD-SP1,proprio,2025-12-09,noite,anuncio,15.9,False,False,2026-01-01,voluntario,SE
C004477,CD-SP1,proprio,2025-12-05,noite,agencia,4.6,False,False,2026-02-07,voluntario,SE
C004478,CD-SP1,proprio,2025-12-11,manha,indicacao,5.8,False,False,2026-08-24,voluntario,SE
C004479,CD-SP1,proprio,2025-12-24,noite,agencia,9.7,False,False,,,SE
C004480,CD-SP1,proprio,2025-12-26,manha,anuncio,7.4,False,False,,,SE
C004481,CD-SP1,proprio,2025-12-22,noite,anuncio,4.6,False,False,,,SE
C004482,CD-SP1,proprio,2025-12-25,manha,agencia,3.5,False,False,,,SE
C004483,CD-SP1,proprio,2025-12-14,noite,anuncio,6.8,False,False,2026-01-04,voluntario,SE
C004484,CD-SP1,proprio,2025-12-07,manha,agencia,5.8,False,False,,,SE
C004485,CD-SP1,proprio,2025-12-11,noite,indicacao,14.7,False,False,2026-08-03,voluntario,SE
C004486,CD-SP1,proprio,2025-12-20,manha,indicacao,15.8,False,False,,,SE
C004487,CD-SP1,proprio,2025-12-29,manha,indicacao,8.2,False,False,,,SE
C004488,CD-SP1,proprio,2025-12-07,tarde,agencia,12.8,False,False,,,SE
C004489,CD-SP1,proprio,2025-12-21,tarde,indicacao,7.0,False,False,,,SE
C004490,CD-SP1,proprio,2025-12-30,manha,agencia,26.0,False,False,2026-01-03,voluntario,SE
C004491,CD-SP2,3PL,2025-12-06,tarde,indicacao,11.7,False,False,2025-12-25,voluntario,SE
C004492,CD-SP2,3PL,2025-12-02,noite,indicacao,14.9,False,False,,,SE
C004493,CD-SP2,3PL,2025-12-14,manha,anuncio,9.9,False,False,,,SE
C004494,CD-SP2,3PL,2025-12-03,noite,anuncio,15.2,False,False,2025-12-20,involuntario,SE
C004495,CD-SP2,3PL,2025-12-18,manha,agencia,18.1,False,False,,,SE
C004496,CD-SP2,3PL,2025-12-19,tarde,indicacao,4.3,False,False,2026-05-21,involuntario,SE
C004497,CD-SP2,3PL,2025-12-28,tarde,agencia,12.5,False,False,2026-01-25,voluntario,SE
C004498,CD-SP2,3PL,2025-12-06,manha,agencia,9.9,False,False,2025-12-19,involuntario,SE
C004499,CD-SP2,3PL,2025-12-26,manha,indicacao,4.5,False,False,,,SE
C004500,CD-SP2,3PL,2025-12-09,manha,indicacao,8.4,False,False,,,SE
C004501,CD-SP2,3PL,2025-12-25,tarde,indicacao,5.8,False,False,,,SE
C004502,CD-SP2,3PL,2025-12-11,tarde,anuncio,14.7,False,False,,,SE
C004503,CD-SP2,3PL,2025-12-31,tarde,agencia,6.1,False,False,,,SE
C004504,CD-SP2,3PL,2025-12-22,tarde,indicacao,15.3,False,False,2026-01-25,voluntario,SE
C004505,CD-SP2,3PL,2025-12-31,tarde,anuncio,6.8,False,False,,,SE
C004506,CD-SP2,3PL,2025-12-26,manha,agencia,5.3,False,False,,,SE
C004507,CD-SP2,3PL,2025-12-22,manha,indicacao,5.1,False,False,,,SE
C004508,CD-SP2,3PL,2025-12-27,noite,anuncio,20.3,False,False,2026-01-05,voluntario,SE
C004509,CD-SP2,3PL,2025-12-18,tarde,indicacao,10.6,False,False,,,SE
C004510,CD-SP2,3PL,2025-12-09,manha,anuncio,7.7,False,False,2025-12-11,involuntario,SE
C004511,CD-SP2,3PL,2025-12-20,tarde,anuncio,18.2,False,False,2026-02-24,voluntario,SE
C004512,CD-SP2,3PL,2025-12-04,tarde,agencia,27.5,False,False,2026-02-08,voluntario,SE
C004513,CD-SP2,3PL,2025-12-12,noite,anuncio,6.3,False,False,2025-12-15,voluntario,SE
C004514,CD-SP2,3PL,2025-12-27,tarde,indicacao,19.0,False,False,,,SE
C004515,CD-SP2,3PL,2025-12-19,noite,anuncio,8.0,False,False,2026-01-03,voluntario,SE
C004516,CD-SP2,3PL,2025-12-26,manha,indicacao,10.1,False,False,,,SE
C004517,CD-SP2,3PL,2025-12-29,noite,indicacao,6.6,False,False,2026-01-18,involuntario,SE
C004518,CD-AM1,3PL,2026-01-04,manha,anuncio,11.2,False,False,2026-02-07,voluntario,N
C004519,CD-AM1,3PL,2026-01-13,tarde,indicacao,13.5,False,False,2026-04-03,voluntario,N
C004520,CD-AM1,3PL,2026-01-11,noite,agencia,13.7,False,False,2026-02-02,voluntario,N
C004521,CD-AM1,3PL,2026-01-22,noite,indicacao,5.7,False,False,,,N
C004522,CD-AM1,3PL,2026-01-11,manha,anuncio,20.6,False,False,2026-09-02,voluntario,N
C004523,CD-AM1,3PL,2026-01-18,tarde,anuncio,29.1,False,False,,,N
C004524,CD-AM1,3PL,2026-01-26,manha,anuncio,13.5,False,False,2026-02-01,involuntario,N
C004525,CD-AM1,3PL,2026-01-18,noite,agencia,16.9,False,False,2026-03-29,voluntario,N
C004526,CD-AM1,3PL,2026-01-15,noite,agencia,3.9,False,False,2026-01-18,voluntario,N
C004527,CD-AM1,3PL,2026-01-06,noite,anuncio,5.9,False,False,,,N
C004528,CD-AM1,3PL,2026-01-22,manha,agencia,21.3,False,False,2026-03-15,involuntario,N
C004529,CD-AM1,3PL,2026-01-09,tarde,indicacao,18.1,False,False,,,N
C004530,CD-GO1,3PL,2026-01-20,manha,agencia,10.5,False,False,2026-01-24,voluntario,CO
C004531,CD-GO1,3PL,2026-01-16,noite,indicacao,7.4,False,False,,,CO
C004532,CD-GO1,3PL,2026-01-30,tarde,agencia,9.7,False,False,,,CO
C004533,CD-GO1,3PL,2026-01-04,manha,indicacao,12.3,False,False,,,CO
C004534,CD-GO1,3PL,2026-01-09,noite,agencia,16.6,False,False,2026-02-09,involuntario,CO
C004535,CD-GO1,3PL,2026-01-14,manha,anuncio,8.3,False,False,2026-01-20,voluntario,CO
C004536,CD-GO1,3PL,2026-01-17,noite,anuncio,3.9,False,False,2026-01-19,voluntario,CO
C004537,CD-GO1,3PL,2026-01-06,tarde,anuncio,10.8,False,False,2026-01-21,voluntario,CO
C004538,CD-GO1,3PL,2026-01-14,manha,anuncio,4.2,False,False,2026-01-19,involuntario,CO
C004539,CD-GO1,3PL,2026-01-29,manha,anuncio,22.4,False,False,,,CO
C004540,CD-GO1,3PL,2026-01-27,manha,indicacao,13.6,False,False,,,CO
C004541,CD-GO1,3PL,2026-01-07,noite,anuncio,19.7,False,False,,,CO
C004542,CD-PE1,proprio,2026-01-09,tarde,indicacao,15.1,False,False,2026-01-23,voluntario,NE
C004543,CD-PE1,proprio,2026-01-03,manha,indicacao,13.1,False,False,,,NE
C004544,CD-PE1,proprio,2026-01-03,manha,agencia,5.2,False,False,2026-02-01,voluntario,NE
C004545,CD-PE1,proprio,2026-01-08,manha,agencia,7.0,False,False,,,NE
C004546,CD-PE1,proprio,2026-01-06,noite,agencia,6.0,False,False,2026-02-02,involuntario,NE
C004547,CD-PE1,proprio,2026-01-24,manha,anuncio,7.2,False,False,,,NE
C004548,CD-PE1,proprio,2026-01-27,tarde,anuncio,9.1,False,False,2026-03-16,voluntario,NE
C004549,CD-PE1,proprio,2026-01-23,tarde,agencia,6.1,False,False,,,NE
C004550,CD-PE1,proprio,2026-01-14,manha,indicacao,4.7,False,False,2026-07-27,voluntario,NE
C004551,CD-PE1,proprio,2026-01-19,tarde,indicacao,3.4,False,False,2026-07-06,voluntario,NE
C004552,CD-PE1,proprio,2026-01-31,tarde,anuncio,5.0,False,False,2026-03-09,involuntario,NE
C004553,CD-PE1,proprio,2026-01-14,manha,agencia,12.0,False,False,,,NE
C004554,CD-PE1,proprio,2026-01-08,manha,indicacao,9.3,False,False,2026-07-07,voluntario,NE
C004555,CD-PE1,proprio,2026-01-01,tarde,agencia,12.4,False,False,2026-01-08,voluntario,NE
C004556,CD-PE1,proprio,2026-01-12,manha,anuncio,7.6,False,False,2026-01-28,voluntario,NE
C004557,CD-PE1,proprio,2026-01-03,manha,indicacao,7.4,False,False,2026-09-22,voluntario,NE
C004558,CD-PR1,proprio,2026-01-09,tarde,indicacao,11.5,False,False,,,S
C004559,CD-PR1,proprio,2026-01-30,manha,agencia,10.4,False,False,2026-06-27,voluntario,S
C004560,CD-PR1,proprio,2026-01-22,manha,anuncio,10.5,False,False,,,S
C004561,CD-PR1,proprio,2026-01-12,manha,anuncio,8.6,False,False,,,S
C004562,CD-PR1,proprio,2026-01-06,tarde,indicacao,11.3,False,False,2026-01-19,voluntario,S
C004563,CD-PR1,proprio,2026-01-12,manha,indicacao,4.2,False,False,2026-03-12,voluntario,S
C004564,CD-PR1,proprio,2026-01-31,manha,anuncio,10.8,False,False,,,S
C004565,CD-PR1,proprio,2026-01-31,tarde,agencia,6.7,False,False,2026-02-19,involuntario,S
C004566,CD-PR1,proprio,2026-01-14,manha,indicacao,9.7,False,False,,,S
C004567,CD-PR1,proprio,2026-01-25,tarde,anuncio,6.0,False,False,,,S
C004568,CD-PR1,proprio,2026-01-05,manha,indicacao,3.8,False,False,2026-06-14,involuntario,S
C004569,CD-PR1,proprio,2026-01-18,manha,agencia,5.1,False,False,2026-01-19,voluntario,S
C004570,CD-PR1,proprio,2026-01-07,manha,indicacao,13.0,False,False,,,S
C004571,CD-RJ1,proprio,2026-01-02,manha,anuncio,7.4,False,False,2026-01-04,voluntario,SE
C004572,CD-RJ1,proprio,2026-01-20,tarde,agencia,9.1,False,False,2026-02-08,involuntario,SE
C004573,CD-RJ1,proprio,2026-01-13,manha,indicacao,10.2,False,False,,,SE
C004574,CD-RJ1,proprio,2026-01-25,noite,indicacao,4.9,False,False,,,SE
C004575,CD-RJ1,proprio,2026-01-13,manha,indicacao,3.3,False,False,,,SE
C004576,CD-RJ1,proprio,2026-01-01,manha,agencia,8.9,False,False,,,SE
C004577,CD-RJ1,proprio,2026-01-10,manha,indicacao,7.0,False,False,,,SE
C004578,CD-SP1,proprio,2026-01-26,noite,agencia,12.3,False,True,,,SE
C004579,CD-SP1,proprio,2026-01-19,tarde,anuncio,7.4,False,False,,,SE
C004580,CD-SP1,proprio,2026-01-11,noite,indicacao,1.8,False,False,,,SE
C004581,CD-SP1,proprio,2026-01-09,tarde,agencia,13.7,False,False,2026-02-06,voluntario,SE
C004582,CD-SP1,proprio,2026-01-20,noite,indicacao,12.8,False,False,,,SE
C004583,CD-SP1,proprio,2026-01-08,noite,anuncio,5.9,False,False,2026-02-05,involuntario,SE
C004584,CD-SP1,proprio,2026-01-24,manha,agencia,8.5,False,True,2026-02-15,involuntario,SE
C004585,CD-SP1,proprio,2026-01-02,manha,anuncio,6.2,False,False,,,SE
C004586,CD-SP1,proprio,2026-01-28,tarde,indicacao,8.5,False,True,2026-02-19,voluntario,SE
C004587,CD-SP1,proprio,2026-01-01,tarde,anuncio,12.2,False,False,,,SE
C004588,CD-SP1,proprio,2026-01-15,manha,agencia,8.8,False,False,,,SE
C004589,CD-SP1,proprio,2026-01-23,noite,agencia,11.5,False,False,2026-02-22,involuntario,SE
C004590,CD-SP1,proprio,2026-01-22,noite,anuncio,4.4,False,False,2026-05-18,involuntario,SE
C004591,CD-SP1,proprio,2026-01-11,manha,agencia,4.2,False,False,,,SE
C004592,CD-SP1,proprio,2026-01-18,tarde,indicacao,14.9,False,False,2026-02-22,involuntario,SE
C004593,CD-SP1,proprio,2026-01-16,tarde,anuncio,9.3,False,False,2026-02-19,voluntario,SE
C004594,CD-SP1,proprio,2026-01-27,noite,indicacao,8.5,False,False,,,SE
C004595,CD-SP1,proprio,2026-01-02,tarde,agencia,23.2,False,False,2026-01-11,voluntario,SE
C004596,CD-SP1,proprio,2026-01-24,manha,agencia,20.4,False,False,,,SE
C004597,CD-SP1,proprio,2026-01-12,tarde,agencia,10.5,False,False,2026-08-11,involuntario,SE
C004598,CD-SP1,proprio,2026-01-22,tarde,indicacao,6.4,False,False,,,SE
C004599,CD-SP1,proprio,2026-01-28,manha,indicacao,9.2,False,False,2026-01-30,involuntario,SE
C004600,CD-SP2,3PL,2026-01-30,manha,agencia,5.8,False,True,,,SE
C004601,CD-SP2,3PL,2026-01-08,tarde,indicacao,9.4,False,False,,,SE
C004602,CD-SP2,3PL,2026-01-01,tarde,agencia,10.6,False,False,2026-01-25,voluntario,SE
C004603,CD-SP2,3PL,2026-01-01,noite,agencia,19.4,False,False,,,SE
C004604,CD-SP2,3PL,2026-01-19,manha,indicacao,8.1,False,False,,,SE
C004605,CD-SP2,3PL,2026-01-14,noite,agencia,9.7,False,False,,,SE
C004606,CD-SP2,3PL,2026-01-25,manha,agencia,9.4,False,False,,,SE
C004607,CD-SP2,3PL,2026-01-27,tarde,anuncio,14.8,False,False,,,SE
C004608,CD-SP2,3PL,2026-01-06,manha,indicacao,3.3,False,False,,,SE
C004609,CD-SP2,3PL,2026-01-04,manha,indicacao,18.7,False,False,,,SE
C004610,CD-SP2,3PL,2026-01-25,tarde,indicacao,12.5,False,False,2026-03-11,involuntario,SE
C004611,CD-SP2,3PL,2026-01-26,tarde,indicacao,5.4,False,False,,,SE
C004612,CD-SP2,3PL,2026-01-11,manha,anuncio,5.3,False,False,,,SE
C004613,CD-SP2,3PL,2026-01-08,manha,indicacao,4.4,False,False,2026-03-14,involuntario,SE
C004614,CD-SP2,3PL,2026-01-01,tarde,agencia,13.3,False,False,,,SE
C004615,CD-SP2,3PL,2026-01-17,manha,agencia,16.1,False,False,2026-02-03,voluntario,SE
C004616,CD-AM1,3PL,2026-02-18,manha,indicacao,11.0,False,False,,,N
C004617,CD-AM1,3PL,2026-02-17,tarde,anuncio,15.6,False,False,,,N
C004618,CD-AM1,3PL,2026-02-13,manha,anuncio,13.4,False,False,,,N
C004619,CD-AM1,3PL,2026-02-03,tarde,anuncio,4.3,False,False,,,N
C004620,CD-AM1,3PL,2026-02-15,manha,agencia,4.6,False,False,,,N
C004621,CD-AM1,3PL,2026-02-11,tarde,indicacao,10.1,False,False,2026-08-16,involuntario,N
C004622,CD-AM1,3PL,2026-02-20,noite,agencia,3.9,False,False,2026-02-26,involuntario,N
C004623,CD-AM1,3PL,2026-02-28,manha,agencia,5.1,False,False,,,N
C004624,CD-GO1,3PL,2026-02-17,noite,agencia,19.8,False,False,2026-04-25,involuntario,CO
C004625,CD-GO1,3PL,2026-02-15,noite,anuncio,13.8,False,False,2026-04-05,voluntario,CO
C004626,CD-GO1,3PL,2026-02-09,noite,indicacao,1.9,False,False,,,CO
C004627,CD-GO1,3PL,2026-02-05,noite,agencia,4.7,False,False,2026-02-17,involuntario,CO
C004628,CD-GO1,3PL,2026-02-05,manha,anuncio,6.9,False,False,,,CO
C004629,CD-GO1,3PL,2026-02-04,manha,anuncio,4.3,False,False,2026-08-31,voluntario,CO
C004630,CD-GO1,3PL,2026-02-18,noite,anuncio,13.6,False,False,,,CO
C004631,CD-GO1,3PL,2026-02-25,manha,anuncio,3.6,False,False,,,CO
C004632,CD-GO1,3PL,2026-02-07,noite,indicacao,8.9,False,False,,,CO
C004633,CD-GO1,3PL,2026-02-09,tarde,indicacao,8.3,False,False,2026-03-10,voluntario,CO
C004634,CD-GO1,3PL,2026-02-23,tarde,anuncio,19.7,False,False,2026-05-02,involuntario,CO
C004635,CD-GO1,3PL,2026-02-25,manha,anuncio,5.5,False,False,,,CO
C004636,CD-PE1,proprio,2026-02-15,noite,indicacao,3.4,False,False,,,NE
C004637,CD-PE1,proprio,2026-02-14,noite,anuncio,8.7,False,False,,,NE
C004638,CD-PE1,proprio,2026-02-04,manha,anuncio,4.7,False,False,,,NE
C004639,CD-PE1,proprio,2026-02-23,tarde,anuncio,12.8,False,True,2026-06-24,voluntario,NE
C004640,CD-PE1,proprio,2026-02-08,manha,anuncio,5.4,False,False,,,NE
C004641,CD-PE1,proprio,2026-02-16,manha,anuncio,12.4,False,False,2026-05-30,voluntario,NE
C004642,CD-PE1,proprio,2026-02-22,noite,agencia,10.2,False,False,2026-03-04,voluntario,NE
C004643,CD-PE1,proprio,2026-02-23,manha,indicacao,10.2,False,False,,,NE
C004644,CD-PE1,proprio,2026-02-14,manha,agencia,2.6,False,False,,,NE
C004645,CD-PE1,proprio,2026-02-07,noite,anuncio,14.7,False,False,,,NE
C004646,CD-PE1,proprio,2026-02-07,manha,indicacao,9.9,False,False,2026-07-20,involuntario,NE
C004647,CD-PE1,proprio,2026-02-06,noite,agencia,12.6,False,False,2026-03-01,voluntario,NE
C004648,CD-PE1,proprio,2026-02-15,noite,anuncio,6.6,False,False,,,NE
C004649,CD-PE1,proprio,2026-02-14,noite,anuncio,7.2,False,True,,,NE
C004650,CD-PE1,proprio,2026-02-22,manha,anuncio,6.8,False,False,,,NE
C004651,CD-PE1,proprio,2026-02-11,noite,anuncio,8.0,False,False,2026-04-09,involuntario,NE
C004652,CD-PR1,proprio,2026-02-17,manha,anuncio,5.0,False,False,,,S
C004653,CD-PR1,proprio,2026-02-10,manha,indicacao,6.8,False,False,,,S
C004654,CD-PR1,proprio,2026-02-11,noite,anuncio,9.4,False,False,,,S
C004655,CD-PR1,proprio,2026-02-17,noite,agencia,5.6,False,False,,,S
C004656,CD-PR1,proprio,2026-02-21,manha,anuncio,9.3,False,False,,,S
C004657,CD-PR1,proprio,2026-02-18,manha,agencia,44.8,False,False,2026-04-21,voluntario,S
C004658,CD-PR1,proprio,2026-02-18,manha,agencia,8.8,False,False,,,S
C004659,CD-PR1,proprio,2026-02-25,manha,agencia,16.3,False,True,,,S
C004660,CD-PR1,proprio,2026-02-02,tarde,agencia,32.4,False,False,,,S
C004661,CD-PR1,proprio,2026-02-01,manha,agencia,20.4,False,False,2026-02-05,voluntario,S
C004662,CD-PR1,proprio,2026-02-20,noite,anuncio,19.5,False,True,,,S
C004663,CD-RJ1,proprio,2026-02-07,noite,anuncio,12.0,False,False,2026-02-23,voluntario,SE
C004664,CD-RJ1,proprio,2026-02-23,tarde,indicacao,6.3,False,True,2026-06-20,involuntario,SE
C004665,CD-RJ1,proprio,2026-02-20,manha,agencia,16.1,False,False,2026-02-24,involuntario,SE
C004666,CD-RJ1,proprio,2026-02-14,tarde,indicacao,6.1,False,False,,,SE
C004667,CD-RJ1,proprio,2026-02-12,manha,anuncio,32.9,False,False,2026-03-25,voluntario,SE
C004668,CD-RJ1,proprio,2026-02-07,tarde,anuncio,13.7,False,False,,,SE
C004669,CD-RJ1,proprio,2026-02-11,manha,anuncio,3.4,False,False,,,SE
C004670,CD-SP1,proprio,2026-02-06,tarde,indicacao,9.4,False,False,,,SE
C004671,CD-SP1,proprio,2026-02-11,tarde,agencia,12.5,False,False,,,SE
C004672,CD-SP1,proprio,2026-02-08,tarde,agencia,6.0,False,False,,,SE
C004673,CD-SP1,proprio,2026-02-28,manha,agencia,11.7,False,False,2026-03-31,voluntario,SE
C004674,CD-SP1,proprio,2026-02-18,noite,indicacao,6.0,False,False,2026-02-25,voluntario,SE
C004675,CD-SP1,proprio,2026-02-20,tarde,agencia,12.5,False,True,2026-04-11,voluntario,SE
C004676,CD-SP1,proprio,2026-02-03,manha,anuncio,5.0,False,False,2026-08-15,voluntario,SE
C004677,CD-SP1,proprio,2026-02-18,manha,anuncio,13.5,False,False,,,SE
C004678,CD-SP1,proprio,2026-02-18,manha,indicacao,8.3,False,False,2026-06-15,voluntario,SE
C004679,CD-SP1,proprio,2026-02-11,manha,agencia,7.0,False,False,,,SE
C004680,CD-SP1,proprio,2026-02-19,tarde,indicacao,3.4,False,False,,,SE
C004681,CD-SP1,proprio,2026-02-02,noite,anuncio,8.8,False,False,2026-09-23,voluntario,SE
C004682,CD-SP1,proprio,2026-02-24,noite,agencia,5.6,False,False,,,SE
C004683,CD-SP1,proprio,2026-02-10,manha,anuncio,6.1,False,False,,,SE
C004684,CD-SP1,proprio,2026-02-11,tarde,indicacao,4.3,False,False,,,SE
C004685,CD-SP1,proprio,2026-02-19,manha,agencia,10.0,False,False,2026-08-26,involuntario,SE
C004686,CD-SP1,proprio,2026-02-10,manha,agencia,10.7,False,True,,,SE
C004687,CD-SP1,proprio,2026-02-14,manha,agencia,11.8,False,False,2026-03-18,voluntario,SE
C004688,CD-SP1,proprio,2026-02-28,tarde,anuncio,5.8,False,True,2026-08-14,involuntario,SE
C004689,CD-SP2,3PL,2026-02-10,tarde,agencia,7.9,False,False,,,SE
C004690,CD-SP2,3PL,2026-02-12,noite,agencia,7.7,False,False,,,SE
C004691,CD-SP2,3PL,2026-02-04,tarde,agencia,12.3,False,False,,,SE
C004692,CD-SP2,3PL,2026-02-27,manha,anuncio,6.4,False,False,2026-03-21,voluntario,SE
C004693,CD-SP2,3PL,2026-02-20,manha,anuncio,4.8,False,False,2026-02-23,voluntario,SE
C004694,CD-SP2,3PL,2026-02-13,noite,anuncio,9.0,False,False,,,SE
C004695,CD-SP2,3PL,2026-02-16,manha,agencia,4.9,False,False,,,SE
C004696,CD-SP2,3PL,2026-02-21,manha,agencia,5.6,False,False,2026-04-27,involuntario,SE
C004697,CD-SP2,3PL,2026-02-11,manha,agencia,19.8,False,False,2026-03-12,involuntario,SE
C004698,CD-SP2,3PL,2026-02-26,manha,indicacao,4.9,False,False,2026-07-24,voluntario,SE
C004699,CD-SP2,3PL,2026-02-03,manha,agencia,8.3,False,False,2026-03-11,voluntario,SE
C004700,CD-SP2,3PL,2026-02-23,tarde,agencia,9.2,False,False,2026-03-25,involuntario,SE
C004701,CD-SP2,3PL,2026-02-08,tarde,agencia,6.4,False,False,2026-07-16,involuntario,SE
C004702,CD-SP2,3PL,2026-02-01,manha,anuncio,11.2,False,False,2026-03-29,voluntario,SE
C004703,CD-SP2,3PL,2026-02-23,tarde,anuncio,5.8,False,False,,,SE
C004704,CD-SP2,3PL,2026-02-03,manha,indicacao,8.8,False,False,,,SE
C004705,CD-SP2,3PL,2026-02-12,noite,agencia,6.9,False,False,2026-04-04,voluntario,SE
C004706,CD-SP2,3PL,2026-02-26,tarde,agencia,17.7,False,False,2026-02-28,voluntario,SE
C004707,CD-SP2,3PL,2026-02-22,tarde,agencia,15.0,False,False,,,SE
C004708,CD-AM1,3PL,2026-03-15,manha,anuncio,6.3,False,False,2026-04-07,voluntario,N
C004709,CD-AM1,3PL,2026-03-12,tarde,indicacao,10.2,False,False,,,N
C004710,CD-AM1,3PL,2026-03-08,manha,agencia,6.1,False,False,2026-03-09,voluntario,N
C004711,CD-AM1,3PL,2026-03-02,tarde,agencia,5.7,False,False,,,N
C004712,CD-AM1,3PL,2026-03-13,noite,anuncio,13.0,False,False,2026-05-11,involuntario,N
C004713,CD-AM1,3PL,2026-03-16,noite,agencia,13.4,False,False,2026-03-22,involuntario,N
C004714,CD-AM1,3PL,2026-03-07,tarde,indicacao,5.6,False,False,,,N
C004715,CD-AM1,3PL,2026-03-10,noite,anuncio,12.5,False,False,,,N
C004716,CD-AM1,3PL,2026-03-19,tarde,agencia,4.1,False,False,,,N
C004717,CD-AM1,3PL,2026-03-14,tarde,indicacao,14.6,False,False,,,N
C004718,CD-AM1,3PL,2026-03-30,manha,anuncio,13.3,False,True,2026-07-12,voluntario,N
C004719,CD-AM1,3PL,2026-03-03,noite,agencia,7.3,False,False,2026-03-04,voluntario,N
C004720,CD-AM1,3PL,2026-03-17,noite,anuncio,7.8,False,True,,,N
C004721,CD-AM1,3PL,2026-03-15,tarde,indicacao,9.2,False,False,,,N
C004722,CD-AM1,3PL,2026-03-25,tarde,agencia,6.8,False,True,,,N
C004723,CD-AM1,3PL,2026-03-29,manha,anuncio,17.8,False,False,,,N
C004724,CD-AM1,3PL,2026-03-11,tarde,indicacao,19.2,False,False,2026-09-22,involuntario,N
C004725,CD-AM1,3PL,2026-03-26,noite,indicacao,9.1,False,False,,,N
C004726,CD-AM1,3PL,2026-03-28,noite,indicacao,11.6,False,True,,,N
C004727,CD-AM1,3PL,2026-03-18,manha,agencia,9.0,False,True,,,N
C004728,CD-AM1,3PL,2026-03-25,manha,anuncio,10.5,False,False,2026-05-09,involuntario,N
C004729,CD-AM1,3PL,2026-03-04,manha,indicacao,7.7,False,False,2026-03-29,involuntario,N
C004730,CD-AM1,3PL,2026-03-28,manha,agencia,4.8,False,False,,,N
C004731,CD-AM1,3PL,2026-03-30,tarde,anuncio,30.8,False,False,2026-05-19,voluntario,N
C004732,CD-AM1,3PL,2026-03-26,manha,anuncio,32.1,False,False,,,N
C004733,CD-AM1,3PL,2026-03-04,manha,indicacao,20.7,False,False,2026-05-04,voluntario,N
C004734,CD-AM1,3PL,2026-03-01,tarde,anuncio,22.0,False,False,,,N
C004735,CD-AM1,3PL,2026-03-11,tarde,anuncio,6.6,False,False,,,N
C004736,CD-AM1,3PL,2026-03-09,manha,anuncio,2.3,False,False,2026-03-14,involuntario,N
C004737,CD-AM1,3PL,2026-03-18,manha,anuncio,6.9,False,True,,,N
C004738,CD-AM1,3PL,2026-03-01,tarde,indicacao,4.9,False,False,2026-03-21,voluntario,N
C004739,CD-AM1,3PL,2026-03-17,tarde,agencia,10.6,False,False,2026-03-18,involuntario,N
C004740,CD-AM1,3PL,2026-03-29,noite,indicacao,5.6,False,False,2026-07-17,voluntario,N
C004741,CD-AM1,3PL,2026-03-17,noite,anuncio,13.1,False,False,,,N
C004742,CD-AM1,3PL,2026-03-02,tarde,anuncio,19.0,False,False,,,N
C004743,CD-AM1,3PL,2026-03-16,tarde,indicacao,3.1,False,False,,,N
C004744,CD-AM1,3PL,2026-03-21,manha,anuncio,4.9,False,False,2026-03-29,voluntario,N
C004745,CD-AM1,3PL,2026-03-10,noite,anuncio,4.4,False,False,2026-03-12,voluntario,N
C004746,CD-AM1,3PL,2026-03-29,tarde,indicacao,2.1,False,True,,,N
C004747,CD-AM1,3PL,2026-03-30,manha,anuncio,13.2,False,False,2026-04-12,voluntario,N
C004748,CD-AM1,3PL,2026-03-22,tarde,indicacao,4.8,False,True,,,N
C004749,CD-AM1,3PL,2026-03-18,manha,anuncio,10.8,False,False,,,N
C004750,CD-AM1,3PL,2026-03-12,manha,anuncio,4.6,False,False,,,N
C004751,CD-AM1,3PL,2026-03-16,noite,agencia,5.3,False,False,2026-05-09,voluntario,N
C004752,CD-AM1,3PL,2026-03-12,manha,agencia,7.9,False,False,,,N
C004753,CD-AM1,3PL,2026-03-19,noite,anuncio,8.4,False,False,,,N
C004754,CD-AM1,3PL,2026-03-07,manha,indicacao,7.7,False,False,2026-03-25,voluntario,N
C004755,CD-AM1,3PL,2026-03-04,noite,indicacao,9.1,False,False,2026-04-15,voluntario,N
C004756,CD-AM1,3PL,2026-03-31,manha,anuncio,13.4,False,True,2026-07-01,voluntario,N
C004757,CD-AM1,3PL,2026-03-09,tarde,indicacao,12.0,False,False,,,N
C004758,CD-AM1,3PL,2026-03-19,noite,agencia,8.1,False,True,,,N
C004759,CD-AM1,3PL,2026-03-22,tarde,anuncio,7.9,False,False,,,N
C004760,CD-AM1,3PL,2026-03-19,tarde,anuncio,9.5,False,False,,,N
C004761,CD-AM1,3PL,2026-03-23,tarde,indicacao,9.2,False,False,,,N
C004762,CD-AM1,3PL,2026-03-08,noite,indicacao,6.2,False,False,2026-05-04,voluntario,N
C004763,CD-AM1,3PL,2026-03-28,noite,agencia,17.9,False,False,2026-04-10,voluntario,N
C004764,CD-AM1,3PL,2026-03-13,manha,anuncio,9.6,False,False,,,N
C004765,CD-AM1,3PL,2026-03-18,noite,anuncio,9.4,False,False,2026-04-06,involuntario,N
C004766,CD-AM1,3PL,2026-03-06,manha,anuncio,4.6,False,False,,,N
C004767,CD-AM1,3PL,2026-03-13,tarde,agencia,4.9,False,False,2026-07-14,voluntario,N
C004768,CD-AM1,3PL,2026-03-21,noite,anuncio,4.5,False,True,,,N
C004769,CD-AM1,3PL,2026-03-19,noite,agencia,9.3,False,False,2026-03-23,voluntario,N
C004770,CD-AM1,3PL,2026-03-14,noite,anuncio,9.8,False,False,,,N
C004771,CD-AM1,3PL,2026-03-05,manha,agencia,6.5,False,True,2026-03-29,voluntario,N
C004772,CD-AM1,3PL,2026-03-07,tarde,anuncio,5.3,False,False,2026-07-24,voluntario,N
C004773,CD-AM1,3PL,2026-03-30,tarde,agencia,8.7,False,False,,,N
C004774,CD-AM1,3PL,2026-03-25,noite,agencia,16.5,False,False,2026-04-04,voluntario,N
C004775,CD-AM1,3PL,2026-03-14,manha,indicacao,6.9,False,False,,,N
C004776,CD-AM1,3PL,2026-03-28,noite,anuncio,9.7,False,False,2026-06-11,voluntario,N
C004777,CD-AM1,3PL,2026-03-06,noite,indicacao,8.3,False,False,2026-03-27,involuntario,N
C004778,CD-AM1,3PL,2026-03-03,manha,indicacao,6.3,False,False,2026-03-26,voluntario,N
C004779,CD-AM1,3PL,2026-03-31,tarde,indicacao,7.7,False,True,,,N
C004780,CD-GO1,3PL,2026-03-17,tarde,indicacao,19.2,False,False,,,CO
C004781,CD-GO1,3PL,2026-03-30,manha,anuncio,7.4,False,True,,,CO
C004782,CD-GO1,3PL,2026-03-17,tarde,agencia,11.8,False,True,,,CO
C004783,CD-GO1,3PL,2026-03-15,manha,anuncio,8.6,False,True,2026-05-19,voluntario,CO
C004784,CD-GO1,3PL,2026-03-23,tarde,agencia,12.0,False,False,,,CO
C004785,CD-GO1,3PL,2026-03-15,noite,anuncio,4.7,False,False,,,CO
C004786,CD-GO1,3PL,2026-03-15,noite,anuncio,11.0,False,False,,,CO
C004787,CD-GO1,3PL,2026-03-17,manha,agencia,12.3,False,False,,,CO
C004788,CD-GO1,3PL,2026-03-07,manha,agencia,6.4,False,False,,,CO
C004789,CD-GO1,3PL,2026-03-14,tarde,anuncio,4.8,False,True,,,CO
C004790,CD-GO1,3PL,2026-03-23,manha,indicacao,31.2,False,False,2026-09-27,voluntario,CO
C004791,CD-GO1,3PL,2026-03-15,manha,anuncio,15.1,False,False,2026-04-13,voluntario,CO
C004792,CD-GO1,3PL,2026-03-21,manha,anuncio,14.1,False,False,,,CO
C004793,CD-GO1,3PL,2026-03-31,tarde,agencia,17.6,False,False,,,CO
C004794,CD-GO1,3PL,2026-03-21,tarde,anuncio,19.9,False,True,2026-08-22,voluntario,CO
C004795,CD-GO1,3PL,2026-03-16,noite,indicacao,6.5,False,False,2026-09-08,involuntario,CO
C004796,CD-GO1,3PL,2026-03-29,tarde,agencia,13.5,False,False,,,CO
C004797,CD-GO1,3PL,2026-03-26,noite,indicacao,5.9,False,False,2026-06-20,involuntario,CO
C004798,CD-GO1,3PL,2026-03-13,tarde,agencia,6.4,False,False,,,CO
C004799,CD-GO1,3PL,2026-03-22,noite,indicacao,9.1,False,False,2026-06-12,involuntario,CO
C004800,CD-GO1,3PL,2026-03-16,tarde,agencia,4.6,False,False,,,CO
C004801,CD-GO1,3PL,2026-03-20,manha,anuncio,25.3,False,False,,,CO
C004802,CD-GO1,3PL,2026-03-20,tarde,indicacao,7.9,False,False,,,CO
C004803,CD-GO1,3PL,2026-03-17,tarde,anuncio,7.8,False,False,2026-03-20,voluntario,CO
C004804,CD-GO1,3PL,2026-03-14,manha,anuncio,13.1,False,False,,,CO
C004805,CD-GO1,3PL,2026-03-10,tarde,anuncio,7.5,False,False,,,CO
C004806,CD-GO1,3PL,2026-03-10,noite,anuncio,7.3,False,False,,,CO
C004807,CD-GO1,3PL,2026-03-29,manha,anuncio,6.8,False,True,,,CO
C004808,CD-GO1,3PL,2026-03-11,tarde,anuncio,12.6,False,False,,,CO
C004809,CD-GO1,3PL,2026-03-17,tarde,anuncio,5.5,False,False,2026-05-15,voluntario,CO
C004810,CD-GO1,3PL,2026-03-01,noite,agencia,6.1,False,False,,,CO
C004811,CD-GO1,3PL,2026-03-26,noite,agencia,7.4,False,False,2026-09-08,voluntario,CO
C004812,CD-GO1,3PL,2026-03-31,noite,agencia,8.6,False,False,,,CO
C004813,CD-GO1,3PL,2026-03-10,noite,anuncio,9.2,False,False,2026-04-09,voluntario,CO
C004814,CD-GO1,3PL,2026-03-24,manha,anuncio,6.2,False,False,2026-09-04,involuntario,CO
C004815,CD-GO1,3PL,2026-03-26,manha,anuncio,6.5,False,True,,,CO
C004816,CD-GO1,3PL,2026-03-25,noite,agencia,13.6,False,False,2026-04-22,involuntario,CO
C004817,CD-GO1,3PL,2026-03-25,manha,agencia,11.6,False,True,,,CO
C004818,CD-GO1,3PL,2026-03-12,noite,anuncio,14.0,False,False,2026-08-18,voluntario,CO
C004819,CD-GO1,3PL,2026-03-07,tarde,indicacao,7.9,False,False,,,CO
C004820,CD-GO1,3PL,2026-03-17,manha,anuncio,12.2,False,True,,,CO
C004821,CD-GO1,3PL,2026-03-27,manha,anuncio,6.0,False,False,2026-04-03,involuntario,CO
C004822,CD-GO1,3PL,2026-03-16,manha,agencia,8.3,False,False,,,CO
C004823,CD-GO1,3PL,2026-03-30,manha,indicacao,14.4,False,False,,,CO
C004824,CD-GO1,3PL,2026-03-04,tarde,indicacao,9.4,False,False,,,CO
C004825,CD-GO1,3PL,2026-03-10,tarde,anuncio,15.1,False,False,2026-04-01,involuntario,CO
C004826,CD-GO1,3PL,2026-03-27,manha,anuncio,7.7,False,False,,,CO
C004827,CD-GO1,3PL,2026-03-31,manha,indicacao,8.5,False,False,,,CO
C004828,CD-GO1,3PL,2026-03-20,manha,indicacao,16.4,False,False,,,CO
C004829,CD-GO1,3PL,2026-03-17,noite,anuncio,2.9,False,False,2026-05-13,voluntario,CO
C004830,CD-GO1,3PL,2026-03-16,manha,agencia,15.9,False,False,,,CO
C004831,CD-GO1,3PL,2026-03-03,tarde,anuncio,10.5,False,False,,,CO
C004832,CD-GO1,3PL,2026-03-24,manha,anuncio,9.7,False,False,2026-04-17,involuntario,CO
C004833,CD-GO1,3PL,2026-03-03,noite,indicacao,3.5,False,False,,,CO
C004834,CD-GO1,3PL,2026-03-10,manha,agencia,5.9,False,False,,,CO
C004835,CD-GO1,3PL,2026-03-02,noite,indicacao,14.1,False,False,2026-04-12,involuntario,CO
C004836,CD-GO1,3PL,2026-03-31,manha,indicacao,10.8,False,False,,,CO
C004837,CD-GO1,3PL,2026-03-17,noite,anuncio,6.5,False,True,,,CO
C004838,CD-GO1,3PL,2026-03-23,manha,indicacao,11.3,False,False,,,CO
C004839,CD-GO1,3PL,2026-03-12,tarde,anuncio,6.8,False,False,,,CO
C004840,CD-GO1,3PL,2026-03-16,tarde,indicacao,6.8,False,True,,,CO
C004841,CD-GO1,3PL,2026-03-30,noite,agencia,39.4,False,False,2026-04-02,voluntario,CO
C004842,CD-GO1,3PL,2026-03-26,noite,anuncio,6.5,False,False,,,CO
C004843,CD-GO1,3PL,2026-03-05,noite,anuncio,1.9,False,False,,,CO
C004844,CD-GO1,3PL,2026-03-06,manha,indicacao,6.3,False,False,,,CO
C004845,CD-GO1,3PL,2026-03-24,tarde,anuncio,3.6,False,True,,,CO
C004846,CD-GO1,3PL,2026-03-01,manha,anuncio,5.6,False,False,,,CO
C004847,CD-GO1,3PL,2026-03-12,tarde,agencia,7.1,False,False,,,CO
C004848,CD-GO1,3PL,2026-03-24,tarde,indicacao,4.5,False,False,,,CO
C004849,CD-GO1,3PL,2026-03-03,noite,anuncio,22.1,False,False,2026-05-18,voluntario,CO
C004850,CD-GO1,3PL,2026-03-12,manha,agencia,7.7,False,False,2026-09-21,involuntario,CO
C004851,CD-GO1,3PL,2026-03-30,manha,anuncio,11.2,False,False,,,CO
C004852,CD-GO1,3PL,2026-03-04,manha,indicacao,5.1,False,False,,,CO
C004853,CD-GO1,3PL,2026-03-08,manha,indicacao,6.9,False,False,,,CO
C004854,CD-GO1,3PL,2026-03-04,manha,indicacao,8.7,False,False,2026-03-19,voluntario,CO
C004855,CD-GO1,3PL,2026-03-05,noite,anuncio,5.9,False,False,,,CO
C004856,CD-GO1,3PL,2026-03-06,manha,agencia,12.5,False,False,,,CO
C004857,CD-GO1,3PL,2026-03-30,manha,anuncio,6.1,False,True,,,CO
C004858,CD-GO1,3PL,2026-03-22,tarde,anuncio,6.6,False,False,,,CO
C004859,CD-GO1,3PL,2026-03-27,manha,agencia,17.2,False,True,2026-04-04,involuntario,CO
C004860,CD-GO1,3PL,2026-03-01,manha,anuncio,18.4,False,True,2026-08-24,voluntario,CO
C004861,CD-GO1,3PL,2026-03-05,manha,agencia,20.8,False,True,,,CO
C004862,CD-GO1,3PL,2026-03-27,tarde,indicacao,20.6,False,False,,,CO
C004863,CD-GO1,3PL,2026-03-07,noite,anuncio,7.0,False,False,,,CO
C004864,CD-GO1,3PL,2026-03-03,manha,agencia,10.9,False,False,,,CO
C004865,CD-PE1,proprio,2026-03-11,tarde,indicacao,7.1,False,False,,,NE
C004866,CD-PE1,proprio,2026-03-12,manha,indicacao,13.2,False,True,2026-09-14,voluntario,NE
C004867,CD-PE1,proprio,2026-03-19,manha,indicacao,23.8,False,True,2026-07-07,involuntario,NE
C004868,CD-PE1,proprio,2026-03-14,manha,indicacao,13.3,False,False,,,NE
C004869,CD-PE1,proprio,2026-03-09,tarde,indicacao,20.6,False,True,2026-07-21,voluntario,NE
C004870,CD-PE1,proprio,2026-03-15,manha,indicacao,5.7,False,False,,,NE
C004871,CD-PE1,proprio,2026-03-15,manha,agencia,7.4,False,True,,,NE
C004872,CD-PE1,proprio,2026-03-11,noite,indicacao,14.8,False,False,,,NE
C004873,CD-PE1,proprio,2026-03-23,tarde,agencia,11.2,False,False,,,NE
C004874,CD-PE1,proprio,2026-03-11,tarde,indicacao,3.6,False,False,,,NE
C004875,CD-PE1,proprio,2026-03-14,noite,agencia,22.1,False,True,,,NE
C004876,CD-PE1,proprio,2026-03-09,noite,anuncio,7.8,False,True,2026-04-05,voluntario,NE
C004877,CD-PE1,proprio,2026-03-15,tarde,anuncio,5.4,False,False,2026-09-20,involuntario,NE
C004878,CD-PE1,proprio,2026-03-11,manha,agencia,6.0,False,True,,,NE
C004879,CD-PE1,proprio,2026-03-13,manha,agencia,9.7,False,True,2026-05-01,voluntario,NE
C004880,CD-PE1,proprio,2026-03-12,tarde,agencia,7.4,False,False,2026-04-10,voluntario,NE
C004881,CD-PE1,proprio,2026-03-18,manha,anuncio,15.9,False,False,2026-09-02,voluntario,NE
C004882,CD-PE1,proprio,2026-03-28,noite,anuncio,13.4,False,True,2026-05-03,voluntario,NE
C004883,CD-PE1,proprio,2026-03-25,tarde,indicacao,7.3,False,True,,,NE
C004884,CD-PE1,proprio,2026-03-21,tarde,anuncio,6.7,False,False,,,NE
C004885,CD-PE1,proprio,2026-03-21,noite,anuncio,30.9,False,False,2026-09-01,voluntario,NE
C004886,CD-PE1,proprio,2026-03-13,tarde,anuncio,9.9,False,False,,,NE
C004887,CD-PE1,proprio,2026-03-31,tarde,agencia,19.1,False,False,,,NE
C004888,CD-PE1,proprio,2026-03-11,manha,agencia,13.1,False,True,2026-03-13,involuntario,NE
C004889,CD-PE1,proprio,2026-03-03,manha,agencia,15.0,False,False,2026-09-11,voluntario,NE
C004890,CD-PE1,proprio,2026-03-26,tarde,agencia,5.2,False,False,2026-04-24,voluntario,NE
C004891,CD-PE1,proprio,2026-03-24,manha,anuncio,7.7,False,False,2026-07-15,voluntario,NE
C004892,CD-PE1,proprio,2026-03-03,noite,anuncio,12.7,False,False,2026-03-07,voluntario,NE
C004893,CD-PE1,proprio,2026-03-17,manha,agencia,4.4,False,False,,,NE
C004894,CD-PE1,proprio,2026-03-01,noite,agencia,7.2,False,False,2026-08-26,involuntario,NE
C004895,CD-PE1,proprio,2026-03-26,manha,anuncio,8.5,False,False,,,NE
C004896,CD-PE1,proprio,2026-03-05,manha,indicacao,5.8,False,False,,,NE
C004897,CD-PE1,proprio,2026-03-08,noite,agencia,4.2,False,False,,,NE
C004898,CD-PE1,proprio,2026-03-22,manha,anuncio,15.6,False,True,,,NE
C004899,CD-PE1,proprio,2026-03-23,tarde,agencia,9.9,False,False,,,NE
C004900,CD-PE1,proprio,2026-03-10,manha,anuncio,30.0,False,True,2026-03-14,voluntario,NE
C004901,CD-PE1,proprio,2026-03-20,noite,anuncio,12.4,False,False,,,NE
C004902,CD-PE1,proprio,2026-03-01,manha,anuncio,10.9,False,True,,,NE
C004903,CD-PE1,proprio,2026-03-31,manha,agencia,8.4,False,False,,,NE
C004904,CD-PE1,proprio,2026-03-09,tarde,indicacao,7.0,False,True,,,NE
C004905,CD-PE1,proprio,2026-03-26,tarde,agencia,20.8,False,False,,,NE
C004906,CD-PE1,proprio,2026-03-09,tarde,indicacao,12.6,False,False,,,NE
C004907,CD-PE1,proprio,2026-03-06,manha,indicacao,9.6,False,True,,,NE
C004908,CD-PE1,proprio,2026-03-05,noite,indicacao,12.6,False,True,,,NE
C004909,CD-PE1,proprio,2026-03-31,tarde,agencia,11.7,False,False,,,NE
C004910,CD-PE1,proprio,2026-03-06,tarde,agencia,8.2,False,False,,,NE
C004911,CD-PE1,proprio,2026-03-17,noite,anuncio,8.0,False,False,2026-04-01,voluntario,NE
C004912,CD-PE1,proprio,2026-03-17,tarde,agencia,6.1,False,False,,,NE
C004913,CD-PE1,proprio,2026-03-18,noite,anuncio,10.6,False,True,,,NE
C004914,CD-PE1,proprio,2026-03-18,manha,agencia,9.6,False,False,,,NE
C004915,CD-PE1,proprio,2026-03-25,manha,agencia,2.0,False,False,2026-04-01,voluntario,NE
C004916,CD-PE1,proprio,2026-03-02,manha,anuncio,5.9,False,True,2026-06-16,involuntario,NE
C004917,CD-PE1,proprio,2026-03-17,manha,agencia,20.8,False,False,,,NE
C004918,CD-PE1,proprio,2026-03-14,manha,indicacao,5.8,False,False,,,NE
C004919,CD-PE1,proprio,2026-03-05,tarde,indicacao,15.7,False,False,,,NE
C004920,CD-PE1,proprio,2026-03-30,manha,indicacao,6.0,False,True,2026-09-26,voluntario,NE
C004921,CD-PE1,proprio,2026-03-06,manha,anuncio,17.5,False,False,2026-09-17,voluntario,NE
C004922,CD-PE1,proprio,2026-03-20,noite,agencia,8.8,False,False,,,NE
C004923,CD-PE1,proprio,2026-03-13,manha,indicacao,10.2,False,True,,,NE
C004924,CD-PE1,proprio,2026-03-24,noite,agencia,17.3,False,False,2026-04-12,voluntario,NE
C004925,CD-PE1,proprio,2026-03-29,tarde,anuncio,6.0,False,True,,,NE
C004926,CD-PE1,proprio,2026-03-04,manha,anuncio,15.5,False,False,2026-04-12,involuntario,NE
C004927,CD-PE1,proprio,2026-03-26,manha,agencia,8.0,False,False,,,NE
C004928,CD-PE1,proprio,2026-03-11,manha,anuncio,17.3,False,True,2026-05-20,involuntario,NE
C004929,CD-PE1,proprio,2026-03-05,tarde,agencia,4.5,False,True,,,NE
C004930,CD-PE1,proprio,2026-03-19,manha,anuncio,13.6,False,True,,,NE
C004931,CD-PE1,proprio,2026-03-28,noite,indicacao,8.0,False,True,,,NE
C004932,CD-PE1,proprio,2026-03-18,manha,anuncio,7.6,False,True,2026-04-04,involuntario,NE
C004933,CD-PE1,proprio,2026-03-21,noite,anuncio,12.3,False,True,2026-03-22,voluntario,NE
C004934,CD-PE1,proprio,2026-03-11,noite,anuncio,4.3,False,True,,,NE
C004935,CD-PE1,proprio,2026-03-01,tarde,agencia,8.2,False,False,,,NE
C004936,CD-PE1,proprio,2026-03-02,manha,indicacao,18.1,False,False,,,NE
C004937,CD-PE1,proprio,2026-03-19,tarde,agencia,9.8,False,False,,,NE
C004938,CD-PE1,proprio,2026-03-26,tarde,anuncio,8.5,False,False,2026-08-14,voluntario,NE
C004939,CD-PE1,proprio,2026-03-30,noite,agencia,20.9,False,True,2026-04-23,voluntario,NE
C004940,CD-PE1,proprio,2026-03-17,noite,agencia,7.5,False,True,,,NE
C004941,CD-PE1,proprio,2026-03-03,noite,indicacao,13.3,False,True,2026-09-21,involuntario,NE
C004942,CD-PE1,proprio,2026-03-03,noite,indicacao,10.7,False,True,,,NE
C004943,CD-PE1,proprio,2026-03-13,tarde,agencia,20.2,False,False,,,NE
C004944,CD-PE1,proprio,2026-03-18,manha,anuncio,14.0,False,True,,,NE
C004945,CD-PE1,proprio,2026-03-08,tarde,agencia,10.7,False,False,2026-03-13,voluntario,NE
C004946,CD-PE1,proprio,2026-03-14,noite,anuncio,3.9,False,True,,,NE
C004947,CD-PE1,proprio,2026-03-28,noite,anuncio,9.0,False,False,,,NE
C004948,CD-PE1,proprio,2026-03-25,manha,anuncio,24.4,False,False,2026-04-25,voluntario,NE
C004949,CD-PE1,proprio,2026-03-30,manha,agencia,23.5,False,False,2026-04-05,voluntario,NE
C004950,CD-PE1,proprio,2026-03-23,noite,indicacao,7.1,False,True,,,NE
C004951,CD-PE1,proprio,2026-03-01,manha,indicacao,10.1,False,True,,,NE
C004952,CD-PE1,proprio,2026-03-13,tarde,anuncio,4.1,False,True,,,NE
C004953,CD-PE1,proprio,2026-03-14,tarde,agencia,13.4,False,False,,,NE
C004954,CD-PE1,proprio,2026-03-14,tarde,agencia,5.1,False,True,,,NE
C004955,CD-PE1,proprio,2026-03-07,manha,anuncio,8.7,False,False,,,NE
C004956,CD-PE1,proprio,2026-03-18,tarde,agencia,14.5,False,True,,,NE
C004957,CD-PE1,proprio,2026-03-04,tarde,anuncio,7.5,False,True,,,NE
C004958,CD-PE1,proprio,2026-03-25,noite,agencia,9.9,False,False,,,NE
C004959,CD-PE1,proprio,2026-03-08,tarde,agencia,17.2,False,False,2026-03-31,voluntario,NE
C004960,CD-PE1,proprio,2026-03-05,noite,anuncio,17.6,False,False,2026-09-30,voluntario,NE
C004961,CD-PE1,proprio,2026-03-14,manha,anuncio,6.9,False,False,2026-04-14,voluntario,NE
C004962,CD-PE1,proprio,2026-03-03,tarde,agencia,5.0,False,True,,,NE
C004963,CD-PE1,proprio,2026-03-20,manha,agencia,8.0,False,False,2026-04-24,voluntario,NE
C004964,CD-PE1,proprio,2026-03-21,noite,anuncio,6.3,False,True,,,NE
C004965,CD-PE1,proprio,2026-03-09,manha,anuncio,4.0,False,True,,,NE
C004966,CD-PE1,proprio,2026-03-02,manha,agencia,15.8,False,True,,,NE
C004967,CD-PE1,proprio,2026-03-08,noite,anuncio,4.2,False,False,2026-09-18,involuntario,NE
C004968,CD-PE1,proprio,2026-03-22,noite,anuncio,9.5,False,True,,,NE
C004969,CD-PE1,proprio,2026-03-06,noite,anuncio,9.8,False,True,,,NE
C004970,CD-PE1,proprio,2026-03-02,manha,agencia,5.0,False,True,2026-07-06,voluntario,NE
C004971,CD-PE1,proprio,2026-03-25,tarde,anuncio,8.8,False,False,,,NE
C004972,CD-PE1,proprio,2026-03-13,noite,indicacao,14.4,False,True,,,NE
C004973,CD-PE1,proprio,2026-03-21,noite,agencia,10.2,False,True,,,NE
C004974,CD-PE1,proprio,2026-03-28,manha,anuncio,5.9,False,True,,,NE
C004975,CD-PE1,proprio,2026-03-13,tarde,anuncio,15.4,False,False,,,NE
C004976,CD-PE1,proprio,2026-03-13,noite,anuncio,8.2,False,True,2026-04-04,voluntario,NE
C004977,CD-PE1,proprio,2026-03-29,manha,anuncio,13.2,False,False,2026-07-04,voluntario,NE
C004978,CD-PE1,proprio,2026-03-20,noite,anuncio,11.2,False,True,2026-06-11,involuntario,NE
C004979,CD-PE1,proprio,2026-03-04,noite,agencia,10.4,False,False,,,NE
C004980,CD-PE1,proprio,2026-03-21,tarde,agencia,7.7,False,True,,,NE
C004981,CD-PE1,proprio,2026-03-05,noite,anuncio,7.1,False,True,,,NE
C004982,CD-PE1,proprio,2026-03-10,manha,agencia,7.6,False,False,2026-03-14,voluntario,NE
C004983,CD-PE1,proprio,2026-03-07,tarde,agencia,6.5,False,False,2026-04-22,involuntario,NE
C004984,CD-PE1,proprio,2026-03-26,noite,indicacao,27.8,False,True,2026-06-10,voluntario,NE
C004985,CD-PE1,proprio,2026-03-21,tarde,anuncio,9.7,False,True,,,NE
C004986,CD-PE1,proprio,2026-03-23,manha,anuncio,6.2,False,False,,,NE
C004987,CD-PE1,proprio,2026-03-04,noite,agencia,12.0,False,False,,,NE
C004988,CD-PE1,proprio,2026-03-21,noite,agencia,19.1,False,False,2026-04-09,involuntario,NE
C004989,CD-PE1,proprio,2026-03-10,noite,anuncio,6.2,False,True,,,NE
C004990,CD-PE1,proprio,2026-03-25,noite,indicacao,13.0,False,True,,,NE
C004991,CD-PE1,proprio,2026-03-08,manha,agencia,9.7,False,True,,,NE
C004992,CD-PE1,proprio,2026-03-31,tarde,anuncio,3.1,False,True,,,NE
C004993,CD-PE1,proprio,2026-03-12,manha,indicacao,4.5,False,True,,,NE
C004994,CD-PE1,proprio,2026-03-08,tarde,anuncio,6.3,False,True,,,NE
C004995,CD-PE1,proprio,2026-03-10,tarde,agencia,6.5,False,False,2026-04-22,voluntario,NE
C004996,CD-PE1,proprio,2026-03-29,manha,agencia,5.5,False,False,,,NE
C004997,CD-PE1,proprio,2026-03-31,noite,agencia,8.1,False,False,2026-04-08,voluntario,NE
C004998,CD-PE1,proprio,2026-03-23,noite,anuncio,14.8,False,False,,,NE
C004999,CD-PE1,proprio,2026-03-27,tarde,anuncio,5.8,False,True,,,NE
C005000,CD-PE1,proprio,2026-03-01,manha,indicacao,16.5,False,False,,,NE
C005001,CD-PE1,proprio,2026-03-24,manha,agencia,16.4,False,True,,,NE
C005002,CD-PE1,proprio,2026-03-10,tarde,anuncio,8.2,False,False,,,NE
C005003,CD-PE1,proprio,2026-03-06,manha,indicacao,8.7,False,False,,,NE
C005004,CD-PE1,proprio,2026-03-10,noite,indicacao,14.5,False,False,2026-04-08,voluntario,NE
C005005,CD-PE1,proprio,2026-03-20,manha,anuncio,5.6,False,True,,,NE
C005006,CD-PE1,proprio,2026-03-11,tarde,anuncio,3.9,False,True,,,NE
C005007,CD-PE1,proprio,2026-03-28,noite,anuncio,3.4,False,True,,,NE
C005008,CD-PE1,proprio,2026-03-10,manha,agencia,9.3,False,False,,,NE
C005009,CD-PE1,proprio,2026-03-24,noite,agencia,5.3,False,False,,,NE
C005010,CD-PE1,proprio,2026-03-31,noite,agencia,1.9,False,True,,,NE
C005011,CD-PE1,proprio,2026-03-28,manha,agencia,21.0,False,True,,,NE
C005012,CD-PE1,proprio,2026-03-19,manha,indicacao,30.4,False,True,,,NE
C005013,CD-PE1,proprio,2026-03-29,noite,anuncio,6.8,False,False,,,NE
C005014,CD-PE1,proprio,2026-03-25,manha,agencia,38.7,False,True,2026-04-02,voluntario,NE
C005015,CD-PE1,proprio,2026-03-03,manha,indicacao,9.5,False,False,,,NE
C005016,CD-PE1,proprio,2026-03-29,tarde,agencia,15.3,False,True,,,NE
C005017,CD-PE1,proprio,2026-03-01,manha,anuncio,12.0,False,False,,,NE
C005018,CD-PE1,proprio,2026-03-02,tarde,anuncio,8.6,False,False,,,NE
C005019,CD-PE1,proprio,2026-03-23,noite,anuncio,5.2,False,False,,,NE
C005020,CD-PE1,proprio,2026-03-21,manha,anuncio,9.7,False,True,,,NE
C005021,CD-PE1,proprio,2026-03-30,tarde,indicacao,4.0,False,True,,,NE
C005022,CD-PE1,proprio,2026-03-10,manha,agencia,3.3,False,False,,,NE
C005023,CD-PE1,proprio,2026-03-23,manha,anuncio,5.1,False,False,,,NE
C005024,CD-PE1,proprio,2026-03-04,tarde,indicacao,11.6,False,False,,,NE
C005025,CD-PE1,proprio,2026-03-08,tarde,indicacao,8.8,False,False,,,NE
C005026,CD-PE1,proprio,2026-03-08,tarde,anuncio,5.4,False,True,,,NE
C005027,CD-PE1,proprio,2026-03-29,manha,agencia,12.3,False,True,2026-09-05,involuntario,NE
C005028,CD-PE1,proprio,2026-03-25,manha,agencia,12.8,False,False,2026-05-31,involuntario,NE
C005029,CD-PE1,proprio,2026-03-27,noite,indicacao,5.0,False,True,2026-07-22,voluntario,NE
C005030,CD-PE1,proprio,2026-03-13,manha,indicacao,6.3,False,True,,,NE
C005031,CD-PE1,proprio,2026-03-23,tarde,agencia,9.3,False,True,,,NE
C005032,CD-PE1,proprio,2026-03-31,manha,agencia,8.5,False,True,,,NE
C005033,CD-PE1,proprio,2026-03-12,noite,agencia,4.7,False,True,2026-09-17,voluntario,NE
C005034,CD-PE1,proprio,2026-03-04,noite,agencia,10.2,False,False,,,NE
C005035,CD-PE1,proprio,2026-03-30,noite,anuncio,8.2,False,True,2026-04-05,involuntario,NE
C005036,CD-PE1,proprio,2026-03-17,manha,agencia,9.0,False,False,2026-04-03,involuntario,NE
C005037,CD-PE1,proprio,2026-03-22,tarde,indicacao,3.3,False,False,,,NE
C005038,CD-PE1,proprio,2026-03-09,manha,anuncio,13.6,False,False,,,NE
C005039,CD-PE1,proprio,2026-03-25,tarde,agencia,10.0,False,True,,,NE
C005040,CD-PE1,proprio,2026-03-29,tarde,anuncio,16.4,False,True,,,NE
C005041,CD-PE1,proprio,2026-03-20,manha,agencia,12.8,False,True,,,NE
C005042,CD-PE1,proprio,2026-03-26,tarde,anuncio,17.0,False,False,2026-03-31,voluntario,NE
C005043,CD-PE1,proprio,2026-03-24,noite,indicacao,8.8,False,False,,,NE
C005044,CD-PE1,proprio,2026-03-30,manha,agencia,4.2,False,True,,,NE
C005045,CD-PE1,proprio,2026-03-02,manha,indicacao,14.7,False,True,,,NE
C005046,CD-PE1,proprio,2026-03-04,manha,anuncio,7.6,False,False,,,NE
C005047,CD-PE1,proprio,2026-03-16,noite,anuncio,11.6,False,False,2026-04-24,voluntario,NE
C005048,CD-PE1,proprio,2026-03-24,noite,anuncio,5.8,False,True,2026-07-01,voluntario,NE
C005049,CD-PE1,proprio,2026-03-09,noite,indicacao,11.1,False,True,2026-09-07,involuntario,NE
C005050,CD-PE1,proprio,2026-03-24,tarde,anuncio,4.2,False,True,,,NE
C005051,CD-PE1,proprio,2026-03-02,manha,anuncio,15.7,False,False,,,NE
C005052,CD-PE1,proprio,2026-03-09,manha,indicacao,9.3,False,True,,,NE
C005053,CD-PE1,proprio,2026-03-25,manha,indicacao,13.0,False,True,,,NE
C005054,CD-PE1,proprio,2026-03-17,tarde,indicacao,5.3,False,False,,,NE
C005055,CD-PE1,proprio,2026-03-15,manha,indicacao,8.6,False,False,,,NE
C005056,CD-PE1,proprio,2026-03-16,noite,agencia,12.2,False,False,2026-03-18,voluntario,NE
C005057,CD-PR1,proprio,2026-03-13,tarde,indicacao,11.8,False,True,,,S
C005058,CD-PR1,proprio,2026-03-04,noite,anuncio,10.5,False,True,2026-03-19,voluntario,S
C005059,CD-PR1,proprio,2026-03-08,noite,agencia,6.3,False,True,2026-03-22,involuntario,S
C005060,CD-PR1,proprio,2026-03-15,tarde,agencia,8.7,False,False,,,S
C005061,CD-PR1,proprio,2026-03-24,noite,anuncio,7.6,False,False,2026-04-17,involuntario,S
C005062,CD-PR1,proprio,2026-03-06,manha,agencia,3.9,False,False,,,S
C005063,CD-PR1,proprio,2026-03-03,manha,anuncio,6.2,False,False,2026-04-23,voluntario,S
C005064,CD-PR1,proprio,2026-03-26,manha,indicacao,7.4,False,False,,,S
C005065,CD-PR1,proprio,2026-03-15,tarde,indicacao,6.6,False,True,,,S
C005066,CD-PR1,proprio,2026-03-16,manha,anuncio,8.7,False,False,,,S
C005067,CD-PR1,proprio,2026-03-31,noite,anuncio,10.7,False,False,,,S
C005068,CD-PR1,proprio,2026-03-03,manha,anuncio,8.9,False,False,,,S
C005069,CD-PR1,proprio,2026-03-15,tarde,anuncio,7.1,False,True,2026-09-27,voluntario,S
C005070,CD-PR1,proprio,2026-03-11,manha,anuncio,14.3,False,True,,,S
C005071,CD-PR1,proprio,2026-03-27,manha,agencia,4.9,False,False,2026-05-25,involuntario,S
C005072,CD-PR1,proprio,2026-03-05,noite,anuncio,5.9,False,False,,,S
C005073,CD-PR1,proprio,2026-03-30,tarde,agencia,5.0,False,False,2026-08-22,voluntario,S
C005074,CD-PR1,proprio,2026-03-30,manha,agencia,11.8,False,False,,,S
C005075,CD-PR1,proprio,2026-03-12,manha,anuncio,11.7,False,True,,,S
C005076,CD-PR1,proprio,2026-03-03,manha,indicacao,11.2,False,True,,,S
C005077,CD-PR1,proprio,2026-03-26,manha,anuncio,23.3,False,False,2026-04-09,voluntario,S
C005078,CD-PR1,proprio,2026-03-06,noite,anuncio,6.1,False,False,,,S
C005079,CD-PR1,proprio,2026-03-26,manha,anuncio,9.2,False,True,,,S
C005080,CD-PR1,proprio,2026-03-30,manha,indicacao,12.0,False,False,,,S
C005081,CD-PR1,proprio,2026-03-16,manha,agencia,7.6,False,False,,,S
C005082,CD-PR1,proprio,2026-03-04,tarde,agencia,12.4,False,False,2026-03-08,involuntario,S
C005083,CD-PR1,proprio,2026-03-18,manha,indicacao,14.5,False,True,,,S
C005084,CD-PR1,proprio,2026-03-13,tarde,anuncio,13.5,False,False,,,S
C005085,CD-PR1,proprio,2026-03-17,manha,anuncio,21.6,False,False,2026-03-18,involuntario,S
C005086,CD-PR1,proprio,2026-03-17,noite,anuncio,22.3,False,False,2026-03-19,voluntario,S
C005087,CD-PR1,proprio,2026-03-23,tarde,agencia,12.0,False,True,,,S
C005088,CD-PR1,proprio,2026-03-08,manha,agencia,6.2,False,False,2026-03-14,voluntario,S
C005089,CD-PR1,proprio,2026-03-27,noite,indicacao,53.8,False,True,2026-04-16,voluntario,S
C005090,CD-PR1,proprio,2026-03-09,noite,anuncio,4.8,False,False,,,S
C005091,CD-PR1,proprio,2026-03-30,noite,indicacao,8.5,False,False,,,S
C005092,CD-PR1,proprio,2026-03-17,noite,agencia,14.4,False,True,,,S
C005093,CD-PR1,proprio,2026-03-19,noite,anuncio,10.6,False,True,,,S
C005094,CD-PR1,proprio,2026-03-10,manha,indicacao,10.3,False,False,,,S
C005095,CD-PR1,proprio,2026-03-16,manha,anuncio,11.4,False,True,,,S
C005096,CD-PR1,proprio,2026-03-30,tarde,agencia,13.9,False,False,,,S
C005097,CD-PR1,proprio,2026-03-06,noite,agencia,4.9,False,False,,,S
C005098,CD-PR1,proprio,2026-03-16,tarde,anuncio,14.1,False,True,,,S
C005099,CD-PR1,proprio,2026-03-20,manha,indicacao,9.9,False,False,,,S
C005100,CD-PR1,proprio,2026-03-14,noite,anuncio,13.8,False,False,2026-05-04,involuntario,S
C005101,CD-PR1,proprio,2026-03-04,manha,indicacao,9.2,False,True,2026-06-03,involuntario,S
C005102,CD-PR1,proprio,2026-03-14,manha,anuncio,5.0,False,False,2026-03-17,voluntario,S
C005103,CD-PR1,proprio,2026-03-24,manha,anuncio,12.6,False,False,,,S
C005104,CD-PR1,proprio,2026-03-18,noite,agencia,4.3,False,True,,,S
C005105,CD-PR1,proprio,2026-03-30,manha,anuncio,12.0,False,False,2026-04-27,voluntario,S
C005106,CD-PR1,proprio,2026-03-31,manha,indicacao,35.9,False,True,,,S
C005107,CD-PR1,proprio,2026-03-14,tarde,anuncio,6.5,False,False,,,S
C005108,CD-PR1,proprio,2026-03-24,noite,agencia,5.4,False,True,,,S
C005109,CD-PR1,proprio,2026-03-27,tarde,anuncio,9.9,False,True,2026-04-04,involuntario,S
C005110,CD-PR1,proprio,2026-03-28,tarde,indicacao,7.5,False,True,,,S
C005111,CD-PR1,proprio,2026-03-04,tarde,agencia,10.5,False,False,,,S
C005112,CD-PR1,proprio,2026-03-16,tarde,indicacao,6.3,False,True,,,S
C005113,CD-PR1,proprio,2026-03-04,noite,agencia,4.9,False,False,,,S
C005114,CD-PR1,proprio,2026-03-16,noite,anuncio,1.8,False,False,2026-04-08,voluntario,S
C005115,CD-PR1,proprio,2026-03-27,manha,indicacao,4.8,False,False,,,S
C005116,CD-PR1,proprio,2026-03-14,noite,anuncio,9.8,False,True,,,S
C005117,CD-PR1,proprio,2026-03-23,manha,anuncio,15.0,False,True,,,S
C005118,CD-PR1,proprio,2026-03-02,noite,anuncio,12.3,False,False,2026-03-28,voluntario,S
C005119,CD-PR1,proprio,2026-03-01,manha,anuncio,12.9,False,False,2026-09-13,voluntario,S
C005120,CD-PR1,proprio,2026-03-07,manha,indicacao,13.2,False,False,,,S
C005121,CD-PR1,proprio,2026-03-11,tarde,anuncio,6.3,False,False,,,S
C005122,CD-PR1,proprio,2026-03-25,noite,agencia,3.1,False,False,2026-08-29,voluntario,S
C005123,CD-PR1,proprio,2026-03-14,noite,agencia,8.2,False,False,,,S
C005124,CD-PR1,proprio,2026-03-21,noite,agencia,3.7,False,True,,,S
C005125,CD-PR1,proprio,2026-03-04,manha,indicacao,9.9,False,False,,,S
C005126,CD-PR1,proprio,2026-03-15,noite,indicacao,8.4,False,False,,,S
C005127,CD-PR1,proprio,2026-03-02,noite,agencia,26.8,False,True,2026-03-27,voluntario,S
C005128,CD-PR1,proprio,2026-03-11,manha,agencia,17.6,False,False,2026-03-13,voluntario,S
C005129,CD-PR1,proprio,2026-03-01,manha,indicacao,11.7,False,True,,,S
C005130,CD-PR1,proprio,2026-03-02,manha,agencia,6.5,False,False,,,S
C005131,CD-PR1,proprio,2026-03-08,noite,indicacao,4.0,False,True,,,S
C005132,CD-PR1,proprio,2026-03-24,tarde,indicacao,27.6,False,True,,,S
C005133,CD-PR1,proprio,2026-03-14,manha,anuncio,8.4,False,True,,,S
C005134,CD-PR1,proprio,2026-03-28,manha,anuncio,11.0,False,False,,,S
C005135,CD-PR1,proprio,2026-03-03,manha,agencia,5.8,False,False,2026-04-11,voluntario,S
C005136,CD-PR1,proprio,2026-03-23,manha,anuncio,22.6,False,True,,,S
C005137,CD-PR1,proprio,2026-03-13,noite,indicacao,5.4,False,True,2026-03-22,voluntario,S
C005138,CD-PR1,proprio,2026-03-14,tarde,anuncio,7.2,False,True,2026-03-15,voluntario,S
C005139,CD-PR1,proprio,2026-03-16,manha,indicacao,11.1,False,False,2026-07-27,voluntario,S
C005140,CD-PR1,proprio,2026-03-14,manha,agencia,15.5,False,False,,,S
C005141,CD-PR1,proprio,2026-03-26,manha,agencia,7.4,False,False,2026-04-26,voluntario,S
C005142,CD-PR1,proprio,2026-03-10,tarde,anuncio,9.3,False,False,,,S
C005143,CD-PR1,proprio,2026-03-09,manha,indicacao,6.3,False,False,,,S
C005144,CD-PR1,proprio,2026-03-24,manha,anuncio,8.6,False,True,,,S
C005145,CD-PR1,proprio,2026-03-18,tarde,agencia,11.9,False,False,2026-03-21,voluntario,S
C005146,CD-PR1,proprio,2026-03-21,tarde,indicacao,20.4,False,True,,,S
C005147,CD-PR1,proprio,2026-03-04,tarde,anuncio,9.6,False,True,2026-05-05,involuntario,S
C005148,CD-PR1,proprio,2026-03-12,tarde,agencia,4.7,False,True,,,S
C005149,CD-PR1,proprio,2026-03-28,tarde,anuncio,22.7,False,False,2026-05-25,voluntario,S
C005150,CD-PR1,proprio,2026-03-20,noite,anuncio,13.3,False,False,,,S
C005151,CD-PR1,proprio,2026-03-14,tarde,agencia,11.4,False,False,,,S
C005152,CD-PR1,proprio,2026-03-27,manha,anuncio,24.6,False,True,,,S
C005153,CD-PR1,proprio,2026-03-20,tarde,anuncio,21.4,False,False,,,S
C005154,CD-PR1,proprio,2026-03-30,tarde,agencia,5.1,False,False,,,S
C005155,CD-PR1,proprio,2026-03-16,noite,indicacao,8.2,False,False,2026-08-20,voluntario,S
C005156,CD-PR1,proprio,2026-03-04,manha,indicacao,4.2,False,False,,,S
C005157,CD-PR1,proprio,2026-03-14,manha,anuncio,8.7,False,False,,,S
C005158,CD-PR1,proprio,2026-03-20,manha,agencia,10.4,False,True,2026-03-24,involuntario,S
C005159,CD-PR1,proprio,2026-03-31,noite,agencia,3.4,False,False,,,S
C005160,CD-PR1,proprio,2026-03-10,noite,agencia,8.4,False,False,2026-03-31,voluntario,S
C005161,CD-PR1,proprio,2026-03-11,manha,anuncio,6.9,False,True,,,S
C005162,CD-PR1,proprio,2026-03-24,manha,indicacao,16.5,False,False,,,S
C005163,CD-PR1,proprio,2026-03-20,manha,agencia,22.6,False,True,,,S
C005164,CD-PR1,proprio,2026-03-19,manha,anuncio,16.9,False,False,2026-04-17,voluntario,S
C005165,CD-PR1,proprio,2026-03-10,tarde,anuncio,7.9,False,True,2026-03-16,involuntario,S
C005166,CD-PR1,proprio,2026-03-07,noite,agencia,14.2,False,False,,,S
C005167,CD-PR1,proprio,2026-03-03,noite,agencia,7.2,False,False,,,S
C005168,CD-PR1,proprio,2026-03-14,noite,agencia,5.6,False,False,,,S
C005169,CD-PR1,proprio,2026-03-07,manha,anuncio,5.8,False,True,2026-04-02,voluntario,S
C005170,CD-PR1,proprio,2026-03-25,tarde,agencia,16.5,False,True,,,S
C005171,CD-PR1,proprio,2026-03-07,tarde,agencia,23.6,False,True,2026-03-08,voluntario,S
C005172,CD-PR1,proprio,2026-03-07,noite,agencia,8.5,False,False,2026-03-13,voluntario,S
C005173,CD-PR1,proprio,2026-03-20,noite,anuncio,13.1,False,False,2026-04-04,voluntario,S
C005174,CD-PR1,proprio,2026-03-20,noite,agencia,6.4,False,True,,,S
C005175,CD-PR1,proprio,2026-03-02,manha,indicacao,14.5,False,False,,,S
C005176,CD-PR1,proprio,2026-03-26,noite,anuncio,3.7,False,False,,,S
C005177,CD-PR1,proprio,2026-03-05,manha,agencia,17.2,False,False,,,S
C005178,CD-PR1,proprio,2026-03-05,tarde,anuncio,17.7,False,False,,,S
C005179,CD-PR1,proprio,2026-03-11,tarde,agencia,6.4,False,False,,,S
C005180,CD-PR1,proprio,2026-03-05,tarde,anuncio,19.4,False,False,,,S
C005181,CD-PR1,proprio,2026-03-20,noite,agencia,1.7,False,False,,,S
C005182,CD-PR1,proprio,2026-03-08,manha,agencia,7.6,False,False,,,S
C005183,CD-PR1,proprio,2026-03-01,tarde,agencia,15.0,False,True,,,S
C005184,CD-PR1,proprio,2026-03-23,noite,anuncio,8.5,False,False,,,S
C005185,CD-PR1,proprio,2026-03-26,manha,indicacao,3.5,False,True,,,S
C005186,CD-PR1,proprio,2026-03-26,tarde,anuncio,10.0,False,False,2026-04-19,voluntario,S
C005187,CD-PR1,proprio,2026-03-02,manha,anuncio,5.8,False,False,2026-03-26,voluntario,S
C005188,CD-PR1,proprio,2026-03-09,manha,anuncio,18.8,False,False,2026-03-15,voluntario,S
C005189,CD-PR1,proprio,2026-03-31,tarde,indicacao,3.4,False,False,2026-05-06,voluntario,S
C005190,CD-PR1,proprio,2026-03-23,noite,indicacao,8.9,False,False,2026-06-06,voluntario,S
C005191,CD-RJ1,proprio,2026-03-27,manha,agencia,3.9,False,True,,,SE
C005192,CD-RJ1,proprio,2026-03-10,manha,anuncio,9.5,False,False,,,SE
C005193,CD-RJ1,proprio,2026-03-01,tarde,agencia,4.9,False,True,,,SE
C005194,CD-RJ1,proprio,2026-03-01,noite,agencia,8.3,False,True,2026-09-03,voluntario,SE
C005195,CD-RJ1,proprio,2026-03-27,noite,indicacao,6.6,False,False,2026-03-29,voluntario,SE
C005196,CD-RJ1,proprio,2026-03-19,noite,indicacao,6.6,False,False,,,SE
C005197,CD-RJ1,proprio,2026-03-26,noite,anuncio,9.7,False,False,2026-07-03,involuntario,SE
C005198,CD-RJ1,proprio,2026-03-25,manha,indicacao,13.5,False,False,2026-03-27,voluntario,SE
C005199,CD-RJ1,proprio,2026-03-17,manha,anuncio,9.7,False,True,,,SE
C005200,CD-RJ1,proprio,2026-03-23,noite,indicacao,8.3,False,False,2026-09-24,voluntario,SE
C005201,CD-RJ1,proprio,2026-03-29,manha,anuncio,17.4,False,True,2026-07-21,involuntario,SE
C005202,CD-RJ1,proprio,2026-03-28,tarde,agencia,5.7,False,False,,,SE
C005203,CD-RJ1,proprio,2026-03-01,tarde,indicacao,12.3,False,True,,,SE
C005204,CD-RJ1,proprio,2026-03-21,manha,agencia,7.6,False,False,,,SE
C005205,CD-RJ1,proprio,2026-03-31,tarde,anuncio,30.3,False,False,2026-04-09,voluntario,SE
C005206,CD-RJ1,proprio,2026-03-23,noite,anuncio,5.8,False,False,2026-04-23,voluntario,SE
C005207,CD-RJ1,proprio,2026-03-25,manha,anuncio,5.1,False,True,,,SE
C005208,CD-RJ1,proprio,2026-03-04,manha,anuncio,8.5,False,False,,,SE
C005209,CD-RJ1,proprio,2026-03-27,manha,indicacao,7.9,False,False,2026-08-14,voluntario,SE
C005210,CD-RJ1,proprio,2026-03-09,manha,agencia,9.9,False,True,,,SE
C005211,CD-RJ1,proprio,2026-03-13,manha,agencia,9.1,False,False,,,SE
C005212,CD-RJ1,proprio,2026-03-20,manha,indicacao,8.5,False,True,,,SE
C005213,CD-RJ1,proprio,2026-03-08,tarde,indicacao,18.8,False,True,,,SE
C005214,CD-RJ1,proprio,2026-03-18,tarde,agencia,18.8,False,True,,,SE
C005215,CD-RJ1,proprio,2026-03-30,noite,indicacao,9.2,False,False,2026-04-07,voluntario,SE
C005216,CD-RJ1,proprio,2026-03-17,tarde,anuncio,8.5,False,True,,,SE
C005217,CD-RJ1,proprio,2026-03-13,manha,anuncio,9.7,False,True,2026-04-16,involuntario,SE
C005218,CD-RJ1,proprio,2026-03-29,noite,agencia,11.6,False,False,,,SE
C005219,CD-RJ1,proprio,2026-03-22,noite,anuncio,3.6,False,True,,,SE
C005220,CD-RJ1,proprio,2026-03-23,manha,agencia,19.2,False,False,2026-04-18,involuntario,SE
C005221,CD-RJ1,proprio,2026-03-08,manha,agencia,14.8,False,False,,,SE
C005222,CD-RJ1,proprio,2026-03-14,noite,anuncio,7.5,False,True,,,SE
C005223,CD-RJ1,proprio,2026-03-06,manha,anuncio,6.0,False,True,2026-06-09,involuntario,SE
C005224,CD-RJ1,proprio,2026-03-15,noite,anuncio,4.5,False,False,,,SE
C005225,CD-RJ1,proprio,2026-03-02,manha,anuncio,12.2,False,True,2026-08-04,voluntario,SE
C005226,CD-RJ1,proprio,2026-03-12,noite,anuncio,25.1,False,True,,,SE
C005227,CD-RJ1,proprio,2026-03-16,tarde,indicacao,2.2,False,False,,,SE
C005228,CD-RJ1,proprio,2026-03-02,manha,agencia,8.7,False,False,,,SE
C005229,CD-RJ1,proprio,2026-03-08,manha,indicacao,3.5,False,True,,,SE
C005230,CD-RJ1,proprio,2026-03-16,manha,indicacao,6.9,False,False,,,SE
C005231,CD-RJ1,proprio,2026-03-03,manha,anuncio,7.1,False,False,,,SE
C005232,CD-RJ1,proprio,2026-03-21,manha,anuncio,19.3,False,False,,,SE
C005233,CD-RJ1,proprio,2026-03-04,noite,agencia,9.9,False,True,,,SE
C005234,CD-RJ1,proprio,2026-03-23,noite,anuncio,13.8,False,True,,,SE
C005235,CD-RJ1,proprio,2026-03-01,manha,agencia,6.7,False,False,2026-03-14,voluntario,SE
C005236,CD-RJ1,proprio,2026-03-08,manha,anuncio,10.3,False,False,2026-03-13,voluntario,SE
C005237,CD-RJ1,proprio,2026-03-10,manha,agencia,9.9,False,True,,,SE
C005238,CD-RJ1,proprio,2026-03-03,tarde,indicacao,26.7,False,False,,,SE
C005239,CD-RJ1,proprio,2026-03-05,manha,indicacao,8.4,False,True,,,SE
C005240,CD-RJ1,proprio,2026-03-11,tarde,indicacao,10.2,False,False,,,SE
C005241,CD-RJ1,proprio,2026-03-14,noite,indicacao,16.9,False,True,,,SE
C005242,CD-RJ1,proprio,2026-03-17,manha,indicacao,6.1,False,True,,,SE
C005243,CD-RJ1,proprio,2026-03-29,manha,indicacao,3.9,False,False,,,SE
C005244,CD-RJ1,proprio,2026-03-18,manha,indicacao,7.2,False,False,,,SE
C005245,CD-RJ1,proprio,2026-03-21,tarde,anuncio,12.8,False,True,,,SE
C005246,CD-RJ1,proprio,2026-03-24,tarde,agencia,7.5,False,False,2026-05-25,involuntario,SE
C005247,CD-RJ1,proprio,2026-03-20,manha,indicacao,9.8,False,True,,,SE
C005248,CD-RJ1,proprio,2026-03-26,tarde,indicacao,6.7,False,True,,,SE
C005249,CD-RJ1,proprio,2026-03-23,noite,anuncio,8.2,False,True,,,SE
C005250,CD-RJ1,proprio,2026-03-28,manha,anuncio,4.6,False,False,2026-08-19,voluntario,SE
C005251,CD-RJ1,proprio,2026-03-24,tarde,indicacao,13.2,False,False,,,SE
C005252,CD-RJ1,proprio,2026-03-01,tarde,agencia,13.0,False,False,2026-03-14,voluntario,SE
C005253,CD-RJ1,proprio,2026-03-06,tarde,agencia,21.4,False,False,,,SE
C005254,CD-RJ1,proprio,2026-03-27,manha,anuncio,5.0,False,False,,,SE
C005255,CD-RJ1,proprio,2026-03-27,tarde,anuncio,26.9,False,True,,,SE
C005256,CD-RJ1,proprio,2026-03-15,manha,agencia,7.1,False,False,,,SE
C005257,CD-RJ1,proprio,2026-03-08,noite,agencia,2.9,False,True,,,SE
C005258,CD-RJ1,proprio,2026-03-06,tarde,anuncio,16.7,False,False,,,SE
C005259,CD-RJ1,proprio,2026-03-29,manha,indicacao,16.8,False,False,,,SE
C005260,CD-RJ1,proprio,2026-03-21,manha,anuncio,6.9,False,False,,,SE
C005261,CD-RJ1,proprio,2026-03-25,manha,agencia,5.0,False,False,,,SE
C005262,CD-RJ1,proprio,2026-03-22,tarde,indicacao,2.0,False,True,,,SE
C005263,CD-RJ1,proprio,2026-03-04,manha,indicacao,4.2,False,False,,,SE
C005264,CD-RJ1,proprio,2026-03-05,noite,indicacao,5.6,False,False,,,SE
C005265,CD-RJ1,proprio,2026-03-27,manha,agencia,13.4,False,True,2026-04-19,involuntario,SE
C005266,CD-RJ1,proprio,2026-03-19,tarde,agencia,10.5,False,False,2026-03-24,involuntario,SE
C005267,CD-RJ1,proprio,2026-03-03,noite,anuncio,9.8,False,True,,,SE
C005268,CD-RJ1,proprio,2026-03-19,tarde,anuncio,6.9,False,False,,,SE
C005269,CD-RJ1,proprio,2026-03-05,tarde,agencia,8.8,False,False,,,SE
C005270,CD-RJ1,proprio,2026-03-31,noite,indicacao,13.2,False,True,,,SE
C005271,CD-RJ1,proprio,2026-03-21,manha,anuncio,12.2,False,False,,,SE
C005272,CD-RJ1,proprio,2026-03-11,manha,indicacao,10.5,False,False,,,SE
C005273,CD-RJ1,proprio,2026-03-10,manha,indicacao,15.6,False,False,,,SE
C005274,CD-RJ1,proprio,2026-03-28,tarde,agencia,4.6,False,True,,,SE
C005275,CD-RJ1,proprio,2026-03-22,tarde,agencia,4.9,False,False,2026-04-06,voluntario,SE
C005276,CD-RJ1,proprio,2026-03-19,manha,indicacao,14.0,False,True,,,SE
C005277,CD-RJ1,proprio,2026-03-13,noite,indicacao,6.7,False,True,,,SE
C005278,CD-RJ1,proprio,2026-03-18,manha,anuncio,7.6,False,True,,,SE
C005279,CD-RJ1,proprio,2026-03-29,noite,agencia,5.9,False,False,2026-03-30,voluntario,SE
C005280,CD-RJ1,proprio,2026-03-28,manha,agencia,6.5,False,False,,,SE
C005281,CD-RJ1,proprio,2026-03-07,manha,indicacao,6.2,False,False,2026-04-02,voluntario,SE
C005282,CD-RJ1,proprio,2026-03-14,noite,anuncio,21.2,False,False,,,SE
C005283,CD-RJ1,proprio,2026-03-15,tarde,agencia,9.4,False,True,,,SE
C005284,CD-RJ1,proprio,2026-03-22,tarde,agencia,10.8,False,True,,,SE
C005285,CD-SP1,proprio,2026-03-01,tarde,anuncio,3.9,False,False,,,SE
C005286,CD-SP1,proprio,2026-03-09,manha,agencia,5.7,False,True,2026-04-16,involuntario,SE
C005287,CD-SP1,proprio,2026-03-11,noite,anuncio,5.7,False,True,,,SE
C005288,CD-SP1,proprio,2026-03-03,manha,anuncio,11.2,False,True,,,SE
C005289,CD-SP1,proprio,2026-03-19,noite,anuncio,5.8,False,True,,,SE
C005290,CD-SP1,proprio,2026-03-12,tarde,anuncio,11.6,False,False,,,SE
C005291,CD-SP1,proprio,2026-03-31,manha,agencia,3.5,False,False,,,SE
C005292,CD-SP1,proprio,2026-03-16,noite,anuncio,5.0,False,False,2026-07-21,voluntario,SE
C005293,CD-SP1,proprio,2026-03-14,manha,anuncio,3.8,False,False,,,SE
C005294,CD-SP1,proprio,2026-03-22,tarde,anuncio,8.6,False,True,,,SE
C005295,CD-SP1,proprio,2026-03-28,manha,agencia,4.9,False,False,2026-08-01,involuntario,SE
C005296,CD-SP1,proprio,2026-03-17,manha,agencia,7.9,False,True,,,SE
C005297,CD-SP1,proprio,2026-03-14,noite,indicacao,3.9,False,False,,,SE
C005298,CD-SP1,proprio,2026-03-26,noite,anuncio,3.7,False,True,,,SE
C005299,CD-SP1,proprio,2026-03-14,noite,agencia,5.9,False,True,,,SE
C005300,CD-SP1,proprio,2026-03-14,manha,anuncio,20.9,False,True,2026-08-14,voluntario,SE
C005301,CD-SP1,proprio,2026-03-12,manha,indicacao,3.9,False,False,,,SE
C005302,CD-SP1,proprio,2026-03-24,manha,anuncio,7.7,False,False,,,SE
C005303,CD-SP1,proprio,2026-03-03,manha,agencia,11.0,False,False,,,SE
C005304,CD-SP1,proprio,2026-03-02,manha,anuncio,9.6,False,False,,,SE
C005305,CD-SP1,proprio,2026-03-10,manha,agencia,5.6,False,False,2026-04-11,voluntario,SE
C005306,CD-SP1,proprio,2026-03-01,manha,anuncio,5.0,False,False,,,SE
C005307,CD-SP1,proprio,2026-03-06,tarde,agencia,8.9,False,True,,,SE
C005308,CD-SP1,proprio,2026-03-13,manha,anuncio,16.0,False,False,2026-04-02,voluntario,SE
C005309,CD-SP1,proprio,2026-03-04,tarde,anuncio,7.0,False,True,,,SE
C005310,CD-SP1,proprio,2026-03-26,manha,anuncio,10.5,False,True,,,SE
C005311,CD-SP1,proprio,2026-03-31,manha,anuncio,8.6,False,True,,,SE
C005312,CD-SP1,proprio,2026-03-06,noite,indicacao,20.8,False,False,,,SE
C005313,CD-SP1,proprio,2026-03-21,noite,agencia,4.9,False,True,,,SE
C005314,CD-SP1,proprio,2026-03-24,tarde,agencia,15.8,False,False,2026-05-02,involuntario,SE
C005315,CD-SP1,proprio,2026-03-17,tarde,anuncio,4.9,False,False,2026-08-28,voluntario,SE
C005316,CD-SP1,proprio,2026-03-25,noite,anuncio,7.4,False,True,,,SE
C005317,CD-SP1,proprio,2026-03-16,noite,anuncio,15.9,False,True,,,SE
C005318,CD-SP1,proprio,2026-03-19,tarde,agencia,14.4,False,True,,,SE
C005319,CD-SP1,proprio,2026-03-04,manha,anuncio,4.4,False,False,,,SE
C005320,CD-SP1,proprio,2026-03-20,noite,anuncio,9.0,False,True,,,SE
C005321,CD-SP1,proprio,2026-03-05,noite,indicacao,16.1,False,False,2026-04-06,voluntario,SE
C005322,CD-SP1,proprio,2026-03-13,manha,anuncio,12.1,False,True,2026-04-17,voluntario,SE
C005323,CD-SP1,proprio,2026-03-01,manha,agencia,4.6,False,True,,,SE
C005324,CD-SP1,proprio,2026-03-14,manha,anuncio,7.7,False,True,,,SE
C005325,CD-SP1,proprio,2026-03-16,tarde,indicacao,11.4,False,False,,,SE
C005326,CD-SP1,proprio,2026-03-20,tarde,agencia,7.7,False,True,2026-03-25,voluntario,SE
C005327,CD-SP1,proprio,2026-03-27,noite,agencia,4.6,False,False,,,SE
C005328,CD-SP1,proprio,2026-03-19,noite,anuncio,9.5,False,True,,,SE
C005329,CD-SP1,proprio,2026-03-18,tarde,agencia,26.3,False,True,2026-03-26,voluntario,SE
C005330,CD-SP1,proprio,2026-03-15,manha,anuncio,9.2,False,False,,,SE
C005331,CD-SP1,proprio,2026-03-15,manha,agencia,3.5,False,True,,,SE
C005332,CD-SP1,proprio,2026-03-28,noite,anuncio,4.4,False,True,,,SE
C005333,CD-SP1,proprio,2026-03-04,manha,anuncio,15.1,False,False,,,SE
C005334,CD-SP1,proprio,2026-03-11,manha,indicacao,11.4,False,False,,,SE
C005335,CD-SP1,proprio,2026-03-16,manha,agencia,11.0,False,True,,,SE
C005336,CD-SP1,proprio,2026-03-20,noite,indicacao,11.8,False,True,2026-04-08,voluntario,SE
C005337,CD-SP1,proprio,2026-03-15,tarde,indicacao,22.2,False,False,,,SE
C005338,CD-SP1,proprio,2026-03-23,tarde,anuncio,12.6,False,True,,,SE
C005339,CD-SP1,proprio,2026-03-31,tarde,indicacao,7.7,False,True,,,SE
C005340,CD-SP1,proprio,2026-03-27,manha,agencia,8.0,False,False,2026-03-28,involuntario,SE
C005341,CD-SP1,proprio,2026-03-28,manha,agencia,11.2,False,False,2026-04-12,involuntario,SE
C005342,CD-SP1,proprio,2026-03-02,manha,indicacao,2.9,False,False,,,SE
C005343,CD-SP1,proprio,2026-03-11,manha,anuncio,27.8,False,True,,,SE
C005344,CD-SP1,proprio,2026-03-24,manha,agencia,7.6,False,False,,,SE
C005345,CD-SP1,proprio,2026-03-19,manha,anuncio,5.0,False,True,,,SE
C005346,CD-SP1,proprio,2026-03-06,tarde,agencia,8.8,False,False,,,SE
C005347,CD-SP1,proprio,2026-03-01,manha,agencia,6.5,False,False,2026-03-20,voluntario,SE
C005348,CD-SP1,proprio,2026-03-12,tarde,agencia,26.8,False,True,,,SE
C005349,CD-SP1,proprio,2026-03-18,noite,agencia,9.2,False,True,,,SE
C005350,CD-SP1,proprio,2026-03-04,manha,agencia,10.6,False,True,,,SE
C005351,CD-SP1,proprio,2026-03-22,manha,anuncio,13.5,False,True,,,SE
C005352,CD-SP1,proprio,2026-03-15,noite,agencia,6.5,False,True,,,SE
C005353,CD-SP1,proprio,2026-03-28,tarde,indicacao,8.6,False,True,2026-09-12,voluntario,SE
C005354,CD-SP1,proprio,2026-03-02,manha,indicacao,10.5,False,False,2026-06-07,involuntario,SE
C005355,CD-SP1,proprio,2026-03-23,manha,agencia,12.2,False,True,,,SE
C005356,CD-SP1,proprio,2026-03-21,tarde,anuncio,4.8,False,False,2026-07-16,involuntario,SE
C005357,CD-SP1,proprio,2026-03-08,manha,anuncio,5.9,False,False,,,SE
C005358,CD-SP1,proprio,2026-03-05,tarde,indicacao,1.9,False,False,,,SE
C005359,CD-SP1,proprio,2026-03-28,manha,agencia,6.4,False,True,,,SE
C005360,CD-SP1,proprio,2026-03-12,manha,indicacao,9.9,False,True,,,SE
C005361,CD-SP1,proprio,2026-03-01,manha,anuncio,15.7,False,False,2026-03-18,voluntario,SE
C005362,CD-SP1,proprio,2026-03-29,noite,anuncio,12.9,False,False,,,SE
C005363,CD-SP1,proprio,2026-03-11,manha,agencia,5.8,False,False,,,SE
C005364,CD-SP1,proprio,2026-03-11,noite,indicacao,7.1,False,True,,,SE
C005365,CD-SP1,proprio,2026-03-10,manha,agencia,14.4,False,False,2026-05-01,voluntario,SE
C005366,CD-SP1,proprio,2026-03-25,noite,agencia,7.4,False,False,,,SE
C005367,CD-SP1,proprio,2026-03-19,manha,agencia,7.8,False,False,2026-07-15,voluntario,SE
C005368,CD-SP1,proprio,2026-03-29,tarde,anuncio,18.4,False,False,,,SE
C005369,CD-SP1,proprio,2026-03-29,manha,anuncio,13.8,False,False,2026-06-16,voluntario,SE
C005370,CD-SP1,proprio,2026-03-28,tarde,agencia,5.3,False,True,,,SE
C005371,CD-SP1,proprio,2026-03-11,noite,agencia,6.6,False,False,,,SE
C005372,CD-SP1,proprio,2026-03-25,manha,anuncio,22.9,False,False,,,SE
C005373,CD-SP1,proprio,2026-03-29,noite,agencia,10.9,False,False,2026-04-25,involuntario,SE
C005374,CD-SP1,proprio,2026-03-12,manha,indicacao,17.9,False,False,,,SE
C005375,CD-SP1,proprio,2026-03-05,manha,anuncio,4.8,False,False,,,SE
C005376,CD-SP1,proprio,2026-03-16,manha,agencia,11.7,False,True,,,SE
C005377,CD-SP1,proprio,2026-03-30,manha,anuncio,12.8,False,True,,,SE
C005378,CD-SP1,proprio,2026-03-30,noite,agencia,17.6,False,True,,,SE
C005379,CD-SP1,proprio,2026-03-20,manha,indicacao,18.1,False,False,2026-09-11,voluntario,SE
C005380,CD-SP1,proprio,2026-03-15,tarde,anuncio,7.2,False,True,,,SE
C005381,CD-SP1,proprio,2026-03-11,manha,anuncio,10.7,False,False,,,SE
C005382,CD-SP1,proprio,2026-03-07,tarde,indicacao,8.0,False,False,,,SE
C005383,CD-SP1,proprio,2026-03-25,manha,indicacao,12.9,False,True,,,SE
C005384,CD-SP1,proprio,2026-03-14,tarde,agencia,4.0,False,True,2026-04-09,voluntario,SE
C005385,CD-SP1,proprio,2026-03-06,manha,indicacao,3.1,False,False,,,SE
C005386,CD-SP1,proprio,2026-03-22,tarde,anuncio,10.5,False,False,,,SE
C005387,CD-SP1,proprio,2026-03-30,noite,indicacao,8.9,False,False,,,SE
C005388,CD-SP1,proprio,2026-03-11,manha,agencia,10.5,False,False,,,SE
C005389,CD-SP1,proprio,2026-03-22,noite,agencia,7.5,False,False,2026-04-08,voluntario,SE
C005390,CD-SP1,proprio,2026-03-08,manha,anuncio,16.3,False,False,2026-09-10,voluntario,SE
C005391,CD-SP1,proprio,2026-03-02,noite,agencia,11.9,False,False,,,SE
C005392,CD-SP1,proprio,2026-03-16,tarde,anuncio,6.9,False,True,,,SE
C005393,CD-SP1,proprio,2026-03-22,tarde,indicacao,8.3,False,False,,,SE
C005394,CD-SP1,proprio,2026-03-01,manha,agencia,3.3,False,False,2026-04-08,voluntario,SE
C005395,CD-SP1,proprio,2026-03-30,manha,anuncio,31.6,False,True,,,SE
C005396,CD-SP1,proprio,2026-03-23,manha,indicacao,7.8,False,False,,,SE
C005397,CD-SP1,proprio,2026-03-17,tarde,indicacao,12.6,False,False,,,SE
C005398,CD-SP1,proprio,2026-03-30,manha,agencia,10.4,False,True,,,SE
C005399,CD-SP1,proprio,2026-03-13,manha,indicacao,8.9,False,False,,,SE
C005400,CD-SP1,proprio,2026-03-13,manha,anuncio,10.0,False,False,2026-03-25,voluntario,SE
C005401,CD-SP1,proprio,2026-03-05,noite,anuncio,2.7,False,False,2026-03-10,voluntario,SE
C005402,CD-SP1,proprio,2026-03-20,noite,agencia,12.9,False,False,2026-03-31,voluntario,SE
C005403,CD-SP1,proprio,2026-03-18,tarde,anuncio,6.8,False,True,,,SE
C005404,CD-SP1,proprio,2026-03-11,tarde,anuncio,13.4,False,False,2026-03-21,voluntario,SE
C005405,CD-SP1,proprio,2026-03-10,noite,indicacao,12.7,False,True,,,SE
C005406,CD-SP1,proprio,2026-03-24,manha,agencia,8.5,False,True,2026-03-27,voluntario,SE
C005407,CD-SP1,proprio,2026-03-07,noite,anuncio,17.5,False,False,,,SE
C005408,CD-SP1,proprio,2026-03-07,noite,anuncio,25.5,False,True,2026-04-20,voluntario,SE
C005409,CD-SP1,proprio,2026-03-08,manha,indicacao,5.7,False,True,,,SE
C005410,CD-SP1,proprio,2026-03-22,tarde,indicacao,6.7,False,True,,,SE
C005411,CD-SP1,proprio,2026-03-13,noite,indicacao,3.3,False,False,2026-03-24,voluntario,SE
C005412,CD-SP1,proprio,2026-03-26,manha,agencia,8.6,False,False,,,SE
C005413,CD-SP1,proprio,2026-03-26,manha,agencia,10.7,False,True,,,SE
C005414,CD-SP1,proprio,2026-03-28,manha,anuncio,5.6,False,True,,,SE
C005415,CD-SP1,proprio,2026-03-03,manha,agencia,7.9,False,False,,,SE
C005416,CD-SP1,proprio,2026-03-16,noite,anuncio,27.5,False,False,2026-03-25,voluntario,SE
C005417,CD-SP1,proprio,2026-03-16,noite,agencia,10.8,False,False,2026-04-15,voluntario,SE
C005418,CD-SP1,proprio,2026-03-04,manha,indicacao,8.5,False,True,,,SE
C005419,CD-SP1,proprio,2026-03-07,tarde,indicacao,11.1,False,False,2026-04-09,voluntario,SE
C005420,CD-SP1,proprio,2026-03-14,noite,agencia,10.9,False,False,,,SE
C005421,CD-SP1,proprio,2026-03-22,manha,indicacao,2.9,False,False,2026-04-20,voluntario,SE
C005422,CD-SP1,proprio,2026-03-26,tarde,indicacao,8.2,False,False,2026-07-17,voluntario,SE
C005423,CD-SP1,proprio,2026-03-09,noite,indicacao,7.1,False,False,,,SE
C005424,CD-SP1,proprio,2026-03-12,noite,anuncio,18.1,False,False,2026-04-03,involuntario,SE
C005425,CD-SP1,proprio,2026-03-25,noite,agencia,7.6,False,True,2026-03-27,involuntario,SE
C005426,CD-SP1,proprio,2026-03-28,tarde,agencia,22.8,False,False,,,SE
C005427,CD-SP1,proprio,2026-03-26,manha,indicacao,14.5,False,True,,,SE
C005428,CD-SP1,proprio,2026-03-29,noite,anuncio,19.3,False,False,2026-04-06,voluntario,SE
C005429,CD-SP1,proprio,2026-03-22,noite,anuncio,6.0,False,False,,,SE
C005430,CD-SP1,proprio,2026-03-19,manha,agencia,9.8,False,False,,,SE
C005431,CD-SP1,proprio,2026-03-20,tarde,anuncio,26.1,False,True,,,SE
C005432,CD-SP1,proprio,2026-03-29,manha,anuncio,3.9,False,True,,,SE
C005433,CD-SP1,proprio,2026-03-13,noite,agencia,12.5,False,False,,,SE
C005434,CD-SP1,proprio,2026-03-04,manha,indicacao,16.8,False,False,,,SE
C005435,CD-SP1,proprio,2026-03-15,tarde,anuncio,8.4,False,False,2026-09-05,involuntario,SE
C005436,CD-SP1,proprio,2026-03-31,tarde,anuncio,10.5,False,False,2026-08-08,involuntario,SE
C005437,CD-SP1,proprio,2026-03-24,noite,agencia,19.0,False,True,2026-06-16,voluntario,SE
C005438,CD-SP1,proprio,2026-03-20,noite,agencia,22.9,False,True,2026-04-09,voluntario,SE
C005439,CD-SP1,proprio,2026-03-17,tarde,agencia,3.8,False,True,,,SE
C005440,CD-SP1,proprio,2026-03-06,tarde,anuncio,17.0,False,True,2026-04-01,voluntario,SE
C005441,CD-SP1,proprio,2026-03-07,manha,indicacao,4.8,False,False,2026-03-11,voluntario,SE
C005442,CD-SP1,proprio,2026-03-08,manha,anuncio,13.0,False,True,,,SE
C005443,CD-SP1,proprio,2026-03-17,manha,agencia,3.7,False,False,,,SE
C005444,CD-SP1,proprio,2026-03-16,noite,anuncio,3.9,False,False,,,SE
C005445,CD-SP1,proprio,2026-03-10,noite,agencia,32.0,False,True,2026-03-14,involuntario,SE
C005446,CD-SP1,proprio,2026-03-18,tarde,indicacao,14.7,False,True,,,SE
C005447,CD-SP1,proprio,2026-03-16,manha,anuncio,2.7,False,False,2026-05-16,voluntario,SE
C005448,CD-SP1,proprio,2026-03-29,tarde,agencia,5.0,False,True,,,SE
C005449,CD-SP1,proprio,2026-03-24,noite,anuncio,5.5,False,False,,,SE
C005450,CD-SP1,proprio,2026-03-05,tarde,indicacao,7.1,False,False,,,SE
C005451,CD-SP1,proprio,2026-03-31,tarde,indicacao,5.5,False,True,,,SE
C005452,CD-SP1,proprio,2026-03-17,manha,agencia,4.1,False,False,2026-09-15,involuntario,SE
C005453,CD-SP1,proprio,2026-03-30,manha,indicacao,6.4,False,True,,,SE
C005454,CD-SP1,proprio,2026-03-30,noite,indicacao,8.1,False,True,,,SE
C005455,CD-SP1,proprio,2026-03-30,tarde,agencia,5.3,False,False,2026-05-10,voluntario,SE
C005456,CD-SP1,proprio,2026-03-17,manha,anuncio,14.8,False,True,,,SE
C005457,CD-SP1,proprio,2026-03-25,manha,anuncio,4.9,False,True,2026-09-14,voluntario,SE
C005458,CD-SP1,proprio,2026-03-28,manha,indicacao,11.9,False,False,,,SE
C005459,CD-SP1,proprio,2026-03-27,manha,agencia,10.9,False,False,,,SE
C005460,CD-SP1,proprio,2026-03-23,manha,anuncio,6.7,False,False,2026-04-19,voluntario,SE
C005461,CD-SP1,proprio,2026-03-28,tarde,indicacao,6.4,False,True,,,SE
C005462,CD-SP1,proprio,2026-03-19,manha,anuncio,15.3,False,True,,,SE
C005463,CD-SP1,proprio,2026-03-15,tarde,indicacao,5.7,False,True,,,SE
C005464,CD-SP1,proprio,2026-03-11,tarde,anuncio,16.0,False,True,,,SE
C005465,CD-SP1,proprio,2026-03-11,noite,anuncio,9.0,False,True,,,SE
C005466,CD-SP1,proprio,2026-03-05,manha,indicacao,17.8,False,True,,,SE
C005467,CD-SP1,proprio,2026-03-24,manha,anuncio,3.8,False,True,,,SE
C005468,CD-SP1,proprio,2026-03-22,noite,agencia,8.2,False,False,2026-03-31,voluntario,SE
C005469,CD-SP1,proprio,2026-03-03,noite,agencia,6.1,False,True,2026-04-07,involuntario,SE
C005470,CD-SP1,proprio,2026-03-21,tarde,indicacao,21.8,False,False,2026-03-27,voluntario,SE
C005471,CD-SP1,proprio,2026-03-21,manha,anuncio,9.9,False,True,,,SE
C005472,CD-SP1,proprio,2026-03-05,tarde,anuncio,6.7,False,False,2026-03-22,voluntario,SE
C005473,CD-SP1,proprio,2026-03-25,noite,indicacao,4.8,False,True,2026-03-28,involuntario,SE
C005474,CD-SP1,proprio,2026-03-23,manha,indicacao,5.4,False,True,,,SE
C005475,CD-SP1,proprio,2026-03-11,noite,anuncio,11.3,False,False,2026-03-20,voluntario,SE
C005476,CD-SP1,proprio,2026-03-13,manha,anuncio,12.9,False,True,,,SE
C005477,CD-SP1,proprio,2026-03-19,tarde,anuncio,22.2,False,False,,,SE
C005478,CD-SP1,proprio,2026-03-16,manha,indicacao,9.1,False,True,,,SE
C005479,CD-SP1,proprio,2026-03-11,tarde,anuncio,3.0,False,False,,,SE
C005480,CD-SP1,proprio,2026-03-22,noite,agencia,11.2,False,True,2026-03-26,involuntario,SE
C005481,CD-SP1,proprio,2026-03-26,manha,anuncio,11.8,False,True,2026-04-19,involuntario,SE
C005482,CD-SP1,proprio,2026-03-06,manha,anuncio,7.1,False,False,,,SE
C005483,CD-SP1,proprio,2026-03-27,manha,agencia,12.6,False,True,,,SE
C005484,CD-SP1,proprio,2026-03-25,noite,indicacao,9.8,False,True,,,SE
C005485,CD-SP1,proprio,2026-03-07,noite,anuncio,12.3,False,True,2026-05-26,voluntario,SE
C005486,CD-SP1,proprio,2026-03-04,manha,anuncio,4.2,False,True,,,SE
C005487,CD-SP1,proprio,2026-03-08,noite,agencia,11.4,False,True,,,SE
C005488,CD-SP1,proprio,2026-03-29,manha,indicacao,4.1,False,False,,,SE
C005489,CD-SP1,proprio,2026-03-04,manha,agencia,5.1,False,False,2026-04-27,involuntario,SE
C005490,CD-SP1,proprio,2026-03-26,manha,anuncio,9.5,False,True,,,SE
C005491,CD-SP1,proprio,2026-03-25,noite,agencia,6.5,False,False,,,SE
C005492,CD-SP1,proprio,2026-03-20,manha,anuncio,6.6,False,False,,,SE
C005493,CD-SP1,proprio,2026-03-04,manha,anuncio,9.3,False,True,,,SE
C005494,CD-SP1,proprio,2026-03-22,noite,indicacao,8.9,False,False,2026-04-10,voluntario,SE
C005495,CD-SP2,3PL,2026-03-07,manha,anuncio,4.0,False,False,,,SE
C005496,CD-SP2,3PL,2026-03-18,noite,anuncio,7.8,False,False,,,SE
C005497,CD-SP2,3PL,2026-03-29,tarde,agencia,14.6,False,True,2026-08-13,voluntario,SE
C005498,CD-SP2,3PL,2026-03-04,tarde,agencia,10.3,False,True,2026-03-09,voluntario,SE
C005499,CD-SP2,3PL,2026-03-24,tarde,anuncio,27.8,False,False,2026-03-28,involuntario,SE
C005500,CD-SP2,3PL,2026-03-31,tarde,anuncio,11.8,False,False,,,SE
C005501,CD-SP2,3PL,2026-03-18,tarde,indicacao,21.2,False,False,,,SE
C005502,CD-SP2,3PL,2026-03-27,manha,anuncio,4.4,False,False,,,SE
C005503,CD-SP2,3PL,2026-03-11,manha,anuncio,8.5,False,True,,,SE
C005504,CD-SP2,3PL,2026-03-07,tarde,indicacao,4.8,False,False,,,SE
C005505,CD-SP2,3PL,2026-03-16,noite,agencia,5.8,False,False,2026-03-20,involuntario,SE
C005506,CD-SP2,3PL,2026-03-25,manha,anuncio,23.2,False,False,,,SE
C005507,CD-SP2,3PL,2026-03-21,noite,indicacao,3.4,False,False,,,SE
C005508,CD-SP2,3PL,2026-03-20,noite,agencia,15.1,False,True,2026-05-24,voluntario,SE
C005509,CD-SP2,3PL,2026-03-07,tarde,indicacao,11.7,False,True,,,SE
C005510,CD-SP2,3PL,2026-03-24,tarde,agencia,13.0,False,False,2026-03-29,voluntario,SE
C005511,CD-SP2,3PL,2026-03-14,tarde,anuncio,7.6,False,False,,,SE
C005512,CD-SP2,3PL,2026-03-16,tarde,agencia,19.5,False,False,2026-03-31,involuntario,SE
C005513,CD-SP2,3PL,2026-03-20,manha,agencia,9.9,False,False,,,SE
C005514,CD-SP2,3PL,2026-03-14,manha,anuncio,12.4,False,False,,,SE
C005515,CD-SP2,3PL,2026-03-07,tarde,agencia,3.0,False,False,2026-03-10,voluntario,SE
C005516,CD-SP2,3PL,2026-03-24,tarde,anuncio,4.8,False,False,,,SE
C005517,CD-SP2,3PL,2026-03-14,noite,anuncio,7.1,False,False,2026-04-10,involuntario,SE
C005518,CD-SP2,3PL,2026-03-21,manha,agencia,12.2,False,False,2026-04-04,involuntario,SE
C005519,CD-SP2,3PL,2026-03-30,noite,agencia,4.4,False,False,,,SE
C005520,CD-SP2,3PL,2026-03-23,manha,indicacao,3.4,False,False,2026-08-14,voluntario,SE
C005521,CD-SP2,3PL,2026-03-15,manha,agencia,9.2,False,False,2026-05-10,voluntario,SE
C005522,CD-SP2,3PL,2026-03-19,manha,agencia,5.1,False,False,2026-04-05,involuntario,SE
C005523,CD-SP2,3PL,2026-03-10,noite,agencia,10.0,False,True,,,SE
C005524,CD-SP2,3PL,2026-03-20,tarde,indicacao,7.2,False,False,,,SE
C005525,CD-SP2,3PL,2026-03-13,manha,anuncio,12.0,False,False,2026-03-17,voluntario,SE
C005526,CD-SP2,3PL,2026-03-20,manha,anuncio,3.9,False,False,,,SE
C005527,CD-SP2,3PL,2026-03-19,manha,agencia,6.3,False,False,2026-04-26,voluntario,SE
C005528,CD-SP2,3PL,2026-03-16,manha,agencia,7.2,False,False,2026-04-15,voluntario,SE
C005529,CD-SP2,3PL,2026-03-31,manha,anuncio,14.5,False,False,2026-04-05,voluntario,SE
C005530,CD-SP2,3PL,2026-03-26,noite,agencia,6.5,False,False,2026-04-10,voluntario,SE
C005531,CD-SP2,3PL,2026-03-11,tarde,anuncio,8.7,False,False,,,SE
C005532,CD-SP2,3PL,2026-03-07,manha,anuncio,4.8,False,True,,,SE
C005533,CD-SP2,3PL,2026-03-29,noite,agencia,11.6,False,False,,,SE
C005534,CD-SP2,3PL,2026-03-05,tarde,agencia,12.5,False,False,2026-03-21,voluntario,SE
C005535,CD-SP2,3PL,2026-03-09,noite,anuncio,8.1,False,False,,,SE
C005536,CD-SP2,3PL,2026-03-31,manha,agencia,6.2,False,True,,,SE
C005537,CD-SP2,3PL,2026-03-15,manha,agencia,6.3,False,False,2026-04-15,involuntario,SE
C005538,CD-SP2,3PL,2026-03-29,manha,indicacao,7.4,False,False,,,SE
C005539,CD-SP2,3PL,2026-03-18,manha,indicacao,11.7,False,True,,,SE
C005540,CD-SP2,3PL,2026-03-19,noite,anuncio,7.2,False,True,,,SE
C005541,CD-SP2,3PL,2026-03-04,manha,indicacao,16.6,False,True,2026-07-27,involuntario,SE
C005542,CD-SP2,3PL,2026-03-01,manha,anuncio,8.0,False,False,,,SE
C005543,CD-SP2,3PL,2026-03-07,noite,agencia,4.7,False,False,2026-09-12,involuntario,SE
C005544,CD-SP2,3PL,2026-03-22,manha,agencia,22.8,False,False,,,SE
C005545,CD-SP2,3PL,2026-03-30,manha,agencia,6.0,False,False,,,SE
C005546,CD-SP2,3PL,2026-03-27,tarde,anuncio,5.3,False,False,2026-05-18,involuntario,SE
C005547,CD-SP2,3PL,2026-03-06,manha,indicacao,7.1,False,False,,,SE
C005548,CD-SP2,3PL,2026-03-17,tarde,agencia,16.7,False,False,,,SE
C005549,CD-SP2,3PL,2026-03-24,noite,anuncio,14.5,False,False,,,SE
C005550,CD-SP2,3PL,2026-03-15,noite,anuncio,11.8,False,False,2026-03-30,voluntario,SE
C005551,CD-SP2,3PL,2026-03-07,manha,agencia,11.0,False,False,2026-03-21,involuntario,SE
C005552,CD-SP2,3PL,2026-03-18,manha,anuncio,10.5,False,True,2026-04-12,voluntario,SE
C005553,CD-SP2,3PL,2026-03-30,noite,anuncio,10.3,False,False,,,SE
C005554,CD-SP2,3PL,2026-03-12,noite,anuncio,11.2,False,False,2026-07-21,voluntario,SE
C005555,CD-SP2,3PL,2026-03-20,noite,agencia,7.1,False,False,,,SE
C005556,CD-SP2,3PL,2026-03-20,manha,agencia,5.5,False,False,,,SE
C005557,CD-SP2,3PL,2026-03-12,noite,anuncio,13.2,False,False,,,SE
C005558,CD-SP2,3PL,2026-03-20,manha,agencia,5.0,False,False,2026-03-29,involuntario,SE
C005559,CD-SP2,3PL,2026-03-26,noite,agencia,8.8,False,False,2026-04-05,voluntario,SE
C005560,CD-SP2,3PL,2026-03-10,tarde,indicacao,6.0,False,False,,,SE
C005561,CD-SP2,3PL,2026-03-15,noite,indicacao,5.6,False,False,,,SE
C005562,CD-SP2,3PL,2026-03-04,tarde,indicacao,12.3,False,False,2026-03-24,voluntario,SE
C005563,CD-SP2,3PL,2026-03-22,noite,anuncio,10.2,False,True,,,SE
C005564,CD-SP2,3PL,2026-03-09,noite,agencia,17.0,False,False,,,SE
C005565,CD-SP2,3PL,2026-03-18,noite,agencia,7.1,False,False,,,SE
C005566,CD-SP2,3PL,2026-03-14,tarde,agencia,11.6,False,False,,,SE
C005567,CD-SP2,3PL,2026-03-23,manha,anuncio,5.7,False,False,2026-03-25,involuntario,SE
C005568,CD-SP2,3PL,2026-03-09,manha,agencia,10.3,False,False,,,SE
C005569,CD-SP2,3PL,2026-03-30,noite,anuncio,4.6,False,True,2026-05-21,involuntario,SE
C005570,CD-SP2,3PL,2026-03-22,manha,agencia,5.7,False,False,,,SE
C005571,CD-SP2,3PL,2026-03-21,manha,anuncio,10.9,False,False,,,SE
C005572,CD-SP2,3PL,2026-03-14,manha,anuncio,3.5,False,True,,,SE
C005573,CD-SP2,3PL,2026-03-04,tarde,anuncio,16.7,False,False,2026-03-13,voluntario,SE
C005574,CD-SP2,3PL,2026-03-06,noite,agencia,9.5,False,True,2026-04-05,voluntario,SE
C005575,CD-SP2,3PL,2026-03-09,tarde,anuncio,6.8,False,True,,,SE
C005576,CD-SP2,3PL,2026-03-02,manha,anuncio,10.3,False,False,2026-05-19,voluntario,SE
C005577,CD-SP2,3PL,2026-03-20,manha,agencia,12.5,False,False,2026-04-06,voluntario,SE
C005578,CD-SP2,3PL,2026-03-02,tarde,agencia,25.5,False,False,,,SE
C005579,CD-SP2,3PL,2026-03-14,noite,anuncio,4.0,False,False,,,SE
C005580,CD-SP2,3PL,2026-03-26,manha,agencia,6.3,False,False,2026-04-30,voluntario,SE
C005581,CD-SP2,3PL,2026-03-05,tarde,anuncio,17.0,False,False,,,SE
C005582,CD-SP2,3PL,2026-03-28,tarde,agencia,7.9,False,False,,,SE
C005583,CD-SP2,3PL,2026-03-13,noite,anuncio,11.0,False,False,2026-05-19,voluntario,SE
C005584,CD-SP2,3PL,2026-03-21,manha,anuncio,3.0,False,True,,,SE
C005585,CD-SP2,3PL,2026-03-19,manha,anuncio,11.3,False,False,,,SE
C005586,CD-SP2,3PL,2026-03-12,manha,anuncio,8.5,False,False,,,SE
C005587,CD-SP2,3PL,2026-03-14,noite,anuncio,9.1,False,False,2026-04-13,voluntario,SE
C005588,CD-SP2,3PL,2026-03-06,manha,agencia,9.8,False,False,2026-04-01,voluntario,SE
C005589,CD-SP2,3PL,2026-03-31,manha,indicacao,4.8,False,False,,,SE
C005590,CD-SP2,3PL,2026-03-08,noite,anuncio,5.6,False,False,2026-03-12,voluntario,SE
C005591,CD-SP2,3PL,2026-03-13,noite,agencia,18.4,False,False,2026-03-24,voluntario,SE
C005592,CD-SP2,3PL,2026-03-05,tarde,agencia,7.5,False,True,,,SE
C005593,CD-SP2,3PL,2026-03-03,manha,indicacao,26.0,False,False,2026-07-02,involuntario,SE
C005594,CD-SP2,3PL,2026-03-01,manha,agencia,16.4,False,False,2026-08-13,voluntario,SE
C005595,CD-SP2,3PL,2026-03-13,tarde,anuncio,9.4,False,False,,,SE
C005596,CD-SP2,3PL,2026-03-02,manha,indicacao,8.9,False,False,,,SE
C005597,CD-SP2,3PL,2026-03-15,manha,anuncio,8.2,False,True,,,SE
C005598,CD-SP2,3PL,2026-03-21,tarde,agencia,7.4,False,False,,,SE
C005599,CD-SP2,3PL,2026-03-09,manha,anuncio,7.6,False,False,,,SE
C005600,CD-SP2,3PL,2026-03-03,tarde,indicacao,31.5,False,False,2026-07-06,involuntario,SE
C005601,CD-SP2,3PL,2026-03-18,tarde,agencia,8.4,False,False,,,SE
C005602,CD-SP2,3PL,2026-03-24,manha,agencia,16.6,False,True,,,SE
C005603,CD-SP2,3PL,2026-03-18,manha,indicacao,7.2,False,False,,,SE
C005604,CD-SP2,3PL,2026-03-02,noite,anuncio,3.7,False,False,2026-07-11,voluntario,SE
C005605,CD-SP2,3PL,2026-03-26,tarde,anuncio,6.0,False,False,,,SE
C005606,CD-SP2,3PL,2026-03-13,manha,agencia,8.4,False,False,2026-03-21,involuntario,SE
C005607,CD-SP2,3PL,2026-03-03,noite,anuncio,8.1,False,False,2026-08-01,involuntario,SE
C005608,CD-SP2,3PL,2026-03-26,manha,anuncio,10.4,False,True,2026-04-05,voluntario,SE
C005609,CD-SP2,3PL,2026-03-28,manha,anuncio,7.6,False,False,2026-08-07,voluntario,SE
C005610,CD-SP2,3PL,2026-03-21,noite,agencia,3.3,False,False,,,SE
C005611,CD-SP2,3PL,2026-03-31,tarde,agencia,12.5,False,False,,,SE
C005612,CD-SP2,3PL,2026-03-14,manha,agencia,7.9,False,False,2026-04-01,voluntario,SE
C005613,CD-SP2,3PL,2026-03-29,tarde,indicacao,7.5,False,False,,,SE
C005614,CD-SP2,3PL,2026-03-07,tarde,indicacao,9.9,False,False,2026-03-13,voluntario,SE
C005615,CD-SP2,3PL,2026-03-21,tarde,anuncio,13.7,False,False,,,SE
C005616,CD-AM1,3PL,2026-04-11,tarde,indicacao,12.7,False,False,2026-05-07,voluntario,N
C005617,CD-AM1,3PL,2026-04-01,tarde,anuncio,9.4,False,True,2026-04-22,involuntario,N
C005618,CD-AM1,3PL,2026-04-14,manha,agencia,15.9,False,False,2026-04-16,voluntario,N
C005619,CD-AM1,3PL,2026-04-14,manha,anuncio,12.5,False,False,2026-05-11,voluntario,N
C005620,CD-AM1,3PL,2026-04-01,manha,indicacao,5.5,False,False,2026-04-18,voluntario,N
C005621,CD-AM1,3PL,2026-04-26,manha,indicacao,6.6,False,False,,,N
C005622,CD-AM1,3PL,2026-04-20,tarde,anuncio,7.8,False,True,2026-04-21,involuntario,N
C005623,CD-AM1,3PL,2026-04-01,noite,indicacao,24.1,False,False,2026-04-05,voluntario,N
C005624,CD-AM1,3PL,2026-04-03,tarde,agencia,9.5,False,False,,,N
C005625,CD-AM1,3PL,2026-04-01,manha,anuncio,4.8,False,False,2026-04-08,involuntario,N
C005626,CD-AM1,3PL,2026-04-04,tarde,anuncio,14.9,False,True,,,N
C005627,CD-GO1,3PL,2026-04-06,noite,agencia,6.4,False,False,2026-05-13,voluntario,CO
C005628,CD-GO1,3PL,2026-04-09,noite,anuncio,31.3,False,True,,,CO
C005629,CD-GO1,3PL,2026-04-09,noite,indicacao,10.8,False,True,,,CO
C005630,CD-GO1,3PL,2026-04-15,noite,anuncio,3.0,False,False,,,CO
C005631,CD-GO1,3PL,2026-04-15,manha,agencia,7.9,False,False,,,CO
C005632,CD-GO1,3PL,2026-04-29,noite,anuncio,8.0,False,False,2026-05-08,voluntario,CO
C005633,CD-GO1,3PL,2026-04-05,tarde,anuncio,7.6,False,False,,,CO
C005634,CD-GO1,3PL,2026-04-24,tarde,agencia,14.3,False,False,,,CO
C005635,CD-GO1,3PL,2026-04-19,tarde,agencia,11.8,False,False,2026-06-01,voluntario,CO
C005636,CD-GO1,3PL,2026-04-18,manha,indicacao,17.0,False,False,,,CO
C005637,CD-GO1,3PL,2026-04-29,manha,agencia,12.0,False,False,,,CO
C005638,CD-PE1,proprio,2026-04-30,tarde,anuncio,11.2,False,True,,,NE
C005639,CD-PE1,proprio,2026-04-26,manha,anuncio,4.5,False,False,,,NE
C005640,CD-PE1,proprio,2026-04-18,noite,anuncio,10.3,False,True,,,NE
C005641,CD-PE1,proprio,2026-04-09,tarde,agencia,12.3,False,True,,,NE
C005642,CD-PE1,proprio,2026-04-26,manha,anuncio,11.3,False,True,,,NE
C005643,CD-PE1,proprio,2026-04-05,tarde,anuncio,11.7,False,True,,,NE
C005644,CD-PE1,proprio,2026-04-11,noite,anuncio,3.8,False,True,2026-09-15,voluntario,NE
C005645,CD-PE1,proprio,2026-04-28,manha,agencia,10.4,False,True,2026-05-09,voluntario,NE
C005646,CD-PE1,proprio,2026-04-01,noite,agencia,7.0,False,False,2026-07-03,voluntario,NE
C005647,CD-PE1,proprio,2026-04-04,tarde,anuncio,12.2,False,False,2026-04-11,voluntario,NE
C005648,CD-PE1,proprio,2026-04-07,tarde,agencia,15.9,False,True,,,NE
C005649,CD-PE1,proprio,2026-04-30,tarde,agencia,13.9,False,True,2026-05-02,voluntario,NE
C005650,CD-PE1,proprio,2026-04-20,noite,agencia,7.9,False,False,2026-05-04,voluntario,NE
C005651,CD-PE1,proprio,2026-04-20,manha,anuncio,5.7,False,True,,,NE
C005652,CD-PE1,proprio,2026-04-25,noite,indicacao,9.0,False,True,2026-04-29,voluntario,NE
C005653,CD-PE1,proprio,2026-04-28,noite,agencia,8.3,False,True,,,NE
C005654,CD-PE1,proprio,2026-04-14,manha,anuncio,14.5,False,True,2026-08-28,involuntario,NE
C005655,CD-PE1,proprio,2026-04-10,noite,agencia,15.0,False,False,,,NE
C005656,CD-PR1,proprio,2026-04-01,noite,anuncio,13.1,False,True,,,S
C005657,CD-PR1,proprio,2026-04-07,manha,indicacao,7.2,False,False,2026-04-25,voluntario,S
C005658,CD-PR1,proprio,2026-04-02,manha,anuncio,14.7,False,True,,,S
C005659,CD-PR1,proprio,2026-04-25,tarde,anuncio,11.2,False,True,,,S
C005660,CD-PR1,proprio,2026-04-03,manha,agencia,3.9,False,False,,,S
C005661,CD-PR1,proprio,2026-04-28,manha,anuncio,5.0,False,True,2026-09-20,voluntario,S
C005662,CD-PR1,proprio,2026-04-15,noite,agencia,4.7,False,True,2026-08-25,voluntario,S
C005663,CD-PR1,proprio,2026-04-10,tarde,anuncio,6.4,False,True,,,S
C005664,CD-PR1,proprio,2026-04-07,tarde,indicacao,13.8,False,True,,,S
C005665,CD-PR1,proprio,2026-04-28,tarde,anuncio,18.1,False,True,2026-04-30,voluntario,S
C005666,CD-RJ1,proprio,2026-04-10,manha,anuncio,7.7,False,False,,,SE
C005667,CD-RJ1,proprio,2026-04-04,tarde,indicacao,8.6,False,True,,,SE
C005668,CD-RJ1,proprio,2026-04-03,manha,anuncio,6.6,False,False,,,SE
C005669,CD-RJ1,proprio,2026-04-20,manha,indicacao,10.0,False,True,,,SE
C005670,CD-RJ1,proprio,2026-04-22,noite,anuncio,6.3,False,True,,,SE
C005671,CD-RJ1,proprio,2026-04-02,noite,anuncio,10.5,False,True,,,SE
C005672,CD-RJ1,proprio,2026-04-22,noite,anuncio,17.5,False,True,2026-04-23,voluntario,SE
C005673,CD-SP1,proprio,2026-04-17,manha,indicacao,8.0,False,True,2026-05-22,voluntario,SE
C005674,CD-SP1,proprio,2026-04-19,tarde,anuncio,7.2,False,True,,,SE
C005675,CD-SP1,proprio,2026-04-10,tarde,indicacao,8.7,False,False,,,SE
C005676,CD-SP1,proprio,2026-04-20,noite,agencia,7.3,False,True,,,SE
C005677,CD-SP1,proprio,2026-04-06,noite,indicacao,10.5,False,True,2026-04-11,voluntario,SE
C005678,CD-SP1,proprio,2026-04-07,noite,anuncio,14.7,False,False,2026-04-12,involuntario,SE
C005679,CD-SP1,proprio,2026-04-16,manha,anuncio,4.9,False,True,,,SE
C005680,CD-SP1,proprio,2026-04-22,noite,agencia,4.3,False,True,,,SE
C005681,CD-SP1,proprio,2026-04-05,manha,indicacao,6.2,False,True,,,SE
C005682,CD-SP1,proprio,2026-04-21,tarde,agencia,11.4,False,False,,,SE
C005683,CD-SP1,proprio,2026-04-18,manha,agencia,12.2,False,False,,,SE
C005684,CD-SP1,proprio,2026-04-06,manha,anuncio,23.0,False,False,,,SE
C005685,CD-SP1,proprio,2026-04-26,noite,agencia,12.8,False,True,,,SE
C005686,CD-SP1,proprio,2026-04-07,manha,anuncio,8.3,False,True,,,SE
C005687,CD-SP1,proprio,2026-04-15,noite,anuncio,4.9,False,True,,,SE
C005688,CD-SP2,3PL,2026-04-16,manha,anuncio,9.1,False,False,,,SE
C005689,CD-SP2,3PL,2026-04-10,tarde,anuncio,9.9,False,False,,,SE
C005690,CD-SP2,3PL,2026-04-27,tarde,agencia,8.3,False,True,,,SE
C005691,CD-SP2,3PL,2026-04-02,manha,anuncio,7.8,False,False,,,SE
C005692,CD-SP2,3PL,2026-04-06,tarde,anuncio,10.9,False,False,,,SE
C005693,CD-SP2,3PL,2026-04-29,noite,anuncio,9.8,False,True,2026-06-12,voluntario,SE
C005694,CD-SP2,3PL,2026-04-23,manha,anuncio,21.1,False,False,2026-05-26,involuntario,SE
C005695,CD-SP2,3PL,2026-04-15,tarde,anuncio,6.7,False,False,,,SE
C005696,CD-SP2,3PL,2026-04-21,noite,anuncio,11.4,False,False,2026-05-04,voluntario,SE
C005697,CD-SP2,3PL,2026-04-18,tarde,indicacao,7.5,False,False,,,SE
C005698,CD-SP2,3PL,2026-04-02,manha,indicacao,7.4,False,False,2026-04-04,voluntario,SE
C005699,CD-SP2,3PL,2026-04-15,manha,anuncio,9.3,False,True,,,SE
C005700,CD-SP2,3PL,2026-04-11,tarde,indicacao,18.8,False,False,,,SE
C005701,CD-SP2,3PL,2026-04-12,manha,agencia,14.7,False,True,2026-08-19,voluntario,SE
C005702,CD-SP2,3PL,2026-04-18,tarde,anuncio,4.8,False,False,2026-09-09,voluntario,SE
C005703,CD-SP2,3PL,2026-04-06,tarde,anuncio,10.3,False,False,2026-09-01,involuntario,SE
C005704,CD-SP2,3PL,2026-04-09,manha,agencia,3.5,False,False,2026-08-10,involuntario,SE
C005705,CD-AM1,3PL,2026-05-05,manha,agencia,7.4,False,False,,,N
C005706,CD-AM1,3PL,2026-05-04,tarde,indicacao,15.9,False,False,,,N
C005707,CD-AM1,3PL,2026-05-22,manha,agencia,6.9,False,True,,,N
C005708,CD-AM1,3PL,2026-05-11,manha,agencia,6.7,False,False,,,N
C005709,CD-AM1,3PL,2026-05-06,manha,agencia,25.4,False,False,2026-05-09,involuntario,N
C005710,CD-AM1,3PL,2026-05-12,noite,agencia,11.5,False,False,2026-06-15,involuntario,N
C005711,CD-AM1,3PL,2026-05-19,manha,indicacao,16.3,False,True,,,N
C005712,CD-AM1,3PL,2026-05-10,tarde,indicacao,17.9,False,False,,,N
C005713,CD-AM1,3PL,2026-05-13,manha,agencia,8.7,False,True,,,N
C005714,CD-AM1,3PL,2026-05-27,tarde,indicacao,15.2,False,False,,,N
C005715,CD-AM1,3PL,2026-05-29,noite,anuncio,8.7,False,False,,,N
C005716,CD-AM1,3PL,2026-05-25,manha,agencia,8.4,False,False,2026-05-30,voluntario,N
C005717,CD-AM1,3PL,2026-05-19,tarde,indicacao,11.3,False,False,,,N
C005718,CD-AM1,3PL,2026-05-11,manha,agencia,15.3,False,False,2026-05-21,involuntario,N
C005719,CD-AM1,3PL,2026-05-30,tarde,indicacao,8.4,False,False,,,N
C005720,CD-AM1,3PL,2026-05-28,tarde,agencia,13.2,False,False,2026-05-29,involuntario,N
C005721,CD-AM1,3PL,2026-05-22,tarde,anuncio,5.5,False,False,2026-06-12,involuntario,N
C005722,CD-AM1,3PL,2026-05-15,noite,indicacao,11.3,False,False,,,N
C005723,CD-AM1,3PL,2026-05-05,noite,agencia,3.3,False,False,,,N
C005724,CD-AM1,3PL,2026-05-09,manha,anuncio,10.1,False,True,,,N
C005725,CD-AM1,3PL,2026-05-04,manha,indicacao,4.1,False,True,2026-05-27,voluntario,N
C005726,CD-AM1,3PL,2026-05-01,manha,agencia,15.8,False,True,,,N
C005727,CD-AM1,3PL,2026-05-06,manha,anuncio,8.2,False,False,2026-07-29,involuntario,N
C005728,CD-AM1,3PL,2026-05-09,manha,anuncio,8.4,False,False,2026-05-14,voluntario,N
C005729,CD-AM1,3PL,2026-05-03,tarde,indicacao,10.2,False,False,,,N
C005730,CD-AM1,3PL,2026-05-05,tarde,indicacao,7.2,False,False,,,N
C005731,CD-AM1,3PL,2026-05-22,noite,anuncio,7.1,False,False,2026-08-08,involuntario,N
C005732,CD-AM1,3PL,2026-05-21,tarde,anuncio,8.3,False,False,2026-06-01,voluntario,N
C005733,CD-AM1,3PL,2026-05-19,tarde,anuncio,5.2,False,False,,,N
C005734,CD-AM1,3PL,2026-05-18,noite,agencia,3.5,False,False,2026-06-28,voluntario,N
C005735,CD-AM1,3PL,2026-05-08,manha,anuncio,6.8,False,True,,,N
C005736,CD-AM1,3PL,2026-05-06,noite,agencia,6.7,False,False,2026-06-11,voluntario,N
C005737,CD-AM1,3PL,2026-05-05,tarde,anuncio,3.3,False,False,,,N
C005738,CD-AM1,3PL,2026-05-19,noite,anuncio,11.0,False,True,2026-06-25,voluntario,N
C005739,CD-AM1,3PL,2026-05-04,tarde,anuncio,7.7,False,True,,,N
C005740,CD-AM1,3PL,2026-05-18,noite,anuncio,13.1,False,False,2026-05-20,voluntario,N
C005741,CD-AM1,3PL,2026-05-21,manha,indicacao,9.0,False,False,2026-07-29,involuntario,N
C005742,CD-AM1,3PL,2026-05-16,tarde,indicacao,7.6,False,False,2026-05-18,voluntario,N
C005743,CD-AM1,3PL,2026-05-04,manha,anuncio,9.2,False,True,2026-05-09,voluntario,N
C005744,CD-AM1,3PL,2026-05-01,manha,indicacao,3.7,False,False,2026-05-02,voluntario,N
C005745,CD-AM1,3PL,2026-05-27,tarde,agencia,7.0,False,False,,,N
C005746,CD-AM1,3PL,2026-05-23,noite,indicacao,13.8,False,False,2026-07-25,voluntario,N
C005747,CD-AM1,3PL,2026-05-25,noite,indicacao,29.9,False,False,,,N
C005748,CD-AM1,3PL,2026-05-08,noite,anuncio,5.8,False,False,,,N
C005749,CD-AM1,3PL,2026-05-20,manha,anuncio,12.5,False,False,,,N
C005750,CD-AM1,3PL,2026-05-12,tarde,anuncio,7.2,False,False,,,N
C005751,CD-AM1,3PL,2026-05-15,manha,indicacao,12.5,False,False,,,N
C005752,CD-AM1,3PL,2026-05-16,manha,anuncio,10.3,False,False,,,N
C005753,CD-AM1,3PL,2026-05-14,tarde,indicacao,4.2,False,False,,,N
C005754,CD-AM1,3PL,2026-05-08,tarde,agencia,9.3,False,False,,,N
C005755,CD-AM1,3PL,2026-05-09,noite,agencia,10.0,False,False,2026-06-27,voluntario,N
C005756,CD-AM1,3PL,2026-05-04,tarde,agencia,8.6,False,True,,,N
C005757,CD-AM1,3PL,2026-05-17,manha,indicacao,3.8,False,True,,,N
C005758,CD-AM1,3PL,2026-05-31,tarde,anuncio,8.9,False,False,,,N
C005759,CD-AM1,3PL,2026-05-13,manha,agencia,7.9,False,False,2026-06-09,involuntario,N
C005760,CD-AM1,3PL,2026-05-23,tarde,agencia,8.8,False,True,,,N
C005761,CD-GO1,3PL,2026-05-08,noite,agencia,12.6,False,False,2026-05-17,voluntario,CO
C005762,CD-GO1,3PL,2026-05-30,tarde,agencia,6.3,False,False,2026-06-26,voluntario,CO
C005763,CD-GO1,3PL,2026-05-12,manha,anuncio,9.8,False,True,,,CO
C005764,CD-GO1,3PL,2026-05-11,tarde,anuncio,9.5,False,False,,,CO
C005765,CD-GO1,3PL,2026-05-09,manha,indicacao,4.8,False,False,,,CO
C005766,CD-GO1,3PL,2026-05-09,manha,anuncio,3.3,False,False,,,CO
C005767,CD-GO1,3PL,2026-05-05,manha,anuncio,8.5,False,False,,,CO
C005768,CD-GO1,3PL,2026-05-30,tarde,anuncio,8.0,False,True,,,CO
C005769,CD-GO1,3PL,2026-05-13,noite,indicacao,6.6,False,False,2026-06-16,voluntario,CO
C005770,CD-GO1,3PL,2026-05-25,manha,anuncio,10.5,False,False,2026-05-26,involuntario,CO
C005771,CD-GO1,3PL,2026-05-25,tarde,agencia,10.8,False,False,,,CO
C005772,CD-GO1,3PL,2026-05-10,tarde,agencia,6.4,False,True,,,CO
C005773,CD-GO1,3PL,2026-05-06,noite,anuncio,17.8,False,False,2026-05-27,voluntario,CO
C005774,CD-GO1,3PL,2026-05-02,manha,agencia,6.2,False,True,2026-07-02,voluntario,CO
C005775,CD-GO1,3PL,2026-05-27,tarde,agencia,24.0,False,False,2026-06-27,voluntario,CO
C005776,CD-GO1,3PL,2026-05-20,tarde,agencia,13.4,False,False,,,CO
C005777,CD-GO1,3PL,2026-05-20,manha,agencia,9.1,False,False,2026-06-02,voluntario,CO
C005778,CD-GO1,3PL,2026-05-05,manha,indicacao,4.1,False,True,,,CO
C005779,CD-GO1,3PL,2026-05-04,noite,anuncio,4.5,False,False,2026-06-11,involuntario,CO
C005780,CD-GO1,3PL,2026-05-24,tarde,agencia,10.3,False,False,2026-06-15,voluntario,CO
C005781,CD-GO1,3PL,2026-05-17,noite,anuncio,7.9,False,False,2026-06-09,voluntario,CO
C005782,CD-GO1,3PL,2026-05-20,tarde,indicacao,6.0,False,False,2026-06-08,involuntario,CO
C005783,CD-GO1,3PL,2026-05-14,manha,indicacao,11.9,False,False,2026-05-18,involuntario,CO
C005784,CD-GO1,3PL,2026-05-26,manha,agencia,8.8,False,True,,,CO
C005785,CD-GO1,3PL,2026-05-21,manha,anuncio,5.0,False,True,,,CO
C005786,CD-GO1,3PL,2026-05-22,tarde,indicacao,7.3,False,False,,,CO
C005787,CD-GO1,3PL,2026-05-24,manha,agencia,7.9,False,False,,,CO
C005788,CD-GO1,3PL,2026-05-23,manha,agencia,12.4,False,False,,,CO
C005789,CD-GO1,3PL,2026-05-05,manha,indicacao,9.0,False,False,,,CO
C005790,CD-GO1,3PL,2026-05-31,noite,agencia,9.1,False,True,,,CO
C005791,CD-GO1,3PL,2026-05-08,manha,agencia,16.5,False,False,2026-06-01,voluntario,CO
C005792,CD-GO1,3PL,2026-05-24,tarde,anuncio,3.6,False,False,,,CO
C005793,CD-GO1,3PL,2026-05-17,tarde,agencia,23.5,False,False,,,CO
C005794,CD-GO1,3PL,2026-05-19,manha,agencia,4.0,False,False,2026-07-31,involuntario,CO
C005795,CD-GO1,3PL,2026-05-20,tarde,indicacao,4.2,False,True,,,CO
C005796,CD-GO1,3PL,2026-05-08,noite,indicacao,7.7,False,True,2026-09-12,voluntario,CO
C005797,CD-GO1,3PL,2026-05-30,tarde,anuncio,6.1,False,True,,,CO
C005798,CD-GO1,3PL,2026-05-29,noite,indicacao,25.0,False,False,2026-06-04,voluntario,CO
C005799,CD-GO1,3PL,2026-05-31,manha,agencia,5.3,False,False,,,CO
C005800,CD-GO1,3PL,2026-05-17,tarde,agencia,6.0,False,False,,,CO
C005801,CD-GO1,3PL,2026-05-31,noite,anuncio,8.5,False,True,,,CO
C005802,CD-GO1,3PL,2026-05-18,tarde,anuncio,21.3,False,False,2026-06-29,voluntario,CO
C005803,CD-GO1,3PL,2026-05-03,noite,anuncio,16.6,False,True,,,CO
C005804,CD-GO1,3PL,2026-05-24,noite,agencia,10.1,False,True,2026-07-20,voluntario,CO
C005805,CD-GO1,3PL,2026-05-24,manha,agencia,4.5,False,False,,,CO
C005806,CD-GO1,3PL,2026-05-17,manha,indicacao,3.4,False,False,,,CO
C005807,CD-GO1,3PL,2026-05-11,tarde,agencia,5.2,False,False,2026-06-01,voluntario,CO
C005808,CD-GO1,3PL,2026-05-21,manha,anuncio,3.0,False,False,,,CO
C005809,CD-GO1,3PL,2026-05-22,manha,indicacao,4.5,False,False,,,CO
C005810,CD-GO1,3PL,2026-05-06,manha,anuncio,3.1,False,False,2026-07-06,voluntario,CO
C005811,CD-GO1,3PL,2026-05-27,tarde,anuncio,11.0,False,True,2026-06-19,voluntario,CO
C005812,CD-GO1,3PL,2026-05-15,manha,agencia,4.5,False,False,,,CO
C005813,CD-GO1,3PL,2026-05-11,manha,agencia,15.4,False,False,2026-06-04,involuntario,CO
C005814,CD-GO1,3PL,2026-05-06,tarde,indicacao,9.6,False,False,,,CO
C005815,CD-GO1,3PL,2026-05-16,noite,anuncio,8.8,False,True,,,CO
C005816,CD-GO1,3PL,2026-05-30,manha,agencia,12.9,False,True,,,CO
C005817,CD-GO1,3PL,2026-05-08,manha,agencia,7.1,False,False,,,CO
C005818,CD-GO1,3PL,2026-05-11,manha,anuncio,9.4,False,False,,,CO
C005819,CD-GO1,3PL,2026-05-11,noite,agencia,5.4,False,False,2026-07-01,voluntario,CO
C005820,CD-GO1,3PL,2026-05-27,manha,indicacao,15.5,False,False,,,CO
C005821,CD-GO1,3PL,2026-05-29,tarde,indicacao,18.7,False,False,,,CO
C005822,CD-GO1,3PL,2026-05-15,manha,anuncio,7.0,False,False,,,CO
C005823,CD-GO1,3PL,2026-05-19,manha,anuncio,18.2,False,True,2026-07-06,voluntario,CO
C005824,CD-GO1,3PL,2026-05-08,manha,anuncio,8.7,False,False,2026-05-20,voluntario,CO
C005825,CD-GO1,3PL,2026-05-27,manha,anuncio,13.2,False,False,,,CO
C005826,CD-GO1,3PL,2026-05-22,manha,agencia,8.6,False,False,,,CO
C005827,CD-GO1,3PL,2026-05-24,manha,indicacao,7.9,False,False,,,CO
C005828,CD-GO1,3PL,2026-05-13,manha,anuncio,6.8,False,True,,,CO
C005829,CD-GO1,3PL,2026-05-31,manha,agencia,12.2,False,False,,,CO
C005830,CD-GO1,3PL,2026-05-15,manha,agencia,4.6,False,False,2026-06-16,voluntario,CO
C005831,CD-GO1,3PL,2026-05-22,manha,anuncio,10.1,False,False,,,CO
C005832,CD-PE1,proprio,2026-05-06,noite,anuncio,15.6,False,True,,,NE
C005833,CD-PE1,proprio,2026-05-25,noite,indicacao,5.1,False,True,,,NE
C005834,CD-PE1,proprio,2026-05-02,noite,agencia,13.8,False,True,,,NE
C005835,CD-PE1,proprio,2026-05-27,tarde,anuncio,16.8,False,True,2026-07-10,voluntario,NE
C005836,CD-PE1,proprio,2026-05-08,noite,anuncio,5.6,False,False,2026-07-13,voluntario,NE
C005837,CD-PE1,proprio,2026-05-02,noite,anuncio,7.7,False,True,,,NE
C005838,CD-PE1,proprio,2026-05-27,manha,anuncio,6.0,False,True,,,NE
C005839,CD-PE1,proprio,2026-05-29,noite,agencia,9.7,False,True,,,NE
C005840,CD-PE1,proprio,2026-05-25,noite,agencia,4.9,False,True,,,NE
C005841,CD-PE1,proprio,2026-05-27,manha,anuncio,14.3,False,True,,,NE
C005842,CD-PE1,proprio,2026-05-24,tarde,agencia,6.3,False,True,,,NE
C005843,CD-PE1,proprio,2026-05-14,tarde,agencia,4.9,False,True,,,NE
C005844,CD-PE1,proprio,2026-05-31,manha,agencia,11.5,False,True,,,NE
C005845,CD-PE1,proprio,2026-05-26,tarde,agencia,5.0,False,True,,,NE
C005846,CD-PE1,proprio,2026-05-09,noite,agencia,8.7,False,True,,,NE
C005847,CD-PE1,proprio,2026-05-01,noite,indicacao,16.4,False,True,,,NE
C005848,CD-PE1,proprio,2026-05-13,manha,indicacao,14.4,False,True,2026-06-01,voluntario,NE
C005849,CD-PE1,proprio,2026-05-23,noite,indicacao,15.7,False,True,2026-06-19,voluntario,NE
C005850,CD-PE1,proprio,2026-05-21,manha,agencia,7.7,False,True,2026-06-09,involuntario,NE
C005851,CD-PE1,proprio,2026-05-06,manha,indicacao,8.7,False,False,,,NE
C005852,CD-PE1,proprio,2026-05-06,manha,indicacao,11.5,False,False,,,NE
C005853,CD-PE1,proprio,2026-05-31,manha,agencia,7.6,False,True,2026-07-03,involuntario,NE
C005854,CD-PE1,proprio,2026-05-03,tarde,anuncio,12.2,False,True,,,NE
C005855,CD-PE1,proprio,2026-05-01,tarde,agencia,4.3,False,True,2026-05-11,voluntario,NE
C005856,CD-PE1,proprio,2026-05-17,noite,indicacao,8.6,False,True,,,NE
C005857,CD-PE1,proprio,2026-05-07,tarde,anuncio,17.0,False,True,,,NE
C005858,CD-PE1,proprio,2026-05-28,noite,indicacao,7.4,False,True,2026-06-15,voluntario,NE
C005859,CD-PE1,proprio,2026-05-25,manha,agencia,9.1,False,True,,,NE
C005860,CD-PE1,proprio,2026-05-22,manha,indicacao,30.2,False,True,2026-07-10,voluntario,NE
C005861,CD-PE1,proprio,2026-05-01,tarde,indicacao,6.4,False,True,,,NE
C005862,CD-PE1,proprio,2026-05-11,manha,agencia,8.4,False,True,,,NE
C005863,CD-PE1,proprio,2026-05-24,noite,indicacao,3.2,False,True,,,NE
C005864,CD-PE1,proprio,2026-05-10,noite,indicacao,11.2,False,False,2026-05-20,involuntario,NE
C005865,CD-PE1,proprio,2026-05-19,tarde,agencia,12.8,False,False,2026-05-20,voluntario,NE
C005866,CD-PE1,proprio,2026-05-02,tarde,anuncio,12.4,False,False,,,NE
C005867,CD-PE1,proprio,2026-05-20,tarde,agencia,22.9,False,True,,,NE
C005868,CD-PE1,proprio,2026-05-20,tarde,indicacao,12.2,False,True,,,NE
C005869,CD-PE1,proprio,2026-05-17,manha,anuncio,8.7,False,True,2026-08-29,voluntario,NE
C005870,CD-PE1,proprio,2026-05-16,manha,agencia,13.5,False,True,2026-06-09,involuntario,NE
C005871,CD-PE1,proprio,2026-05-02,manha,agencia,6.9,False,True,2026-09-01,voluntario,NE
C005872,CD-PE1,proprio,2026-05-10,noite,agencia,12.6,False,True,2026-06-04,involuntario,NE
C005873,CD-PE1,proprio,2026-05-19,noite,anuncio,43.4,False,True,,,NE
C005874,CD-PE1,proprio,2026-05-01,manha,indicacao,27.6,False,True,,,NE
C005875,CD-PE1,proprio,2026-05-25,noite,agencia,21.9,False,True,2026-06-13,voluntario,NE
C005876,CD-PE1,proprio,2026-05-04,tarde,agencia,11.1,False,True,2026-08-03,voluntario,NE
C005877,CD-PE1,proprio,2026-05-03,manha,anuncio,5.6,False,True,,,NE
C005878,CD-PE1,proprio,2026-05-14,noite,indicacao,7.4,False,True,,,NE
C005879,CD-PE1,proprio,2026-05-30,tarde,anuncio,31.7,False,True,2026-07-18,voluntario,NE
C005880,CD-PE1,proprio,2026-05-02,tarde,anuncio,8.1,False,True,,,NE
C005881,CD-PE1,proprio,2026-05-17,tarde,agencia,17.6,False,True,,,NE
C005882,CD-PE1,proprio,2026-05-26,noite,agencia,5.6,False,True,,,NE
C005883,CD-PE1,proprio,2026-05-06,manha,agencia,11.4,False,True,,,NE
C005884,CD-PE1,proprio,2026-05-08,tarde,anuncio,12.7,False,True,,,NE
C005885,CD-PE1,proprio,2026-05-21,tarde,indicacao,6.3,False,True,,,NE
C005886,CD-PE1,proprio,2026-05-17,noite,agencia,4.5,False,True,,,NE
C005887,CD-PE1,proprio,2026-05-21,manha,anuncio,6.3,False,False,,,NE
C005888,CD-PE1,proprio,2026-05-14,tarde,agencia,15.0,False,True,,,NE
C005889,CD-PE1,proprio,2026-05-17,tarde,indicacao,19.7,False,True,,,NE
C005890,CD-PE1,proprio,2026-05-28,manha,agencia,6.4,False,True,,,NE
C005891,CD-PE1,proprio,2026-05-28,tarde,anuncio,5.9,False,True,,,NE
C005892,CD-PE1,proprio,2026-05-05,noite,agencia,5.2,False,True,,,NE
C005893,CD-PE1,proprio,2026-05-26,tarde,agencia,17.4,False,True,,,NE
C005894,CD-PE1,proprio,2026-05-02,manha,indicacao,6.6,False,True,,,NE
C005895,CD-PE1,proprio,2026-05-24,tarde,indicacao,4.0,False,True,,,NE
C005896,CD-PE1,proprio,2026-05-15,manha,agencia,7.9,False,True,2026-09-29,voluntario,NE
C005897,CD-PE1,proprio,2026-05-25,manha,anuncio,6.0,False,True,,,NE
C005898,CD-PE1,proprio,2026-05-23,tarde,anuncio,19.2,False,True,2026-09-01,involuntario,NE
C005899,CD-PE1,proprio,2026-05-24,tarde,indicacao,14.1,False,True,,,NE
C005900,CD-PE1,proprio,2026-05-23,manha,anuncio,10.4,False,False,2026-06-30,voluntario,NE
C005901,CD-PE1,proprio,2026-05-30,noite,indicacao,19.8,False,True,,,NE
C005902,CD-PE1,proprio,2026-05-15,noite,agencia,10.1,False,True,,,NE
C005903,CD-PE1,proprio,2026-05-20,noite,agencia,7.6,False,True,,,NE
C005904,CD-PE1,proprio,2026-05-27,noite,agencia,5.7,False,True,,,NE
C005905,CD-PE1,proprio,2026-05-23,tarde,anuncio,7.4,False,True,,,NE
C005906,CD-PE1,proprio,2026-05-24,tarde,anuncio,4.0,False,False,,,NE
C005907,CD-PE1,proprio,2026-05-30,tarde,indicacao,18.8,False,True,,,NE
C005908,CD-PE1,proprio,2026-05-30,tarde,anuncio,6.3,False,True,,,NE
C005909,CD-PE1,proprio,2026-05-22,tarde,anuncio,3.9,False,True,,,NE
C005910,CD-PE1,proprio,2026-05-26,tarde,agencia,16.0,False,True,,,NE
C005911,CD-PE1,proprio,2026-05-29,noite,anuncio,8.5,False,True,,,NE
C005912,CD-PE1,proprio,2026-05-03,tarde,anuncio,3.2,False,False,,,NE
C005913,CD-PE1,proprio,2026-05-18,noite,indicacao,4.2,False,True,,,NE
C005914,CD-PE1,proprio,2026-05-13,manha,anuncio,4.5,False,True,,,NE
C005915,CD-PE1,proprio,2026-05-04,noite,anuncio,3.7,False,True,2026-05-12,involuntario,NE
C005916,CD-PE1,proprio,2026-05-11,tarde,anuncio,7.3,False,True,2026-06-12,voluntario,NE
C005917,CD-PE1,proprio,2026-05-17,noite,agencia,14.3,False,True,2026-06-09,voluntario,NE
C005918,CD-PE1,proprio,2026-05-04,manha,indicacao,9.8,False,True,,,NE
C005919,CD-PE1,proprio,2026-05-02,manha,indicacao,3.3,False,True,,,NE
C005920,CD-PE1,proprio,2026-05-18,manha,indicacao,6.3,False,True,,,NE
C005921,CD-PE1,proprio,2026-05-05,noite,indicacao,11.2,False,True,,,NE
C005922,CD-PE1,proprio,2026-05-11,tarde,anuncio,8.0,False,True,,,NE
C005923,CD-PE1,proprio,2026-05-10,noite,anuncio,11.3,False,True,,,NE
C005924,CD-PE1,proprio,2026-05-01,tarde,anuncio,9.6,False,True,,,NE
C005925,CD-PE1,proprio,2026-05-01,manha,indicacao,4.9,False,True,,,NE
C005926,CD-PE1,proprio,2026-05-04,noite,indicacao,4.5,False,False,,,NE
C005927,CD-PE1,proprio,2026-05-11,tarde,agencia,8.2,False,True,,,NE
C005928,CD-PE1,proprio,2026-05-30,noite,indicacao,6.2,False,True,2026-07-31,voluntario,NE
C005929,CD-PE1,proprio,2026-05-15,manha,anuncio,9.9,False,True,,,NE
C005930,CD-PE1,proprio,2026-05-30,manha,agencia,16.1,False,True,,,NE
C005931,CD-PE1,proprio,2026-05-07,tarde,indicacao,16.2,False,True,2026-06-26,involuntario,NE
C005932,CD-PE1,proprio,2026-05-06,noite,agencia,4.4,False,True,,,NE
C005933,CD-PE1,proprio,2026-05-11,manha,agencia,6.8,False,True,,,NE
C005934,CD-PE1,proprio,2026-05-06,tarde,indicacao,4.9,False,True,,,NE
C005935,CD-PE1,proprio,2026-05-28,manha,indicacao,12.6,False,True,,,NE
C005936,CD-PE1,proprio,2026-05-31,tarde,indicacao,10.8,False,True,,,NE
C005937,CD-PE1,proprio,2026-05-14,manha,indicacao,18.9,False,True,2026-07-26,voluntario,NE
C005938,CD-PE1,proprio,2026-05-11,manha,indicacao,6.7,False,True,,,NE
C005939,CD-PE1,proprio,2026-05-01,manha,anuncio,7.2,False,True,,,NE
C005940,CD-PE1,proprio,2026-05-09,tarde,anuncio,7.1,False,True,,,NE
C005941,CD-PE1,proprio,2026-05-08,noite,anuncio,11.7,False,True,,,NE
C005942,CD-PE1,proprio,2026-05-11,tarde,anuncio,11.2,False,True,,,NE
C005943,CD-PE1,proprio,2026-05-10,manha,anuncio,4.7,False,False,,,NE
C005944,CD-PE1,proprio,2026-05-29,tarde,agencia,3.4,False,True,,,NE
C005945,CD-PE1,proprio,2026-05-13,noite,agencia,8.0,False,True,,,NE
C005946,CD-PE1,proprio,2026-05-27,noite,anuncio,4.7,False,False,,,NE
C005947,CD-PE1,proprio,2026-05-25,manha,agencia,7.2,False,True,,,NE
C005948,CD-PE1,proprio,2026-05-24,tarde,anuncio,11.1,False,False,2026-07-16,involuntario,NE
C005949,CD-PE1,proprio,2026-05-16,noite,anuncio,4.5,False,True,,,NE
C005950,CD-PE1,proprio,2026-05-01,tarde,agencia,5.0,False,True,,,NE
C005951,CD-PE1,proprio,2026-05-04,manha,anuncio,8.2,False,False,,,NE
C005952,CD-PE1,proprio,2026-05-12,tarde,anuncio,34.7,False,True,,,NE
C005953,CD-PE1,proprio,2026-05-31,manha,anuncio,6.4,False,True,,,NE
C005954,CD-PE1,proprio,2026-05-01,noite,indicacao,12.3,False,True,,,NE
C005955,CD-PE1,proprio,2026-05-17,tarde,agencia,4.1,False,True,,,NE
C005956,CD-PE1,proprio,2026-05-12,noite,agencia,19.7,False,True,2026-08-18,voluntario,NE
C005957,CD-PE1,proprio,2026-05-21,noite,indicacao,8.0,False,True,,,NE
C005958,CD-PE1,proprio,2026-05-30,manha,anuncio,9.2,False,True,,,NE
C005959,CD-PE1,proprio,2026-05-21,noite,indicacao,6.1,False,True,,,NE
C005960,CD-PE1,proprio,2026-05-05,tarde,agencia,7.2,False,True,,,NE
C005961,CD-PE1,proprio,2026-05-07,tarde,indicacao,22.3,False,False,,,NE
C005962,CD-PE1,proprio,2026-05-23,noite,indicacao,5.9,False,True,,,NE
C005963,CD-PE1,proprio,2026-05-15,tarde,anuncio,7.3,False,True,,,NE
C005964,CD-PE1,proprio,2026-05-20,noite,anuncio,9.7,False,False,,,NE
C005965,CD-PE1,proprio,2026-05-06,tarde,anuncio,9.1,False,True,,,NE
C005966,CD-PE1,proprio,2026-05-06,manha,agencia,8.0,False,True,,,NE
C005967,CD-PE1,proprio,2026-05-30,tarde,indicacao,8.4,False,True,,,NE
C005968,CD-PE1,proprio,2026-05-08,manha,anuncio,16.6,False,False,,,NE
C005969,CD-PE1,proprio,2026-05-11,tarde,agencia,13.1,False,True,,,NE
C005970,CD-PE1,proprio,2026-05-11,manha,agencia,6.9,False,True,,,NE
C005971,CD-PE1,proprio,2026-05-09,tarde,anuncio,9.8,False,False,2026-08-27,involuntario,NE
C005972,CD-PE1,proprio,2026-05-30,noite,anuncio,13.7,False,True,,,NE
C005973,CD-PE1,proprio,2026-05-02,noite,indicacao,9.2,False,False,2026-09-04,voluntario,NE
C005974,CD-PE1,proprio,2026-05-08,manha,agencia,4.0,False,True,,,NE
C005975,CD-PE1,proprio,2026-05-02,manha,anuncio,18.9,False,True,,,NE
C005976,CD-PE1,proprio,2026-05-19,tarde,anuncio,3.8,False,True,,,NE
C005977,CD-PE1,proprio,2026-05-03,manha,agencia,27.5,False,True,2026-05-22,voluntario,NE
C005978,CD-PE1,proprio,2026-05-10,tarde,agencia,8.3,False,True,,,NE
C005979,CD-PE1,proprio,2026-05-30,manha,indicacao,21.4,False,False,2026-07-16,voluntario,NE
C005980,CD-PE1,proprio,2026-05-05,manha,agencia,6.7,False,True,,,NE
C005981,CD-PE1,proprio,2026-05-18,manha,indicacao,13.2,False,True,,,NE
C005982,CD-PE1,proprio,2026-05-06,tarde,agencia,4.4,False,True,,,NE
C005983,CD-PE1,proprio,2026-05-03,manha,indicacao,10.0,False,True,,,NE
C005984,CD-PE1,proprio,2026-05-04,manha,agencia,5.2,False,True,,,NE
C005985,CD-PE1,proprio,2026-05-29,noite,anuncio,10.9,False,True,,,NE
C005986,CD-PE1,proprio,2026-05-09,manha,agencia,26.3,False,True,,,NE
C005987,CD-PE1,proprio,2026-05-23,tarde,indicacao,14.2,False,True,,,NE
C005988,CD-PE1,proprio,2026-05-11,manha,anuncio,12.7,False,False,2026-05-21,involuntario,NE
C005989,CD-PE1,proprio,2026-05-05,tarde,anuncio,8.9,False,True,,,NE
C005990,CD-PE1,proprio,2026-05-07,noite,anuncio,5.4,False,True,,,NE
C005991,CD-PR1,proprio,2026-05-23,manha,indicacao,30.2,False,False,,,S
C005992,CD-PR1,proprio,2026-05-10,tarde,agencia,3.5,False,True,,,S
C005993,CD-PR1,proprio,2026-05-09,tarde,agencia,19.3,False,True,,,S
C005994,CD-PR1,proprio,2026-05-26,tarde,anuncio,12.1,False,True,,,S
C005995,CD-PR1,proprio,2026-05-07,tarde,anuncio,7.3,False,True,2026-08-15,voluntario,S
C005996,CD-PR1,proprio,2026-05-12,noite,indicacao,13.4,False,True,,,S
C005997,CD-PR1,proprio,2026-05-28,noite,agencia,10.5,False,True,,,S
C005998,CD-PR1,proprio,2026-05-14,tarde,anuncio,9.7,False,True,,,S
C005999,CD-PR1,proprio,2026-05-05,tarde,agencia,7.0,False,True,,,S
C006000,CD-PR1,proprio,2026-05-27,tarde,indicacao,4.2,False,True,2026-09-13,involuntario,S
C006001,CD-PR1,proprio,2026-05-09,noite,agencia,5.1,False,True,,,S
C006002,CD-PR1,proprio,2026-05-08,manha,anuncio,12.4,False,False,,,S
C006003,CD-PR1,proprio,2026-05-26,noite,anuncio,7.2,False,True,,,S
C006004,CD-PR1,proprio,2026-05-16,tarde,anuncio,11.0,False,True,,,S
C006005,CD-PR1,proprio,2026-05-24,noite,agencia,4.8,False,True,2026-06-12,voluntario,S
C006006,CD-PR1,proprio,2026-05-14,manha,indicacao,5.2,False,True,,,S
C006007,CD-PR1,proprio,2026-05-20,noite,anuncio,6.6,False,True,,,S
C006008,CD-PR1,proprio,2026-05-11,manha,indicacao,25.3,False,False,,,S
C006009,CD-PR1,proprio,2026-05-11,tarde,agencia,6.8,False,True,,,S
C006010,CD-PR1,proprio,2026-05-12,manha,agencia,5.2,False,True,,,S
C006011,CD-PR1,proprio,2026-05-19,tarde,agencia,19.2,False,True,2026-05-23,voluntario,S
C006012,CD-PR1,proprio,2026-05-15,noite,anuncio,25.1,False,True,,,S
C006013,CD-PR1,proprio,2026-05-02,noite,agencia,3.9,False,False,2026-05-07,voluntario,S
C006014,CD-PR1,proprio,2026-05-05,noite,agencia,5.6,False,True,,,S
C006015,CD-PR1,proprio,2026-05-06,manha,anuncio,28.9,False,False,2026-05-20,voluntario,S
C006016,CD-PR1,proprio,2026-05-23,manha,anuncio,8.3,False,True,,,S
C006017,CD-PR1,proprio,2026-05-14,noite,indicacao,12.4,False,True,,,S
C006018,CD-PR1,proprio,2026-05-06,tarde,indicacao,8.2,False,False,,,S
C006019,CD-PR1,proprio,2026-05-15,tarde,agencia,11.7,False,True,,,S
C006020,CD-PR1,proprio,2026-05-23,noite,indicacao,8.5,False,True,,,S
C006021,CD-PR1,proprio,2026-05-19,tarde,agencia,7.3,False,True,2026-06-01,voluntario,S
C006022,CD-PR1,proprio,2026-05-02,manha,agencia,5.7,False,True,,,S
C006023,CD-PR1,proprio,2026-05-12,tarde,agencia,9.2,False,True,,,S
C006024,CD-PR1,proprio,2026-05-31,tarde,agencia,9.0,False,True,,,S
C006025,CD-PR1,proprio,2026-05-28,manha,agencia,14.5,False,True,2026-05-30,voluntario,S
C006026,CD-PR1,proprio,2026-05-03,noite,anuncio,8.0,False,True,,,S
C006027,CD-PR1,proprio,2026-05-14,manha,indicacao,5.5,False,True,,,S
C006028,CD-PR1,proprio,2026-05-20,tarde,indicacao,5.6,False,True,2026-07-05,voluntario,S
C006029,CD-PR1,proprio,2026-05-05,manha,indicacao,7.8,False,True,,,S
C006030,CD-PR1,proprio,2026-05-06,manha,anuncio,3.8,False,True,,,S
C006031,CD-PR1,proprio,2026-05-11,tarde,indicacao,13.3,False,True,,,S
C006032,CD-PR1,proprio,2026-05-19,tarde,agencia,12.1,False,True,,,S
C006033,CD-PR1,proprio,2026-05-19,noite,anuncio,26.6,False,True,,,S
C006034,CD-PR1,proprio,2026-05-12,manha,anuncio,4.1,False,True,,,S
C006035,CD-PR1,proprio,2026-05-30,manha,anuncio,7.2,False,True,,,S
C006036,CD-PR1,proprio,2026-05-06,manha,indicacao,5.8,False,True,,,S
C006037,CD-PR1,proprio,2026-05-27,noite,agencia,16.1,False,True,,,S
C006038,CD-PR1,proprio,2026-05-22,noite,indicacao,14.3,False,True,,,S
C006039,CD-PR1,proprio,2026-05-23,noite,agencia,10.0,False,True,,,S
C006040,CD-PR1,proprio,2026-05-18,tarde,indicacao,10.6,False,True,,,S
C006041,CD-PR1,proprio,2026-05-29,manha,anuncio,17.5,False,True,,,S
C006042,CD-PR1,proprio,2026-05-11,manha,indicacao,7.7,False,True,,,S
C006043,CD-PR1,proprio,2026-05-23,noite,anuncio,12.6,False,False,2026-05-24,involuntario,S
C006044,CD-PR1,proprio,2026-05-24,noite,anuncio,12.1,False,True,,,S
C006045,CD-PR1,proprio,2026-05-01,manha,indicacao,5.8,False,False,,,S
C006046,CD-PR1,proprio,2026-05-05,noite,anuncio,5.6,False,True,2026-05-30,involuntario,S
C006047,CD-PR1,proprio,2026-05-02,tarde,anuncio,6.1,False,False,,,S
C006048,CD-PR1,proprio,2026-05-19,manha,anuncio,18.4,False,True,2026-06-07,involuntario,S
C006049,CD-PR1,proprio,2026-05-06,manha,indicacao,13.2,False,True,,,S
C006050,CD-PR1,proprio,2026-05-15,manha,agencia,18.6,False,True,2026-09-04,voluntario,S
C006051,CD-PR1,proprio,2026-05-18,noite,indicacao,6.2,False,True,,,S
C006052,CD-PR1,proprio,2026-05-19,tarde,indicacao,22.0,False,True,2026-06-05,voluntario,S
C006053,CD-PR1,proprio,2026-05-26,manha,indicacao,5.7,False,True,,,S
C006054,CD-PR1,proprio,2026-05-23,manha,agencia,3.7,False,True,,,S
C006055,CD-PR1,proprio,2026-05-14,noite,agencia,2.3,False,True,,,S
C006056,CD-PR1,proprio,2026-05-26,manha,agencia,7.5,False,True,2026-06-20,involuntario,S
C006057,CD-PR1,proprio,2026-05-28,tarde,indicacao,8.2,False,True,,,S
C006058,CD-PR1,proprio,2026-05-14,manha,indicacao,6.0,False,True,,,S
C006059,CD-PR1,proprio,2026-05-11,manha,anuncio,2.8,False,True,,,S
C006060,CD-PR1,proprio,2026-05-13,manha,agencia,14.5,False,True,,,S
C006061,CD-PR1,proprio,2026-05-02,tarde,agencia,9.5,False,True,2026-09-22,voluntario,S
C006062,CD-PR1,proprio,2026-05-27,tarde,agencia,12.2,False,True,,,S
C006063,CD-PR1,proprio,2026-05-13,manha,indicacao,19.1,False,False,,,S
C006064,CD-PR1,proprio,2026-05-28,manha,indicacao,3.4,False,True,,,S
C006065,CD-PR1,proprio,2026-05-01,manha,agencia,15.2,False,True,,,S
C006066,CD-PR1,proprio,2026-05-14,noite,agencia,10.9,False,True,,,S
C006067,CD-PR1,proprio,2026-05-24,noite,anuncio,15.8,False,True,,,S
C006068,CD-PR1,proprio,2026-05-04,tarde,anuncio,17.8,False,True,,,S
C006069,CD-PR1,proprio,2026-05-02,manha,indicacao,8.3,False,True,,,S
C006070,CD-PR1,proprio,2026-05-01,noite,anuncio,50.3,False,False,,,S
C006071,CD-PR1,proprio,2026-05-20,manha,anuncio,18.5,False,True,,,S
C006072,CD-PR1,proprio,2026-05-09,tarde,indicacao,7.5,False,True,2026-09-02,voluntario,S
C006073,CD-PR1,proprio,2026-05-24,tarde,anuncio,6.0,False,True,,,S
C006074,CD-PR1,proprio,2026-05-12,tarde,indicacao,4.6,False,True,,,S
C006075,CD-PR1,proprio,2026-05-06,manha,agencia,6.7,False,True,,,S
C006076,CD-PR1,proprio,2026-05-19,noite,agencia,10.8,False,True,,,S
C006077,CD-PR1,proprio,2026-05-13,manha,agencia,7.4,False,True,,,S
C006078,CD-PR1,proprio,2026-05-15,tarde,agencia,16.6,False,False,,,S
C006079,CD-PR1,proprio,2026-05-12,tarde,anuncio,18.2,False,True,2026-05-28,involuntario,S
C006080,CD-PR1,proprio,2026-05-26,noite,agencia,12.7,False,False,2026-06-05,voluntario,S
C006081,CD-PR1,proprio,2026-05-01,manha,agencia,8.1,False,True,,,S
C006082,CD-PR1,proprio,2026-05-03,manha,anuncio,18.7,False,True,,,S
C006083,CD-PR1,proprio,2026-05-02,tarde,indicacao,9.6,False,True,,,S
C006084,CD-PR1,proprio,2026-05-14,manha,anuncio,27.6,False,True,,,S
C006085,CD-PR1,proprio,2026-05-25,noite,anuncio,3.5,False,True,,,S
C006086,CD-PR1,proprio,2026-05-24,noite,anuncio,10.2,False,True,,,S
C006087,CD-PR1,proprio,2026-05-18,noite,agencia,12.2,False,True,2026-09-30,involuntario,S
C006088,CD-PR1,proprio,2026-05-09,tarde,indicacao,25.0,False,False,,,S
C006089,CD-PR1,proprio,2026-05-25,tarde,anuncio,7.9,False,True,,,S
C006090,CD-PR1,proprio,2026-05-21,tarde,anuncio,14.1,False,True,,,S
C006091,CD-PR1,proprio,2026-05-01,noite,anuncio,2.8,False,True,,,S
C006092,CD-PR1,proprio,2026-05-28,tarde,agencia,8.5,False,True,,,S
C006093,CD-PR1,proprio,2026-05-03,manha,anuncio,13.9,False,True,,,S
C006094,CD-PR1,proprio,2026-05-08,manha,indicacao,11.7,False,True,,,S
C006095,CD-PR1,proprio,2026-05-08,manha,agencia,7.9,False,True,,,S
C006096,CD-PR1,proprio,2026-05-14,tarde,agencia,5.2,False,True,,,S
C006097,CD-PR1,proprio,2026-05-27,manha,indicacao,8.8,False,True,,,S
C006098,CD-PR1,proprio,2026-05-04,noite,agencia,9.6,False,False,,,S
C006099,CD-PR1,proprio,2026-05-10,manha,anuncio,9.2,False,False,2026-06-03,voluntario,S
C006100,CD-PR1,proprio,2026-05-22,tarde,anuncio,28.2,False,True,,,S
C006101,CD-PR1,proprio,2026-05-12,manha,anuncio,5.8,False,True,,,S
C006102,CD-PR1,proprio,2026-05-29,manha,agencia,17.0,False,True,,,S
C006103,CD-PR1,proprio,2026-05-24,manha,agencia,11.9,False,False,,,S
C006104,CD-RJ1,proprio,2026-05-23,noite,agencia,7.4,False,True,2026-06-09,voluntario,SE
C006105,CD-RJ1,proprio,2026-05-17,tarde,indicacao,14.0,False,True,,,SE
C006106,CD-RJ1,proprio,2026-05-23,manha,agencia,21.8,False,False,2026-05-25,voluntario,SE
C006107,CD-RJ1,proprio,2026-05-08,noite,agencia,4.1,False,False,,,SE
C006108,CD-RJ1,proprio,2026-05-19,manha,indicacao,32.2,False,True,2026-05-21,involuntario,SE
C006109,CD-RJ1,proprio,2026-05-10,noite,agencia,26.3,False,True,,,SE
C006110,CD-RJ1,proprio,2026-05-17,noite,agencia,16.4,False,True,,,SE
C006111,CD-RJ1,proprio,2026-05-10,manha,anuncio,7.8,False,True,,,SE
C006112,CD-RJ1,proprio,2026-05-29,noite,agencia,6.5,False,True,,,SE
C006113,CD-RJ1,proprio,2026-05-23,noite,agencia,35.9,False,True,,,SE
C006114,CD-RJ1,proprio,2026-05-10,noite,anuncio,15.5,False,True,2026-06-01,voluntario,SE
C006115,CD-RJ1,proprio,2026-05-24,noite,indicacao,18.7,False,True,,,SE
C006116,CD-RJ1,proprio,2026-05-24,manha,anuncio,31.0,False,False,,,SE
C006117,CD-RJ1,proprio,2026-05-07,tarde,indicacao,22.8,False,False,,,SE
C006118,CD-RJ1,proprio,2026-05-13,noite,agencia,8.2,False,True,,,SE
C006119,CD-RJ1,proprio,2026-05-31,manha,anuncio,6.0,False,True,,,SE
C006120,CD-RJ1,proprio,2026-05-15,tarde,anuncio,6.1,False,True,,,SE
C006121,CD-RJ1,proprio,2026-05-19,noite,indicacao,8.4,False,True,,,SE
C006122,CD-RJ1,proprio,2026-05-22,tarde,anuncio,4.9,False,True,,,SE
C006123,CD-RJ1,proprio,2026-05-03,tarde,anuncio,10.3,False,True,,,SE
C006124,CD-RJ1,proprio,2026-05-04,noite,anuncio,4.2,False,True,2026-05-08,voluntario,SE
C006125,CD-RJ1,proprio,2026-05-27,tarde,agencia,20.1,False,True,,,SE
C006126,CD-RJ1,proprio,2026-05-19,manha,agencia,23.9,False,True,2026-07-02,voluntario,SE
C006127,CD-RJ1,proprio,2026-05-06,manha,anuncio,13.0,False,True,2026-05-22,voluntario,SE
C006128,CD-RJ1,proprio,2026-05-25,manha,anuncio,12.9,False,True,,,SE
C006129,CD-RJ1,proprio,2026-05-23,noite,indicacao,15.6,False,True,,,SE
C006130,CD-RJ1,proprio,2026-05-08,noite,anuncio,5.5,False,True,,,SE
C006131,CD-RJ1,proprio,2026-05-20,tarde,anuncio,5.9,False,True,,,SE
C006132,CD-RJ1,proprio,2026-05-31,manha,indicacao,12.0,False,True,2026-06-07,voluntario,SE
C006133,CD-RJ1,proprio,2026-05-22,tarde,anuncio,3.0,False,True,,,SE
C006134,CD-RJ1,proprio,2026-05-02,tarde,indicacao,10.8,False,True,,,SE
C006135,CD-RJ1,proprio,2026-05-26,manha,indicacao,17.5,False,True,,,SE
C006136,CD-RJ1,proprio,2026-05-20,manha,anuncio,6.0,False,True,,,SE
C006137,CD-RJ1,proprio,2026-05-15,manha,indicacao,15.4,False,True,,,SE
C006138,CD-RJ1,proprio,2026-05-14,manha,anuncio,11.9,False,True,,,SE
C006139,CD-RJ1,proprio,2026-05-30,manha,indicacao,8.5,False,True,,,SE
C006140,CD-RJ1,proprio,2026-05-14,tarde,agencia,5.9,False,True,,,SE
C006141,CD-RJ1,proprio,2026-05-02,noite,indicacao,9.0,False,True,,,SE
C006142,CD-RJ1,proprio,2026-05-16,tarde,agencia,8.4,False,True,,,SE
C006143,CD-RJ1,proprio,2026-05-10,tarde,indicacao,10.1,False,True,,,SE
C006144,CD-RJ1,proprio,2026-05-02,noite,anuncio,7.5,False,False,2026-06-14,voluntario,SE
C006145,CD-RJ1,proprio,2026-05-12,manha,indicacao,6.7,False,True,,,SE
C006146,CD-RJ1,proprio,2026-05-03,tarde,anuncio,8.5,False,True,,,SE
C006147,CD-RJ1,proprio,2026-05-16,manha,anuncio,11.1,False,True,,,SE
C006148,CD-RJ1,proprio,2026-05-09,manha,indicacao,20.0,False,True,,,SE
C006149,CD-RJ1,proprio,2026-05-22,noite,indicacao,14.2,False,True,,,SE
C006150,CD-RJ1,proprio,2026-05-07,tarde,anuncio,5.1,False,True,,,SE
C006151,CD-RJ1,proprio,2026-05-26,noite,anuncio,11.7,False,True,,,SE
C006152,CD-RJ1,proprio,2026-05-31,tarde,anuncio,15.2,False,False,,,SE
C006153,CD-RJ1,proprio,2026-05-06,noite,agencia,18.2,False,True,,,SE
C006154,CD-RJ1,proprio,2026-05-23,tarde,anuncio,8.6,False,True,,,SE
C006155,CD-RJ1,proprio,2026-05-26,tarde,indicacao,44.4,False,True,,,SE
C006156,CD-RJ1,proprio,2026-05-18,manha,agencia,11.7,False,True,,,SE
C006157,CD-RJ1,proprio,2026-05-16,noite,anuncio,7.5,False,True,,,SE
C006158,CD-RJ1,proprio,2026-05-05,tarde,anuncio,4.2,False,True,,,SE
C006159,CD-RJ1,proprio,2026-05-25,noite,anuncio,15.1,False,True,2026-05-29,involuntario,SE
C006160,CD-RJ1,proprio,2026-05-08,manha,anuncio,7.2,False,False,,,SE
C006161,CD-RJ1,proprio,2026-05-08,manha,agencia,4.3,False,True,,,SE
C006162,CD-RJ1,proprio,2026-05-04,manha,anuncio,8.5,False,True,2026-07-13,voluntario,SE
C006163,CD-RJ1,proprio,2026-05-07,tarde,indicacao,26.3,False,True,,,SE
C006164,CD-RJ1,proprio,2026-05-21,tarde,anuncio,8.3,False,True,,,SE
C006165,CD-RJ1,proprio,2026-05-29,manha,agencia,6.8,False,True,,,SE
C006166,CD-RJ1,proprio,2026-05-27,manha,anuncio,5.8,False,True,,,SE
C006167,CD-RJ1,proprio,2026-05-28,manha,anuncio,29.8,False,True,,,SE
C006168,CD-SP1,proprio,2026-05-13,noite,indicacao,7.2,False,True,,,SE
C006169,CD-SP1,proprio,2026-05-06,tarde,indicacao,9.3,False,True,,,SE
C006170,CD-SP1,proprio,2026-05-10,manha,anuncio,13.3,False,False,,,SE
C006171,CD-SP1,proprio,2026-05-21,tarde,agencia,3.8,False,True,2026-06-08,voluntario,SE
C006172,CD-SP1,proprio,2026-05-18,manha,agencia,5.7,False,False,2026-06-12,voluntario,SE
C006173,CD-SP1,proprio,2026-05-18,tarde,anuncio,8.2,False,True,,,SE
C006174,CD-SP1,proprio,2026-05-25,manha,anuncio,6.6,False,True,,,SE
C006175,CD-SP1,proprio,2026-05-25,noite,agencia,7.7,False,False,2026-06-06,voluntario,SE
C006176,CD-SP1,proprio,2026-05-19,tarde,anuncio,33.0,False,True,2026-07-10,voluntario,SE
C006177,CD-SP1,proprio,2026-05-19,manha,anuncio,21.9,False,True,2026-05-22,involuntario,SE
C006178,CD-SP1,proprio,2026-05-20,manha,anuncio,3.8,False,True,,,SE
C006179,CD-SP1,proprio,2026-05-20,tarde,anuncio,7.9,False,True,,,SE
C006180,CD-SP1,proprio,2026-05-10,tarde,agencia,18.2,False,True,,,SE
C006181,CD-SP1,proprio,2026-05-23,tarde,anuncio,8.0,False,True,,,SE
C006182,CD-SP1,proprio,2026-05-29,manha,indicacao,5.3,False,True,,,SE
C006183,CD-SP1,proprio,2026-05-07,manha,anuncio,17.3,False,True,,,SE
C006184,CD-SP1,proprio,2026-05-05,manha,indicacao,10.3,False,True,2026-09-18,involuntario,SE
C006185,CD-SP1,proprio,2026-05-09,noite,indicacao,5.0,False,True,,,SE
C006186,CD-SP1,proprio,2026-05-14,noite,agencia,6.4,False,True,,,SE
C006187,CD-SP1,proprio,2026-05-24,noite,anuncio,7.8,False,True,,,SE
C006188,CD-SP1,proprio,2026-05-31,manha,anuncio,6.2,False,True,,,SE
C006189,CD-SP1,proprio,2026-05-11,manha,anuncio,5.3,False,True,,,SE
C006190,CD-SP1,proprio,2026-05-23,noite,indicacao,13.4,False,True,,,SE
C006191,CD-SP1,proprio,2026-05-28,noite,anuncio,6.3,False,True,,,SE
C006192,CD-SP1,proprio,2026-05-01,manha,anuncio,3.5,False,True,,,SE
C006193,CD-SP1,proprio,2026-05-15,manha,indicacao,14.6,False,True,,,SE
C006194,CD-SP1,proprio,2026-05-18,noite,anuncio,10.0,False,True,2026-05-23,voluntario,SE
C006195,CD-SP1,proprio,2026-05-01,manha,agencia,6.7,False,False,,,SE
C006196,CD-SP1,proprio,2026-05-29,tarde,anuncio,14.3,False,True,2026-06-18,voluntario,SE
C006197,CD-SP1,proprio,2026-05-22,noite,anuncio,9.2,False,True,,,SE
C006198,CD-SP1,proprio,2026-05-15,manha,agencia,10.8,False,True,,,SE
C006199,CD-SP1,proprio,2026-05-30,manha,indicacao,9.1,False,True,,,SE
C006200,CD-SP1,proprio,2026-05-24,tarde,indicacao,10.1,False,True,2026-08-23,involuntario,SE
C006201,CD-SP1,proprio,2026-05-25,noite,indicacao,9.8,False,True,,,SE
C006202,CD-SP1,proprio,2026-05-23,manha,anuncio,13.3,False,True,,,SE
C006203,CD-SP1,proprio,2026-05-24,manha,indicacao,5.7,False,True,,,SE
C006204,CD-SP1,proprio,2026-05-27,tarde,anuncio,8.5,False,False,,,SE
C006205,CD-SP1,proprio,2026-05-17,tarde,agencia,11.8,False,True,,,SE
C006206,CD-SP1,proprio,2026-05-03,noite,anuncio,4.4,False,False,,,SE
C006207,CD-SP1,proprio,2026-05-15,noite,indicacao,10.5,False,True,,,SE
C006208,CD-SP1,proprio,2026-05-22,noite,anuncio,8.1,False,False,,,SE
C006209,CD-SP1,proprio,2026-05-23,tarde,anuncio,13.4,False,True,2026-09-08,voluntario,SE
C006210,CD-SP1,proprio,2026-05-11,manha,anuncio,9.6,False,True,2026-05-22,involuntario,SE
C006211,CD-SP1,proprio,2026-05-30,tarde,anuncio,13.6,False,True,,,SE
C006212,CD-SP1,proprio,2026-05-28,manha,anuncio,16.5,False,True,,,SE
C006213,CD-SP1,proprio,2026-05-15,noite,indicacao,4.3,False,True,,,SE
C006214,CD-SP1,proprio,2026-05-03,manha,anuncio,12.3,False,True,,,SE
C006215,CD-SP1,proprio,2026-05-29,manha,indicacao,21.1,False,True,,,SE
C006216,CD-SP1,proprio,2026-05-17,noite,anuncio,9.6,False,True,,,SE
C006217,CD-SP1,proprio,2026-05-23,noite,anuncio,11.4,False,False,,,SE
C006218,CD-SP1,proprio,2026-05-26,tarde,agencia,8.4,False,True,,,SE
C006219,CD-SP1,proprio,2026-05-24,manha,agencia,13.7,False,True,,,SE
C006220,CD-SP1,proprio,2026-05-07,noite,anuncio,10.3,False,True,,,SE
C006221,CD-SP1,proprio,2026-05-25,manha,anuncio,21.3,False,True,,,SE
C006222,CD-SP1,proprio,2026-05-21,noite,anuncio,11.7,False,True,,,SE
C006223,CD-SP1,proprio,2026-05-26,noite,agencia,3.8,False,True,,,SE
C006224,CD-SP1,proprio,2026-05-17,noite,indicacao,11.7,False,True,2026-05-28,voluntario,SE
C006225,CD-SP1,proprio,2026-05-31,manha,anuncio,7.4,False,True,,,SE
C006226,CD-SP1,proprio,2026-05-28,noite,anuncio,8.9,False,True,,,SE
C006227,CD-SP1,proprio,2026-05-04,manha,indicacao,4.3,False,True,,,SE
C006228,CD-SP1,proprio,2026-05-08,noite,indicacao,4.0,False,True,,,SE
C006229,CD-SP1,proprio,2026-05-14,manha,indicacao,9.3,False,True,,,SE
C006230,CD-SP1,proprio,2026-05-07,manha,agencia,25.7,False,True,,,SE
C006231,CD-SP1,proprio,2026-05-21,manha,agencia,3.4,False,True,,,SE
C006232,CD-SP1,proprio,2026-05-09,noite,anuncio,5.1,False,True,,,SE
C006233,CD-SP1,proprio,2026-05-13,manha,anuncio,9.1,False,True,,,SE
C006234,CD-SP1,proprio,2026-05-12,manha,agencia,20.7,False,True,,,SE
C006235,CD-SP1,proprio,2026-05-27,tarde,indicacao,9.9,False,True,2026-09-13,voluntario,SE
C006236,CD-SP1,proprio,2026-05-20,manha,anuncio,3.8,False,True,,,SE
C006237,CD-SP1,proprio,2026-05-23,tarde,agencia,4.9,False,True,,,SE
C006238,CD-SP1,proprio,2026-05-29,tarde,agencia,5.6,False,True,,,SE
C006239,CD-SP1,proprio,2026-05-21,manha,anuncio,8.7,False,True,,,SE
C006240,CD-SP1,proprio,2026-05-01,manha,agencia,15.3,False,True,2026-05-26,voluntario,SE
C006241,CD-SP1,proprio,2026-05-29,noite,agencia,17.7,False,False,,,SE
C006242,CD-SP1,proprio,2026-05-28,tarde,anuncio,6.3,False,True,,,SE
C006243,CD-SP1,proprio,2026-05-29,noite,indicacao,11.0,False,True,,,SE
C006244,CD-SP1,proprio,2026-05-11,manha,anuncio,12.3,False,False,,,SE
C006245,CD-SP1,proprio,2026-05-02,tarde,anuncio,24.5,False,True,,,SE
C006246,CD-SP1,proprio,2026-05-17,noite,anuncio,15.5,False,True,,,SE
C006247,CD-SP1,proprio,2026-05-24,tarde,anuncio,3.9,False,True,,,SE
C006248,CD-SP1,proprio,2026-05-28,noite,anuncio,31.1,False,True,,,SE
C006249,CD-SP1,proprio,2026-05-02,tarde,agencia,13.2,False,True,,,SE
C006250,CD-SP1,proprio,2026-05-17,manha,agencia,15.6,False,True,,,SE
C006251,CD-SP1,proprio,2026-05-05,noite,indicacao,11.0,False,True,2026-09-22,voluntario,SE
C006252,CD-SP1,proprio,2026-05-31,tarde,agencia,7.6,False,True,,,SE
C006253,CD-SP1,proprio,2026-05-14,manha,indicacao,11.8,False,True,,,SE
C006254,CD-SP1,proprio,2026-05-08,manha,indicacao,10.9,False,False,,,SE
C006255,CD-SP1,proprio,2026-05-25,noite,anuncio,3.6,False,True,,,SE
C006256,CD-SP1,proprio,2026-05-30,noite,anuncio,13.2,False,True,,,SE
C006257,CD-SP1,proprio,2026-05-31,noite,anuncio,7.6,False,False,2026-07-06,voluntario,SE
C006258,CD-SP1,proprio,2026-05-17,noite,indicacao,11.4,False,True,,,SE
C006259,CD-SP1,proprio,2026-05-08,manha,indicacao,22.7,False,True,2026-09-26,voluntario,SE
C006260,CD-SP1,proprio,2026-05-08,tarde,anuncio,4.2,False,True,2026-05-12,voluntario,SE
C006261,CD-SP1,proprio,2026-05-29,noite,indicacao,2.3,False,True,,,SE
C006262,CD-SP1,proprio,2026-05-09,manha,indicacao,7.1,False,True,,,SE
C006263,CD-SP1,proprio,2026-05-19,noite,agencia,6.1,False,True,,,SE
C006264,CD-SP1,proprio,2026-05-13,manha,anuncio,7.9,False,True,2026-07-03,voluntario,SE
C006265,CD-SP1,proprio,2026-05-04,tarde,agencia,19.8,False,True,2026-06-03,voluntario,SE
C006266,CD-SP1,proprio,2026-05-03,noite,agencia,6.3,False,True,,,SE
C006267,CD-SP1,proprio,2026-05-30,manha,indicacao,10.6,False,True,,,SE
C006268,CD-SP1,proprio,2026-05-04,tarde,anuncio,8.1,False,True,2026-08-31,involuntario,SE
C006269,CD-SP1,proprio,2026-05-24,noite,agencia,14.7,False,True,,,SE
C006270,CD-SP1,proprio,2026-05-30,tarde,agencia,14.2,False,True,,,SE
C006271,CD-SP1,proprio,2026-05-29,tarde,indicacao,18.6,False,True,2026-06-07,voluntario,SE
C006272,CD-SP1,proprio,2026-05-10,manha,indicacao,4.9,False,True,,,SE
C006273,CD-SP1,proprio,2026-05-13,tarde,agencia,16.5,False,True,2026-09-18,voluntario,SE
C006274,CD-SP1,proprio,2026-05-22,tarde,agencia,9.9,False,True,,,SE
C006275,CD-SP1,proprio,2026-05-22,manha,indicacao,6.2,False,True,,,SE
C006276,CD-SP1,proprio,2026-05-07,manha,anuncio,8.3,False,True,,,SE
C006277,CD-SP1,proprio,2026-05-04,noite,anuncio,10.5,False,True,,,SE
C006278,CD-SP1,proprio,2026-05-04,noite,agencia,10.2,False,False,,,SE
C006279,CD-SP1,proprio,2026-05-08,manha,agencia,10.8,False,True,2026-08-10,voluntario,SE
C006280,CD-SP1,proprio,2026-05-23,manha,agencia,16.1,False,True,,,SE
C006281,CD-SP1,proprio,2026-05-03,manha,indicacao,21.8,False,True,,,SE
C006282,CD-SP1,proprio,2026-05-24,manha,agencia,13.5,False,False,2026-05-28,voluntario,SE
C006283,CD-SP1,proprio,2026-05-04,tarde,agencia,8.0,False,True,,,SE
C006284,CD-SP1,proprio,2026-05-08,manha,agencia,6.6,False,True,,,SE
C006285,CD-SP1,proprio,2026-05-17,noite,anuncio,8.9,False,True,,,SE
C006286,CD-SP1,proprio,2026-05-07,manha,anuncio,14.7,False,True,,,SE
C006287,CD-SP1,proprio,2026-05-31,noite,indicacao,17.5,False,True,2026-06-06,voluntario,SE
C006288,CD-SP1,proprio,2026-05-04,tarde,anuncio,7.1,False,True,,,SE
C006289,CD-SP1,proprio,2026-05-16,manha,agencia,4.8,False,True,,,SE
C006290,CD-SP1,proprio,2026-05-18,tarde,anuncio,8.1,False,True,,,SE
C006291,CD-SP1,proprio,2026-05-31,manha,indicacao,10.4,False,False,,,SE
C006292,CD-SP1,proprio,2026-05-26,noite,anuncio,6.0,False,True,2026-07-22,voluntario,SE
C006293,CD-SP1,proprio,2026-05-13,tarde,anuncio,5.8,False,True,,,SE
C006294,CD-SP1,proprio,2026-05-09,noite,indicacao,4.3,False,True,,,SE
C006295,CD-SP1,proprio,2026-05-19,tarde,agencia,6.1,False,True,,,SE
C006296,CD-SP1,proprio,2026-05-02,manha,agencia,11.4,False,False,2026-05-17,voluntario,SE
C006297,CD-SP1,proprio,2026-05-08,noite,anuncio,7.6,False,True,,,SE
C006298,CD-SP1,proprio,2026-05-08,tarde,anuncio,11.6,False,True,2026-06-18,voluntario,SE
C006299,CD-SP1,proprio,2026-05-20,manha,agencia,8.2,False,True,,,SE
C006300,CD-SP1,proprio,2026-05-24,tarde,anuncio,4.1,False,True,,,SE
C006301,CD-SP1,proprio,2026-05-24,noite,agencia,6.9,False,True,,,SE
C006302,CD-SP1,proprio,2026-05-10,tarde,anuncio,13.1,False,True,,,SE
C006303,CD-SP1,proprio,2026-05-06,tarde,anuncio,10.2,False,False,,,SE
C006304,CD-SP1,proprio,2026-05-27,manha,agencia,2.7,False,True,,,SE
C006305,CD-SP1,proprio,2026-05-09,manha,indicacao,15.0,False,True,,,SE
C006306,CD-SP1,proprio,2026-05-26,noite,indicacao,5.5,False,True,,,SE
C006307,CD-SP1,proprio,2026-05-17,noite,agencia,5.7,False,True,2026-05-30,voluntario,SE
C006308,CD-SP1,proprio,2026-05-04,manha,anuncio,21.9,False,True,,,SE
C006309,CD-SP1,proprio,2026-05-07,noite,indicacao,3.0,False,True,,,SE
C006310,CD-SP1,proprio,2026-05-02,noite,agencia,6.2,False,True,,,SE
C006311,CD-SP1,proprio,2026-05-07,manha,agencia,24.6,False,True,,,SE
C006312,CD-SP1,proprio,2026-05-08,noite,indicacao,17.8,False,True,,,SE
C006313,CD-SP1,proprio,2026-05-05,tarde,agencia,48.6,False,True,,,SE
C006314,CD-SP1,proprio,2026-05-18,noite,indicacao,8.0,False,True,2026-08-10,involuntario,SE
C006315,CD-SP1,proprio,2026-05-03,manha,anuncio,10.9,False,True,,,SE
C006316,CD-SP1,proprio,2026-05-27,manha,indicacao,16.3,False,True,,,SE
C006317,CD-SP1,proprio,2026-05-21,tarde,anuncio,4.3,False,True,2026-09-21,voluntario,SE
C006318,CD-SP2,3PL,2026-05-04,tarde,indicacao,9.0,False,False,,,SE
C006319,CD-SP2,3PL,2026-05-04,tarde,anuncio,6.3,False,False,,,SE
C006320,CD-SP2,3PL,2026-05-24,manha,indicacao,4.9,False,False,,,SE
C006321,CD-SP2,3PL,2026-05-01,noite,indicacao,5.7,False,False,,,SE
C006322,CD-SP2,3PL,2026-05-16,noite,anuncio,11.8,False,True,,,SE
C006323,CD-SP2,3PL,2026-05-30,manha,agencia,6.7,False,True,2026-06-13,voluntario,SE
C006324,CD-SP2,3PL,2026-05-23,tarde,agencia,10.3,False,False,,,SE
C006325,CD-SP2,3PL,2026-05-08,tarde,indicacao,9.4,False,False,,,SE
C006326,CD-SP2,3PL,2026-05-22,noite,agencia,11.2,False,False,,,SE
C006327,CD-SP2,3PL,2026-05-30,noite,agencia,19.9,False,False,2026-06-21,voluntario,SE
C006328,CD-SP2,3PL,2026-05-02,manha,agencia,5.4,False,False,2026-06-04,voluntario,SE
C006329,CD-SP2,3PL,2026-05-14,tarde,anuncio,10.9,False,False,,,SE
C006330,CD-SP2,3PL,2026-05-19,manha,agencia,14.7,False,True,,,SE
C006331,CD-SP2,3PL,2026-05-14,manha,anuncio,6.7,False,False,,,SE
C006332,CD-SP2,3PL,2026-05-03,manha,indicacao,20.9,False,False,2026-09-05,voluntario,SE
C006333,CD-SP2,3PL,2026-05-06,manha,agencia,5.6,False,False,2026-05-24,voluntario,SE
C006334,CD-SP2,3PL,2026-05-24,tarde,anuncio,18.6,False,False,,,SE
C006335,CD-SP2,3PL,2026-05-05,noite,anuncio,14.2,False,False,,,SE
C006336,CD-SP2,3PL,2026-05-18,noite,indicacao,7.4,False,False,,,SE
C006337,CD-SP2,3PL,2026-05-30,manha,indicacao,25.8,False,False,2026-09-27,voluntario,SE
C006338,CD-SP2,3PL,2026-05-27,tarde,anuncio,4.8,False,False,2026-06-13,involuntario,SE
C006339,CD-SP2,3PL,2026-05-22,tarde,indicacao,11.1,False,False,2026-07-20,voluntario,SE
C006340,CD-SP2,3PL,2026-05-03,manha,agencia,4.3,False,False,,,SE
C006341,CD-SP2,3PL,2026-05-09,manha,agencia,9.2,False,False,,,SE
C006342,CD-SP2,3PL,2026-05-21,tarde,anuncio,7.1,False,False,,,SE
C006343,CD-SP2,3PL,2026-05-08,manha,indicacao,6.1,False,False,,,SE
C006344,CD-SP2,3PL,2026-05-20,manha,indicacao,11.7,False,False,2026-05-26,voluntario,SE
C006345,CD-SP2,3PL,2026-05-13,tarde,indicacao,10.2,False,False,,,SE
C006346,CD-SP2,3PL,2026-05-16,noite,indicacao,11.9,False,False,,,SE
C006347,CD-SP2,3PL,2026-05-04,manha,agencia,8.0,False,False,,,SE
C006348,CD-SP2,3PL,2026-05-29,manha,anuncio,5.1,False,False,,,SE
C006349,CD-SP2,3PL,2026-05-30,noite,agencia,13.9,False,False,2026-07-10,involuntario,SE
C006350,CD-SP2,3PL,2026-05-22,tarde,anuncio,16.9,False,False,,,SE
C006351,CD-SP2,3PL,2026-05-14,noite,agencia,8.2,False,False,,,SE
C006352,CD-SP2,3PL,2026-05-21,tarde,agencia,17.0,False,False,,,SE
C006353,CD-SP2,3PL,2026-05-21,noite,anuncio,27.8,False,False,,,SE
C006354,CD-SP2,3PL,2026-05-18,noite,anuncio,20.4,False,False,,,SE
C006355,CD-SP2,3PL,2026-05-12,noite,agencia,11.2,False,False,2026-07-28,voluntario,SE
C006356,CD-SP2,3PL,2026-05-26,manha,anuncio,6.7,False,False,,,SE
C006357,CD-SP2,3PL,2026-05-27,noite,agencia,4.9,False,False,2026-07-24,involuntario,SE
C006358,CD-SP2,3PL,2026-05-07,noite,anuncio,13.9,False,False,,,SE
C006359,CD-SP2,3PL,2026-05-14,noite,agencia,6.7,False,False,2026-06-09,voluntario,SE
C006360,CD-SP2,3PL,2026-05-01,noite,agencia,14.1,False,True,,,SE
C006361,CD-SP2,3PL,2026-05-18,tarde,indicacao,5.4,False,False,,,SE
C006362,CD-SP2,3PL,2026-05-14,manha,agencia,19.2,False,False,,,SE
C006363,CD-SP2,3PL,2026-05-22,noite,anuncio,6.9,False,False,2026-05-24,voluntario,SE
C006364,CD-SP2,3PL,2026-05-01,manha,anuncio,5.1,False,True,2026-09-29,voluntario,SE
C006365,CD-SP2,3PL,2026-05-07,manha,anuncio,9.7,False,False,2026-05-18,involuntario,SE
C006366,CD-SP2,3PL,2026-05-24,noite,agencia,5.7,False,True,,,SE
C006367,CD-SP2,3PL,2026-05-13,tarde,anuncio,5.7,False,False,,,SE
C006368,CD-SP2,3PL,2026-05-17,noite,anuncio,14.4,False,False,,,SE
C006369,CD-SP2,3PL,2026-05-13,tarde,agencia,7.0,False,False,2026-05-28,voluntario,SE
C006370,CD-SP2,3PL,2026-05-02,noite,anuncio,14.5,False,False,,,SE
C006371,CD-SP2,3PL,2026-05-02,manha,anuncio,12.0,False,False,,,SE
C006372,CD-SP2,3PL,2026-05-30,manha,agencia,8.8,False,False,,,SE
C006373,CD-SP2,3PL,2026-05-03,noite,indicacao,8.5,False,True,,,SE
C006374,CD-SP2,3PL,2026-05-24,noite,agencia,6.7,False,False,,,SE
C006375,CD-SP2,3PL,2026-05-05,noite,indicacao,6.5,False,True,,,SE
C006376,CD-SP2,3PL,2026-05-08,noite,anuncio,10.7,False,True,,,SE
C006377,CD-SP2,3PL,2026-05-09,noite,indicacao,13.5,False,False,,,SE
C006378,CD-SP2,3PL,2026-05-16,noite,anuncio,13.1,False,False,,,SE
C006379,CD-SP2,3PL,2026-05-26,manha,indicacao,20.2,False,False,,,SE
C006380,CD-SP2,3PL,2026-05-20,noite,indicacao,9.6,False,False,2026-08-30,voluntario,SE
C006381,CD-SP2,3PL,2026-05-13,manha,anuncio,23.2,False,False,,,SE
C006382,CD-SP2,3PL,2026-05-08,manha,agencia,9.4,False,True,,,SE
C006383,CD-SP2,3PL,2026-05-14,manha,anuncio,10.8,False,True,2026-06-09,voluntario,SE
C006384,CD-SP2,3PL,2026-05-31,manha,indicacao,36.7,False,False,,,SE
C006385,CD-SP2,3PL,2026-05-10,noite,agencia,16.2,False,False,2026-06-02,voluntario,SE
C006386,CD-SP2,3PL,2026-05-05,noite,indicacao,10.4,False,True,,,SE
C006387,CD-SP2,3PL,2026-05-18,tarde,agencia,14.2,False,True,,,SE
C006388,CD-SP2,3PL,2026-05-04,noite,anuncio,10.9,False,False,,,SE
C006389,CD-SP2,3PL,2026-05-15,manha,anuncio,28.6,False,False,2026-05-17,involuntario,SE
C006390,CD-SP2,3PL,2026-05-01,noite,agencia,7.8,False,True,,,SE
C006391,CD-SP2,3PL,2026-05-02,tarde,anuncio,4.6,False,False,2026-07-24,involuntario,SE
C006392,CD-SP2,3PL,2026-05-01,noite,indicacao,8.8,False,False,,,SE
C006393,CD-SP2,3PL,2026-05-07,noite,agencia,7.2,False,False,,,SE
C006394,CD-SP2,3PL,2026-05-17,tarde,anuncio,7.3,False,False,,,SE
C006395,CD-SP2,3PL,2026-05-04,manha,indicacao,4.5,False,True,,,SE
C006396,CD-SP2,3PL,2026-05-27,tarde,indicacao,16.8,False,False,,,SE
C006397,CD-SP2,3PL,2026-05-17,noite,anuncio,13.5,False,False,2026-06-11,voluntario,SE
C006398,CD-SP2,3PL,2026-05-09,tarde,indicacao,26.5,False,True,,,SE
C006399,CD-SP2,3PL,2026-05-02,manha,anuncio,12.2,False,False,,,SE
C006400,CD-SP2,3PL,2026-05-15,manha,agencia,16.5,False,True,2026-09-24,voluntario,SE
C006401,CD-SP2,3PL,2026-05-01,manha,anuncio,9.0,False,True,,,SE
C006402,CD-SP2,3PL,2026-05-21,manha,indicacao,7.0,False,False,,,SE
C006403,CD-SP2,3PL,2026-05-27,manha,anuncio,5.8,False,False,2026-07-15,voluntario,SE
C006404,CD-SP2,3PL,2026-05-04,tarde,anuncio,17.5,False,False,,,SE
C006405,CD-SP2,3PL,2026-05-04,manha,indicacao,14.2,False,False,,,SE
C006406,CD-SP2,3PL,2026-05-19,tarde,agencia,13.2,False,False,2026-06-05,voluntario,SE
C006407,CD-SP2,3PL,2026-05-15,tarde,agencia,6.7,False,True,,,SE
C006408,CD-SP2,3PL,2026-05-11,noite,agencia,23.5,False,False,2026-06-17,voluntario,SE
C006409,CD-SP2,3PL,2026-05-04,tarde,indicacao,8.0,False,False,,,SE
C006410,CD-SP2,3PL,2026-05-19,manha,agencia,9.1,False,True,2026-05-23,voluntario,SE
C006411,CD-AM1,3PL,2026-06-05,manha,agencia,7.6,False,False,2026-09-12,involuntario,N
C006412,CD-AM1,3PL,2026-06-15,manha,anuncio,10.8,False,False,2026-07-13,voluntario,N
C006413,CD-AM1,3PL,2026-06-17,manha,indicacao,17.4,False,True,,,N
C006414,CD-AM1,3PL,2026-06-25,tarde,agencia,10.0,False,True,,,N
C006415,CD-AM1,3PL,2026-06-27,manha,agencia,8.7,False,True,,,N
C006416,CD-AM1,3PL,2026-06-22,noite,anuncio,5.3,False,False,,,N
C006417,CD-AM1,3PL,2026-06-28,tarde,anuncio,22.8,False,False,,,N
C006418,CD-AM1,3PL,2026-06-26,manha,indicacao,4.2,False,False,,,N
C006419,CD-AM1,3PL,2026-06-08,manha,indicacao,4.6,False,False,,,N
C006420,CD-AM1,3PL,2026-06-21,tarde,indicacao,12.2,False,True,,,N
C006421,CD-GO1,3PL,2026-06-28,manha,anuncio,8.5,False,False,,,CO
C006422,CD-GO1,3PL,2026-06-30,tarde,agencia,12.0,False,True,,,CO
C006423,CD-GO1,3PL,2026-06-11,manha,anuncio,8.8,False,False,,,CO
C006424,CD-GO1,3PL,2026-06-04,tarde,anuncio,4.1,False,False,,,CO
C006425,CD-GO1,3PL,2026-06-15,noite,anuncio,3.9,False,False,,,CO
C006426,CD-GO1,3PL,2026-06-27,manha,agencia,3.5,False,True,,,CO
C006427,CD-GO1,3PL,2026-06-19,manha,agencia,31.9,False,False,2026-06-28,voluntario,CO
C006428,CD-GO1,3PL,2026-06-18,manha,agencia,5.0,False,False,,,CO
C006429,CD-GO1,3PL,2026-06-02,tarde,anuncio,7.1,False,False,,,CO
C006430,CD-GO1,3PL,2026-06-16,manha,indicacao,16.4,False,False,,,CO
C006431,CD-GO1,3PL,2026-06-20,tarde,indicacao,15.5,False,False,,,CO
C006432,CD-GO1,3PL,2026-06-11,tarde,anuncio,5.9,False,False,,,CO
C006433,CD-GO1,3PL,2026-06-15,tarde,indicacao,6.6,False,True,,,CO
C006434,CD-GO1,3PL,2026-06-04,manha,agencia,8.6,False,False,2026-06-07,involuntario,CO
C006435,CD-PE1,proprio,2026-06-21,noite,anuncio,6.3,False,True,,,NE
C006436,CD-PE1,proprio,2026-06-28,manha,anuncio,13.1,False,True,2026-07-15,involuntario,NE
C006437,CD-PE1,proprio,2026-06-14,manha,anuncio,44.9,False,True,2026-07-06,voluntario,NE
C006438,CD-PE1,proprio,2026-06-13,tarde,indicacao,7.1,False,True,,,NE
C006439,CD-PE1,proprio,2026-06-06,noite,anuncio,6.5,False,True,2026-07-21,involuntario,NE
C006440,CD-PE1,proprio,2026-06-09,noite,anuncio,13.5,False,True,2026-06-12,involuntario,NE
C006441,CD-PE1,proprio,2026-06-28,noite,indicacao,2.3,False,True,,,NE
C006442,CD-PE1,proprio,2026-06-29,tarde,agencia,10.1,False,True,,,NE
C006443,CD-PE1,proprio,2026-06-24,noite,anuncio,5.4,False,True,,,NE
C006444,CD-PE1,proprio,2026-06-10,tarde,anuncio,21.7,False,False,2026-07-04,involuntario,NE
C006445,CD-PE1,proprio,2026-06-10,noite,agencia,5.6,False,True,,,NE
C006446,CD-PE1,proprio,2026-06-14,noite,anuncio,8.7,False,True,,,NE
C006447,CD-PE1,proprio,2026-06-20,tarde,agencia,8.3,False,True,2026-06-24,voluntario,NE
C006448,CD-PE1,proprio,2026-06-20,tarde,agencia,11.0,False,False,2026-06-27,involuntario,NE
C006449,CD-PE1,proprio,2026-06-16,manha,anuncio,13.7,False,True,,,NE
C006450,CD-PE1,proprio,2026-06-02,tarde,anuncio,11.7,False,True,,,NE
C006451,CD-PE1,proprio,2026-06-06,manha,anuncio,5.0,False,True,2026-06-26,involuntario,NE
C006452,CD-PE1,proprio,2026-06-30,tarde,indicacao,10.3,False,True,,,NE
C006453,CD-PE1,proprio,2026-06-28,tarde,indicacao,16.1,False,True,,,NE
C006454,CD-PE1,proprio,2026-06-26,noite,agencia,6.2,False,True,2026-07-25,voluntario,NE
C006455,CD-PE1,proprio,2026-06-10,tarde,agencia,7.2,False,True,,,NE
C006456,CD-PE1,proprio,2026-06-17,manha,indicacao,13.2,False,True,,,NE
C006457,CD-PR1,proprio,2026-06-18,manha,agencia,4.8,False,True,,,S
C006458,CD-PR1,proprio,2026-06-16,manha,indicacao,12.4,False,True,,,S
C006459,CD-PR1,proprio,2026-06-03,noite,anuncio,12.3,False,False,2026-06-18,voluntario,S
C006460,CD-PR1,proprio,2026-06-23,noite,anuncio,4.6,False,True,,,S
C006461,CD-PR1,proprio,2026-06-20,noite,anuncio,11.8,False,True,,,S
C006462,CD-PR1,proprio,2026-06-25,noite,agencia,8.3,False,True,,,S
C006463,CD-PR1,proprio,2026-06-06,tarde,indicacao,6.7,False,True,,,S
C006464,CD-PR1,proprio,2026-06-11,tarde,anuncio,13.8,False,True,,,S
C006465,CD-PR1,proprio,2026-06-25,tarde,agencia,5.6,False,True,,,S
C006466,CD-PR1,proprio,2026-06-01,tarde,indicacao,10.0,False,True,,,S
C006467,CD-RJ1,proprio,2026-06-10,noite,agencia,10.6,False,True,2026-06-26,voluntario,SE
C006468,CD-RJ1,proprio,2026-06-21,noite,anuncio,11.9,False,True,,,SE
C006469,CD-RJ1,proprio,2026-06-03,manha,indicacao,18.9,False,False,,,SE
C006470,CD-RJ1,proprio,2026-06-25,tarde,agencia,12.0,False,True,,,SE
C006471,CD-RJ1,proprio,2026-06-24,noite,agencia,10.0,False,True,,,SE
C006472,CD-RJ1,proprio,2026-06-03,tarde,indicacao,6.6,False,True,,,SE
C006473,CD-RJ1,proprio,2026-06-16,noite,anuncio,13.7,False,True,,,SE
C006474,CD-RJ1,proprio,2026-06-23,manha,anuncio,12.2,False,True,,,SE
C006475,CD-RJ1,proprio,2026-06-21,noite,anuncio,5.5,False,True,2026-08-14,voluntario,SE
C006476,CD-SP1,proprio,2026-06-20,manha,agencia,7.9,False,True,,,SE
C006477,CD-SP1,proprio,2026-06-02,manha,anuncio,5.6,False,True,,,SE
C006478,CD-SP1,proprio,2026-06-28,tarde,agencia,11.4,False,False,,,SE
C006479,CD-SP1,proprio,2026-06-16,manha,indicacao,8.8,False,True,,,SE
C006480,CD-SP1,proprio,2026-06-23,manha,indicacao,11.8,False,True,2026-07-30,voluntario,SE
C006481,CD-SP1,proprio,2026-06-21,noite,indicacao,7.8,False,True,,,SE
C006482,CD-SP1,proprio,2026-06-03,noite,agencia,10.3,False,True,,,SE
C006483,CD-SP1,proprio,2026-06-27,manha,anuncio,10.9,False,True,,,SE
C006484,CD-SP1,proprio,2026-06-30,tarde,anuncio,12.5,False,True,2026-07-02,voluntario,SE
C006485,CD-SP1,proprio,2026-06-03,manha,anuncio,9.4,False,False,,,SE
C006486,CD-SP1,proprio,2026-06-06,manha,anuncio,5.0,False,True,,,SE
C006487,CD-SP1,proprio,2026-06-11,manha,anuncio,15.4,False,True,,,SE
C006488,CD-SP1,proprio,2026-06-16,tarde,agencia,15.7,False,True,,,SE
C006489,CD-SP1,proprio,2026-06-19,noite,agencia,19.9,False,False,2026-07-22,voluntario,SE
C006490,CD-SP1,proprio,2026-06-21,noite,agencia,5.4,False,True,,,SE
C006491,CD-SP1,proprio,2026-06-17,manha,agencia,6.6,False,True,,,SE
C006492,CD-SP1,proprio,2026-06-04,tarde,anuncio,5.2,False,True,,,SE
C006493,CD-SP1,proprio,2026-06-18,tarde,anuncio,2.8,False,False,,,SE
C006494,CD-SP1,proprio,2026-06-12,tarde,agencia,14.4,False,True,,,SE
C006495,CD-SP1,proprio,2026-06-02,manha,anuncio,4.1,False,True,,,SE
C006496,CD-SP1,proprio,2026-06-06,manha,indicacao,12.9,False,True,,,SE
C006497,CD-SP2,3PL,2026-06-12,noite,anuncio,4.2,False,False,,,SE
C006498,CD-SP2,3PL,2026-06-08,noite,indicacao,3.6,False,False,,,SE
C006499,CD-SP2,3PL,2026-06-24,noite,anuncio,7.1,False,False,2026-08-11,voluntario,SE
C006500,CD-SP2,3PL,2026-06-16,tarde,agencia,11.4,False,False,,,SE
C006501,CD-SP2,3PL,2026-06-08,manha,agencia,3.4,False,True,2026-08-17,involuntario,SE
C006502,CD-SP2,3PL,2026-06-09,tarde,agencia,6.7,False,False,,,SE
C006503,CD-SP2,3PL,2026-06-16,manha,anuncio,3.9,False,True,,,SE
C006504,CD-SP2,3PL,2026-06-11,manha,anuncio,13.2,False,False,2026-06-18,voluntario,SE
C006505,CD-SP2,3PL,2026-06-20,manha,agencia,9.0,False,False,2026-08-24,involuntario,SE
C006506,CD-SP2,3PL,2026-06-22,manha,agencia,9.1,False,False,2026-07-12,voluntario,SE
C006507,CD-SP2,3PL,2026-06-11,noite,agencia,14.6,False,False,2026-06-24,voluntario,SE
C006508,CD-SP2,3PL,2026-06-19,tarde,indicacao,7.9,False,False,,,SE
C006509,CD-SP2,3PL,2026-06-24,manha,agencia,11.5,False,True,,,SE
C006510,CD-SP2,3PL,2026-06-03,manha,anuncio,21.8,False,False,2026-07-06,voluntario,SE
C006511,CD-SP2,3PL,2026-06-18,manha,agencia,9.2,False,True,,,SE
C006512,CD-SP2,3PL,2026-06-24,noite,anuncio,3.4,False,False,2026-09-01,voluntario,SE
C006513,CD-SP2,3PL,2026-06-23,noite,indicacao,11.6,False,False,2026-07-08,voluntario,SE
C006514,CD-SP2,3PL,2026-06-29,manha,anuncio,5.7,False,True,,,SE
C006515,CD-SP2,3PL,2026-06-07,tarde,indicacao,7.1,False,False,,,SE
C006516,CD-SP2,3PL,2026-06-14,tarde,anuncio,6.2,False,False,,,SE
C006517,CD-SP2,3PL,2026-06-16,tarde,agencia,10.0,False,False,,,SE
C006518,CD-SP2,3PL,2026-06-05,tarde,agencia,8.3,False,True,,,SE
C006519,CD-SP2,3PL,2026-06-07,manha,anuncio,8.1,False,False,2026-07-26,involuntario,SE
C006520,CD-SP2,3PL,2026-06-22,manha,indicacao,12.8,False,True,,,SE
C006521,CD-SP2,3PL,2026-06-25,manha,indicacao,7.9,False,False,2026-08-01,voluntario,SE
C006522,CD-SP2,3PL,2026-06-04,manha,anuncio,9.9,False,False,,,SE
C006523,CD-SP2,3PL,2026-06-08,noite,agencia,17.5,False,False,2026-07-06,voluntario,SE
C006524,CD-SP2,3PL,2026-06-22,noite,agencia,19.0,False,False,2026-06-30,voluntario,SE
C006525,CD-SP2,3PL,2026-06-01,noite,anuncio,25.9,False,False,,,SE
C006526,CD-SP2,3PL,2026-06-10,manha,agencia,19.9,False,False,,,SE
C006527,CD-AM1,3PL,2026-07-26,tarde,agencia,4.0,False,False,,,N
C006528,CD-AM1,3PL,2026-07-24,manha,indicacao,6.0,False,False,,,N
C006529,CD-AM1,3PL,2026-07-13,noite,anuncio,12.8,False,True,,,N
C006530,CD-AM1,3PL,2026-07-06,noite,indicacao,11.7,False,False,2026-08-31,voluntario,N
C006531,CD-AM1,3PL,2026-07-18,manha,indicacao,8.1,False,False,,,N
C006532,CD-AM1,3PL,2026-07-10,tarde,indicacao,14.2,False,False,2026-07-14,voluntario,N
C006533,CD-AM1,3PL,2026-07-17,manha,agencia,5.1,False,False,2026-07-31,involuntario,N
C006534,CD-AM1,3PL,2026-07-05,manha,anuncio,13.4,False,False,2026-09-03,voluntario,N
C006535,CD-AM1,3PL,2026-07-07,manha,anuncio,15.8,False,False,,,N
C006536,CD-AM1,3PL,2026-07-22,tarde,agencia,3.7,False,False,,,N
C006537,CD-AM1,3PL,2026-07-19,tarde,anuncio,9.5,False,False,,,N
C006538,CD-AM1,3PL,2026-07-13,manha,anuncio,10.3,False,True,2026-09-04,voluntario,N
C006539,CD-AM1,3PL,2026-07-29,manha,agencia,5.2,False,True,,,N
C006540,CD-AM1,3PL,2026-07-14,manha,agencia,4.4,False,False,,,N
C006541,CD-AM1,3PL,2026-07-06,tarde,indicacao,10.3,False,False,,,N
C006542,CD-AM1,3PL,2026-07-26,manha,indicacao,12.0,False,True,,,N
C006543,CD-AM1,3PL,2026-07-30,noite,agencia,8.2,False,False,2026-08-16,voluntario,N
C006544,CD-AM1,3PL,2026-07-27,manha,agencia,7.2,False,True,,,N
C006545,CD-AM1,3PL,2026-07-24,tarde,indicacao,11.5,False,False,,,N
C006546,CD-AM1,3PL,2026-07-29,noite,agencia,4.0,False,True,,,N
C006547,CD-AM1,3PL,2026-07-09,manha,anuncio,18.6,False,False,2026-08-08,voluntario,N
C006548,CD-AM1,3PL,2026-07-05,noite,anuncio,30.6,False,False,2026-07-11,involuntario,N
C006549,CD-AM1,3PL,2026-07-24,tarde,anuncio,9.5,False,False,2026-08-11,involuntario,N
C006550,CD-AM1,3PL,2026-07-27,noite,indicacao,18.9,False,False,,,N
C006551,CD-AM1,3PL,2026-07-31,noite,agencia,14.7,False,False,2026-08-17,voluntario,N
C006552,CD-AM1,3PL,2026-07-14,manha,anuncio,36.5,False,False,,,N
C006553,CD-AM1,3PL,2026-07-11,noite,indicacao,2.4,False,False,,,N
C006554,CD-AM1,3PL,2026-07-21,manha,agencia,12.9,False,True,2026-09-14,voluntario,N
C006555,CD-AM1,3PL,2026-07-06,tarde,anuncio,2.3,False,False,,,N
C006556,CD-AM1,3PL,2026-07-01,manha,indicacao,5.3,False,True,,,N
C006557,CD-AM1,3PL,2026-07-17,tarde,indicacao,8.7,False,False,2026-08-06,voluntario,N
C006558,CD-GO1,3PL,2026-07-20,manha,anuncio,7.3,False,False,,,CO
C006559,CD-GO1,3PL,2026-07-16,manha,agencia,17.3,False,False,,,CO
C006560,CD-GO1,3PL,2026-07-06,tarde,agencia,23.9,False,True,2026-09-20,voluntario,CO
C006561,CD-GO1,3PL,2026-07-20,manha,agencia,11.5,False,False,,,CO
C006562,CD-GO1,3PL,2026-07-08,manha,anuncio,37.4,False,True,2026-08-20,voluntario,CO
C006563,CD-GO1,3PL,2026-07-13,tarde,agencia,4.7,False,False,2026-08-10,involuntario,CO
C006564,CD-GO1,3PL,2026-07-10,manha,anuncio,5.4,False,False,2026-07-31,involuntario,CO
C006565,CD-GO1,3PL,2026-07-05,manha,anuncio,4.9,False,False,2026-07-18,involuntario,CO
C006566,CD-GO1,3PL,2026-07-27,noite,agencia,16.0,False,False,2026-08-29,involuntario,CO
C006567,CD-GO1,3PL,2026-07-19,noite,anuncio,18.1,False,True,,,CO
C006568,CD-GO1,3PL,2026-07-21,tarde,agencia,3.9,False,True,,,CO
C006569,CD-GO1,3PL,2026-07-30,noite,indicacao,5.7,False,False,2026-08-04,involuntario,CO
C006570,CD-GO1,3PL,2026-07-02,noite,indicacao,7.9,False,True,,,CO
C006571,CD-GO1,3PL,2026-07-08,noite,anuncio,6.5,False,False,,,CO
C006572,CD-GO1,3PL,2026-07-07,noite,agencia,6.4,False,True,2026-07-15,involuntario,CO
C006573,CD-GO1,3PL,2026-07-27,tarde,anuncio,7.7,False,True,,,CO
C006574,CD-GO1,3PL,2026-07-20,manha,indicacao,5.3,False,True,,,CO
C006575,CD-GO1,3PL,2026-07-13,manha,agencia,15.9,False,False,,,CO
C006576,CD-GO1,3PL,2026-07-06,tarde,agencia,22.3,False,True,,,CO
C006577,CD-GO1,3PL,2026-07-27,manha,indicacao,4.1,False,False,,,CO
C006578,CD-GO1,3PL,2026-07-27,tarde,agencia,10.7,False,False,2026-08-15,voluntario,CO
C006579,CD-GO1,3PL,2026-07-16,manha,agencia,12.8,False,False,2026-07-19,voluntario,CO
C006580,CD-GO1,3PL,2026-07-29,manha,agencia,5.4,False,False,,,CO
C006581,CD-GO1,3PL,2026-07-18,manha,indicacao,3.6,False,False,,,CO
C006582,CD-GO1,3PL,2026-07-17,tarde,agencia,8.1,False,False,2026-08-07,voluntario,CO
C006583,CD-GO1,3PL,2026-07-08,tarde,agencia,6.5,False,False,2026-08-09,voluntario,CO
C006584,CD-GO1,3PL,2026-07-03,tarde,agencia,7.2,False,True,2026-07-20,voluntario,CO
C006585,CD-GO1,3PL,2026-07-15,noite,anuncio,12.5,False,False,2026-07-18,involuntario,CO
C006586,CD-GO1,3PL,2026-07-17,noite,indicacao,17.3,False,False,2026-08-08,voluntario,CO
C006587,CD-GO1,3PL,2026-07-18,tarde,anuncio,39.2,False,False,2026-07-26,involuntario,CO
C006588,CD-GO1,3PL,2026-07-24,manha,indicacao,11.2,False,False,,,CO
C006589,CD-GO1,3PL,2026-07-17,noite,anuncio,8.6,False,False,2026-07-30,voluntario,CO
C006590,CD-PE1,proprio,2026-07-27,tarde,indicacao,4.3,False,True,,,NE
C006591,CD-PE1,proprio,2026-07-06,noite,agencia,12.0,False,True,,,NE
C006592,CD-PE1,proprio,2026-07-23,manha,agencia,10.1,False,True,,,NE
C006593,CD-PE1,proprio,2026-07-16,tarde,anuncio,8.4,False,True,,,NE
C006594,CD-PE1,proprio,2026-07-28,manha,indicacao,9.8,False,True,,,NE
C006595,CD-PE1,proprio,2026-07-14,noite,indicacao,3.3,False,True,,,NE
C006596,CD-PE1,proprio,2026-07-23,manha,indicacao,3.0,False,True,,,NE
C006597,CD-PE1,proprio,2026-07-14,tarde,agencia,16.8,False,True,,,NE
C006598,CD-PE1,proprio,2026-07-26,manha,indicacao,3.0,False,True,,,NE
C006599,CD-PE1,proprio,2026-07-23,noite,anuncio,4.2,False,False,,,NE
C006600,CD-PE1,proprio,2026-07-22,tarde,anuncio,4.9,False,True,,,NE
C006601,CD-PE1,proprio,2026-07-13,tarde,indicacao,11.3,False,True,2026-08-15,voluntario,NE
C006602,CD-PE1,proprio,2026-07-01,tarde,agencia,33.7,False,True,2026-07-19,voluntario,NE
C006603,CD-PE1,proprio,2026-07-26,tarde,agencia,8.8,False,True,,,NE
C006604,CD-PE1,proprio,2026-07-20,noite,indicacao,6.1,False,True,,,NE
C006605,CD-PE1,proprio,2026-07-19,manha,agencia,19.1,False,True,2026-07-26,voluntario,NE
C006606,CD-PE1,proprio,2026-07-08,manha,agencia,5.0,False,True,,,NE
C006607,CD-PE1,proprio,2026-07-10,tarde,indicacao,13.7,False,True,,,NE
C006608,CD-PE1,proprio,2026-07-27,noite,anuncio,11.3,False,False,,,NE
C006609,CD-PE1,proprio,2026-07-31,manha,anuncio,6.2,False,True,,,NE
C006610,CD-PE1,proprio,2026-07-10,tarde,anuncio,8.8,False,True,,,NE
C006611,CD-PE1,proprio,2026-07-30,noite,agencia,11.1,False,True,,,NE
C006612,CD-PE1,proprio,2026-07-14,tarde,agencia,6.9,False,True,,,NE
C006613,CD-PE1,proprio,2026-07-03,noite,anuncio,8.5,False,True,2026-07-05,voluntario,NE
C006614,CD-PE1,proprio,2026-07-21,tarde,anuncio,11.1,False,True,,,NE
C006615,CD-PE1,proprio,2026-07-11,manha,anuncio,13.4,False,True,,,NE
C006616,CD-PE1,proprio,2026-07-01,noite,agencia,3.7,False,True,2026-07-14,involuntario,NE
C006617,CD-PE1,proprio,2026-07-09,manha,anuncio,9.0,False,True,,,NE
C006618,CD-PE1,proprio,2026-07-06,tarde,agencia,6.3,False,False,,,NE
C006619,CD-PE1,proprio,2026-07-22,noite,anuncio,19.6,False,True,,,NE
C006620,CD-PE1,proprio,2026-07-27,tarde,agencia,9.0,False,True,,,NE
C006621,CD-PE1,proprio,2026-07-29,noite,indicacao,8.4,False,False,,,NE
C006622,CD-PE1,proprio,2026-07-18,tarde,indicacao,20.4,False,True,,,NE
C006623,CD-PE1,proprio,2026-07-11,tarde,indicacao,4.8,False,True,,,NE
C006624,CD-PE1,proprio,2026-07-17,noite,anuncio,9.8,False,True,2026-08-21,voluntario,NE
C006625,CD-PE1,proprio,2026-07-10,noite,indicacao,7.0,False,True,,,NE
C006626,CD-PE1,proprio,2026-07-14,noite,agencia,27.2,False,True,2026-08-22,voluntario,NE
C006627,CD-PE1,proprio,2026-07-31,tarde,indicacao,5.6,False,True,,,NE
C006628,CD-PE1,proprio,2026-07-28,manha,agencia,9.5,False,True,,,NE
C006629,CD-PE1,proprio,2026-07-11,noite,agencia,8.8,False,True,,,NE
C006630,CD-PE1,proprio,2026-07-02,manha,indicacao,8.9,False,True,,,NE
C006631,CD-PE1,proprio,2026-07-07,manha,indicacao,19.3,False,True,,,NE
C006632,CD-PE1,proprio,2026-07-23,tarde,agencia,13.1,False,True,,,NE
C006633,CD-PE1,proprio,2026-07-02,tarde,anuncio,9.6,False,False,,,NE
C006634,CD-PE1,proprio,2026-07-13,manha,anuncio,13.7,False,True,2026-07-16,voluntario,NE
C006635,CD-PE1,proprio,2026-07-13,manha,indicacao,9.5,False,False,,,NE
C006636,CD-PE1,proprio,2026-07-19,manha,anuncio,4.3,False,True,,,NE
C006637,CD-PE1,proprio,2026-07-15,noite,indicacao,10.8,False,True,,,NE
C006638,CD-PE1,proprio,2026-07-04,manha,agencia,43.9,False,True,2026-07-14,involuntario,NE
C006639,CD-PE1,proprio,2026-07-02,noite,anuncio,14.2,False,True,2026-07-15,voluntario,NE
C006640,CD-PE1,proprio,2026-07-11,noite,indicacao,5.4,False,True,,,NE
C006641,CD-PE1,proprio,2026-07-19,noite,agencia,3.4,False,True,,,NE
C006642,CD-PE1,proprio,2026-07-29,noite,anuncio,5.7,False,True,,,NE
C006643,CD-PE1,proprio,2026-07-22,manha,indicacao,5.6,False,True,2026-08-24,voluntario,NE
C006644,CD-PE1,proprio,2026-07-28,noite,agencia,10.0,False,True,,,NE
C006645,CD-PE1,proprio,2026-07-08,manha,anuncio,22.0,False,True,,,NE
C006646,CD-PE1,proprio,2026-07-07,noite,agencia,5.9,False,False,,,NE
C006647,CD-PE1,proprio,2026-07-20,tarde,anuncio,7.4,False,True,,,NE
C006648,CD-PE1,proprio,2026-07-02,manha,indicacao,14.4,False,True,,,NE
C006649,CD-PE1,proprio,2026-07-30,noite,anuncio,8.2,False,True,,,NE
C006650,CD-PE1,proprio,2026-07-26,tarde,indicacao,14.5,False,True,,,NE
C006651,CD-PE1,proprio,2026-07-19,noite,anuncio,7.5,False,True,2026-08-20,voluntario,NE
C006652,CD-PE1,proprio,2026-07-17,manha,agencia,8.0,False,False,2026-07-21,involuntario,NE
C006653,CD-PE1,proprio,2026-07-12,noite,anuncio,9.2,False,True,,,NE
C006654,CD-PE1,proprio,2026-07-10,noite,anuncio,9.4,False,True,,,NE
C006655,CD-PE1,proprio,2026-07-10,manha,indicacao,4.0,False,True,,,NE
C006656,CD-PE1,proprio,2026-07-15,manha,anuncio,9.0,False,True,,,NE
C006657,CD-PR1,proprio,2026-07-12,manha,indicacao,11.8,False,True,,,S
C006658,CD-PR1,proprio,2026-07-17,manha,agencia,6.8,False,True,,,S
C006659,CD-PR1,proprio,2026-07-11,tarde,agencia,12.0,False,True,,,S
C006660,CD-PR1,proprio,2026-07-30,manha,anuncio,14.0,False,True,,,S
C006661,CD-PR1,proprio,2026-07-10,manha,agencia,10.6,False,True,,,S
C006662,CD-PR1,proprio,2026-07-09,noite,anuncio,7.2,False,True,,,S
C006663,CD-PR1,proprio,2026-07-22,manha,indicacao,4.6,False,False,,,S
C006664,CD-PR1,proprio,2026-07-03,manha,anuncio,12.9,False,True,,,S
C006665,CD-PR1,proprio,2026-07-25,manha,anuncio,14.1,False,True,,,S
C006666,CD-PR1,proprio,2026-07-30,noite,agencia,26.6,False,True,2026-08-06,voluntario,S
C006667,CD-PR1,proprio,2026-07-13,manha,indicacao,3.9,False,True,,,S
C006668,CD-PR1,proprio,2026-07-11,noite,anuncio,20.1,False,True,,,S
C006669,CD-PR1,proprio,2026-07-23,tarde,indicacao,17.6,False,True,,,S
C006670,CD-PR1,proprio,2026-07-08,noite,agencia,10.6,False,True,,,S
C006671,CD-PR1,proprio,2026-07-09,noite,agencia,17.2,False,True,,,S
C006672,CD-PR1,proprio,2026-07-31,noite,anuncio,9.9,False,False,,,S
C006673,CD-PR1,proprio,2026-07-16,manha,agencia,10.3,False,True,2026-07-21,voluntario,S
C006674,CD-PR1,proprio,2026-07-09,tarde,anuncio,5.1,False,True,,,S
C006675,CD-PR1,proprio,2026-07-08,tarde,agencia,7.5,False,False,,,S
C006676,CD-PR1,proprio,2026-07-23,manha,indicacao,12.3,False,False,,,S
C006677,CD-PR1,proprio,2026-07-23,tarde,indicacao,8.7,False,True,,,S
C006678,CD-PR1,proprio,2026-07-05,tarde,indicacao,6.0,False,True,,,S
C006679,CD-PR1,proprio,2026-07-16,manha,agencia,7.9,False,True,2026-07-19,involuntario,S
C006680,CD-PR1,proprio,2026-07-31,tarde,indicacao,9.1,False,False,,,S
C006681,CD-PR1,proprio,2026-07-22,tarde,agencia,17.9,False,True,,,S
C006682,CD-PR1,proprio,2026-07-26,tarde,agencia,16.7,False,True,,,S
C006683,CD-PR1,proprio,2026-07-18,noite,indicacao,8.1,False,True,2026-08-27,voluntario,S
C006684,CD-PR1,proprio,2026-07-04,noite,anuncio,7.2,False,False,,,S
C006685,CD-PR1,proprio,2026-07-04,noite,anuncio,14.0,False,True,,,S
C006686,CD-PR1,proprio,2026-07-21,noite,indicacao,6.1,False,True,,,S
C006687,CD-PR1,proprio,2026-07-24,noite,anuncio,13.2,False,True,,,S
C006688,CD-PR1,proprio,2026-07-27,noite,indicacao,18.7,False,True,,,S
C006689,CD-PR1,proprio,2026-07-24,tarde,anuncio,21.7,False,True,,,S
C006690,CD-PR1,proprio,2026-07-31,manha,anuncio,5.7,False,True,,,S
C006691,CD-PR1,proprio,2026-07-10,manha,anuncio,10.2,False,True,,,S
C006692,CD-PR1,proprio,2026-07-22,manha,indicacao,9.3,False,True,,,S
C006693,CD-PR1,proprio,2026-07-02,manha,agencia,3.8,False,True,,,S
C006694,CD-PR1,proprio,2026-07-06,noite,anuncio,12.1,False,True,2026-07-31,voluntario,S
C006695,CD-PR1,proprio,2026-07-04,noite,indicacao,8.9,False,True,,,S
C006696,CD-PR1,proprio,2026-07-10,manha,agencia,8.1,False,True,,,S
C006697,CD-PR1,proprio,2026-07-15,manha,indicacao,9.2,False,True,,,S
C006698,CD-PR1,proprio,2026-07-10,noite,anuncio,7.7,False,True,,,S
C006699,CD-PR1,proprio,2026-07-21,noite,agencia,6.7,False,True,,,S
C006700,CD-PR1,proprio,2026-07-02,noite,indicacao,14.2,False,True,,,S
C006701,CD-PR1,proprio,2026-07-28,tarde,agencia,8.9,False,True,,,S
C006702,CD-PR1,proprio,2026-07-28,manha,anuncio,17.1,False,True,,,S
C006703,CD-PR1,proprio,2026-07-30,noite,anuncio,13.1,False,True,,,S
C006704,CD-PR1,proprio,2026-07-29,noite,indicacao,13.5,False,True,,,S
C006705,CD-PR1,proprio,2026-07-31,manha,agencia,4.2,False,True,,,S
C006706,CD-PR1,proprio,2026-07-15,manha,indicacao,9.1,False,True,,,S
C006707,CD-PR1,proprio,2026-07-29,noite,agencia,14.3,False,True,,,S
C006708,CD-PR1,proprio,2026-07-09,tarde,indicacao,18.5,False,True,,,S
C006709,CD-PR1,proprio,2026-07-16,manha,agencia,9.3,False,True,,,S
C006710,CD-PR1,proprio,2026-07-05,tarde,indicacao,4.9,False,True,,,S
C006711,CD-RJ1,proprio,2026-07-23,manha,anuncio,19.3,False,True,,,SE
C006712,CD-RJ1,proprio,2026-07-29,tarde,anuncio,6.0,False,True,,,SE
C006713,CD-RJ1,proprio,2026-07-22,noite,anuncio,3.6,False,True,,,SE
C006714,CD-RJ1,proprio,2026-07-15,manha,agencia,9.3,False,True,,,SE
C006715,CD-RJ1,proprio,2026-07-30,manha,anuncio,8.8,False,True,2026-08-08,voluntario,SE
C006716,CD-RJ1,proprio,2026-07-06,manha,anuncio,17.7,False,True,,,SE
C006717,CD-RJ1,proprio,2026-07-31,noite,agencia,16.4,False,True,,,SE
C006718,CD-RJ1,proprio,2026-07-04,noite,anuncio,6.9,False,True,,,SE
C006719,CD-RJ1,proprio,2026-07-11,manha,agencia,5.2,False,True,,,SE
C006720,CD-RJ1,proprio,2026-07-05,manha,anuncio,7.6,False,True,,,SE
C006721,CD-RJ1,proprio,2026-07-17,manha,agencia,10.1,False,True,,,SE
C006722,CD-RJ1,proprio,2026-07-14,noite,anuncio,13.0,False,True,,,SE
C006723,CD-RJ1,proprio,2026-07-26,tarde,anuncio,7.4,False,True,,,SE
C006724,CD-RJ1,proprio,2026-07-20,manha,anuncio,13.3,False,True,,,SE
C006725,CD-RJ1,proprio,2026-07-25,tarde,anuncio,6.5,False,True,,,SE
C006726,CD-RJ1,proprio,2026-07-07,tarde,agencia,22.6,False,True,,,SE
C006727,CD-RJ1,proprio,2026-07-11,manha,indicacao,10.9,False,False,2026-07-24,involuntario,SE
C006728,CD-RJ1,proprio,2026-07-04,tarde,indicacao,4.6,False,True,2026-07-07,involuntario,SE
C006729,CD-RJ1,proprio,2026-07-06,tarde,anuncio,6.4,False,False,,,SE
C006730,CD-RJ1,proprio,2026-07-06,noite,agencia,6.0,False,True,,,SE
C006731,CD-RJ1,proprio,2026-07-16,tarde,agencia,7.6,False,True,,,SE
C006732,CD-RJ1,proprio,2026-07-16,noite,indicacao,4.9,False,False,,,SE
C006733,CD-RJ1,proprio,2026-07-19,tarde,anuncio,7.5,False,True,,,SE
C006734,CD-RJ1,proprio,2026-07-08,manha,indicacao,7.1,False,True,,,SE
C006735,CD-RJ1,proprio,2026-07-20,noite,anuncio,10.7,False,False,2026-08-05,voluntario,SE
C006736,CD-RJ1,proprio,2026-07-25,manha,anuncio,7.2,False,True,,,SE
C006737,CD-RJ1,proprio,2026-07-22,noite,anuncio,14.8,False,True,,,SE
C006738,CD-RJ1,proprio,2026-07-08,noite,agencia,7.5,False,False,2026-08-24,voluntario,SE
C006739,CD-RJ1,proprio,2026-07-10,noite,indicacao,4.8,False,True,,,SE
C006740,CD-RJ1,proprio,2026-07-10,manha,indicacao,2.5,False,False,,,SE
C006741,CD-RJ1,proprio,2026-07-05,noite,anuncio,10.3,False,True,,,SE
C006742,CD-RJ1,proprio,2026-07-26,manha,anuncio,7.0,False,True,,,SE
C006743,CD-RJ1,proprio,2026-07-30,manha,indicacao,4.0,False,True,,,SE
C006744,CD-SP1,proprio,2026-07-04,manha,indicacao,9.2,False,True,,,SE
C006745,CD-SP1,proprio,2026-07-12,manha,agencia,6.0,False,False,2026-09-09,voluntario,SE
C006746,CD-SP1,proprio,2026-07-25,noite,anuncio,16.7,False,True,2026-07-29,voluntario,SE
C006747,CD-SP1,proprio,2026-07-07,manha,agencia,5.9,False,True,2026-07-14,voluntario,SE
C006748,CD-SP1,proprio,2026-07-14,manha,agencia,21.9,False,True,,,SE
C006749,CD-SP1,proprio,2026-07-01,manha,anuncio,8.6,False,True,,,SE
C006750,CD-SP1,proprio,2026-07-31,tarde,agencia,10.5,False,True,,,SE
C006751,CD-SP1,proprio,2026-07-11,manha,anuncio,12.8,False,True,,,SE
C006752,CD-SP1,proprio,2026-07-18,noite,anuncio,12.2,False,True,,,SE
C006753,CD-SP1,proprio,2026-07-08,tarde,anuncio,9.9,False,True,,,SE
C006754,CD-SP1,proprio,2026-07-07,noite,indicacao,4.5,False,True,,,SE
C006755,CD-SP1,proprio,2026-07-19,manha,anuncio,40.1,False,True,,,SE
C006756,CD-SP1,proprio,2026-07-19,manha,anuncio,4.8,False,True,,,SE
C006757,CD-SP1,proprio,2026-07-25,manha,agencia,4.7,False,True,,,SE
C006758,CD-SP1,proprio,2026-07-15,noite,indicacao,11.1,False,True,,,SE
C006759,CD-SP1,proprio,2026-07-04,manha,anuncio,15.5,False,True,,,SE
C006760,CD-SP1,proprio,2026-07-19,noite,indicacao,5.0,False,True,,,SE
C006761,CD-SP1,proprio,2026-07-21,noite,agencia,19.7,False,True,,,SE
C006762,CD-SP1,proprio,2026-07-01,manha,indicacao,4.8,False,False,,,SE
C006763,CD-SP1,proprio,2026-07-18,manha,agencia,14.7,False,False,,,SE
C006764,CD-SP1,proprio,2026-07-21,manha,indicacao,10.9,False,True,,,SE
C006765,CD-SP1,proprio,2026-07-13,noite,agencia,31.8,False,True,,,SE
C006766,CD-SP1,proprio,2026-07-25,manha,agencia,12.2,False,True,,,SE
C006767,CD-SP1,proprio,2026-07-09,tarde,indicacao,11.8,False,True,,,SE
C006768,CD-SP1,proprio,2026-07-05,noite,anuncio,10.9,False,True,,,SE
C006769,CD-SP1,proprio,2026-07-28,noite,agencia,17.3,False,True,2026-08-21,voluntario,SE
C006770,CD-SP1,proprio,2026-07-08,tarde,anuncio,6.1,False,True,,,SE
C006771,CD-SP1,proprio,2026-07-14,noite,agencia,8.2,False,True,2026-07-17,voluntario,SE
C006772,CD-SP1,proprio,2026-07-17,manha,indicacao,11.5,False,True,,,SE
C006773,CD-SP1,proprio,2026-07-13,noite,agencia,20.8,False,False,,,SE
C006774,CD-SP1,proprio,2026-07-12,manha,anuncio,11.8,False,True,2026-07-20,involuntario,SE
C006775,CD-SP1,proprio,2026-07-18,tarde,agencia,4.6,False,False,,,SE
C006776,CD-SP1,proprio,2026-07-26,manha,agencia,14.7,False,True,2026-07-31,voluntario,SE
C006777,CD-SP1,proprio,2026-07-11,tarde,agencia,12.2,False,True,2026-07-13,voluntario,SE
C006778,CD-SP1,proprio,2026-07-14,manha,indicacao,11.0,False,True,2026-08-11,voluntario,SE
C006779,CD-SP1,proprio,2026-07-19,tarde,indicacao,11.7,False,True,,,SE
C006780,CD-SP1,proprio,2026-07-06,manha,anuncio,7.5,False,True,,,SE
C006781,CD-SP1,proprio,2026-07-21,manha,anuncio,12.4,False,True,2026-09-22,voluntario,SE
C006782,CD-SP1,proprio,2026-07-21,noite,anuncio,4.4,False,True,,,SE
C006783,CD-SP1,proprio,2026-07-11,tarde,agencia,17.4,False,True,2026-07-21,involuntario,SE
C006784,CD-SP1,proprio,2026-07-16,manha,agencia,30.2,False,True,,,SE
C006785,CD-SP1,proprio,2026-07-16,manha,agencia,23.2,False,False,2026-07-23,involuntario,SE
C006786,CD-SP1,proprio,2026-07-03,tarde,agencia,7.6,False,False,2026-07-11,voluntario,SE
C006787,CD-SP1,proprio,2026-07-01,noite,agencia,14.1,False,True,,,SE
C006788,CD-SP1,proprio,2026-07-07,tarde,indicacao,16.2,False,True,,,SE
C006789,CD-SP1,proprio,2026-07-31,tarde,indicacao,13.7,False,True,2026-08-01,involuntario,SE
C006790,CD-SP1,proprio,2026-07-16,tarde,indicacao,6.8,False,True,2026-07-23,voluntario,SE
C006791,CD-SP1,proprio,2026-07-19,manha,anuncio,7.6,False,True,,,SE
C006792,CD-SP1,proprio,2026-07-06,manha,agencia,5.9,False,False,,,SE
C006793,CD-SP1,proprio,2026-07-02,manha,agencia,6.5,False,True,2026-08-12,involuntario,SE
C006794,CD-SP1,proprio,2026-07-17,noite,agencia,28.2,False,True,,,SE
C006795,CD-SP1,proprio,2026-07-01,noite,indicacao,9.7,False,False,,,SE
C006796,CD-SP1,proprio,2026-07-30,tarde,indicacao,5.8,False,False,,,SE
C006797,CD-SP1,proprio,2026-07-24,tarde,agencia,13.4,False,True,,,SE
C006798,CD-SP1,proprio,2026-07-24,tarde,agencia,25.6,False,True,,,SE
C006799,CD-SP1,proprio,2026-07-19,noite,anuncio,12.5,False,True,,,SE
C006800,CD-SP1,proprio,2026-07-22,manha,anuncio,10.0,False,True,,,SE
C006801,CD-SP1,proprio,2026-07-17,manha,agencia,2.3,False,True,,,SE
C006802,CD-SP1,proprio,2026-07-04,tarde,agencia,6.3,False,True,,,SE
C006803,CD-SP1,proprio,2026-07-20,manha,anuncio,11.7,False,True,2026-08-31,involuntario,SE
C006804,CD-SP1,proprio,2026-07-26,noite,anuncio,24.4,False,True,2026-08-06,voluntario,SE
C006805,CD-SP1,proprio,2026-07-16,noite,agencia,9.1,False,True,,,SE
C006806,CD-SP1,proprio,2026-07-23,tarde,agencia,15.6,False,True,,,SE
C006807,CD-SP1,proprio,2026-07-07,tarde,anuncio,12.0,False,True,2026-09-05,voluntario,SE
C006808,CD-SP1,proprio,2026-07-24,noite,indicacao,8.7,False,True,,,SE
C006809,CD-SP1,proprio,2026-07-14,manha,agencia,6.1,False,True,,,SE
C006810,CD-SP1,proprio,2026-07-18,manha,agencia,10.1,False,True,,,SE
C006811,CD-SP1,proprio,2026-07-07,tarde,agencia,31.0,False,True,,,SE
C006812,CD-SP1,proprio,2026-07-25,tarde,anuncio,2.8,False,True,,,SE
C006813,CD-SP1,proprio,2026-07-15,manha,agencia,8.2,False,True,2026-09-18,involuntario,SE
C006814,CD-SP1,proprio,2026-07-11,tarde,indicacao,8.1,False,True,,,SE
C006815,CD-SP1,proprio,2026-07-04,manha,anuncio,7.6,False,True,,,SE
C006816,CD-SP1,proprio,2026-07-31,noite,indicacao,15.5,False,True,,,SE
C006817,CD-SP1,proprio,2026-07-03,noite,indicacao,13.3,False,True,,,SE
C006818,CD-SP2,3PL,2026-07-12,noite,agencia,9.1,False,False,2026-08-29,voluntario,SE
C006819,CD-SP2,3PL,2026-07-06,tarde,anuncio,9.2,False,False,,,SE
C006820,CD-SP2,3PL,2026-07-23,tarde,anuncio,12.4,False,False,,,SE
C006821,CD-SP2,3PL,2026-07-07,noite,indicacao,16.2,False,False,2026-07-11,voluntario,SE
C006822,CD-SP2,3PL,2026-07-20,tarde,agencia,21.2,False,True,2026-08-07,voluntario,SE
C006823,CD-SP2,3PL,2026-07-20,noite,agencia,9.7,False,False,2026-08-16,voluntario,SE
C006824,CD-SP2,3PL,2026-07-18,tarde,indicacao,4.1,False,False,,,SE
C006825,CD-SP2,3PL,2026-07-05,noite,agencia,15.6,False,False,2026-07-19,involuntario,SE
C006826,CD-SP2,3PL,2026-07-04,noite,anuncio,9.1,False,False,2026-07-31,involuntario,SE
C006827,CD-SP2,3PL,2026-07-19,manha,indicacao,14.7,False,True,,,SE
C006828,CD-SP2,3PL,2026-07-14,manha,anuncio,38.3,False,False,2026-07-19,involuntario,SE
C006829,CD-SP2,3PL,2026-07-11,manha,indicacao,9.4,False,False,,,SE
C006830,CD-SP2,3PL,2026-07-07,noite,indicacao,8.9,False,False,,,SE
C006831,CD-SP2,3PL,2026-07-09,manha,anuncio,5.3,False,False,,,SE
C006832,CD-SP2,3PL,2026-07-10,manha,agencia,23.8,False,False,,,SE
C006833,CD-SP2,3PL,2026-07-17,tarde,indicacao,2.5,False,True,,,SE
C006834,CD-SP2,3PL,2026-07-14,noite,anuncio,10.0,False,False,,,SE
C006835,CD-SP2,3PL,2026-07-16,manha,indicacao,15.5,False,False,,,SE
C006836,CD-SP2,3PL,2026-07-12,manha,agencia,8.8,False,False,,,SE
C006837,CD-SP2,3PL,2026-07-29,tarde,anuncio,4.8,False,False,2026-09-23,voluntario,SE
C006838,CD-SP2,3PL,2026-07-02,tarde,indicacao,4.6,False,True,,,SE
C006839,CD-SP2,3PL,2026-07-03,noite,indicacao,8.2,False,False,,,SE
C006840,CD-SP2,3PL,2026-07-16,manha,agencia,13.4,False,False,2026-08-16,voluntario,SE
C006841,CD-SP2,3PL,2026-07-11,noite,indicacao,10.7,False,False,,,SE
C006842,CD-SP2,3PL,2026-07-24,tarde,anuncio,6.2,False,True,,,SE
C006843,CD-SP2,3PL,2026-07-14,tarde,agencia,17.4,False,False,2026-07-24,voluntario,SE
C006844,CD-SP2,3PL,2026-07-12,manha,agencia,16.7,False,False,2026-07-19,voluntario,SE
C006845,CD-SP2,3PL,2026-07-27,manha,agencia,6.1,False,True,,,SE
C006846,CD-SP2,3PL,2026-07-17,noite,agencia,5.3,False,True,,,SE
C006847,CD-SP2,3PL,2026-07-30,tarde,agencia,16.0,False,True,,,SE
C006848,CD-SP2,3PL,2026-07-03,manha,anuncio,8.2,False,False,,,SE
C006849,CD-SP2,3PL,2026-07-11,tarde,indicacao,10.9,False,True,,,SE
C006850,CD-SP2,3PL,2026-07-08,noite,anuncio,15.7,False,False,2026-09-09,voluntario,SE
C006851,CD-SP2,3PL,2026-07-16,manha,agencia,3.9,False,True,2026-07-19,involuntario,SE
C006852,CD-SP2,3PL,2026-07-04,tarde,anuncio,10.2,False,False,2026-07-11,involuntario,SE
C006853,CD-SP2,3PL,2026-07-30,manha,anuncio,10.1,False,False,,,SE
C006854,CD-SP2,3PL,2026-07-18,manha,agencia,6.1,False,False,,,SE
C006855,CD-SP2,3PL,2026-07-01,manha,anuncio,5.3,False,True,,,SE
C006856,CD-SP2,3PL,2026-07-07,tarde,indicacao,6.8,False,True,,,SE
C006857,CD-SP2,3PL,2026-07-07,manha,agencia,3.4,False,True,,,SE
C006858,CD-SP2,3PL,2026-07-01,tarde,indicacao,4.3,False,False,,,SE
C006859,CD-SP2,3PL,2026-07-21,noite,indicacao,16.9,False,False,,,SE
C006860,CD-SP2,3PL,2026-07-01,noite,anuncio,5.8,False,False,2026-08-19,involuntario,SE
C006861,CD-SP2,3PL,2026-07-17,tarde,indicacao,4.5,False,True,,,SE
C006862,CD-SP2,3PL,2026-07-13,manha,anuncio,8.7,False,False,2026-09-06,voluntario,SE
C006863,CD-AM1,3PL,2026-08-03,tarde,anuncio,6.4,False,False,,,N
C006864,CD-AM1,3PL,2026-08-23,manha,anuncio,6.5,False,False,,,N
C006865,CD-AM1,3PL,2026-08-06,manha,anuncio,17.4,False,False,2026-08-07,voluntario,N
C006866,CD-AM1,3PL,2026-08-26,manha,agencia,29.6,False,True,,,N
C006867,CD-AM1,3PL,2026-08-01,manha,agencia,13.4,False,False,,,N
C006868,CD-AM1,3PL,2026-08-26,manha,agencia,4.1,False,True,,,N
C006869,CD-AM1,3PL,2026-08-03,tarde,agencia,7.6,False,False,2026-08-06,involuntario,N
C006870,CD-AM1,3PL,2026-08-28,manha,indicacao,14.4,False,False,2026-09-12,involuntario,N
C006871,CD-AM1,3PL,2026-08-09,noite,indicacao,7.8,False,True,,,N
C006872,CD-AM1,3PL,2026-08-27,manha,agencia,7.4,False,True,,,N
C006873,CD-AM1,3PL,2026-08-09,noite,agencia,9.4,False,False,,,N
C006874,CD-AM1,3PL,2026-08-29,manha,anuncio,20.5,False,False,,,N
C006875,CD-AM1,3PL,2026-08-15,tarde,anuncio,3.9,False,False,,,N
C006876,CD-AM1,3PL,2026-08-10,noite,indicacao,9.6,False,False,,,N
C006877,CD-AM1,3PL,2026-08-03,manha,anuncio,3.1,False,False,,,N
C006878,CD-AM1,3PL,2026-08-13,manha,anuncio,16.6,False,False,,,N
C006879,CD-AM1,3PL,2026-08-10,tarde,anuncio,10.0,False,False,2026-09-13,voluntario,N
C006880,CD-AM1,3PL,2026-08-11,manha,agencia,6.7,False,False,2026-08-22,voluntario,N
C006881,CD-AM1,3PL,2026-08-31,tarde,anuncio,13.5,False,True,,,N
C006882,CD-AM1,3PL,2026-08-05,noite,indicacao,6.6,False,True,,,N
C006883,CD-AM1,3PL,2026-08-12,noite,indicacao,4.6,False,False,2026-08-25,involuntario,N
C006884,CD-GO1,3PL,2026-08-05,tarde,anuncio,24.7,False,False,2026-08-29,involuntario,CO
C006885,CD-GO1,3PL,2026-08-27,tarde,anuncio,8.2,False,False,,,CO
C006886,CD-GO1,3PL,2026-08-08,manha,indicacao,9.7,False,False,,,CO
C006887,CD-GO1,3PL,2026-08-27,manha,agencia,16.5,False,False,,,CO
C006888,CD-GO1,3PL,2026-08-06,manha,anuncio,21.4,False,False,2026-08-09,involuntario,CO
C006889,CD-GO1,3PL,2026-08-24,noite,anuncio,9.4,False,False,,,CO
C006890,CD-GO1,3PL,2026-08-23,tarde,agencia,28.5,False,False,2026-08-27,involuntario,CO
C006891,CD-GO1,3PL,2026-08-09,noite,agencia,13.7,False,False,,,CO
C006892,CD-GO1,3PL,2026-08-25,manha,indicacao,23.8,False,False,,,CO
C006893,CD-GO1,3PL,2026-08-29,noite,anuncio,6.5,False,True,,,CO
C006894,CD-GO1,3PL,2026-08-02,tarde,anuncio,6.7,False,True,,,CO
C006895,CD-GO1,3PL,2026-08-03,manha,anuncio,10.4,False,False,,,CO
C006896,CD-GO1,3PL,2026-08-18,tarde,anuncio,5.8,False,False,,,CO
C006897,CD-GO1,3PL,2026-08-03,noite,indicacao,20.4,False,False,2026-08-11,voluntario,CO
C006898,CD-GO1,3PL,2026-08-05,tarde,agencia,6.7,False,True,,,CO
C006899,CD-GO1,3PL,2026-08-14,manha,agencia,6.4,False,True,,,CO
C006900,CD-GO1,3PL,2026-08-15,manha,anuncio,3.6,False,True,,,CO
C006901,CD-GO1,3PL,2026-08-26,noite,agencia,6.2,False,False,,,CO
C006902,CD-GO1,3PL,2026-08-03,tarde,agencia,2.5,False,False,,,CO
C006903,CD-GO1,3PL,2026-08-18,noite,indicacao,7.0,False,True,,,CO
C006904,CD-GO1,3PL,2026-08-04,tarde,indicacao,2.8,False,False,,,CO
C006905,CD-GO1,3PL,2026-08-09,noite,agencia,5.3,False,True,,,CO
C006906,CD-GO1,3PL,2026-08-25,noite,indicacao,6.0,False,False,,,CO
C006907,CD-PE1,proprio,2026-08-22,tarde,agencia,8.0,False,True,,,NE
C006908,CD-PE1,proprio,2026-08-12,manha,agencia,11.6,False,True,,,NE
C006909,CD-PE1,proprio,2026-08-30,manha,agencia,9.2,False,True,,,NE
C006910,CD-PE1,proprio,2026-08-12,tarde,anuncio,11.5,False,True,,,NE
C006911,CD-PE1,proprio,2026-08-17,manha,agencia,14.3,False,True,,,NE
C006912,CD-PE1,proprio,2026-08-28,noite,anuncio,11.8,False,True,,,NE
C006913,CD-PE1,proprio,2026-08-17,manha,anuncio,8.8,False,True,,,NE
C006914,CD-PE1,proprio,2026-08-08,tarde,indicacao,19.0,False,True,2026-09-08,voluntario,NE
C006915,CD-PE1,proprio,2026-08-02,noite,agencia,9.5,False,True,2026-08-29,voluntario,NE
C006916,CD-PE1,proprio,2026-08-15,noite,agencia,4.7,False,True,,,NE
C006917,CD-PE1,proprio,2026-08-08,noite,anuncio,10.3,False,False,,,NE
C006918,CD-PE1,proprio,2026-08-01,noite,agencia,11.3,False,True,,,NE
C006919,CD-PE1,proprio,2026-08-18,tarde,indicacao,6.7,False,True,,,NE
C006920,CD-PE1,proprio,2026-08-05,tarde,agencia,18.0,False,True,,,NE
C006921,CD-PE1,proprio,2026-08-19,noite,anuncio,9.8,False,True,2026-09-02,voluntario,NE
C006922,CD-PE1,proprio,2026-08-28,tarde,anuncio,5.5,False,False,,,NE
C006923,CD-PE1,proprio,2026-08-08,tarde,agencia,4.3,False,True,,,NE
C006924,CD-PE1,proprio,2026-08-30,noite,indicacao,4.3,False,True,,,NE
C006925,CD-PE1,proprio,2026-08-11,noite,anuncio,29.4,False,False,2026-09-07,voluntario,NE
C006926,CD-PE1,proprio,2026-08-01,manha,indicacao,9.4,False,True,,,NE
C006927,CD-PE1,proprio,2026-08-12,noite,agencia,11.9,False,True,,,NE
C006928,CD-PE1,proprio,2026-08-23,manha,anuncio,6.4,False,True,,,NE
C006929,CD-PE1,proprio,2026-08-12,manha,indicacao,13.9,False,True,2026-08-25,voluntario,NE
C006930,CD-PE1,proprio,2026-08-07,manha,agencia,8.4,False,True,,,NE
C006931,CD-PE1,proprio,2026-08-06,tarde,agencia,8.1,False,True,,,NE
C006932,CD-PE1,proprio,2026-08-07,noite,anuncio,8.3,False,True,,,NE
C006933,CD-PE1,proprio,2026-08-25,noite,agencia,4.5,False,True,,,NE
C006934,CD-PE1,proprio,2026-08-05,noite,agencia,13.2,False,True,,,NE
C006935,CD-PE1,proprio,2026-08-20,manha,agencia,23.4,False,True,,,NE
C006936,CD-PE1,proprio,2026-08-19,noite,anuncio,10.8,False,True,,,NE
C006937,CD-PE1,proprio,2026-08-18,tarde,indicacao,8.4,False,True,,,NE
C006938,CD-PE1,proprio,2026-08-19,noite,anuncio,5.7,False,True,,,NE
C006939,CD-PE1,proprio,2026-08-08,tarde,agencia,7.8,False,True,,,NE
C006940,CD-PE1,proprio,2026-08-17,manha,agencia,5.9,False,True,,,NE
C006941,CD-PE1,proprio,2026-08-07,manha,anuncio,3.6,False,True,2026-09-16,involuntario,NE
C006942,CD-PE1,proprio,2026-08-05,tarde,anuncio,7.6,False,True,,,NE
C006943,CD-PE1,proprio,2026-08-23,tarde,agencia,8.3,False,True,,,NE
C006944,CD-PE1,proprio,2026-08-15,tarde,agencia,10.4,False,True,,,NE
C006945,CD-PE1,proprio,2026-08-16,manha,agencia,17.2,False,True,,,NE
C006946,CD-PE1,proprio,2026-08-01,manha,indicacao,11.0,False,False,,,NE
C006947,CD-PE1,proprio,2026-08-27,manha,agencia,5.9,False,True,,,NE
C006948,CD-PE1,proprio,2026-08-01,manha,indicacao,12.1,False,False,,,NE
C006949,CD-PE1,proprio,2026-08-06,noite,agencia,5.7,False,True,,,NE
C006950,CD-PE1,proprio,2026-08-20,manha,anuncio,7.9,False,True,,,NE
C006951,CD-PE1,proprio,2026-08-15,manha,indicacao,9.2,False,True,,,NE
C006952,CD-PE1,proprio,2026-08-16,manha,indicacao,11.4,False,True,2026-09-11,involuntario,NE
C006953,CD-PE1,proprio,2026-08-25,tarde,indicacao,8.2,False,True,,,NE
C006954,CD-PE1,proprio,2026-08-18,manha,agencia,3.5,False,False,,,NE
C006955,CD-PE1,proprio,2026-08-19,noite,anuncio,7.4,False,True,,,NE
C006956,CD-PE1,proprio,2026-08-25,manha,anuncio,5.6,False,True,,,NE
C006957,CD-PR1,proprio,2026-08-27,tarde,anuncio,6.0,False,False,,,S
C006958,CD-PR1,proprio,2026-08-25,noite,agencia,5.8,False,True,,,S
C006959,CD-PR1,proprio,2026-08-05,tarde,anuncio,8.1,False,True,,,S
C006960,CD-PR1,proprio,2026-08-09,manha,indicacao,11.3,False,True,,,S
C006961,CD-PR1,proprio,2026-08-14,noite,agencia,13.1,False,True,2026-09-30,voluntario,S
C006962,CD-PR1,proprio,2026-08-30,manha,agencia,6.5,False,True,,,S
C006963,CD-PR1,proprio,2026-08-13,tarde,agencia,3.7,False,True,,,S
C006964,CD-PR1,proprio,2026-08-08,noite,agencia,5.7,False,False,2026-09-09,involuntario,S
C006965,CD-PR1,proprio,2026-08-31,noite,indicacao,17.5,False,True,,,S
C006966,CD-PR1,proprio,2026-08-26,tarde,anuncio,12.8,False,True,,,S
C006967,CD-PR1,proprio,2026-08-21,manha,anuncio,15.3,False,True,,,S
C006968,CD-PR1,proprio,2026-08-08,manha,agencia,9.3,False,True,,,S
C006969,CD-PR1,proprio,2026-08-23,tarde,agencia,7.3,False,True,,,S
C006970,CD-PR1,proprio,2026-08-28,manha,anuncio,4.4,False,True,,,S
C006971,CD-PR1,proprio,2026-08-30,tarde,agencia,14.5,False,True,,,S
C006972,CD-PR1,proprio,2026-08-23,manha,anuncio,10.4,False,True,,,S
C006973,CD-PR1,proprio,2026-08-18,manha,agencia,6.9,False,True,2026-09-25,voluntario,S
C006974,CD-PR1,proprio,2026-08-31,manha,agencia,3.3,False,True,,,S
C006975,CD-PR1,proprio,2026-08-25,manha,indicacao,17.6,False,True,,,S
C006976,CD-PR1,proprio,2026-08-09,manha,anuncio,16.8,False,False,,,S
C006977,CD-PR1,proprio,2026-08-27,tarde,agencia,7.1,False,True,,,S
C006978,CD-PR1,proprio,2026-08-25,manha,anuncio,8.4,False,True,,,S
C006979,CD-PR1,proprio,2026-08-23,noite,anuncio,7.0,False,True,,,S
C006980,CD-PR1,proprio,2026-08-20,noite,agencia,8.0,False,True,,,S
C006981,CD-PR1,proprio,2026-08-30,manha,anuncio,2.6,False,True,,,S
C006982,CD-RJ1,proprio,2026-08-14,tarde,indicacao,11.0,False,True,,,SE
C006983,CD-RJ1,proprio,2026-08-26,manha,indicacao,6.8,False,True,,,SE
C006984,CD-RJ1,proprio,2026-08-28,manha,anuncio,7.5,False,True,,,SE
C006985,CD-RJ1,proprio,2026-08-21,manha,anuncio,6.0,False,True,,,SE
C006986,CD-RJ1,proprio,2026-08-08,manha,agencia,7.7,False,False,,,SE
C006987,CD-RJ1,proprio,2026-08-27,manha,indicacao,11.5,False,True,,,SE
C006988,CD-RJ1,proprio,2026-08-28,manha,agencia,11.4,False,True,2026-09-20,voluntario,SE
C006989,CD-RJ1,proprio,2026-08-22,noite,indicacao,8.9,False,True,,,SE
C006990,CD-RJ1,proprio,2026-08-31,noite,agencia,9.3,False,True,,,SE
C006991,CD-RJ1,proprio,2026-08-11,noite,agencia,8.3,False,False,,,SE
C006992,CD-RJ1,proprio,2026-08-12,tarde,agencia,17.2,False,True,,,SE
C006993,CD-RJ1,proprio,2026-08-31,manha,anuncio,9.0,False,True,,,SE
C006994,CD-SP1,proprio,2026-08-29,manha,agencia,9.4,False,True,,,SE
C006995,CD-SP1,proprio,2026-08-14,tarde,indicacao,24.2,False,True,,,SE
C006996,CD-SP1,proprio,2026-08-03,manha,agencia,8.9,False,False,,,SE
C006997,CD-SP1,proprio,2026-08-02,manha,indicacao,5.8,False,True,,,SE
C006998,CD-SP1,proprio,2026-08-06,manha,anuncio,15.4,False,True,2026-08-15,voluntario,SE
C006999,CD-SP1,proprio,2026-08-04,tarde,anuncio,3.2,False,True,2026-08-15,voluntario,SE
C007000,CD-SP1,proprio,2026-08-22,noite,agencia,6.2,False,True,,,SE
C007001,CD-SP1,proprio,2026-08-02,noite,indicacao,8.0,False,True,,,SE
C007002,CD-SP1,proprio,2026-08-25,noite,agencia,2.3,False,True,2026-09-01,voluntario,SE
C007003,CD-SP1,proprio,2026-08-03,tarde,indicacao,11.0,False,True,,,SE
C007004,CD-SP1,proprio,2026-08-10,tarde,anuncio,11.5,False,True,2026-08-13,involuntario,SE
C007005,CD-SP1,proprio,2026-08-11,tarde,indicacao,4.5,False,True,,,SE
C007006,CD-SP1,proprio,2026-08-09,noite,agencia,8.2,False,False,,,SE
C007007,CD-SP1,proprio,2026-08-21,noite,agencia,38.0,False,True,2026-08-31,voluntario,SE
C007008,CD-SP1,proprio,2026-08-18,tarde,anuncio,9.1,False,False,,,SE
C007009,CD-SP1,proprio,2026-08-15,manha,anuncio,22.5,False,True,,,SE
C007010,CD-SP1,proprio,2026-08-06,tarde,anuncio,7.6,False,True,,,SE
C007011,CD-SP1,proprio,2026-08-13,manha,indicacao,16.1,False,True,,,SE
C007012,CD-SP1,proprio,2026-08-23,noite,indicacao,7.6,False,True,,,SE
C007013,CD-SP1,proprio,2026-08-18,noite,indicacao,8.1,False,True,,,SE
C007014,CD-SP1,proprio,2026-08-02,noite,agencia,5.4,False,True,,,SE
C007015,CD-SP1,proprio,2026-08-31,noite,anuncio,21.7,False,True,,,SE
C007016,CD-SP1,proprio,2026-08-03,manha,anuncio,7.3,False,True,,,SE
C007017,CD-SP1,proprio,2026-08-01,tarde,anuncio,7.5,False,True,,,SE
C007018,CD-SP1,proprio,2026-08-06,tarde,anuncio,10.9,False,True,,,SE
C007019,CD-SP1,proprio,2026-08-29,manha,indicacao,3.4,False,True,,,SE
C007020,CD-SP1,proprio,2026-08-13,noite,indicacao,9.0,False,True,,,SE
C007021,CD-SP1,proprio,2026-08-21,tarde,indicacao,9.5,False,True,,,SE
C007022,CD-SP1,proprio,2026-08-08,tarde,agencia,5.8,False,True,,,SE
C007023,CD-SP1,proprio,2026-08-15,noite,anuncio,16.4,False,True,,,SE
C007024,CD-SP1,proprio,2026-08-20,tarde,indicacao,11.6,False,True,,,SE
C007025,CD-SP1,proprio,2026-08-30,tarde,agencia,6.4,False,True,,,SE
C007026,CD-SP1,proprio,2026-08-12,tarde,anuncio,4.2,False,False,2026-08-17,voluntario,SE
C007027,CD-SP1,proprio,2026-08-12,manha,indicacao,13.2,False,True,2026-09-28,involuntario,SE
C007028,CD-SP2,3PL,2026-08-04,noite,agencia,4.9,False,True,,,SE
C007029,CD-SP2,3PL,2026-08-25,noite,anuncio,6.7,False,False,2026-08-26,voluntario,SE
C007030,CD-SP2,3PL,2026-08-30,manha,agencia,14.7,False,False,2026-09-06,voluntario,SE
C007031,CD-SP2,3PL,2026-08-01,tarde,anuncio,10.0,False,False,,,SE
C007032,CD-SP2,3PL,2026-08-26,manha,indicacao,8.0,False,False,,,SE
C007033,CD-SP2,3PL,2026-08-06,noite,indicacao,3.4,False,False,,,SE
C007034,CD-SP2,3PL,2026-08-30,tarde,indicacao,3.5,False,False,,,SE
C007035,CD-SP2,3PL,2026-08-18,noite,indicacao,4.4,False,False,2026-09-03,involuntario,SE
C007036,CD-SP2,3PL,2026-08-27,noite,anuncio,6.1,False,False,,,SE
C007037,CD-SP2,3PL,2026-08-19,manha,anuncio,7.2,False,False,2026-09-07,involuntario,SE
C007038,CD-SP2,3PL,2026-08-22,manha,indicacao,6.8,False,False,,,SE
C007039,CD-SP2,3PL,2026-08-28,tarde,indicacao,17.1,False,False,,,SE
C007040,CD-SP2,3PL,2026-08-09,manha,agencia,10.1,False,False,,,SE
C007041,CD-SP2,3PL,2026-08-17,tarde,anuncio,5.2,False,False,,,SE
C007042,CD-SP2,3PL,2026-08-28,tarde,anuncio,8.6,False,True,,,SE
C007043,CD-SP2,3PL,2026-08-24,noite,anuncio,7.4,False,False,2026-09-14,voluntario,SE
C007044,CD-SP2,3PL,2026-08-03,manha,anuncio,8.6,False,False,,,SE
C007045,CD-SP2,3PL,2026-08-08,tarde,anuncio,6.9,False,False,2026-09-03,voluntario,SE
C007046,CD-SP2,3PL,2026-08-20,tarde,agencia,4.9,False,False,,,SE
C007047,CD-SP2,3PL,2026-08-06,manha,anuncio,14.7,False,True,,,SE
C007048,CD-SP2,3PL,2026-08-09,noite,agencia,34.5,False,False,,,SE
C007049,CD-SP2,3PL,2026-08-09,tarde,agencia,15.8,False,False,2026-09-22,voluntario,SE
C007050,CD-SP2,3PL,2026-08-07,manha,indicacao,9.8,False,False,2026-08-27,involuntario,SE
C007051,CD-SP2,3PL,2026-08-22,noite,anuncio,11.6,False,False,,,SE
C007052,CD-SP2,3PL,2026-08-09,tarde,indicacao,7.0,False,False,2026-09-13,voluntario,SE
C007053,CD-SP2,3PL,2026-08-27,tarde,anuncio,15.2,False,False,,,SE
C007054,CD-SP2,3PL,2026-08-31,noite,agencia,5.0,False,False,,,SE
C007055,CD-SP2,3PL,2026-08-12,noite,anuncio,7.3,False,True,,,SE
C007056,CD-SP2,3PL,2026-08-28,tarde,agencia,9.0,False,False,,,SE
C007057,CD-SP2,3PL,2026-08-16,manha,agencia,15.0,False,True,,,SE
C007058,CD-SP2,3PL,2026-08-21,noite,agencia,7.6,False,False,2026-09-28,voluntario,SE
C007059,CD-SP2,3PL,2026-08-30,manha,indicacao,8.3,False,False,,,SE
C007060,CD-SP2,3PL,2026-08-19,manha,indicacao,4.4,False,False,,,SE
C007061,CD-SP2,3PL,2026-08-31,manha,indicacao,2.0,False,True,,,SE
C007062,CD-SP2,3PL,2026-08-08,tarde,agencia,8.9,False,True,,,SE
C007063,CD-AM1,3PL,2026-09-30,tarde,agencia,13.4,False,False,,,N
C007064,CD-AM1,3PL,2026-09-06,manha,indicacao,15.1,False,True,,,N
C007065,CD-AM1,3PL,2026-09-28,manha,agencia,9.3,False,True,,,N
C007066,CD-AM1,3PL,2026-09-21,tarde,anuncio,9.3,False,False,,,N
C007067,CD-AM1,3PL,2026-09-28,tarde,anuncio,3.0,False,False,,,N
C007068,CD-AM1,3PL,2026-09-23,noite,agencia,8.2,False,False,,,N
C007069,CD-AM1,3PL,2026-09-10,noite,anuncio,10.7,False,False,2026-09-20,involuntario,N
C007070,CD-AM1,3PL,2026-09-05,manha,anuncio,13.5,False,False,,,N
C007071,CD-AM1,3PL,2026-09-30,manha,agencia,13.3,False,True,,,N
C007072,CD-AM1,3PL,2026-09-23,manha,agencia,15.7,False,False,,,N
C007073,CD-AM1,3PL,2026-09-26,noite,indicacao,7.2,False,False,,,N
C007074,CD-AM1,3PL,2026-09-19,tarde,indicacao,4.0,False,False,,,N
C007075,CD-AM1,3PL,2026-09-01,manha,anuncio,11.9,False,False,,,N
C007076,CD-GO1,3PL,2026-09-27,tarde,anuncio,7.4,False,False,,,CO
C007077,CD-GO1,3PL,2026-09-21,manha,agencia,7.2,False,True,,,CO
C007078,CD-GO1,3PL,2026-09-27,manha,anuncio,13.0,False,False,,,CO
C007079,CD-GO1,3PL,2026-09-10,manha,indicacao,12.7,False,False,,,CO
C007080,CD-GO1,3PL,2026-09-14,manha,agencia,9.0,False,False,,,CO
C007081,CD-GO1,3PL,2026-09-26,manha,indicacao,6.5,False,False,,,CO
C007082,CD-GO1,3PL,2026-09-26,manha,anuncio,17.7,False,True,,,CO
C007083,CD-GO1,3PL,2026-09-24,noite,anuncio,10.2,False,False,,,CO
C007084,CD-GO1,3PL,2026-09-12,noite,agencia,4.2,False,False,,,CO
C007085,CD-GO1,3PL,2026-09-24,manha,agencia,7.6,False,False,,,CO
C007086,CD-GO1,3PL,2026-09-15,tarde,agencia,5.0,False,False,2026-09-21,voluntario,CO
C007087,CD-GO1,3PL,2026-09-03,manha,anuncio,8.0,False,False,,,CO
C007088,CD-GO1,3PL,2026-09-12,manha,indicacao,8.0,False,False,2026-09-15,voluntario,CO
C007089,CD-GO1,3PL,2026-09-21,manha,anuncio,3.4,False,True,,,CO
C007090,CD-GO1,3PL,2026-09-22,noite,agencia,2.6,False,True,2026-09-30,involuntario,CO
C007091,CD-GO1,3PL,2026-09-16,tarde,anuncio,9.3,False,True,,,CO
C007092,CD-PE1,proprio,2026-09-27,noite,anuncio,2.7,False,True,,,NE
C007093,CD-PE1,proprio,2026-09-16,manha,anuncio,9.3,False,True,,,NE
C007094,CD-PE1,proprio,2026-09-25,manha,agencia,28.0,False,True,,,NE
C007095,CD-PE1,proprio,2026-09-28,noite,anuncio,19.5,False,True,,,NE
C007096,CD-PE1,proprio,2026-09-06,manha,agencia,8.4,False,True,,,NE
C007097,CD-PE1,proprio,2026-09-05,manha,indicacao,13.0,False,False,,,NE
C007098,CD-PE1,proprio,2026-09-26,noite,anuncio,11.4,False,True,,,NE
C007099,CD-PE1,proprio,2026-09-14,noite,anuncio,14.6,False,False,,,NE
C007100,CD-PE1,proprio,2026-09-04,manha,indicacao,5.9,False,True,,,NE
C007101,CD-PE1,proprio,2026-09-01,manha,anuncio,21.4,False,True,2026-09-08,involuntario,NE
C007102,CD-PE1,proprio,2026-09-20,tarde,agencia,18.0,False,True,,,NE
C007103,CD-PE1,proprio,2026-09-22,tarde,anuncio,8.0,False,True,,,NE
C007104,CD-PE1,proprio,2026-09-01,manha,agencia,4.9,False,True,,,NE
C007105,CD-PE1,proprio,2026-09-27,manha,anuncio,4.2,False,True,,,NE
C007106,CD-PE1,proprio,2026-09-23,manha,anuncio,18.7,False,False,,,NE
C007107,CD-PE1,proprio,2026-09-21,tarde,agencia,22.7,False,True,,,NE
C007108,CD-PE1,proprio,2026-09-26,noite,anuncio,11.7,False,True,,,NE
C007109,CD-PE1,proprio,2026-09-29,tarde,anuncio,9.3,False,True,,,NE
C007110,CD-PE1,proprio,2026-09-29,tarde,agencia,21.3,False,True,,,NE
C007111,CD-PE1,proprio,2026-09-24,manha,agencia,6.9,False,True,,,NE
C007112,CD-PE1,proprio,2026-09-07,tarde,agencia,8.8,False,True,2026-09-18,involuntario,NE
C007113,CD-PE1,proprio,2026-09-28,tarde,agencia,8.7,False,True,,,NE
C007114,CD-PR1,proprio,2026-09-12,tarde,indicacao,7.6,False,True,,,S
C007115,CD-PR1,proprio,2026-09-14,manha,agencia,11.4,False,True,,,S
C007116,CD-PR1,proprio,2026-09-02,tarde,agencia,9.4,False,True,,,S
C007117,CD-PR1,proprio,2026-09-22,tarde,agencia,6.6,False,True,,,S
C007118,CD-PR1,proprio,2026-09-04,noite,anuncio,5.0,False,True,,,S
C007119,CD-PR1,proprio,2026-09-29,noite,agencia,18.7,False,True,,,S
C007120,CD-PR1,proprio,2026-09-10,tarde,anuncio,15.7,False,True,,,S
C007121,CD-PR1,proprio,2026-09-16,tarde,indicacao,29.8,False,True,,,S
C007122,CD-PR1,proprio,2026-09-24,manha,anuncio,10.3,False,True,2026-09-27,voluntario,S
C007123,CD-PR1,proprio,2026-09-13,tarde,anuncio,13.6,False,True,,,S
C007124,CD-PR1,proprio,2026-09-01,manha,anuncio,7.9,False,True,,,S
C007125,CD-PR1,proprio,2026-09-08,manha,agencia,13.4,False,True,,,S
C007126,CD-PR1,proprio,2026-09-13,tarde,anuncio,19.3,False,True,2026-09-18,voluntario,S
C007127,CD-PR1,proprio,2026-09-24,manha,anuncio,5.2,False,True,,,S
C007128,CD-PR1,proprio,2026-09-20,manha,anuncio,8.3,False,True,,,S
C007129,CD-PR1,proprio,2026-09-21,noite,anuncio,11.6,False,True,,,S
C007130,CD-PR1,proprio,2026-09-01,tarde,indicacao,5.5,False,True,,,S
C007131,CD-PR1,proprio,2026-09-29,noite,anuncio,4.6,False,True,,,S
C007132,CD-PR1,proprio,2026-09-03,manha,anuncio,6.3,False,True,,,S
C007133,CD-PR1,proprio,2026-09-14,manha,agencia,8.3,False,True,,,S
C007134,CD-PR1,proprio,2026-09-04,tarde,agencia,5.2,False,True,2026-09-22,voluntario,S
C007135,CD-PR1,proprio,2026-09-07,tarde,anuncio,10.3,False,True,,,S
C007136,CD-PR1,proprio,2026-09-08,noite,agencia,24.8,False,True,,,S
C007137,CD-PR1,proprio,2026-09-01,tarde,indicacao,15.3,False,True,,,S
C007138,CD-RJ1,proprio,2026-09-20,manha,indicacao,15.0,False,True,,,SE
C007139,CD-RJ1,proprio,2026-09-17,tarde,anuncio,3.6,False,False,,,SE
C007140,CD-RJ1,proprio,2026-09-15,manha,anuncio,7.6,False,False,,,SE
C007141,CD-RJ1,proprio,2026-09-14,manha,agencia,19.8,False,False,,,SE
C007142,CD-RJ1,proprio,2026-09-26,manha,anuncio,6.9,False,True,,,SE
C007143,CD-RJ1,proprio,2026-09-10,noite,anuncio,7.5,False,True,,,SE
C007144,CD-RJ1,proprio,2026-09-06,tarde,agencia,15.3,False,True,,,SE
C007145,CD-RJ1,proprio,2026-09-26,tarde,agencia,11.3,False,True,,,SE
C007146,CD-RJ1,proprio,2026-09-26,manha,anuncio,5.6,False,True,,,SE
C007147,CD-RJ1,proprio,2026-09-23,noite,agencia,4.0,False,True,,,SE
C007148,CD-RJ1,proprio,2026-09-04,noite,indicacao,7.3,False,True,,,SE
C007149,CD-SP1,proprio,2026-09-02,tarde,agencia,13.1,False,True,,,SE
C007150,CD-SP1,proprio,2026-09-17,manha,agencia,27.5,False,True,,,SE
C007151,CD-SP1,proprio,2026-09-06,noite,anuncio,4.7,False,True,,,SE
C007152,CD-SP1,proprio,2026-09-21,tarde,agencia,4.2,False,True,,,SE
C007153,CD-SP1,proprio,2026-09-25,manha,agencia,21.3,False,True,,,SE
C007154,CD-SP1,proprio,2026-09-05,tarde,anuncio,6.6,False,False,,,SE
C007155,CD-SP1,proprio,2026-09-14,noite,agencia,16.6,False,True,,,SE
C007156,CD-SP1,proprio,2026-09-18,noite,anuncio,6.4,False,True,,,SE
C007157,CD-SP1,proprio,2026-09-14,manha,agencia,28.3,False,True,,,SE
C007158,CD-SP1,proprio,2026-09-28,noite,indicacao,7.0,False,True,,,SE
C007159,CD-SP1,proprio,2026-09-29,noite,anuncio,12.4,False,True,,,SE
C007160,CD-SP1,proprio,2026-09-26,noite,indicacao,5.7,False,True,,,SE
C007161,CD-SP1,proprio,2026-09-02,tarde,agencia,13.2,False,True,,,SE
C007162,CD-SP1,proprio,2026-09-29,tarde,agencia,5.2,False,True,,,SE
C007163,CD-SP1,proprio,2026-09-23,manha,anuncio,3.6,False,True,,,SE
C007164,CD-SP1,proprio,2026-09-21,tarde,anuncio,8.7,False,True,,,SE
C007165,CD-SP1,proprio,2026-09-12,manha,agencia,7.7,False,True,,,SE
C007166,CD-SP1,proprio,2026-09-30,noite,indicacao,11.4,False,True,,,SE
C007167,CD-SP1,proprio,2026-09-03,noite,anuncio,6.0,False,True,2026-09-11,voluntario,SE
C007168,CD-SP1,proprio,2026-09-28,tarde,indicacao,28.6,False,True,,,SE
C007169,CD-SP1,proprio,2026-09-29,tarde,indicacao,10.8,False,True,,,SE
C007170,CD-SP1,proprio,2026-09-18,noite,agencia,3.8,False,True,,,SE
C007171,CD-SP1,proprio,2026-09-21,noite,anuncio,6.3,False,True,,,SE
C007172,CD-SP1,proprio,2026-09-08,manha,agencia,9.5,False,True,,,SE
C007173,CD-SP1,proprio,2026-09-03,manha,anuncio,7.6,False,False,,,SE
C007174,CD-SP2,3PL,2026-09-10,manha,indicacao,11.6,False,True,,,SE
C007175,CD-SP2,3PL,2026-09-25,noite,anuncio,7.8,False,False,,,SE
C007176,CD-SP2,3PL,2026-09-11,noite,indicacao,3.7,False,False,,,SE
C007177,CD-SP2,3PL,2026-09-22,manha,indicacao,3.8,False,False,,,SE
C007178,CD-SP2,3PL,2026-09-01,manha,agencia,12.5,False,False,,,SE
C007179,CD-SP2,3PL,2026-09-27,manha,anuncio,5.0,False,True,,,SE
C007180,CD-SP2,3PL,2026-09-24,noite,anuncio,10.0,False,False,,,SE
C007181,CD-SP2,3PL,2026-09-18,manha,agencia,5.7,False,True,,,SE
C007182,CD-SP2,3PL,2026-09-17,noite,indicacao,6.3,False,False,,,SE
C007183,CD-SP2,3PL,2026-09-26,manha,agencia,4.2,False,False,,,SE
C007184,CD-SP2,3PL,2026-09-04,noite,agencia,13.4,False,False,2026-09-05,voluntario,SE
C007185,CD-SP2,3PL,2026-09-12,manha,anuncio,6.9,False,True,,,SE
C007186,CD-SP2,3PL,2026-09-29,manha,anuncio,27.1,False,False,,,SE
C007187,CD-SP2,3PL,2026-09-10,tarde,anuncio,2.8,False,True,,,SE
C007188,CD-SP2,3PL,2026-09-28,noite,anuncio,4.4,False,False,,,SE
C007189,CD-SP2,3PL,2026-09-11,tarde,anuncio,11.6,False,True,,,SE
C007190,CD-SP2,3PL,2026-09-24,tarde,anuncio,5.1,False,False,,,SE
