recebimento_id,chegada,fase,fornecedor,fornecedor_critico,tipo_carga,agendado,asn_antecipado,turno_chegada,skus,volumes,divergencia,espera_doca_h,descarga_h,conferencia_h,tratativa_divergencia_h,armazenagem_h,dock_to_stock_h
R00001,2026-02-02 13:01:31.688822611,medir,F02,False,paletizada,True,False,manha,12,159,False,0.17,0.46,0.59,0.0,0.59,1.81
R00002,2026-02-02 11:47:56.926006922,medir,F09,False,batida,False,True,manha,4,50,False,3.76,1.92,0.36,0.0,0.22,6.26
R00003,2026-02-02 12:02:24.901832349,medir,F01,False,paletizada,True,True,manha,27,180,False,0.54,0.52,0.64,0.0,0.72,2.42
R00004,2026-02-02 08:35:18.819638754,medir,F08,False,batida,True,False,manha,4,48,False,1.47,1.69,0.72,0.0,0.7,4.58
R00005,2026-02-02 10:25:05.134913803,medir,F07,True,mista,True,True,manha,17,77,True,0.77,0.93,0.38,5.44,0.71,8.23
R00006,2026-02-02 18:17:34.742962179,medir,F03,True,batida,True,False,tarde,17,259,False,0.41,2.02,0.93,0.0,1.35,4.71
R00007,2026-02-02 10:51:07.393348782,medir,F02,False,paletizada,False,False,manha,43,750,False,1.36,0.77,1.32,0.0,0.68,4.13
R00008,2026-02-02 09:37:36.839566578,medir,F02,False,paletizada,False,False,manha,17,271,False,3.37,0.59,0.78,0.0,0.71,5.45
R00009,2026-02-02 14:04:45.999351264,medir,F02,False,mista,False,False,tarde,57,268,False,2.56,1.57,1.53,0.0,0.48,6.14
R00010,2026-02-02 17:30:11.775738891,medir,F03,True,paletizada,False,True,tarde,13,114,False,3.01,0.52,0.29,0.0,0.4,4.22
R00011,2026-02-02 08:20:49.640035416,medir,F03,True,batida,False,False,manha,58,490,False,1.69,2.07,1.24,0.0,0.69,5.69
R00012,2026-02-02 12:19:57.828308145,medir,F04,False,mista,True,False,manha,35,195,True,1.01,0.69,1.41,0.55,0.67,4.33
R00013,2026-02-02 10:58:38.754578668,medir,F12,False,batida,False,False,manha,16,204,False,0.48,2.09,0.79,0.0,0.43,3.79
R00014,2026-02-02 07:21:53.055655747,medir,F07,True,batida,False,False,manha,5,76,False,1.1,1.14,0.63,0.0,0.54,3.41
R00015,2026-02-02 15:21:06.355690657,medir,F05,False,paletizada,True,False,tarde,20,168,False,0.43,0.37,1.1,0.0,0.73,2.63
R00016,2026-02-02 12:55:29.926058246,medir,F12,False,paletizada,False,False,manha,36,579,True,1.81,0.78,0.86,1.56,0.76,5.77
R00017,2026-02-02 13:13:43.010046249,medir,F01,False,paletizada,False,False,manha,9,136,False,2.7,0.55,0.58,0.0,0.52,4.35
R00018,2026-02-02 10:35:33.371837426,medir,F01,False,mista,False,False,manha,12,70,False,0.96,0.9,0.77,0.0,0.19,2.82
R00019,2026-02-02 14:27:19.113557724,medir,F05,False,batida,True,False,tarde,9,133,False,0.23,1.24,0.74,0.0,0.79,3.0
R00020,2026-02-02 11:16:27.294533907,medir,F01,False,paletizada,False,False,manha,41,671,True,1.99,0.7,1.22,3.23,0.58,7.72
R00021,2026-02-02 12:32:33.755038116,medir,F01,False,mista,True,False,manha,8,54,False,0.41,0.79,0.81,0.0,0.42,2.43
R00022,2026-02-02 09:27:12.835674068,medir,F04,False,batida,False,False,manha,4,48,False,0.85,2.13,0.6,0.0,0.54,4.12
R00023,2026-02-02 09:06:30.496202402,medir,F03,True,paletizada,False,True,manha,28,362,False,1.05,0.88,0.42,0.0,0.36,2.71
R00024,2026-02-02 17:16:25.326973056,medir,F10,False,paletizada,True,False,tarde,20,251,False,0.55,0.55,0.75,0.0,0.79,2.64
R00025,2026-02-02 11:22:38.153803717,medir,F05,False,paletizada,False,False,manha,35,187,False,3.48,0.42,1.41,0.0,0.58,5.89
R00026,2026-02-02 13:56:00.157705220,medir,F04,False,paletizada,False,False,manha,56,742,False,2.0,0.67,1.78,0.0,0.26,4.71
R00027,2026-02-02 12:53:30.734191478,medir,F03,True,batida,True,True,manha,51,655,False,0.34,2.1,0.52,0.0,0.83,3.79
R00028,2026-02-02 11:35:18.007264179,medir,F02,False,mista,False,False,manha,33,513,False,6.16,1.12,1.52,0.0,0.89,9.69
R00029,2026-02-02 11:22:28.289621715,medir,F01,False,paletizada,False,False,manha,39,595,False,1.01,0.6,1.44,0.0,0.64,3.69
R00030,2026-02-02 15:00:58.551453453,medir,F01,False,batida,False,False,tarde,49,420,False,2.34,2.06,1.94,0.0,0.91,7.25
R00031,2026-02-03 12:15:07.269963548,medir,F01,False,paletizada,True,False,manha,46,218,False,1.15,0.61,1.36,0.0,0.75,3.87
R00032,2026-02-03 11:49:38.918275996,medir,F11,False,mista,True,False,manha,45,316,False,0.44,1.68,1.62,0.0,0.24,3.98
R00033,2026-02-03 16:52:41.589617916,medir,F09,False,paletizada,True,False,tarde,49,285,False,1.11,0.63,1.52,0.0,0.17,3.43
R00034,2026-02-03 14:34:52.901738490,medir,F01,False,paletizada,True,False,tarde,9,95,False,0.24,0.47,0.69,0.0,0.49,1.89
R00035,2026-02-03 15:08:53.757949315,medir,F02,False,paletizada,False,True,tarde,28,252,True,2.39,0.54,0.72,6.25,0.65,10.55
R00036,2026-02-03 11:22:25.277960287,medir,F01,False,paletizada,True,False,manha,49,599,False,1.05,0.92,1.14,0.0,0.31,3.42
R00037,2026-02-03 19:09:26.820084589,medir,F08,False,mista,False,True,tarde,17,135,False,2.36,0.78,0.52,0.0,0.4,4.06
R00038,2026-02-03 18:28:14.486034360,medir,F10,False,paletizada,False,True,tarde,20,89,False,1.77,0.43,0.45,0.0,0.42,3.07
R00039,2026-02-03 14:48:39.718527814,medir,F12,False,batida,True,False,tarde,53,458,False,0.31,2.25,2.07,0.0,0.4,5.03
R00040,2026-02-03 15:11:23.018935455,medir,F05,False,paletizada,False,False,tarde,47,685,False,1.37,0.82,1.49,0.0,0.32,4.0
R00041,2026-02-03 06:30:45.954751759,medir,F05,False,batida,False,False,manha,17,129,True,2.61,1.68,0.73,1.33,0.62,6.97
R00042,2026-02-03 15:02:26.416821087,medir,F05,False,batida,True,False,tarde,3,29,False,0.36,1.96,0.59,0.0,0.97,3.88
R00043,2026-02-03 12:22:43.869075164,medir,F04,False,mista,True,False,manha,30,437,False,0.22,1.06,1.27,0.0,0.81,3.36
R00044,2026-02-03 14:23:18.593731140,medir,F11,False,paletizada,False,False,tarde,52,504,True,2.99,0.66,1.55,5.02,0.42,10.64
R00045,2026-02-03 15:11:01.932424468,medir,F04,False,batida,False,False,tarde,34,558,False,4.47,2.02,1.3,0.0,0.64,8.43
R00046,2026-02-03 11:54:28.318831394,medir,F02,False,paletizada,False,False,manha,12,202,True,0.79,0.4,0.67,3.38,0.72,5.96
R00047,2026-02-03 07:35:25.649661843,medir,F04,False,mista,True,False,manha,30,250,False,0.68,1.02,0.72,0.0,0.21,2.63
R00048,2026-02-03 14:10:37.914989656,medir,F01,False,mista,False,False,tarde,28,400,False,5.92,1.32,1.27,0.0,1.13,9.64
R00049,2026-02-03 10:37:39.260323887,medir,F06,False,paletizada,False,True,manha,37,279,False,4.47,0.45,0.71,0.0,0.47,6.1
R00050,2026-02-03 11:56:36.164051815,medir,F06,False,batida,False,False,manha,40,238,False,2.06,1.81,1.34,0.0,0.32,5.53
R00051,2026-02-03 11:03:56.046596036,medir,F03,True,paletizada,True,False,manha,16,162,False,0.56,0.55,0.83,0.0,2.12,4.06
R00052,2026-02-03 11:54:25.064579458,medir,F08,False,batida,False,True,manha,31,385,False,2.18,1.57,0.69,0.0,0.39,4.83
R00053,2026-02-03 06:00:00.000000000,medir,F06,False,mista,True,False,manha,30,513,False,0.34,1.2,1.0,0.0,0.59,3.13
R00054,2026-02-03 16:53:39.230905707,medir,F02,False,batida,False,False,tarde,12,73,False,1.19,1.42,0.64,0.0,0.46,3.71
R00055,2026-02-03 13:48:38.547098802,medir,F01,False,paletizada,True,True,manha,31,433,False,0.45,0.75,0.54,0.0,1.13,2.87
R00056,2026-02-03 16:33:23.319508824,medir,F01,False,paletizada,True,False,tarde,10,107,False,0.07,0.77,0.89,0.0,0.6,2.33
R00057,2026-02-03 19:20:07.777879411,medir,F01,False,batida,False,False,tarde,14,82,False,4.93,3.03,0.59,0.0,0.29,8.84
R00058,2026-02-04 15:57:24.511987814,medir,F04,False,paletizada,False,False,tarde,19,272,False,3.03,0.57,0.76,0.0,0.45,4.81
R00059,2026-02-04 16:45:21.341175829,medir,F01,False,paletizada,True,False,tarde,50,443,False,0.5,0.65,0.91,0.0,1.48,3.54
R00060,2026-02-04 16:38:14.068890769,medir,F02,False,mista,False,False,tarde,38,192,True,2.2,0.73,2.22,0.65,0.41,6.21
R00061,2026-02-04 17:26:50.126655109,medir,F02,False,batida,False,True,tarde,42,584,False,3.48,1.7,0.77,0.0,0.58,6.53
R00062,2026-02-04 12:32:01.737531812,medir,F04,False,paletizada,False,False,manha,5,88,False,1.22,0.5,0.86,0.0,0.59,3.17
R00063,2026-02-04 12:26:34.000338357,medir,F08,False,paletizada,True,False,manha,34,144,False,0.24,0.53,0.98,0.0,0.36,2.11
R00064,2026-02-04 15:38:24.584978623,medir,F10,False,paletizada,False,False,tarde,16,238,False,3.63,0.46,1.1,0.0,0.95,6.14
R00065,2026-02-04 08:37:37.639889724,medir,F02,False,mista,True,True,manha,13,84,False,0.23,1.09,0.52,0.0,1.08,2.92
R00066,2026-02-04 13:40:12.622624532,medir,F04,False,batida,False,True,manha,54,564,False,2.39,2.36,1.08,0.0,0.64,6.47
R00067,2026-02-04 11:18:07.960410201,medir,F01,False,paletizada,False,True,manha,50,566,False,0.46,0.54,0.75,0.0,2.33,4.08
R00068,2026-02-04 11:49:11.550134074,medir,F02,False,paletizada,True,False,manha,10,126,False,0.97,0.43,0.55,0.0,1.28,3.23
R00069,2026-02-04 07:25:37.753560210,medir,F11,False,paletizada,True,True,manha,59,1053,False,0.25,0.97,0.81,0.0,0.91,2.94
R00070,2026-02-04 10:09:00.929597148,medir,F01,False,paletizada,False,False,manha,33,450,False,0.97,0.57,0.75,0.0,1.34,3.63
R00071,2026-02-04 12:56:03.909932653,medir,F08,False,paletizada,False,False,manha,38,361,False,0.74,0.41,0.9,0.0,0.91,2.96
R00072,2026-02-04 15:50:34.980565560,medir,F05,False,batida,True,False,tarde,5,70,False,0.86,1.71,0.61,0.0,0.5,3.68
R00073,2026-02-04 16:10:05.106309981,medir,F02,False,paletizada,False,True,tarde,53,558,False,3.97,0.76,0.64,0.0,0.68,6.05
R00074,2026-02-04 12:44:34.639008046,medir,F07,True,batida,True,True,manha,56,548,True,0.14,2.95,0.78,0.83,0.93,5.63
R00075,2026-02-04 12:23:39.398124721,medir,F02,False,paletizada,False,False,manha,46,419,False,2.45,0.44,1.39,0.0,1.82,6.1
R00076,2026-02-04 10:20:30.575765572,medir,F09,False,mista,False,False,manha,12,131,False,1.55,1.8,1.09,0.0,1.06,5.5
R00077,2026-02-04 14:17:15.146845166,medir,F01,False,mista,False,False,tarde,32,254,True,1.45,0.81,1.48,2.4,0.7,6.84
R00078,2026-02-04 12:12:27.901434153,medir,F01,False,paletizada,False,True,manha,26,192,False,2.68,0.6,0.51,0.0,0.91,4.7
R00079,2026-02-04 14:56:19.789890997,medir,F06,False,mista,True,False,tarde,25,152,False,0.44,1.3,1.27,0.0,1.06,4.07
R00080,2026-02-04 18:36:19.431983530,medir,F03,True,batida,False,False,tarde,34,346,True,2.11,2.47,1.01,1.3,0.22,7.11
R00081,2026-02-04 12:53:47.040492343,medir,F01,False,batida,False,False,manha,43,349,True,1.96,2.04,1.27,3.04,0.89,9.2
R00082,2026-02-04 08:12:30.476457514,medir,F04,False,paletizada,False,False,manha,43,676,False,6.99,0.64,1.63,0.0,1.41,10.67
R00083,2026-02-04 10:14:43.002896308,medir,F02,False,paletizada,True,False,manha,16,254,False,0.48,0.59,0.64,0.0,0.8,2.51
R00084,2026-02-05 11:19:29.704056222,medir,F03,True,batida,False,False,manha,56,882,True,3.82,2.84,1.02,4.32,1.91,13.91
R00085,2026-02-05 19:57:51.206667429,medir,F03,True,batida,False,False,tarde,18,136,False,4.92,2.22,1.0,0.0,1.15,9.29
R00086,2026-02-05 11:41:27.742371802,medir,F11,False,batida,True,False,manha,26,138,False,0.64,1.29,0.81,0.0,0.88,3.62
R00087,2026-02-05 11:18:14.875936477,medir,F10,False,mista,True,True,manha,5,61,False,0.17,1.03,0.24,0.0,1.66,3.1
R00088,2026-02-05 11:11:52.010551942,medir,F11,False,mista,True,True,manha,40,439,False,0.18,1.35,0.74,0.0,0.99,3.26
R00089,2026-02-05 12:28:12.260881250,medir,F06,False,mista,False,False,manha,13,139,False,5.21,1.08,0.75,0.0,0.41,7.45
R00090,2026-02-05 15:05:56.314963424,medir,F05,False,batida,True,False,tarde,11,164,False,0.54,2.41,0.53,0.0,0.64,4.12
R00091,2026-02-05 13:36:22.929834279,medir,F02,False,batida,False,False,manha,40,419,True,5.16,1.78,1.88,1.04,0.99,10.85
R00092,2026-02-05 19:35:06.025052547,medir,F02,False,mista,True,True,tarde,50,548,False,0.46,0.98,0.63,0.0,0.58,2.65
R00093,2026-02-05 13:41:02.912026362,medir,F01,False,paletizada,False,False,manha,59,638,False,1.09,0.82,1.77,0.0,1.46,5.14
R00094,2026-02-05 17:37:54.095800587,medir,F08,False,batida,False,True,tarde,14,145,True,5.39,1.45,0.41,6.5,1.2,14.95
R00095,2026-02-05 13:53:07.712056608,medir,F02,False,paletizada,False,True,manha,47,455,False,9.35,0.46,0.95,0.0,0.55,11.31
R00096,2026-02-05 14:56:16.298862115,medir,F01,False,paletizada,True,False,tarde,43,269,False,0.33,0.65,1.24,0.0,0.64,2.86
R00097,2026-02-05 08:22:49.728694501,medir,F02,False,paletizada,False,True,manha,49,399,False,7.34,0.53,0.91,0.0,0.7,9.48
R00098,2026-02-05 12:35:36.275157437,medir,F02,False,paletizada,False,False,manha,12,93,False,0.75,0.42,0.64,0.0,1.25,3.06
R00099,2026-02-05 12:46:45.722027956,medir,F06,False,paletizada,False,False,manha,30,224,False,5.81,0.39,1.38,0.0,0.68,8.26
R00100,2026-02-05 12:13:21.135280540,medir,F01,False,paletizada,True,True,manha,53,793,False,0.66,0.68,0.67,0.0,0.87,2.88
R00101,2026-02-05 06:06:38.838214760,medir,F02,False,mista,False,False,manha,35,196,False,2.6,0.77,1.12,0.0,0.56,5.05
R00102,2026-02-05 15:49:04.793800774,medir,F09,False,mista,False,False,tarde,14,96,False,2.51,0.87,1.14,0.0,0.54,5.06
R00103,2026-02-05 11:45:40.028202061,medir,F08,False,batida,True,True,manha,3,34,True,0.77,1.99,0.3,1.63,0.52,5.21
R00104,2026-02-06 09:40:18.402039195,medir,F06,False,paletizada,False,False,manha,44,465,False,1.89,0.58,1.17,0.0,0.33,3.97
R00105,2026-02-06 10:33:45.137963051,medir,F06,False,paletizada,True,False,manha,16,212,False,0.11,0.52,1.04,0.0,0.89,2.56
R00106,2026-02-06 14:14:10.899480483,medir,F01,False,paletizada,True,True,tarde,39,274,False,0.81,0.64,0.97,0.0,0.37,2.79
R00107,2026-02-06 11:13:35.636664435,medir,F02,False,paletizada,False,False,manha,5,22,False,3.35,0.43,0.64,0.0,0.61,5.03
R00108,2026-02-06 11:33:24.778667862,medir,F07,True,paletizada,True,True,manha,31,162,False,0.59,0.52,0.49,0.0,1.13,2.73
R00109,2026-02-06 18:20:26.244796887,medir,F10,False,paletizada,False,False,tarde,53,345,False,2.71,0.65,1.43,0.0,2.44,7.23
R00110,2026-02-06 15:45:03.153982305,medir,F09,False,paletizada,True,True,tarde,6,96,False,0.26,0.29,0.38,0.0,0.53,1.46
R00111,2026-02-06 15:34:08.553447631,medir,F03,True,batida,True,True,tarde,24,337,True,0.09,2.77,0.41,3.93,0.05,7.25
R00112,2026-02-06 14:41:31.968409322,medir,F02,False,batida,False,False,tarde,9,130,False,2.83,3.25,0.91,0.0,0.67,7.66
R00113,2026-02-06 14:32:58.001991061,medir,F03,True,batida,False,False,tarde,33,337,True,2.69,2.47,1.54,3.61,0.99,11.3
R00114,2026-02-06 17:39:39.858035410,medir,F01,False,paletizada,True,False,tarde,51,277,True,0.1,0.65,1.54,4.1,0.82,7.21
R00115,2026-02-06 12:56:14.830241564,medir,F03,True,mista,False,False,manha,29,305,False,3.66,0.79,1.23,0.0,1.44,7.12
R00116,2026-02-06 18:56:15.522718844,medir,F02,False,batida,False,False,tarde,45,724,False,1.26,2.11,1.63,0.0,0.57,5.57
R00117,2026-02-06 09:57:19.852785075,medir,F01,False,mista,False,True,manha,20,223,False,0.42,0.85,0.61,0.0,1.54,3.42
R00118,2026-02-06 12:11:01.965837451,medir,F03,True,batida,True,False,manha,50,642,True,0.99,1.88,1.22,1.27,1.06,6.42
R00119,2026-02-06 08:35:18.569916949,medir,F01,False,paletizada,True,True,manha,16,148,False,1.16,0.58,0.52,0.0,0.8,3.06
R00120,2026-02-06 11:53:59.734813138,medir,F03,True,mista,True,True,manha,35,214,False,0.51,0.84,0.56,0.0,0.76,2.67
R00121,2026-02-06 14:39:32.456827634,medir,F06,False,paletizada,True,False,tarde,23,294,False,0.69,0.53,0.82,0.0,0.95,2.99
R00122,2026-02-06 17:38:38.364163875,medir,F05,False,batida,False,True,tarde,35,378,False,5.1,1.31,0.61,0.0,1.11,8.13
R00123,2026-02-06 10:52:38.466759972,medir,F11,False,paletizada,True,True,manha,18,159,False,0.4,0.46,0.41,0.0,0.63,1.9
R00124,2026-02-06 13:01:01.107535861,medir,F09,False,batida,False,False,manha,33,251,False,10.74,1.97,0.95,0.0,0.58,14.24
R00125,2026-02-06 11:51:01.896193900,medir,F05,False,batida,False,False,manha,18,247,False,4.51,1.63,0.62,0.0,0.63,7.39
R00126,2026-02-06 10:38:11.328682156,medir,F09,False,batida,True,False,manha,44,372,False,0.59,1.69,1.14,0.0,0.59,4.01
R00127,2026-02-06 09:11:38.348695136,medir,F03,True,batida,True,False,manha,15,181,True,0.59,2.98,1.07,2.28,1.14,8.06
R00128,2026-02-06 13:11:38.816624277,medir,F07,True,paletizada,False,True,manha,21,160,False,7.85,0.38,0.68,0.0,1.03,9.94
R00129,2026-02-06 07:27:26.611194985,medir,F02,False,paletizada,False,False,manha,3,44,False,3.09,0.33,0.64,0.0,0.26,4.32
R00130,2026-02-07 13:58:00.643624381,medir,F04,False,batida,False,False,manha,31,497,False,3.86,3.29,1.04,0.0,0.33,8.52
R00131,2026-02-07 13:38:27.698945740,medir,F05,False,paletizada,False,False,manha,17,213,False,5.01,0.56,0.77,0.0,0.48,6.82
R00132,2026-02-07 10:29:46.420249290,medir,F08,False,mista,True,False,manha,56,864,False,0.63,1.04,1.06,0.0,0.69,3.42
R00133,2026-02-07 06:16:06.114563173,medir,F03,True,batida,True,False,manha,28,345,False,0.4,2.24,1.15,0.0,1.15,4.94
R00134,2026-02-07 10:51:02.262391261,medir,F10,False,paletizada,False,True,manha,13,217,False,4.49,0.47,0.53,0.0,0.53,6.02
R00135,2026-02-07 06:31:00.082694006,medir,F09,False,paletizada,False,False,manha,19,141,False,4.3,0.72,0.6,0.0,0.62,6.24
R00136,2026-02-07 13:13:02.888917046,medir,F07,True,batida,False,False,manha,3,31,False,5.41,1.4,0.71,0.0,0.78,8.3
R00137,2026-02-07 13:00:52.259191524,medir,F02,False,paletizada,False,True,manha,12,161,False,2.53,0.31,0.33,0.0,0.58,3.75
R00138,2026-02-07 07:38:17.381718952,medir,F04,False,mista,False,False,manha,57,400,False,1.99,1.11,2.62,0.0,0.64,6.36
R00139,2026-02-09 10:56:27.818352819,medir,F03,True,batida,True,False,manha,11,127,False,0.29,1.6,0.56,0.0,0.83,3.28
R00140,2026-02-09 15:29:13.114180424,medir,F09,False,paletizada,True,False,tarde,4,63,False,0.07,0.81,0.67,0.0,0.89,2.44
R00141,2026-02-09 15:18:47.262562725,medir,F01,False,batida,True,True,tarde,29,376,False,0.62,2.4,0.71,0.0,1.45,5.18
R00142,2026-02-09 10:08:01.219442409,medir,F01,False,paletizada,True,False,manha,52,617,False,0.15,0.63,1.6,0.0,0.46,2.84
R00143,2026-02-09 10:56:33.051570064,medir,F01,False,mista,False,False,manha,23,250,False,1.26,0.83,1.12,0.0,1.39,4.6
R00144,2026-02-09 09:35:46.615066929,medir,F04,False,batida,True,False,manha,35,474,False,0.26,1.85,1.11,0.0,0.65,3.87
R00145,2026-02-09 11:17:44.495963217,medir,F07,True,paletizada,True,False,manha,13,141,True,0.58,0.34,0.71,6.83,0.59,9.05
R00146,2026-02-09 09:30:23.016315686,medir,F03,True,batida,False,False,manha,16,227,True,4.88,1.61,0.72,4.5,0.57,12.28
R00147,2026-02-09 10:53:20.371003396,medir,F05,False,mista,False,False,manha,12,79,False,7.19,0.79,0.9,0.0,1.12,10.0
R00148,2026-02-09 12:19:55.524457135,medir,F05,False,mista,False,False,manha,14,119,False,2.75,1.18,0.84,0.0,0.54,5.31
R00149,2026-02-09 09:47:53.389040964,medir,F01,False,paletizada,False,False,manha,37,600,False,0.48,0.66,1.18,0.0,1.05,3.37
R00150,2026-02-09 08:27:32.001396912,medir,F02,False,paletizada,False,False,manha,40,381,False,5.02,0.52,1.22,0.0,0.74,7.5
R00151,2026-02-09 08:38:35.940196867,medir,F12,False,paletizada,False,False,manha,21,332,True,1.26,0.45,1.03,8.09,0.7,11.53
R00152,2026-02-09 14:27:09.171214776,medir,F02,False,paletizada,False,False,tarde,38,651,False,5.42,0.62,1.34,0.0,0.86,8.24
R00153,2026-02-09 13:11:28.280041288,medir,F10,False,batida,True,True,manha,25,302,False,0.33,1.92,0.42,0.0,0.73,3.4
R00154,2026-02-09 16:16:58.832582188,medir,F03,True,batida,True,False,tarde,21,114,False,0.15,1.76,1.3,0.0,0.95,4.16
R00155,2026-02-09 16:20:31.939796742,medir,F02,False,mista,False,False,tarde,12,175,False,2.02,1.28,0.78,0.0,0.79,4.87
R00156,2026-02-09 11:54:35.839619125,medir,F01,False,paletizada,True,True,manha,22,293,False,0.6,0.49,0.47,0.0,1.17,2.73
R00157,2026-02-09 15:08:38.901977141,medir,F01,False,batida,False,False,tarde,21,169,True,1.74,2.43,1.24,6.55,0.34,12.3
R00158,2026-02-09 08:23:25.203303646,medir,F02,False,paletizada,True,False,manha,29,466,True,1.37,0.66,1.33,2.04,0.95,6.35
R00159,2026-02-09 20:18:20.431146682,medir,F03,True,paletizada,False,False,tarde,50,538,False,2.08,0.67,1.47,0.0,0.93,5.15
R00160,2026-02-09 16:49:31.057526643,medir,F03,True,batida,False,False,tarde,54,259,True,1.79,1.22,1.76,14.34,0.37,19.48
R00161,2026-02-10 12:01:25.795543908,medir,F03,True,paletizada,True,True,manha,16,259,False,0.56,0.44,0.4,0.0,0.53,1.93
R00162,2026-02-10 09:27:17.725828194,medir,F07,True,mista,False,False,manha,15,94,True,5.96,1.0,0.84,0.99,0.44,9.23
R00163,2026-02-10 17:09:55.425478888,medir,F02,False,paletizada,False,False,tarde,22,144,False,1.19,0.53,0.87,0.0,0.91,3.5
R00164,2026-02-10 14:11:32.758774630,medir,F08,False,paletizada,False,False,tarde,34,379,False,4.43,0.45,1.2,0.0,1.14,7.22
R00165,2026-02-10 20:55:27.612514902,medir,F06,False,mista,True,False,tarde,4,49,False,0.58,1.4,0.49,0.0,0.52,2.99
R00166,2026-02-10 10:34:48.918289828,medir,F01,False,paletizada,True,False,manha,35,510,False,1.28,0.66,1.63,0.0,0.59,4.16
R00167,2026-02-10 12:33:35.615596456,medir,F03,True,batida,False,False,manha,49,397,False,5.63,1.95,2.28,0.0,0.86,10.72
R00168,2026-02-10 15:49:31.816916590,medir,F07,True,paletizada,True,True,tarde,3,52,False,0.32,0.55,0.26,0.0,0.73,1.86
R00169,2026-02-10 12:12:56.508738433,medir,F04,False,batida,True,True,manha,52,665,False,0.45,2.16,0.83,0.0,0.62,4.06
R00170,2026-02-10 08:33:33.753278635,medir,F05,False,paletizada,False,False,manha,10,158,False,1.4,0.42,0.67,0.0,1.6,4.09
R00171,2026-02-10 09:57:49.021955726,medir,F12,False,paletizada,False,False,manha,50,534,False,5.25,0.96,1.93,0.0,0.61,8.75
R00172,2026-02-10 13:19:20.640756180,medir,F05,False,paletizada,True,True,manha,23,115,False,0.47,0.36,0.52,0.0,0.44,1.79
R00173,2026-02-10 14:05:55.591629010,medir,F04,False,paletizada,False,True,tarde,23,96,False,2.93,0.44,0.49,0.0,0.58,4.44
R00174,2026-02-10 12:41:50.146637712,medir,F08,False,paletizada,True,True,manha,13,169,False,0.13,0.58,0.36,0.0,0.85,1.92
R00175,2026-02-10 16:12:40.148615368,medir,F03,True,mista,False,True,tarde,34,339,False,4.13,0.86,0.61,0.0,0.49,6.09
R00176,2026-02-10 16:10:36.659044448,medir,F01,False,paletizada,False,False,tarde,16,163,False,1.64,0.47,0.67,0.0,0.42,3.2
R00177,2026-02-10 14:01:58.415737494,medir,F02,False,paletizada,False,False,tarde,14,120,True,3.31,0.5,0.89,1.46,0.29,6.45
R00178,2026-02-10 13:05:09.794749653,medir,F04,False,batida,False,False,manha,41,266,False,1.7,3.41,1.14,0.0,1.76,8.01
R00179,2026-02-10 12:11:26.680408976,medir,F10,False,paletizada,False,True,manha,44,468,False,0.99,0.55,0.77,0.0,0.93,3.24
R00180,2026-02-10 14:45:47.809514023,medir,F04,False,paletizada,True,True,tarde,57,431,False,0.66,0.61,0.84,0.0,0.37,2.48
R00181,2026-02-10 15:56:34.090527105,medir,F02,False,paletizada,True,True,tarde,34,561,False,0.58,0.75,0.73,0.0,0.9,2.96
R00182,2026-02-10 13:11:38.167466668,medir,F12,False,paletizada,False,True,manha,29,189,False,2.3,0.5,0.54,0.0,0.87,4.21
R00183,2026-02-10 14:26:23.979649038,medir,F03,True,batida,True,True,tarde,42,737,False,0.91,1.7,0.82,0.0,1.22,4.65
R00184,2026-02-10 11:57:43.912140062,medir,F02,False,mista,True,False,manha,39,626,False,0.29,1.31,1.06,0.0,0.42,3.08
R00185,2026-02-10 08:28:58.948846618,medir,F04,False,mista,False,False,manha,55,515,True,1.59,1.18,1.81,6.67,1.22,12.47
R00186,2026-02-10 09:47:49.005902824,medir,F02,False,paletizada,True,True,manha,46,682,False,0.59,0.79,0.68,0.0,1.04,3.1
R00187,2026-02-10 15:27:01.624382204,medir,F01,False,batida,True,False,tarde,53,643,False,0.73,2.71,1.62,0.0,0.37,5.43
R00188,2026-02-10 14:25:49.474735572,medir,F06,False,batida,False,False,tarde,41,431,False,3.12,2.53,1.34,0.0,0.77,7.76
R00189,2026-02-10 18:05:19.261501879,medir,F06,False,paletizada,True,False,tarde,55,845,True,0.51,0.87,1.93,0.79,0.79,4.89
R00190,2026-02-10 13:10:46.253901781,medir,F11,False,batida,True,False,manha,40,625,False,0.39,2.26,0.87,0.0,0.82,4.34
R00191,2026-02-10 15:46:02.193460352,medir,F01,False,batida,False,False,tarde,33,225,False,3.5,1.48,1.24,0.0,0.19,6.41
R00192,2026-02-11 11:46:57.049737848,medir,F12,False,paletizada,True,False,manha,3,41,False,0.17,0.51,0.46,0.0,0.46,1.6
R00193,2026-02-11 07:57:10.734814436,medir,F04,False,batida,False,True,manha,3,41,False,1.83,2.35,0.2,0.0,1.17,5.55
R00194,2026-02-11 14:36:22.661126845,medir,F07,True,batida,False,False,tarde,20,334,False,2.13,1.67,0.74,0.0,0.88,5.42
R00195,2026-02-11 15:57:54.179693316,medir,F09,False,paletizada,False,False,tarde,57,760,False,2.41,0.8,1.18,0.0,0.86,5.25
R00196,2026-02-11 19:42:25.492129290,medir,F06,False,paletizada,False,False,tarde,31,551,False,2.03,0.73,0.85,0.0,1.44,5.05
R00197,2026-02-11 18:30:55.845849934,medir,F03,True,batida,True,True,tarde,33,160,False,0.52,1.66,0.73,0.0,0.64,3.55
R00198,2026-02-11 15:13:29.188524961,medir,F01,False,paletizada,True,True,tarde,42,190,False,0.15,0.48,0.64,0.0,1.04,2.31
R00199,2026-02-11 12:14:21.611919847,medir,F06,False,mista,False,True,manha,53,357,False,1.28,1.71,0.81,0.0,0.44,4.24
R00200,2026-02-11 11:20:02.093214598,medir,F08,False,batida,True,False,manha,54,651,False,0.42,2.22,1.99,0.0,0.38,5.01
R00201,2026-02-11 12:03:23.063667357,medir,F11,False,paletizada,False,False,manha,3,30,False,4.78,0.51,0.72,0.0,0.4,6.41
R00202,2026-02-11 10:20:27.660747235,medir,F01,False,batida,True,False,manha,56,289,True,0.7,1.76,1.46,4.68,0.82,9.42
R00203,2026-02-11 12:07:17.160607426,medir,F01,False,paletizada,False,False,manha,18,123,False,6.87,0.47,1.12,0.0,0.73,9.19
R00204,2026-02-11 06:00:00.000000000,medir,F05,False,mista,False,True,manha,49,593,False,5.87,0.88,0.8,0.0,0.54,8.09
R00205,2026-02-11 13:34:20.560119855,medir,F08,False,mista,True,False,manha,8,77,True,0.55,0.93,0.66,1.69,0.88,4.71
R00206,2026-02-11 12:54:26.667655056,medir,F01,False,paletizada,True,False,manha,22,323,False,0.31,0.7,1.03,0.0,1.22,3.26
R00207,2026-02-11 21:12:38.872959663,medir,F05,False,paletizada,False,False,tarde,21,221,False,3.24,0.79,0.69,0.0,0.32,5.04
R00208,2026-02-11 15:25:40.696214422,medir,F02,False,mista,True,False,tarde,53,863,False,0.5,1.65,1.33,0.0,0.98,4.46
R00209,2026-02-11 11:27:47.862886284,medir,F12,False,paletizada,True,True,manha,23,336,False,1.26,0.64,0.47,0.0,1.13,3.5
R00210,2026-02-11 14:48:25.740183643,medir,F02,False,paletizada,True,False,tarde,43,470,False,0.75,0.64,1.54,0.0,0.85,3.78
R00211,2026-02-11 09:04:39.174328884,medir,F01,False,mista,True,False,manha,25,225,False,0.3,0.89,0.93,0.0,0.94,3.06
R00212,2026-02-11 11:04:16.989228346,medir,F07,True,batida,False,False,manha,12,84,True,0.33,1.77,0.72,3.5,0.62,6.94
R00213,2026-02-11 07:01:25.308904335,medir,F02,False,paletizada,True,False,manha,45,364,False,0.57,0.65,1.7,0.0,0.36,3.28
R00214,2026-02-11 17:35:45.709703448,medir,F03,True,batida,True,True,tarde,57,511,False,0.55,1.73,1.09,0.0,1.22,4.59
R00215,2026-02-11 14:53:55.276456804,medir,F01,False,paletizada,False,False,tarde,51,462,False,1.52,0.74,1.77,0.0,0.46,4.49
R00216,2026-02-12 09:20:36.065956610,medir,F01,False,batida,True,False,manha,17,87,True,0.67,0.87,1.0,1.97,0.86,5.37
R00217,2026-02-12 11:47:57.621196658,medir,F02,False,mista,False,False,manha,35,241,True,2.42,0.9,1.04,3.76,0.41,8.53
R00218,2026-02-12 10:54:15.214828341,medir,F04,False,batida,True,False,manha,44,353,False,0.11,1.28,1.07,0.0,0.46,2.92
R00219,2026-02-12 15:13:14.112323461,medir,F02,False,batida,False,False,tarde,40,640,False,2.29,1.46,1.18,0.0,0.88,5.81
R00220,2026-02-12 11:59:03.077181200,medir,F01,False,paletizada,True,True,manha,15,237,False,0.89,0.61,0.4,0.0,0.82,2.72
R00221,2026-02-12 18:34:04.037848244,medir,F04,False,paletizada,True,True,tarde,25,427,False,0.06,0.69,0.41,0.0,0.3,1.46
R00222,2026-02-12 17:51:55.554278536,medir,F06,False,paletizada,False,True,tarde,28,265,False,2.54,0.38,0.56,0.0,0.44,3.92
R00223,2026-02-12 15:27:51.218460964,medir,F01,False,paletizada,True,True,tarde,12,51,False,0.39,0.52,0.53,0.0,0.32,1.76
R00224,2026-02-12 11:45:53.374658043,medir,F03,True,batida,False,True,manha,19,242,True,3.42,2.14,0.39,0.74,1.34,8.03
R00225,2026-02-12 14:58:27.270460815,medir,F01,False,mista,False,True,tarde,38,630,False,1.3,1.05,0.63,0.0,0.7,3.68
R00226,2026-02-12 15:35:43.403639953,medir,F01,False,batida,True,False,tarde,25,138,False,1.54,2.23,1.31,0.0,0.71,5.79
R00227,2026-02-12 09:35:13.094643998,medir,F02,False,mista,True,True,manha,22,343,False,0.36,0.77,0.41,0.0,0.72,2.26
R00228,2026-02-12 14:06:57.942512028,medir,F02,False,paletizada,True,True,tarde,23,93,False,0.59,0.34,0.4,0.0,1.26,2.59
R00229,2026-02-12 15:15:34.430816113,medir,F09,False,paletizada,False,False,tarde,12,171,False,5.57,0.36,0.59,0.0,0.84,7.36
R00230,2026-02-12 13:41:33.661895985,medir,F01,False,paletizada,True,True,manha,56,611,False,0.94,0.61,0.87,0.0,0.85,3.27
R00231,2026-02-12 18:01:39.188725885,medir,F05,False,batida,True,False,tarde,41,685,False,0.71,2.58,1.46,0.0,0.88,5.63
R00232,2026-02-12 16:53:07.157772999,medir,F06,False,paletizada,False,True,tarde,3,49,False,3.92,0.31,0.27,0.0,0.44,4.94
R00233,2026-02-12 10:21:29.291029959,medir,F03,True,batida,True,False,manha,48,223,True,0.32,1.46,1.47,5.07,0.41,8.73
R00234,2026-02-12 13:23:54.036542601,medir,F03,True,batida,False,True,manha,57,626,False,2.08,1.73,1.05,0.0,0.82,5.68
R00235,2026-02-12 10:19:34.740381565,medir,F02,False,paletizada,False,False,manha,49,362,True,1.56,0.6,1.75,3.15,0.46,7.52
R00236,2026-02-12 14:51:16.484513540,medir,F02,False,batida,False,False,tarde,4,41,False,2.68,1.67,0.44,0.0,0.41,5.2
R00237,2026-02-13 08:51:57.178772071,medir,F04,False,mista,True,False,manha,13,132,False,0.2,0.9,0.59,0.0,0.63,2.32
R00238,2026-02-13 12:49:35.981087566,medir,F04,False,paletizada,True,False,manha,8,126,False,1.32,0.64,0.89,0.0,1.14,3.99
R00239,2026-02-13 11:34:18.648259690,medir,F01,False,paletizada,False,False,manha,35,467,False,0.81,0.72,1.48,0.0,0.6,3.61
R00240,2026-02-13 14:40:39.594011466,medir,F04,False,paletizada,True,False,tarde,37,585,False,0.05,0.63,1.1,0.0,0.72,2.5
R00241,2026-02-13 16:20:00.965498323,medir,F03,True,mista,False,False,tarde,25,375,True,1.03,1.31,0.89,1.45,1.98,6.66
R00242,2026-02-13 06:00:00.000000000,medir,F08,False,mista,False,False,manha,43,702,False,3.01,1.02,1.03,0.0,1.18,6.24
R00243,2026-02-13 12:34:46.991996835,medir,F01,False,paletizada,False,False,manha,11,87,True,5.2,0.55,0.54,6.3,0.48,13.07
R00244,2026-02-13 19:04:40.489554615,medir,F02,False,batida,True,False,tarde,45,404,False,0.34,1.82,1.52,0.0,0.55,4.23
R00245,2026-02-13 15:35:14.863000776,medir,F04,False,paletizada,False,False,tarde,5,64,False,3.88,0.51,0.67,0.0,1.17,6.23
R00246,2026-02-13 17:26:22.728900364,medir,F01,False,paletizada,False,False,tarde,51,620,False,3.12,0.77,1.62,0.0,1.34,6.85
R00247,2026-02-13 13:08:12.996380698,medir,F08,False,batida,True,False,manha,58,864,False,1.66,2.09,1.73,0.0,1.45,6.93
R00248,2026-02-13 08:13:05.848177738,medir,F11,False,mista,False,False,manha,19,291,False,2.25,1.11,0.78,0.0,1.3,5.44
R00249,2026-02-13 09:12:41.005589860,medir,F02,False,mista,False,False,manha,26,215,False,0.48,0.79,1.09,0.0,1.21,3.57
R00250,2026-02-13 15:05:19.441462261,medir,F07,True,batida,False,False,tarde,9,51,False,7.62,1.77,0.5,0.0,0.45,10.34
R00251,2026-02-13 15:52:46.846198315,medir,F02,False,batida,True,False,tarde,49,705,False,0.21,2.69,1.47,0.0,1.02,5.39
R00252,2026-02-13 10:28:13.609525483,medir,F10,False,paletizada,True,False,manha,49,667,False,0.15,1.44,1.97,0.0,0.2,3.76
R00253,2026-02-13 11:57:10.051475389,medir,F01,False,mista,False,True,manha,20,158,False,3.91,1.14,0.58,0.0,1.2,6.83
R00254,2026-02-13 13:38:53.849931457,medir,F01,False,batida,False,True,manha,4,19,False,0.61,1.83,0.26,0.0,0.64,3.34
R00255,2026-02-13 07:12:39.159433537,medir,F01,False,paletizada,False,False,manha,29,125,False,1.5,0.37,1.0,0.0,1.4,4.27
R00256,2026-02-13 11:41:29.000261713,medir,F03,True,batida,False,False,manha,16,120,False,1.66,2.38,1.07,0.0,1.41,6.52
R00257,2026-02-13 17:59:22.846598023,medir,F01,False,paletizada,True,False,tarde,47,368,False,0.17,0.45,2.04,0.0,1.06,3.72
R00258,2026-02-13 19:48:19.559165817,medir,F12,False,mista,False,False,tarde,16,110,False,4.64,0.78,0.6,0.0,0.88,6.9
R00259,2026-02-13 12:27:54.628301703,medir,F05,False,paletizada,False,False,manha,59,278,False,0.62,0.57,1.53,0.0,0.82,3.54
R00260,2026-02-14 10:13:41.998575615,medir,F07,True,mista,False,False,manha,47,632,False,1.49,1.21,1.7,0.0,0.74,5.14
R00261,2026-02-14 13:25:40.200270970,medir,F12,False,batida,False,False,manha,16,171,False,4.03,1.78,0.96,0.0,0.35,7.12
R00262,2026-02-14 10:48:09.220266878,medir,F07,True,batida,False,False,manha,3,29,True,3.55,2.02,0.3,7.5,0.65,14.02
R00263,2026-02-14 10:22:12.741259371,medir,F01,False,paletizada,True,True,manha,59,455,False,1.06,0.72,0.7,0.0,0.68,3.16
R00264,2026-02-14 18:42:48.333579584,medir,F03,True,batida,True,False,tarde,16,236,False,0.58,2.3,0.7,0.0,0.74,4.32
R00265,2026-02-14 15:19:07.670038584,medir,F04,False,paletizada,True,False,tarde,45,487,False,1.09,0.61,1.34,0.0,0.47,3.51
R00266,2026-02-14 16:47:17.210091346,medir,F09,False,paletizada,False,False,tarde,49,244,False,5.89,0.57,1.53,0.0,0.5,8.49
R00267,2026-02-16 15:11:42.811067911,medir,F08,False,paletizada,False,False,tarde,41,188,False,1.45,0.41,1.05,0.0,0.46,3.37
R00268,2026-02-16 13:55:57.220523828,medir,F02,False,batida,True,False,manha,50,433,False,0.39,1.68,1.11,0.0,0.71,3.89
R00269,2026-02-16 07:47:15.628922034,medir,F06,False,mista,False,True,manha,28,363,False,3.65,1.22,0.46,0.0,1.55,6.88
R00270,2026-02-16 13:05:16.944125352,medir,F02,False,paletizada,True,False,manha,5,26,False,0.54,0.33,0.5,0.0,0.48,1.85
R00271,2026-02-16 09:26:31.410892118,medir,F01,False,batida,True,False,manha,12,191,False,0.18,2.04,0.56,0.0,0.66,3.44
R00272,2026-02-16 18:29:40.054500085,medir,F02,False,paletizada,False,True,tarde,27,124,False,3.33,0.38,0.53,0.0,0.87,5.11
R00273,2026-02-16 11:35:23.544797287,medir,F02,False,paletizada,True,True,manha,28,206,False,0.45,0.8,0.59,0.0,0.48,2.32
R00274,2026-02-16 11:47:18.482919162,medir,F11,False,paletizada,True,True,manha,36,310,False,0.23,0.62,0.47,0.0,0.85,2.17
R00275,2026-02-16 13:19:03.955208779,medir,F02,False,batida,False,True,manha,21,103,False,0.78,3.0,0.41,0.0,0.77,4.96
R00276,2026-02-16 12:24:35.968813167,medir,F03,True,mista,True,False,manha,49,831,False,0.18,1.12,1.49,0.0,0.67,3.46
R00277,2026-02-16 12:51:50.266452272,medir,F03,True,batida,False,True,manha,3,53,True,5.73,2.16,0.27,7.17,1.32,16.65
R00278,2026-02-16 18:00:10.391775444,medir,F06,False,paletizada,True,True,tarde,6,100,False,0.27,0.37,0.27,0.0,1.13,2.04
R00279,2026-02-16 13:46:31.304575430,medir,F11,False,batida,True,False,manha,11,75,True,0.45,2.13,0.85,0.2,0.46,4.09
R00280,2026-02-16 15:43:28.338910813,medir,F05,False,mista,False,True,tarde,41,642,False,2.62,1.39,0.78,0.0,0.44,5.23
R00281,2026-02-16 16:39:37.217894806,medir,F08,False,paletizada,False,True,tarde,12,105,False,1.02,0.32,0.42,0.0,0.74,2.5
R00282,2026-02-16 09:56:05.456872701,medir,F01,False,paletizada,True,True,manha,22,177,False,0.36,0.39,0.45,0.0,1.1,2.3
R00283,2026-02-17 12:10:53.698617019,medir,F02,False,mista,True,False,manha,23,243,False,0.12,1.14,0.76,0.0,0.88,2.9
R00284,2026-02-17 13:02:03.695660426,medir,F07,True,batida,False,True,manha,4,26,False,7.28,1.8,0.38,0.0,1.43,10.89
R00285,2026-02-17 13:25:27.757077470,medir,F01,False,batida,True,False,manha,8,37,False,0.52,1.97,0.83,0.0,1.09,4.41
R00286,2026-02-17 15:24:39.430424404,medir,F03,True,batida,False,True,tarde,21,139,False,3.13,1.65,0.4,0.0,0.42,5.6
R00287,2026-02-17 19:38:04.826579899,medir,F02,False,paletizada,True,False,tarde,14,242,True,0.77,0.57,1.21,5.67,0.74,8.96
R00288,2026-02-17 11:54:16.212103272,medir,F02,False,batida,False,True,manha,22,339,False,1.49,2.39,0.38,0.0,0.92,5.18
R00289,2026-02-17 11:15:28.866837834,medir,F02,False,mista,False,False,manha,23,276,False,3.54,1.02,1.02,0.0,0.6,6.18
R00290,2026-02-17 07:22:13.579529728,medir,F03,True,batida,True,True,manha,5,63,False,0.24,2.24,0.38,0.0,0.59,3.45
R00291,2026-02-17 13:46:44.032793210,medir,F03,True,batida,False,False,manha,50,722,True,4.26,1.52,0.95,6.16,0.51,13.4
R00292,2026-02-17 15:43:51.265758370,medir,F04,False,paletizada,True,False,tarde,8,124,False,0.14,0.39,0.81,0.0,0.5,1.84
R00293,2026-02-17 12:09:59.760235897,medir,F06,False,batida,False,False,manha,34,251,False,5.61,2.71,1.16,0.0,0.74,10.22
R00294,2026-02-17 16:46:40.685196810,medir,F08,False,batida,False,False,tarde,14,213,False,0.88,2.9,0.78,0.0,0.26,4.82
R00295,2026-02-17 13:05:48.939606330,medir,F11,False,batida,True,False,manha,33,432,False,0.71,2.13,0.94,0.0,0.17,3.95
R00296,2026-02-17 17:50:51.107951824,medir,F05,False,paletizada,False,True,tarde,3,24,False,3.02,0.4,0.3,0.0,0.56,4.28
R00297,2026-02-17 14:03:57.698962948,medir,F02,False,batida,False,False,tarde,41,329,False,2.77,1.48,1.06,0.0,0.23,5.54
R00298,2026-02-17 09:37:01.509204111,medir,F04,False,paletizada,False,True,manha,11,70,False,2.8,0.47,0.3,0.0,0.76,4.33
R00299,2026-02-17 10:57:43.828324869,medir,F03,True,mista,False,False,manha,55,641,False,1.82,1.41,1.46,0.0,0.47,5.16
R00300,2026-02-17 08:05:31.244052094,medir,F02,False,paletizada,False,False,manha,4,70,True,4.03,0.31,0.45,11.1,0.67,16.56
R00301,2026-02-17 07:26:29.036673200,medir,F02,False,mista,False,False,manha,47,708,False,0.77,1.39,1.97,0.0,1.58,5.71
R00302,2026-02-17 13:51:14.859775638,medir,F02,False,batida,True,False,manha,24,152,True,0.7,2.11,0.75,1.49,0.6,5.65
R00303,2026-02-17 15:46:57.768666189,medir,F04,False,mista,False,True,tarde,11,62,False,5.89,1.04,0.31,0.0,0.79,8.03
R00304,2026-02-17 19:15:13.096317059,medir,F01,False,batida,True,False,tarde,45,357,True,0.29,1.54,1.31,3.29,0.83,7.26
R00305,2026-02-17 12:49:24.397690389,medir,F04,False,paletizada,False,True,manha,54,340,False,8.07,0.63,0.79,0.0,1.17,10.66
R00306,2026-02-17 12:14:31.382418012,medir,F03,True,batida,False,False,manha,40,240,False,2.23,1.36,1.52,0.0,0.41,5.52
R00307,2026-02-17 09:27:03.894279688,medir,F01,False,batida,True,False,manha,54,769,False,0.2,3.0,1.86,0.0,1.16,6.22
R00308,2026-02-17 16:09:33.840472377,medir,F02,False,mista,False,True,tarde,37,311,False,4.29,1.09,0.58,0.0,0.75,6.71
R00309,2026-02-18 11:47:45.542066341,medir,F08,False,paletizada,True,True,manha,9,42,False,0.33,0.54,0.45,0.0,1.48,2.8
R00310,2026-02-18 16:55:28.649841614,medir,F03,True,batida,False,False,tarde,37,184,False,3.08,2.33,1.1,0.0,0.86,7.37
R00311,2026-02-18 19:23:22.353523058,medir,F02,False,mista,False,False,tarde,33,208,True,1.13,1.07,0.95,2.96,0.94,7.05
R00312,2026-02-18 10:42:00.088045732,medir,F06,False,paletizada,False,False,manha,42,621,False,4.51,0.59,1.47,0.0,0.63,7.2
R00313,2026-02-18 11:55:19.020374450,medir,F05,False,paletizada,True,False,manha,44,545,True,0.25,0.64,1.01,0.64,1.25,3.79
R00314,2026-02-18 12:36:24.002304231,medir,F12,False,paletizada,False,False,manha,42,598,False,6.62,0.72,0.87,0.0,1.38,9.59
R00315,2026-02-18 11:57:25.767767818,medir,F01,False,batida,True,False,manha,41,483,False,1.23,3.1,1.22,0.0,0.69,6.24
R00316,2026-02-18 09:05:39.243570338,medir,F07,True,batida,False,False,manha,58,519,False,0.56,2.27,1.46,0.0,1.04,5.33
R00317,2026-02-18 13:22:24.820648615,medir,F03,True,paletizada,False,False,manha,55,826,False,2.54,0.81,1.53,0.0,0.61,5.49
R00318,2026-02-18 14:14:09.182742867,medir,F02,False,mista,True,True,tarde,40,255,False,0.6,1.36,0.59,0.0,1.39,3.94
R00319,2026-02-18 14:18:46.988629866,medir,F03,True,mista,False,False,tarde,9,81,True,4.11,0.93,0.73,4.13,1.26,11.16
R00320,2026-02-18 09:13:07.691793297,medir,F01,False,paletizada,False,False,manha,9,88,False,3.84,0.45,0.66,0.0,0.26,5.21
R00321,2026-02-18 12:42:58.435229815,medir,F01,False,paletizada,True,False,manha,47,636,False,0.65,0.74,1.29,0.0,0.61,3.29
R00322,2026-02-18 07:30:49.818632014,medir,F01,False,batida,True,True,manha,31,454,False,0.07,1.48,0.52,0.0,0.47,2.54
R00323,2026-02-18 16:00:20.109618421,medir,F06,False,batida,True,False,tarde,46,549,True,0.88,2.59,1.63,1.8,0.44,7.34
R00324,2026-02-18 09:49:14.008853553,medir,F06,False,batida,False,False,manha,55,688,False,2.44,2.37,1.96,0.0,0.79,7.56
R00325,2026-02-18 12:12:22.581250606,medir,F02,False,batida,True,False,manha,49,389,False,1.9,1.89,1.79,0.0,1.12,6.7
R00326,2026-02-18 11:38:55.962946366,medir,F02,False,batida,True,True,manha,10,123,False,0.4,1.43,0.41,0.0,0.86,3.1
R00327,2026-02-18 11:13:12.948845559,medir,F07,True,batida,False,True,manha,27,427,False,2.65,2.14,0.27,0.0,0.81,5.87
R00328,2026-02-19 13:13:47.341324383,medir,F05,False,batida,False,True,manha,5,33,False,5.15,2.36,0.24,0.0,0.93,8.68
R00329,2026-02-19 13:46:31.856444090,medir,F07,True,batida,False,False,manha,54,736,False,2.96,1.68,1.98,0.0,0.32,6.94
R00330,2026-02-19 09:52:10.735466052,medir,F04,False,paletizada,False,True,manha,38,470,False,3.89,0.63,0.66,0.0,0.46,5.64
R00331,2026-02-19 10:31:16.756331880,medir,F01,False,paletizada,True,False,manha,59,916,False,0.17,0.8,1.52,0.0,0.63,3.12
R00332,2026-02-19 10:15:35.096686779,medir,F01,False,batida,True,False,manha,37,658,False,0.19,2.9,0.88,0.0,0.19,4.16
R00333,2026-02-19 13:33:01.004700427,medir,F04,False,mista,False,False,manha,22,161,False,0.41,1.03,0.9,0.0,0.33,2.67
R00334,2026-02-19 15:22:49.028945498,medir,F11,False,paletizada,False,False,tarde,5,86,False,2.95,0.4,0.73,0.0,1.48,5.56
R00335,2026-02-19 16:26:22.816263652,medir,F05,False,paletizada,False,False,tarde,9,133,False,3.83,0.55,0.64,0.0,1.07,6.09
R00336,2026-02-19 11:23:16.012170258,medir,F06,False,paletizada,False,False,manha,19,226,True,1.28,0.51,0.8,1.5,1.15,5.24
R00337,2026-02-19 13:15:27.794920917,medir,F04,False,batida,False,False,manha,43,758,False,0.62,1.96,1.53,0.0,0.98,5.09
R00338,2026-02-19 07:48:54.679922982,medir,F02,False,batida,False,True,manha,8,89,False,1.1,2.65,0.26,0.0,0.53,4.54
R00339,2026-02-19 06:00:00.000000000,medir,F04,False,batida,False,False,manha,11,48,False,1.8,2.15,0.72,0.0,1.62,6.29
R00340,2026-02-19 10:12:45.315244180,medir,F01,False,paletizada,True,False,manha,40,230,True,0.83,0.72,1.45,1.6,1.95,6.55
R00341,2026-02-19 10:51:01.451227388,medir,F03,True,batida,False,True,manha,44,369,False,0.26,2.56,0.59,0.0,0.37,3.78
R00342,2026-02-19 08:00:51.267864686,medir,F07,True,batida,True,True,manha,51,701,True,0.32,2.51,0.64,4.69,0.72,8.88
R00343,2026-02-19 07:17:33.326060179,medir,F01,False,paletizada,False,False,manha,41,489,False,0.68,0.65,1.38,0.0,0.68,3.39
R00344,2026-02-19 14:40:28.467042506,medir,F05,False,batida,True,False,tarde,40,543,False,0.7,1.63,1.26,0.0,0.7,4.29
R00345,2026-02-19 10:24:07.970217688,medir,F06,False,paletizada,False,False,manha,24,102,False,1.25,0.52,0.93,0.0,1.14,3.84
R00346,2026-02-19 07:35:52.161513122,medir,F01,False,mista,False,False,manha,49,366,False,0.44,1.09,1.53,0.0,0.73,3.79
R00347,2026-02-19 20:22:32.395181278,medir,F08,False,paletizada,True,False,tarde,39,459,False,0.2,0.7,1.33,0.0,0.78,3.01
R00348,2026-02-19 13:30:31.072340898,medir,F02,False,batida,False,True,manha,21,276,False,1.95,1.91,0.38,0.0,0.73,4.97
R00349,2026-02-19 11:56:28.360485603,medir,F11,False,paletizada,False,False,manha,13,131,True,3.12,0.4,0.66,1.83,0.34,6.35
R00350,2026-02-19 15:06:59.085349642,medir,F02,False,paletizada,True,False,tarde,4,28,False,0.34,0.32,0.63,0.0,1.6,2.89
R00351,2026-02-19 10:31:30.028758434,medir,F05,False,mista,False,True,manha,57,475,False,2.92,1.3,1.02,0.0,0.31,5.55
R00352,2026-02-19 18:00:54.292949683,medir,F10,False,batida,False,False,tarde,26,381,False,2.01,2.64,1.32,0.0,0.61,6.58
R00353,2026-02-19 08:01:54.671133122,medir,F07,True,batida,False,False,manha,55,773,False,3.25,2.04,1.34,0.0,0.65,7.28
R00354,2026-02-19 08:46:12.962251390,medir,F03,True,batida,False,False,manha,12,90,True,4.39,2.04,0.91,7.53,0.88,15.75
R00355,2026-02-19 12:29:59.747362544,medir,F01,False,batida,True,True,manha,10,173,False,0.24,2.6,0.4,0.0,0.99,4.23
R00356,2026-02-19 10:29:36.137601477,medir,F05,False,mista,True,False,manha,20,92,False,0.93,0.77,0.89,0.0,0.21,2.8
R00357,2026-02-19 17:25:59.082086902,medir,F04,False,paletizada,False,False,tarde,14,102,False,2.19,0.41,0.85,0.0,0.8,4.25
R00358,2026-02-20 17:09:00.033849615,medir,F07,True,batida,True,False,tarde,16,190,True,0.23,1.99,0.88,1.6,0.36,5.06
R00359,2026-02-20 09:28:30.629937748,medir,F02,False,paletizada,True,False,manha,11,131,False,0.11,0.38,0.75,0.0,0.5,1.74
R00360,2026-02-20 12:44:45.590804325,medir,F03,True,batida,False,False,manha,13,229,False,4.27,2.77,0.64,0.0,0.44,8.12
R00361,2026-02-20 08:35:20.882524164,medir,F09,False,paletizada,False,True,manha,51,252,False,4.69,0.54,0.72,0.0,0.7,6.65
R00362,2026-02-20 09:27:17.846360492,medir,F01,False,paletizada,False,True,manha,32,262,False,1.07,0.57,0.68,0.0,1.0,3.32
R00363,2026-02-20 11:21:19.695684492,medir,F05,False,paletizada,False,False,manha,28,179,False,2.2,0.4,1.31,0.0,0.72,4.63
R00364,2026-02-20 15:39:21.871645995,medir,F02,False,mista,False,False,tarde,56,399,False,4.46,0.91,1.93,0.0,0.85,8.15
R00365,2026-02-20 15:36:31.531123922,medir,F05,False,paletizada,True,True,tarde,37,313,False,0.48,0.48,0.73,0.0,0.71,2.4
R00366,2026-02-20 11:01:44.417443036,medir,F07,True,paletizada,True,True,manha,58,532,True,0.25,0.69,0.77,0.82,0.96,3.49
R00367,2026-02-20 14:31:23.811831490,medir,F08,False,paletizada,True,False,tarde,59,1027,True,1.02,0.88,1.55,15.75,1.24,20.44
R00368,2026-02-20 11:44:35.021743436,medir,F07,True,batida,False,True,manha,44,378,True,0.74,1.85,0.82,0.81,0.28,4.5
R00369,2026-02-20 13:16:54.523367882,medir,F04,False,paletizada,False,False,manha,4,43,False,1.12,0.45,0.46,0.0,0.78,2.81
R00370,2026-02-20 13:24:57.513489400,medir,F04,False,paletizada,True,False,manha,53,335,False,1.32,0.59,1.53,0.0,0.66,4.1
R00371,2026-02-20 14:53:38.923071154,medir,F01,False,mista,True,False,tarde,17,121,False,0.28,1.35,0.58,0.0,1.45,3.66
R00372,2026-02-20 10:57:58.923620233,medir,F01,False,mista,False,False,manha,8,56,False,1.8,0.88,0.61,0.0,1.19,4.48
R00373,2026-02-20 12:30:03.780215942,medir,F06,False,mista,True,False,manha,13,156,False,0.21,0.77,0.66,0.0,0.33,1.97
R00374,2026-02-20 13:36:44.299828710,medir,F01,False,mista,True,False,manha,31,255,False,0.61,1.02,0.88,0.0,0.53,3.04
R00375,2026-02-20 13:12:20.525867553,medir,F10,False,mista,False,True,manha,37,292,False,1.41,1.43,0.69,0.0,0.23,3.76
R00376,2026-02-20 10:23:00.292124878,medir,F01,False,paletizada,True,False,manha,30,340,True,0.16,0.52,0.95,1.11,0.89,3.63
R00377,2026-02-20 18:23:26.007536486,medir,F06,False,paletizada,False,False,tarde,34,144,False,3.76,0.47,1.09,0.0,0.83,6.15
R00378,2026-02-20 11:27:01.060812518,medir,F03,True,mista,False,False,manha,15,241,True,4.88,0.94,0.76,2.76,0.61,9.95
R00379,2026-02-21 09:13:59.775288362,medir,F11,False,paletizada,True,True,manha,33,356,False,0.85,0.56,0.41,0.0,0.53,2.35
R00380,2026-02-21 16:35:05.940822948,medir,F07,True,batida,True,True,tarde,46,345,False,0.53,2.4,0.89,0.0,1.4,5.22
R00381,2026-02-21 13:33:04.324217482,medir,F01,False,batida,False,False,manha,10,81,True,3.78,1.96,0.67,3.92,0.35,10.68
R00382,2026-02-21 10:09:55.821900769,medir,F04,False,mista,True,False,manha,18,94,False,0.49,1.0,1.07,0.0,0.27,2.83
R00383,2026-02-21 09:23:19.192544268,medir,F01,False,paletizada,False,False,manha,4,36,True,1.69,0.37,0.59,3.36,1.23,7.24
R00384,2026-02-21 11:56:55.674693214,medir,F01,False,batida,False,False,manha,40,350,False,4.04,1.96,1.53,0.0,0.55,8.08
R00385,2026-02-21 12:49:49.858148661,medir,F08,False,batida,True,True,manha,49,510,False,0.44,1.98,0.99,0.0,0.43,3.84
R00386,2026-02-21 10:40:15.887652225,medir,F01,False,paletizada,True,False,manha,22,291,False,0.37,0.62,0.84,0.0,0.77,2.6
R00387,2026-02-21 14:40:38.413793071,medir,F01,False,batida,False,False,tarde,26,442,False,2.08,1.93,1.03,0.0,1.14,6.18
R00388,2026-02-21 08:29:57.745810906,medir,F01,False,paletizada,False,False,manha,49,757,True,0.59,0.89,1.42,1.88,0.48,5.26
R00389,2026-02-23 07:42:49.290183446,medir,F03,True,paletizada,False,False,manha,16,141,False,0.12,0.53,0.86,0.0,0.8,2.31
R00390,2026-02-23 09:52:12.218668492,medir,F02,False,mista,False,False,manha,8,118,True,0.15,0.83,0.61,3.82,0.51,5.92
R00391,2026-02-23 14:46:00.196927172,medir,F01,False,batida,True,True,tarde,22,312,False,0.37,2.07,0.55,0.0,0.85,3.84
R00392,2026-02-23 11:59:00.428282667,medir,F05,False,batida,False,False,manha,7,40,False,1.24,1.96,0.6,0.0,0.86,4.66
R00393,2026-02-23 13:46:53.986343116,medir,F01,False,paletizada,True,False,manha,35,534,False,0.43,0.65,1.01,0.0,1.03,3.12
R00394,2026-02-23 18:48:42.884871948,medir,F04,False,paletizada,False,False,tarde,11,58,False,1.92,0.46,0.78,0.0,0.97,4.13
R00395,2026-02-23 11:42:19.714894646,medir,F03,True,batida,False,True,manha,36,304,False,3.52,1.54,0.48,0.0,0.45,5.99
R00396,2026-02-23 13:26:12.898172594,medir,F03,True,batida,False,False,manha,31,547,False,0.86,2.29,0.92,0.0,0.54,4.61
R00397,2026-02-23 10:56:14.806790890,medir,F09,False,paletizada,True,False,manha,59,774,True,0.19,0.68,1.92,3.32,1.71,7.82
R00398,2026-02-23 10:43:31.480306568,medir,F01,False,batida,False,False,manha,38,608,False,3.0,2.35,0.87,0.0,0.26,6.48
R00399,2026-02-23 12:26:49.486269706,medir,F04,False,mista,False,False,manha,57,968,False,6.17,1.47,1.87,0.0,0.55,10.06
R00400,2026-02-23 08:08:07.458650977,medir,F03,True,batida,False,False,manha,59,455,False,4.57,2.32,1.54,0.0,0.76,9.19
R00401,2026-02-23 06:05:49.584171570,medir,F01,False,batida,False,True,manha,16,242,False,2.25,1.67,0.34,0.0,0.78,5.04
R00402,2026-02-23 16:57:08.317089284,medir,F03,True,batida,False,False,tarde,54,497,True,4.71,3.89,1.64,2.05,0.74,13.03
R00403,2026-02-23 12:21:25.532416411,medir,F08,False,paletizada,False,False,manha,31,152,False,1.45,0.45,1.25,0.0,0.68,3.83
R00404,2026-02-23 16:11:46.523002477,medir,F01,False,batida,False,True,tarde,45,247,False,2.99,1.96,0.62,0.0,0.4,5.97
R00405,2026-02-23 13:03:48.780116665,medir,F05,False,paletizada,True,False,manha,25,144,False,0.53,0.4,0.96,0.0,0.69,2.58
R00406,2026-02-23 13:08:50.226457495,medir,F02,False,paletizada,False,False,manha,24,308,False,5.61,0.71,1.13,0.0,1.03,8.48
R00407,2026-02-23 14:46:42.996493034,medir,F04,False,paletizada,True,False,tarde,3,39,False,0.39,0.37,0.64,0.0,0.61,2.01
R00408,2026-02-23 14:55:39.143598841,medir,F04,False,batida,True,False,tarde,22,349,False,0.17,2.42,0.92,0.0,0.95,4.46
R00409,2026-02-23 08:55:05.452514587,medir,F01,False,paletizada,False,True,manha,17,138,False,3.15,0.38,0.36,0.0,0.75,4.64
R00410,2026-02-24 11:40:54.425179358,medir,F07,True,batida,True,False,manha,42,733,True,0.4,2.68,1.7,1.88,0.71,7.37
R00411,2026-02-24 10:51:14.471685525,medir,F03,True,mista,True,True,manha,36,572,False,0.85,1.07,0.72,0.0,0.61,3.25
R00412,2026-02-24 15:34:54.914473754,medir,F01,False,mista,False,True,tarde,42,273,True,2.72,1.02,0.79,3.24,0.17,7.94
R00413,2026-02-24 08:04:13.369492923,medir,F01,False,mista,True,True,manha,3,47,False,0.98,0.81,0.28,0.0,0.77,2.84
R00414,2026-02-24 15:16:19.120805259,medir,F11,False,batida,True,False,tarde,41,630,False,0.3,2.49,1.19,0.0,0.72,4.7
R00415,2026-02-24 13:44:50.355263684,medir,F01,False,paletizada,True,True,manha,57,373,True,0.2,0.53,1.02,0.72,0.9,3.37
R00416,2026-02-24 11:28:09.485045133,medir,F07,True,paletizada,True,False,manha,16,244,False,0.94,0.56,1.06,0.0,1.6,4.16
R00417,2026-02-24 10:15:58.302027028,medir,F01,False,mista,False,False,manha,54,505,False,3.24,0.94,1.29,0.0,0.69,6.16
R00418,2026-02-24 16:11:41.627259873,medir,F03,True,batida,False,False,tarde,4,35,False,6.28,1.76,0.7,0.0,0.66,9.4
R00419,2026-02-24 18:38:25.232148625,medir,F02,False,paletizada,False,True,tarde,3,19,False,5.44,0.37,0.29,0.0,0.99,7.09
R00420,2026-02-24 11:38:56.414639216,medir,F02,False,paletizada,False,False,manha,57,700,False,6.0,0.74,1.96,0.0,0.7,9.4
R00421,2026-02-24 14:36:16.138826600,medir,F01,False,paletizada,False,True,tarde,21,264,False,2.11,0.55,0.49,0.0,0.6,3.75
R00422,2026-02-24 18:16:56.091495792,medir,F03,True,mista,True,False,tarde,54,603,False,1.13,1.16,1.98,0.0,0.51,4.78
R00423,2026-02-24 11:07:12.204647929,medir,F06,False,paletizada,False,True,manha,33,178,False,1.31,0.47,0.71,0.0,0.76,3.25
R00424,2026-02-24 12:14:10.271310244,medir,F04,False,mista,False,True,manha,31,469,True,3.5,0.77,0.67,2.38,0.92,8.24
R00425,2026-02-24 09:17:59.094558985,medir,F01,False,batida,False,False,manha,6,51,False,0.96,2.4,0.47,0.0,0.45,4.28
R00426,2026-02-24 12:33:06.149442276,medir,F07,True,batida,False,True,manha,40,308,False,2.51,1.69,0.77,0.0,0.58,5.55
R00427,2026-02-24 12:45:09.557291412,medir,F09,False,paletizada,False,False,manha,26,337,False,2.02,0.54,1.03,0.0,0.79,4.38
R00428,2026-02-24 11:43:49.409982962,medir,F03,True,batida,True,True,manha,8,53,True,0.25,1.49,0.26,2.96,0.46,5.42
R00429,2026-02-24 10:45:23.338071666,medir,F02,False,mista,False,False,manha,26,435,False,1.78,1.37,1.18,0.0,1.14,5.47
R00430,2026-02-24 08:11:37.901588499,medir,F01,False,batida,False,False,manha,29,379,False,1.74,1.63,0.82,0.0,1.16,5.35
R00431,2026-02-24 08:54:57.877794835,medir,F01,False,mista,True,False,manha,40,602,False,0.24,1.32,1.56,0.0,0.65,3.77
R00432,2026-02-24 10:01:58.539748810,medir,F02,False,mista,False,False,manha,36,316,False,2.15,1.37,1.71,0.0,2.27,7.5
R00433,2026-02-24 14:56:51.448800858,medir,F01,False,mista,False,False,tarde,46,460,False,1.91,1.59,1.29,0.0,1.21,6.0
R00434,2026-02-24 11:27:11.966711734,medir,F11,False,paletizada,False,False,manha,42,316,True,2.26,0.7,1.61,9.34,0.99,14.9
R00435,2026-02-24 10:24:43.124886928,medir,F05,False,batida,False,False,manha,52,391,False,5.31,2.3,1.69,0.0,0.92,10.22
R00436,2026-02-24 14:59:40.154925210,medir,F02,False,batida,False,False,tarde,15,147,True,1.83,1.41,0.91,10.96,1.32,16.43
R00437,2026-02-24 14:42:37.279413324,medir,F04,False,batida,False,True,tarde,53,796,False,5.01,2.88,0.6,0.0,1.51,10.0
R00438,2026-02-25 10:27:08.505991116,medir,F04,False,paletizada,False,False,manha,8,51,False,0.61,0.68,0.69,0.0,0.76,2.74
R00439,2026-02-25 12:19:00.225043935,medir,F02,False,paletizada,True,True,manha,30,539,False,0.86,0.69,0.5,0.0,0.93,2.98
R00440,2026-02-25 16:58:59.926672725,medir,F03,True,batida,True,False,tarde,11,59,True,0.57,1.34,0.62,1.0,0.83,4.36
R00441,2026-02-25 15:30:31.874106592,medir,F03,True,paletizada,False,True,tarde,7,118,False,2.86,0.37,0.3,0.0,0.31,3.84
R00442,2026-02-25 17:26:19.660910485,medir,F10,False,paletizada,False,False,tarde,23,221,True,1.27,0.58,0.86,4.75,0.61,8.07
R00443,2026-02-25 17:37:39.990853999,medir,F09,False,paletizada,False,False,tarde,24,192,False,2.17,0.61,1.02,0.0,0.57,4.37
R00444,2026-02-25 10:20:53.367834159,medir,F03,True,paletizada,False,False,manha,52,238,False,0.13,0.6,1.59,0.0,1.37,3.69
R00445,2026-02-25 14:33:11.257691763,medir,F03,True,batida,False,True,tarde,50,354,False,6.29,2.38,0.74,0.0,0.46,9.87
R00446,2026-02-25 17:39:56.057868644,medir,F02,False,paletizada,False,True,tarde,23,215,False,6.86,0.53,0.48,0.0,0.67,8.54
R00447,2026-02-25 20:06:03.027430670,medir,F04,False,batida,False,True,tarde,58,992,False,2.08,1.76,0.86,0.0,0.63,5.33
R00448,2026-02-25 08:45:41.168737771,medir,F01,False,paletizada,False,False,manha,49,860,False,4.97,0.77,2.0,0.0,0.59,8.33
R00449,2026-02-25 08:43:52.687965680,medir,F11,False,mista,False,False,manha,38,194,False,3.51,0.68,1.58,0.0,0.29,6.06
R00450,2026-02-25 14:30:52.407545356,medir,F03,True,batida,True,False,tarde,42,498,True,0.54,1.89,1.2,4.59,1.62,9.84
R00451,2026-02-25 12:03:31.775198684,medir,F01,False,paletizada,True,True,manha,27,120,False,0.35,0.35,0.56,0.0,0.7,1.96
R00452,2026-02-25 10:02:46.275723866,medir,F02,False,paletizada,False,False,manha,17,93,False,0.47,0.46,0.79,0.0,0.93,2.65
R00453,2026-02-25 14:14:44.086106508,medir,F10,False,paletizada,False,False,tarde,7,88,False,1.42,0.43,0.63,0.0,0.85,3.33
R00454,2026-02-25 10:40:26.935763638,medir,F02,False,paletizada,True,True,manha,13,148,False,0.49,0.32,0.36,0.0,0.58,1.75
R00455,2026-02-25 06:09:00.483321261,medir,F03,True,paletizada,True,True,manha,29,481,False,1.39,0.72,0.48,0.0,0.69,3.28
R00456,2026-02-25 13:00:31.590669873,medir,F11,False,paletizada,True,False,manha,9,150,False,0.8,0.55,0.52,0.0,1.3,3.17
R00457,2026-02-25 13:27:41.948245198,medir,F07,True,batida,True,True,manha,5,31,False,0.89,1.3,0.19,0.0,0.33,2.71
R00458,2026-02-25 15:01:30.751544920,medir,F02,False,paletizada,False,False,tarde,28,360,False,2.61,0.59,1.1,0.0,0.7,5.0
R00459,2026-02-25 15:57:02.165105797,medir,F01,False,paletizada,True,False,tarde,35,535,False,0.21,0.74,1.5,0.0,0.84,3.29
R00460,2026-02-25 13:38:04.998331906,medir,F03,True,batida,False,False,manha,42,622,True,0.67,1.99,1.12,0.39,0.6,4.77
R00461,2026-02-25 12:21:17.085319819,medir,F02,False,paletizada,False,False,manha,22,263,False,1.15,0.62,1.03,0.0,0.59,3.39
R00462,2026-02-25 11:02:28.360578656,medir,F09,False,paletizada,False,True,manha,19,212,False,3.15,0.52,0.41,0.0,0.97,5.05
R00463,2026-02-25 08:02:35.784773538,medir,F04,False,mista,False,False,manha,7,84,True,1.89,1.2,0.67,2.95,0.66,7.37
R00464,2026-02-25 11:44:09.642165363,medir,F10,False,paletizada,True,False,manha,57,558,False,1.2,0.7,1.4,0.0,1.74,5.04
R00465,2026-02-25 16:07:13.698531271,medir,F12,False,batida,True,True,tarde,43,512,False,0.34,1.98,0.65,0.0,0.98,3.95
R00466,2026-02-25 15:03:49.192317262,medir,F08,False,mista,True,False,tarde,3,49,False,0.46,1.04,0.55,0.0,1.42,3.47
R00467,2026-02-25 19:20:28.456524646,medir,F03,True,batida,True,False,tarde,57,506,True,0.69,2.42,1.03,2.45,1.01,7.6
R00468,2026-02-26 12:33:06.680077704,medir,F07,True,batida,False,False,manha,47,486,True,7.01,1.65,1.35,6.51,0.79,17.31
R00469,2026-02-26 12:31:44.416725009,medir,F02,False,paletizada,False,False,manha,56,935,False,1.39,0.97,1.66,0.0,0.14,4.16
R00470,2026-02-26 16:23:36.451454089,medir,F09,False,paletizada,False,False,tarde,49,827,False,4.49,0.94,1.0,0.0,1.04,7.47
R00471,2026-02-26 08:58:59.534144670,medir,F07,True,batida,False,False,manha,35,610,False,2.03,1.36,1.26,0.0,0.44,5.09
R00472,2026-02-26 17:29:49.355131167,medir,F02,False,mista,False,False,tarde,14,198,False,3.4,1.05,0.8,0.0,0.94,6.19
R00473,2026-02-26 12:59:02.822474810,medir,F04,False,batida,True,True,manha,29,419,False,0.34,2.43,0.4,0.0,0.52,3.69
R00474,2026-02-26 16:40:48.923086432,medir,F03,True,mista,False,False,tarde,56,559,True,1.67,0.94,1.58,6.97,1.64,12.8
R00475,2026-02-26 09:45:33.773037120,medir,F10,False,paletizada,True,False,manha,15,248,False,0.07,0.59,1.08,0.0,0.84,2.58
R00476,2026-02-26 13:59:02.381207316,medir,F04,False,paletizada,False,False,manha,10,59,False,5.48,0.38,0.64,0.0,0.26,6.76
R00477,2026-02-26 16:47:15.081619196,medir,F01,False,paletizada,False,False,tarde,45,285,False,5.81,0.45,1.57,0.0,0.29,8.12
R00478,2026-02-26 13:14:23.055987015,medir,F04,False,paletizada,False,False,manha,55,311,False,2.08,0.52,1.52,0.0,1.54,5.66
R00479,2026-02-26 08:09:18.665027946,medir,F01,False,paletizada,False,False,manha,4,39,False,1.16,0.37,0.49,0.0,1.08,3.1
R00480,2026-02-26 11:48:45.353780204,medir,F01,False,mista,True,False,manha,45,218,False,0.69,0.74,1.16,0.0,0.89,3.48
R00481,2026-02-26 14:35:21.522567987,medir,F03,True,batida,True,False,tarde,49,679,False,1.28,3.46,1.36,0.0,0.39,6.49
R00482,2026-02-26 08:22:59.713374525,medir,F03,True,batida,True,False,manha,58,380,False,0.75,1.79,2.14,0.0,1.12,5.8
R00483,2026-02-26 08:14:16.676427022,medir,F01,False,paletizada,True,False,manha,52,710,False,0.37,0.68,1.8,0.0,0.59,3.44
R00484,2026-02-26 13:37:35.006303071,medir,F02,False,mista,True,True,manha,59,702,False,1.03,1.46,0.73,0.0,1.49,4.71
R00485,2026-02-26 09:49:22.551858127,medir,F02,False,paletizada,True,False,manha,11,151,False,0.61,0.47,0.87,0.0,0.48,2.43
R00486,2026-02-26 15:03:20.911376638,medir,F02,False,batida,True,False,tarde,32,443,False,0.37,2.71,1.11,0.0,0.85,5.04
R00487,2026-02-26 09:06:03.117632576,medir,F03,True,batida,False,False,manha,50,750,False,1.0,2.05,1.3,0.0,1.0,5.35
R00488,2026-02-26 06:58:58.521090349,medir,F01,False,paletizada,False,False,manha,20,214,False,0.41,0.54,0.97,0.0,0.78,2.7
R00489,2026-02-26 10:22:55.145537032,medir,F01,False,paletizada,False,False,manha,48,575,False,3.05,0.69,1.21,0.0,1.39,6.34
R00490,2026-02-26 17:39:32.301675795,medir,F02,False,paletizada,False,False,tarde,55,413,False,1.26,0.62,1.17,0.0,1.21,4.26
R00491,2026-02-26 10:06:12.526834082,medir,F06,False,batida,False,False,manha,54,595,False,1.28,1.99,2.03,0.0,1.25,6.55
R00492,2026-02-26 12:51:16.925417960,medir,F10,False,batida,False,False,manha,20,105,False,3.94,1.79,0.62,0.0,0.88,7.23
R00493,2026-02-26 13:39:48.651382962,medir,F06,False,mista,False,False,manha,49,851,False,2.28,1.78,1.64,0.0,0.55,6.25
R00494,2026-02-26 09:49:38.504309880,medir,F01,False,paletizada,False,False,manha,21,357,False,3.02,0.51,0.68,0.0,0.85,5.06
R00495,2026-02-26 16:22:23.807270654,medir,F08,False,paletizada,True,False,tarde,54,272,False,1.18,0.48,1.56,0.0,0.58,3.8
R00496,2026-02-26 13:26:30.239926234,medir,F07,True,batida,True,True,manha,35,145,False,1.07,1.71,0.57,0.0,0.29,3.64
R00497,2026-02-26 14:18:08.109372430,medir,F08,False,paletizada,False,True,tarde,48,457,False,2.83,0.69,0.67,0.0,0.75,4.94
R00498,2026-02-26 07:28:51.225889983,medir,F06,False,paletizada,True,False,manha,11,125,False,0.51,0.5,0.46,0.0,0.16,1.63
R00499,2026-02-26 07:15:49.557118334,medir,F02,False,mista,False,False,manha,11,118,True,4.92,1.19,0.7,6.51,0.27,13.59
R00500,2026-02-26 06:00:00.000000000,medir,F03,True,batida,True,True,manha,28,244,False,0.23,1.4,0.52,0.0,1.02,3.17
R00501,2026-02-26 12:16:02.171912988,medir,F03,True,batida,True,False,manha,38,483,True,0.44,2.15,1.05,8.12,0.61,12.37
R00502,2026-02-26 12:08:26.696783508,medir,F01,False,batida,False,True,manha,10,96,False,12.64,1.76,0.34,0.0,0.6,15.34
R00503,2026-02-27 14:02:17.499367770,medir,F04,False,paletizada,False,False,tarde,56,354,False,6.31,0.82,2.67,0.0,0.36,10.16
R00504,2026-02-27 10:45:23.149662282,medir,F07,True,paletizada,True,False,manha,25,356,False,0.12,0.58,0.81,0.0,1.37,2.88
R00505,2026-02-27 12:04:27.410234916,medir,F11,False,mista,False,False,manha,22,385,False,1.07,1.25,0.79,0.0,0.91,4.02
R00506,2026-02-27 13:41:30.620254473,medir,F07,True,batida,True,True,manha,59,628,True,0.04,2.93,0.72,2.37,1.02,7.08
R00507,2026-02-27 13:13:46.438682476,medir,F06,False,paletizada,False,True,manha,36,215,False,2.93,0.49,0.54,0.0,1.04,5.0
R00508,2026-02-27 11:11:48.733339682,medir,F01,False,batida,False,False,manha,48,683,False,3.4,1.8,1.3,0.0,0.6,7.1
R00509,2026-02-27 09:29:01.429438430,medir,F01,False,paletizada,False,False,manha,16,185,False,2.71,0.62,0.84,0.0,0.49,4.66
R00510,2026-02-27 13:17:50.343162683,medir,F01,False,paletizada,False,True,manha,55,842,False,2.41,0.89,1.01,0.0,0.58,4.89
R00511,2026-02-27 13:39:31.268217358,medir,F01,False,paletizada,True,False,manha,12,150,False,0.65,0.46,0.58,0.0,1.08,2.77
R00512,2026-02-27 14:54:49.980432729,medir,F07,True,paletizada,False,True,tarde,42,681,False,1.4,0.93,0.5,0.0,0.41,3.24
R00513,2026-02-27 17:07:47.406730422,medir,F01,False,paletizada,False,False,tarde,42,176,False,3.74,0.52,0.94,0.0,0.79,5.99
R00514,2026-02-27 12:10:42.998952741,medir,F02,False,batida,False,False,manha,16,210,False,2.08,1.28,1.04,0.0,0.88,5.28
R00515,2026-02-27 06:50:05.827384039,medir,F03,True,batida,True,False,manha,50,621,False,0.27,2.32,1.99,0.0,0.98,5.56
R00516,2026-02-27 12:43:00.468027015,medir,F01,False,paletizada,False,False,manha,21,313,False,7.32,0.56,0.69,0.0,0.93,9.5
R00517,2026-02-27 07:18:27.847795273,medir,F02,False,mista,True,False,manha,39,275,False,0.44,1.61,0.94,0.0,0.35,3.34
R00518,2026-02-27 09:05:09.603820482,medir,F02,False,paletizada,False,False,manha,23,281,True,1.84,0.55,1.0,3.45,1.72,8.56
R00519,2026-02-27 16:26:42.704943662,medir,F03,True,mista,True,False,tarde,7,54,False,0.57,0.9,0.81,0.0,0.55,2.83
R00520,2026-02-27 14:58:22.754500129,medir,F01,False,paletizada,False,True,tarde,14,204,True,1.94,0.56,0.49,2.09,1.07,6.15
R00521,2026-02-27 11:07:28.446417249,medir,F01,False,mista,True,True,manha,18,92,False,0.73,1.02,0.46,0.0,0.73,2.94
R00522,2026-02-27 11:09:13.331873516,medir,F09,False,batida,False,False,manha,29,180,False,1.98,1.39,1.26,0.0,0.69,5.32
R00523,2026-02-27 12:53:24.342238654,medir,F06,False,paletizada,True,True,manha,24,414,False,0.52,0.63,0.53,0.0,0.56,2.24
R00524,2026-02-27 07:35:35.368471662,medir,F07,True,batida,True,True,manha,48,688,False,0.34,2.04,0.67,0.0,1.51,4.56
R00525,2026-02-27 14:42:03.206547860,medir,F02,False,batida,False,True,tarde,28,211,False,2.09,2.72,0.79,0.0,0.63,6.23
R00526,2026-02-28 06:08:36.709043146,medir,F06,False,batida,False,False,manha,32,294,False,0.4,1.85,0.94,0.0,1.12,4.31
R00527,2026-02-28 13:57:33.924404178,medir,F09,False,batida,True,False,manha,30,394,False,0.06,1.53,0.85,0.0,1.51,3.95
R00528,2026-02-28 11:35:47.940014097,medir,F01,False,batida,True,False,manha,49,563,False,0.5,1.68,1.26,0.0,0.42,3.86
R00529,2026-02-28 17:03:03.534984378,medir,F08,False,paletizada,False,False,tarde,16,89,False,2.59,0.28,0.85,0.0,0.51,4.23
R00530,2026-02-28 17:37:00.753421832,medir,F08,False,batida,True,True,tarde,33,476,False,0.95,2.69,0.78,0.0,1.1,5.52
R00531,2026-02-28 20:30:11.260380848,medir,F05,False,paletizada,False,False,tarde,58,635,False,8.72,0.62,2.27,0.0,0.99,12.6
R00532,2026-02-28 15:33:14.808869532,medir,F03,True,batida,False,False,tarde,38,646,True,2.87,2.33,1.36,4.01,0.72,11.29
R00533,2026-02-28 15:53:52.147242484,medir,F04,False,mista,False,False,tarde,4,66,False,4.93,1.03,0.71,0.0,0.15,6.82
R00534,2026-02-28 09:54:59.556098642,medir,F01,False,paletizada,True,False,manha,29,162,False,1.05,0.43,1.12,0.0,0.73,3.33
R00535,2026-02-28 13:30:46.375896106,medir,F06,False,paletizada,True,False,manha,6,46,False,0.26,0.43,0.79,0.0,0.69,2.17
R00536,2026-02-28 09:15:12.336552630,medir,F04,False,paletizada,True,False,manha,25,344,True,0.7,0.57,1.04,9.18,0.66,12.15
R00537,2026-02-28 16:09:37.325713640,medir,F04,False,paletizada,False,True,tarde,26,177,False,12.29,0.45,0.56,0.0,0.29,13.59
R00538,2026-02-28 09:23:06.165604309,medir,F06,False,mista,False,True,manha,44,684,False,16.98,1.27,0.66,0.0,1.36,20.27
R00539,2026-02-28 12:33:31.485286857,medir,F01,False,paletizada,False,False,manha,38,510,False,4.92,0.67,1.27,0.0,0.32,7.18
R00540,2026-03-02 08:56:41.031665091,medir,F01,False,mista,False,False,manha,37,516,False,2.08,0.81,1.21,0.0,1.05,5.15
R00541,2026-03-02 10:29:54.002911516,medir,F05,False,batida,False,False,manha,59,623,False,7.4,2.12,2.06,0.0,1.05,12.63
R00542,2026-03-02 08:17:25.704931578,medir,F07,True,batida,True,False,manha,58,315,False,0.29,1.9,1.26,0.0,0.91,4.36
R00543,2026-03-02 07:41:34.722823848,medir,F10,False,batida,True,True,manha,24,386,False,1.1,2.52,0.35,0.0,0.28,4.25
R00544,2026-03-02 08:34:10.202674526,medir,F01,False,paletizada,False,False,manha,44,303,False,2.09,0.55,1.54,0.0,0.37,4.55
R00545,2026-03-02 07:47:36.349715223,medir,F01,False,paletizada,False,False,manha,45,309,False,1.9,0.44,0.8,0.0,0.55,3.69
R00546,2026-03-02 12:24:50.697354074,medir,F03,True,paletizada,False,False,manha,9,52,False,3.23,0.41,0.99,0.0,0.51,5.14
R00547,2026-03-02 14:24:50.105264688,medir,F06,False,mista,False,False,tarde,23,204,False,2.42,0.79,0.88,0.0,1.22,5.31
R00548,2026-03-02 15:04:44.167589076,medir,F01,False,paletizada,False,False,tarde,57,549,True,2.12,0.6,1.91,4.36,1.09,10.08
R00549,2026-03-02 12:56:47.613906189,medir,F12,False,batida,True,False,manha,34,230,False,0.2,1.93,1.73,0.0,0.8,4.66
R00550,2026-03-02 10:47:42.943845548,medir,F06,False,paletizada,False,False,manha,5,31,True,2.02,0.37,0.45,1.14,1.01,4.99
R00551,2026-03-02 12:58:40.927491652,medir,F01,False,paletizada,True,False,manha,32,330,False,0.3,0.59,0.92,0.0,0.68,2.49
R00552,2026-03-02 14:53:33.310338871,medir,F06,False,mista,True,True,tarde,5,21,False,0.63,0.62,0.47,0.0,0.63,2.35
R00553,2026-03-02 12:01:59.418797055,medir,F03,True,paletizada,True,True,manha,19,207,False,0.58,0.83,0.42,0.0,0.57,2.4
R00554,2026-03-02 13:11:04.752349792,medir,F01,False,paletizada,False,False,manha,44,242,True,4.12,0.67,1.34,2.58,0.69,9.4
R00555,2026-03-02 11:59:56.392415754,medir,F05,False,paletizada,True,False,manha,43,252,True,0.93,0.61,1.42,4.08,0.44,7.48
R00556,2026-03-02 11:16:43.046199915,medir,F06,False,mista,True,True,manha,55,312,False,0.62,0.8,0.99,0.0,0.63,3.04
R00557,2026-03-02 13:07:12.450076701,medir,F05,False,mista,True,True,manha,53,840,False,0.68,0.94,1.02,0.0,1.28,3.92
R00558,2026-03-02 09:19:27.439705862,medir,F02,False,mista,False,True,manha,39,601,False,1.35,1.02,0.65,0.0,0.19,3.21
R00559,2026-03-02 16:28:33.354498781,medir,F01,False,paletizada,False,False,tarde,25,445,False,2.4,0.6,0.93,0.0,0.58,4.51
R00560,2026-03-02 07:51:05.730328368,medir,F01,False,paletizada,True,False,manha,52,795,True,0.23,1.11,1.53,1.92,2.28,7.07
R00561,2026-03-02 14:31:34.819650750,medir,F01,False,mista,False,True,tarde,53,587,False,4.3,1.55,0.83,0.0,1.0,7.68
R00562,2026-03-02 08:30:44.306803630,medir,F02,False,batida,False,True,manha,39,371,False,1.82,1.76,0.84,0.0,0.79,5.21
R00563,2026-03-02 17:59:08.271187692,medir,F02,False,paletizada,False,False,tarde,47,573,False,1.48,0.83,1.48,0.0,0.53,4.32
R00564,2026-03-02 15:52:11.590741441,medir,F01,False,paletizada,False,True,tarde,7,90,False,6.05,0.59,0.46,0.0,0.57,7.67
R00565,2026-03-02 10:19:38.129181240,medir,F08,False,paletizada,False,True,manha,9,161,False,2.77,0.48,0.29,0.0,1.55,5.09
R00566,2026-03-02 11:31:14.282491224,medir,F01,False,mista,False,False,manha,38,330,False,6.7,1.39,1.4,0.0,1.31,10.8
R00567,2026-03-02 09:17:00.506913464,medir,F01,False,mista,False,False,manha,7,117,False,5.21,1.04,0.92,0.0,1.26,8.43
R00568,2026-03-02 12:48:36.416527815,medir,F01,False,mista,False,False,manha,46,796,False,1.87,1.16,1.85,0.0,1.19,6.07
R00569,2026-03-02 14:21:27.231820221,medir,F03,True,batida,True,True,tarde,41,712,False,0.33,1.69,0.71,0.0,0.64,3.37
R00570,2026-03-03 11:40:36.405844374,medir,F08,False,paletizada,True,False,manha,31,443,False,0.25,0.63,0.87,0.0,1.02,2.77
R00571,2026-03-03 10:01:15.593374009,medir,F11,False,paletizada,False,True,manha,13,82,False,1.13,0.48,0.2,0.0,0.74,2.55
R00572,2026-03-03 17:03:39.681745840,medir,F03,True,batida,False,False,tarde,32,318,True,4.75,1.73,1.46,12.85,0.69,21.48
R00573,2026-03-03 12:28:27.933808321,medir,F08,False,paletizada,True,False,manha,9,61,False,0.29,0.64,0.87,0.0,1.12,2.92
R00574,2026-03-03 13:53:56.151310290,medir,F01,False,paletizada,False,True,manha,37,550,False,1.45,0.78,0.46,0.0,0.6,3.29
R00575,2026-03-03 16:16:06.840778583,medir,F03,True,batida,False,True,tarde,52,741,False,7.09,2.39,0.67,0.0,0.72,10.87
R00576,2026-03-03 08:50:02.264521894,medir,F08,False,mista,False,False,manha,12,204,False,3.4,0.7,0.78,0.0,1.31,6.19
R00577,2026-03-03 10:05:39.417280368,medir,F01,False,paletizada,True,False,manha,37,489,False,0.15,0.69,1.16,0.0,0.57,2.57
R00578,2026-03-03 21:21:46.290582068,medir,F12,False,mista,True,True,tarde,7,68,False,0.69,0.84,0.27,0.0,0.57,2.37
R00579,2026-03-03 12:36:41.551143674,medir,F03,True,batida,True,True,manha,25,419,False,0.62,2.21,0.45,0.0,0.18,3.46
R00580,2026-03-03 09:41:52.484827693,medir,F03,True,batida,True,False,manha,43,403,False,0.08,2.49,1.3,0.0,0.37,4.24
R00581,2026-03-03 12:17:33.951003450,medir,F10,False,mista,False,False,manha,29,415,False,1.17,0.96,0.97,0.0,0.71,3.81
R00582,2026-03-03 11:14:31.594493562,medir,F10,False,paletizada,False,True,manha,44,311,True,3.48,0.58,0.72,1.22,1.28,7.28
R00583,2026-03-03 09:04:57.361383595,medir,F01,False,paletizada,False,False,manha,59,465,False,1.88,0.74,1.61,0.0,1.27,5.5
R00584,2026-03-03 11:47:04.403572587,medir,F03,True,paletizada,True,True,manha,59,736,False,0.46,0.79,0.73,0.0,0.5,2.48
R00585,2026-03-03 13:03:54.273579987,medir,F06,False,paletizada,False,False,manha,21,170,False,2.66,0.46,0.93,0.0,0.32,4.37
R00586,2026-03-03 13:05:09.210906819,medir,F03,True,batida,True,False,manha,31,497,True,0.77,1.64,0.81,3.27,0.66,7.15
R00587,2026-03-03 14:54:16.348819680,medir,F10,False,batida,False,True,tarde,53,595,False,2.36,1.83,1.05,0.0,0.67,5.91
R00588,2026-03-03 07:25:14.585216379,medir,F01,False,batida,True,False,manha,6,102,False,0.32,1.37,0.44,0.0,0.63,2.76
R00589,2026-03-03 08:12:11.385125672,medir,F11,False,batida,False,False,manha,33,410,False,1.98,2.53,1.15,0.0,2.19,7.85
R00590,2026-03-03 15:43:53.045524855,medir,F05,False,paletizada,True,True,tarde,7,84,False,0.77,0.46,0.34,0.0,0.79,2.36
R00591,2026-03-03 11:40:19.723932084,medir,F05,False,paletizada,False,False,manha,6,67,False,3.4,0.33,0.68,0.0,0.88,5.29
R00592,2026-03-03 17:08:20.875242105,medir,F05,False,paletizada,False,False,tarde,58,390,False,2.92,0.6,1.76,0.0,0.82,6.1
R00593,2026-03-04 10:59:16.133818185,medir,F03,True,paletizada,False,False,manha,53,595,False,4.22,0.76,1.38,0.0,1.67,8.03
R00594,2026-03-04 15:01:13.479455002,medir,F01,False,paletizada,False,False,tarde,47,842,False,2.23,0.78,2.06,0.0,0.84,5.91
R00595,2026-03-04 12:08:27.426154164,medir,F04,False,paletizada,False,False,manha,40,389,False,1.68,0.62,1.11,0.0,0.48,3.89
R00596,2026-03-04 10:53:42.839507929,medir,F04,False,paletizada,False,False,manha,15,234,False,0.92,0.49,1.01,0.0,1.56,3.98
R00597,2026-03-04 17:55:32.343469280,medir,F07,True,mista,True,True,tarde,55,679,False,0.82,0.93,0.76,0.0,1.22,3.73
R00598,2026-03-04 14:05:23.265239524,medir,F04,False,mista,False,False,tarde,34,517,False,5.68,1.12,1.37,0.0,0.88,9.05
R00599,2026-03-04 06:35:20.776188847,medir,F01,False,paletizada,False,False,manha,30,478,False,0.54,0.52,1.08,0.0,1.05,3.19
R00600,2026-03-04 12:16:07.938709273,medir,F03,True,paletizada,False,True,manha,21,274,False,4.2,0.56,0.34,0.0,0.66,5.76
R00601,2026-03-04 10:06:31.664772889,medir,F01,False,batida,False,True,manha,22,196,False,1.69,1.85,0.43,0.0,0.84,4.81
R00602,2026-03-04 09:09:16.456334803,medir,F02,False,batida,False,True,manha,59,728,False,1.91,2.75,1.28,0.0,0.37,6.31
R00603,2026-03-04 11:09:52.543625151,medir,F07,True,batida,True,False,manha,25,377,False,0.46,1.94,0.97,0.0,1.31,4.68
R00604,2026-03-04 11:29:58.666640398,medir,F11,False,mista,True,False,manha,57,883,False,0.45,1.43,1.84,0.0,0.88,4.6
R00605,2026-03-04 13:07:03.538292858,medir,F09,False,mista,False,False,manha,59,758,True,1.49,1.21,1.57,2.73,0.53,7.53
R00606,2026-03-04 10:29:52.470731536,medir,F02,False,paletizada,False,False,manha,16,166,False,9.84,0.45,0.8,0.0,1.43,12.52
R00607,2026-03-04 07:06:37.948955248,medir,F03,True,batida,True,False,manha,35,181,True,0.1,1.36,1.28,2.27,1.36,6.37
R00608,2026-03-04 11:18:47.404326031,medir,F08,False,mista,False,True,manha,38,214,False,5.07,1.26,0.69,0.0,1.3,8.32
R00609,2026-03-04 15:47:56.543512912,medir,F08,False,batida,False,False,tarde,51,665,False,1.91,2.21,2.37,0.0,0.81,7.3
R00610,2026-03-04 08:40:51.464960119,medir,F01,False,batida,True,False,manha,7,67,True,2.2,1.59,0.64,1.26,1.02,6.71
R00611,2026-03-04 14:58:18.232940866,medir,F02,False,paletizada,True,False,tarde,14,189,False,0.4,0.52,0.75,0.0,0.43,2.1
R00612,2026-03-04 14:27:53.329130935,medir,F04,False,batida,False,True,tarde,34,384,False,4.02,1.81,0.52,0.0,0.58,6.93
R00613,2026-03-04 11:35:17.246138820,medir,F01,False,batida,False,False,manha,53,508,False,3.48,1.76,1.2,0.0,0.44,6.88
R00614,2026-03-04 13:59:25.529352849,medir,F01,False,paletizada,True,False,manha,59,405,False,0.28,0.63,1.22,0.0,1.08,3.21
R00615,2026-03-04 10:37:54.851334160,medir,F02,False,batida,True,False,manha,41,650,False,0.14,2.76,1.51,0.0,0.58,4.99
R00616,2026-03-04 11:44:20.262789474,medir,F04,False,mista,False,False,manha,10,78,False,5.29,0.88,0.48,0.0,0.82,7.47
R00617,2026-03-04 09:46:00.848304998,medir,F06,False,paletizada,True,True,manha,15,193,False,0.15,0.38,0.53,0.0,0.64,1.7
R00618,2026-03-05 12:54:14.005490061,medir,F01,False,paletizada,True,False,manha,44,657,False,0.74,0.55,1.43,0.0,0.32,3.04
R00619,2026-03-05 10:22:34.498305127,medir,F11,False,batida,True,True,manha,58,649,False,0.55,2.18,0.96,0.0,1.14,4.83
R00620,2026-03-05 14:40:48.767286849,medir,F10,False,mista,True,False,tarde,11,166,False,0.32,0.68,0.65,0.0,1.05,2.7
R00621,2026-03-05 12:12:28.211801644,medir,F02,False,batida,False,False,manha,15,225,False,0.86,1.01,0.76,0.0,0.23,2.86
R00622,2026-03-05 14:13:57.520552652,medir,F11,False,paletizada,False,True,tarde,26,387,False,3.83,0.72,0.4,0.0,1.26,6.21
R00623,2026-03-05 12:07:29.040234106,medir,F04,False,mista,False,False,manha,17,159,False,2.95,1.09,1.1,0.0,0.25,5.39
R00624,2026-03-05 15:22:25.121422182,medir,F04,False,paletizada,False,False,tarde,8,65,False,1.66,0.46,0.58,0.0,0.86,3.56
R00625,2026-03-05 12:32:34.292692503,medir,F07,True,batida,False,True,manha,40,286,False,4.25,2.09,0.63,0.0,1.24,8.21
R00626,2026-03-05 12:56:10.792142343,medir,F10,False,batida,True,False,manha,23,243,False,0.13,1.5,1.33,0.0,0.94,3.9
R00627,2026-03-05 11:10:02.621815687,medir,F02,False,paletizada,False,False,manha,3,37,False,1.92,0.54,0.53,0.0,1.97,4.96
R00628,2026-03-05 13:25:44.859184510,medir,F01,False,paletizada,False,False,manha,35,562,False,1.73,0.59,0.87,0.0,1.11,4.3
R00629,2026-03-05 07:17:55.815165682,medir,F08,False,mista,False,False,manha,40,719,False,1.84,1.8,1.07,0.0,0.67,5.38
R00630,2026-03-05 21:30:18.910515002,medir,F03,True,paletizada,True,False,tarde,19,270,False,0.71,0.55,0.81,0.0,1.52,3.59
R00631,2026-03-05 10:47:35.329050643,medir,F04,False,mista,False,False,manha,19,227,False,3.18,0.68,1.25,0.0,0.99,6.1
R00632,2026-03-05 13:17:11.514889517,medir,F03,True,batida,False,False,manha,3,24,True,4.35,2.23,0.58,8.15,0.58,15.89
R00633,2026-03-05 11:27:06.460441459,medir,F09,False,mista,True,False,manha,31,377,False,0.66,1.65,1.06,0.0,0.56,3.93
R00634,2026-03-05 11:24:24.308585121,medir,F04,False,paletizada,False,True,manha,27,215,False,1.17,0.48,0.61,0.0,0.74,3.0
R00635,2026-03-05 14:15:14.964451765,medir,F06,False,batida,False,False,tarde,56,906,False,4.35,2.78,2.09,0.0,1.62,10.84
R00636,2026-03-05 11:19:53.593134834,medir,F07,True,batida,False,True,manha,46,331,False,0.61,1.86,0.61,0.0,1.94,5.02
R00637,2026-03-05 11:35:42.420409119,medir,F01,False,mista,True,True,manha,44,428,False,0.27,0.98,0.91,0.0,0.61,2.77
R00638,2026-03-05 08:33:15.598812650,medir,F04,False,batida,False,False,manha,24,171,False,5.34,1.02,1.16,0.0,0.62,8.14
R00639,2026-03-05 10:00:26.780270702,medir,F04,False,paletizada,True,False,manha,43,303,True,0.4,0.69,1.48,7.41,0.76,10.74
R00640,2026-03-05 09:13:15.329491179,medir,F01,False,paletizada,False,True,manha,47,691,False,4.56,0.7,0.44,0.0,1.69,7.39
R00641,2026-03-05 18:43:35.321579659,medir,F01,False,paletizada,True,False,tarde,46,314,False,0.35,0.59,1.47,0.0,1.23,3.64
R00642,2026-03-05 08:41:29.756498546,medir,F01,False,batida,False,True,manha,25,213,False,1.6,1.45,0.66,0.0,1.86,5.57
R00643,2026-03-05 09:31:29.821213228,medir,F03,True,batida,True,False,manha,56,258,False,0.09,1.55,1.52,0.0,1.07,4.23
R00644,2026-03-05 13:34:32.709184604,medir,F07,True,batida,True,False,manha,34,570,True,0.75,2.64,1.87,2.48,0.38,8.12
R00645,2026-03-05 17:31:38.294624740,medir,F02,False,mista,True,False,tarde,35,580,False,0.08,1.1,1.21,0.0,0.72,3.11
R00646,2026-03-05 07:32:16.089795466,medir,F09,False,mista,False,True,manha,20,185,False,1.86,0.9,0.36,0.0,0.58,3.7
R00647,2026-03-05 08:00:02.768299110,medir,F01,False,mista,True,False,manha,45,760,False,0.46,1.03,1.57,0.0,0.57,3.63
R00648,2026-03-06 15:28:30.212361051,medir,F05,False,paletizada,False,False,tarde,7,119,False,4.63,0.58,0.77,0.0,0.4,6.38
R00649,2026-03-06 15:57:10.194800256,medir,F01,False,paletizada,True,False,tarde,41,697,False,1.08,0.66,0.79,0.0,0.74,3.27
R00650,2026-03-06 15:13:48.620052033,medir,F01,False,paletizada,True,False,tarde,21,179,True,0.26,0.56,0.74,3.73,0.87,6.16
R00651,2026-03-06 11:11:04.303026870,medir,F04,False,paletizada,True,False,manha,11,151,False,0.22,0.45,1.09,0.0,1.12,2.88
R00652,2026-03-06 09:24:08.541430452,medir,F05,False,batida,False,False,manha,57,642,False,1.14,2.73,1.87,0.0,0.77,6.51
R00653,2026-03-06 10:26:54.864658478,medir,F11,False,mista,False,True,manha,43,506,False,8.29,1.53,0.52,0.0,0.4,10.74
R00654,2026-03-06 11:27:02.651111834,medir,F06,False,paletizada,True,False,manha,16,216,False,0.18,0.54,0.81,0.0,0.54,2.07
R00655,2026-03-06 13:00:57.373763475,medir,F05,False,paletizada,False,False,manha,7,57,True,3.55,0.51,0.76,13.48,2.17,20.47
R00656,2026-03-06 12:43:06.396097270,medir,F04,False,mista,True,False,manha,49,380,False,0.48,1.09,1.65,0.0,1.21,4.43
R00657,2026-03-06 16:35:29.318132828,medir,F02,False,paletizada,False,False,tarde,40,391,False,2.19,0.56,1.24,0.0,1.88,5.87
R00658,2026-03-06 12:39:42.595972876,medir,F02,False,mista,True,True,manha,28,203,False,0.33,0.77,0.45,0.0,1.02,2.57
R00659,2026-03-06 18:52:25.169931249,medir,F05,False,paletizada,True,False,tarde,59,947,False,0.85,0.91,1.99,0.0,0.45,4.2
R00660,2026-03-06 16:22:28.103953591,medir,F01,False,mista,False,False,tarde,42,383,False,1.21,1.08,1.34,0.0,0.47,4.1
R00661,2026-03-06 11:25:13.459794927,medir,F02,False,mista,False,True,manha,35,159,False,4.37,0.9,0.71,0.0,0.85,6.83
R00662,2026-03-06 15:49:08.362491589,medir,F01,False,mista,True,True,tarde,49,630,False,1.0,1.2,0.8,0.0,0.74,3.74
R00663,2026-03-06 06:00:00.000000000,medir,F01,False,paletizada,True,False,manha,39,694,True,0.61,0.73,1.16,5.08,0.72,8.3
R00664,2026-03-06 17:30:43.999843773,medir,F03,True,paletizada,False,False,tarde,8,93,True,4.34,0.35,0.88,6.48,1.02,13.07
R00665,2026-03-06 14:20:52.257457939,medir,F02,False,batida,False,False,tarde,29,231,False,3.28,1.69,0.98,0.0,0.27,6.22
R00666,2026-03-06 14:18:01.506311701,medir,F04,False,batida,True,False,tarde,17,283,False,0.83,2.55,0.92,0.0,1.4,5.7
R00667,2026-03-06 07:29:04.774682310,medir,F03,True,batida,True,True,manha,53,679,False,1.5,2.04,0.69,0.0,0.64,4.87
R00668,2026-03-06 21:15:16.777954897,medir,F01,False,paletizada,False,False,tarde,9,114,False,10.7,0.63,0.65,0.0,1.25,13.23
R00669,2026-03-06 12:09:57.686389682,medir,F08,False,mista,True,True,manha,54,564,False,0.43,0.95,0.75,0.0,0.66,2.79
R00670,2026-03-06 12:31:48.675265942,medir,F01,False,paletizada,True,False,manha,25,370,False,0.15,0.47,0.87,0.0,1.21,2.7
R00671,2026-03-06 16:41:07.662894946,medir,F01,False,batida,False,True,tarde,41,549,False,3.54,2.13,0.69,0.0,1.71,8.07
R00672,2026-03-06 12:21:52.166930889,medir,F01,False,mista,False,False,manha,11,128,False,1.72,1.16,0.94,0.0,0.4,4.22
R00673,2026-03-06 10:12:48.995231101,medir,F07,True,paletizada,True,False,manha,12,104,True,0.33,0.39,1.08,3.12,0.69,5.61
R00674,2026-03-06 15:09:19.431110973,medir,F02,False,paletizada,False,False,tarde,55,824,False,1.97,0.88,2.14,0.0,1.0,5.99
R00675,2026-03-06 09:40:47.244953366,medir,F10,False,batida,True,True,manha,33,553,False,0.83,2.56,0.56,0.0,1.61,5.56
R00676,2026-03-06 15:25:51.262652881,medir,F02,False,mista,False,False,tarde,47,248,False,1.29,1.31,1.93,0.0,1.47,6.0
R00677,2026-03-06 13:26:59.360171290,medir,F03,True,batida,False,True,manha,57,249,False,3.11,1.87,0.89,0.0,0.59,6.46
R00678,2026-03-06 16:41:19.845623292,medir,F06,False,paletizada,True,True,tarde,36,194,False,0.23,0.49,0.88,0.0,0.77,2.37
R00679,2026-03-06 09:02:05.239719564,medir,F10,False,batida,False,False,manha,36,584,False,2.65,1.48,0.95,0.0,0.84,5.92
R00680,2026-03-06 17:04:34.399347618,medir,F10,False,paletizada,True,True,tarde,13,164,False,1.09,0.48,0.51,0.0,1.61,3.69
R00681,2026-03-06 13:57:39.256225315,medir,F02,False,batida,False,False,manha,51,488,False,1.33,2.18,1.35,0.0,0.29,5.15
R00682,2026-03-06 19:27:40.269141943,medir,F05,False,paletizada,True,False,tarde,15,265,False,0.16,0.7,1.01,0.0,0.75,2.62
R00683,2026-03-06 10:52:01.375782344,medir,F01,False,batida,False,False,manha,56,964,False,1.48,1.79,1.47,0.0,0.71,5.45
R00684,2026-03-06 19:04:38.254770080,medir,F04,False,paletizada,True,True,tarde,36,358,False,0.19,0.5,0.73,0.0,1.11,2.53
R00685,2026-03-06 15:18:08.736173683,medir,F05,False,paletizada,False,False,tarde,33,303,False,1.43,0.46,1.1,0.0,1.31,4.3
R00686,2026-03-07 13:26:16.604245482,medir,F06,False,paletizada,True,True,manha,54,439,False,0.41,0.51,0.8,0.0,1.24,2.96
R00687,2026-03-07 14:57:47.162477613,medir,F10,False,paletizada,True,True,tarde,48,812,False,0.29,0.61,0.79,0.0,2.38,4.07
R00688,2026-03-07 15:38:52.322540348,medir,F01,False,paletizada,False,False,tarde,24,200,False,1.49,0.69,0.83,0.0,0.76,3.77
R00689,2026-03-07 15:02:35.088165538,medir,F05,False,paletizada,False,False,tarde,26,122,False,2.21,0.52,1.07,0.0,0.49,4.29
R00690,2026-03-07 11:24:50.014763067,medir,F01,False,paletizada,False,False,manha,51,294,False,0.46,0.42,1.45,0.0,0.94,3.27
R00691,2026-03-07 10:05:41.715295771,medir,F02,False,batida,False,False,manha,54,939,False,2.72,2.14,1.32,0.0,0.97,7.15
R00692,2026-03-07 15:18:47.789624192,medir,F05,False,paletizada,False,False,tarde,4,39,False,4.14,0.5,0.45,0.0,0.41,5.5
R00693,2026-03-07 15:33:36.316336849,medir,F01,False,paletizada,True,False,tarde,58,531,False,0.38,0.57,2.49,0.0,0.8,4.24
R00694,2026-03-07 14:16:55.409684127,medir,F05,False,paletizada,False,True,tarde,46,767,False,2.84,0.85,0.74,0.0,0.84,5.27
R00695,2026-03-07 12:32:21.703969392,medir,F07,True,paletizada,True,True,manha,57,905,True,1.02,1.15,0.68,0.87,0.66,4.38
R00696,2026-03-07 15:52:51.240019738,medir,F05,False,paletizada,True,False,tarde,6,45,False,0.49,0.6,0.58,0.0,1.3,2.97
R00697,2026-03-09 08:37:40.269083574,medir,F03,True,batida,True,True,manha,4,55,False,0.11,1.56,0.28,0.0,0.45,2.4
R00698,2026-03-09 16:33:44.252882758,medir,F12,False,batida,False,True,tarde,24,101,False,2.99,3.15,0.51,0.0,1.08,7.73
R00699,2026-03-09 11:39:19.045778256,medir,F04,False,paletizada,True,False,manha,53,301,False,0.88,0.62,1.58,0.0,0.75,3.83
R00700,2026-03-09 13:24:31.262297497,medir,F09,False,paletizada,False,False,manha,49,859,False,1.61,0.8,1.11,0.0,0.59,4.11
R00701,2026-03-09 13:53:40.051686915,medir,F01,False,paletizada,True,False,manha,45,529,False,0.31,0.62,0.86,0.0,1.27,3.06
R00702,2026-03-09 12:27:19.200216240,medir,F01,False,paletizada,True,False,manha,30,229,False,0.28,0.45,1.23,0.0,0.58,2.54
R00703,2026-03-09 15:23:12.401929431,medir,F02,False,paletizada,False,False,tarde,8,38,False,3.63,0.44,0.59,0.0,0.85,5.51
R00704,2026-03-09 10:47:39.666948000,medir,F08,False,paletizada,True,False,manha,15,160,True,0.38,0.48,0.86,1.94,0.99,4.65
R00705,2026-03-09 14:05:19.383001162,medir,F03,True,batida,False,False,tarde,36,307,False,3.07,1.43,1.14,0.0,0.65,6.29
R00706,2026-03-09 16:43:26.685442354,medir,F04,False,paletizada,False,True,tarde,42,259,False,2.23,0.44,0.64,0.0,1.44,4.75
R00707,2026-03-09 13:36:05.937857125,medir,F02,False,batida,False,False,manha,27,349,True,2.42,1.68,1.34,1.61,0.74,7.79
R00708,2026-03-09 13:19:16.704615064,medir,F02,False,paletizada,False,False,manha,49,319,False,1.67,0.52,1.17,0.0,1.23,4.59
R00709,2026-03-09 11:52:19.785998467,medir,F02,False,batida,False,True,manha,34,587,False,2.78,1.93,0.58,0.0,1.08,6.37
R00710,2026-03-09 13:06:29.204944038,medir,F02,False,paletizada,False,False,manha,26,188,False,9.05,0.43,0.82,0.0,0.67,10.97
R00711,2026-03-09 15:03:42.072703822,medir,F01,False,paletizada,True,False,tarde,17,280,False,0.17,0.6,0.84,0.0,1.43,3.04
R00712,2026-03-09 12:08:52.319870790,medir,F05,False,mista,False,False,manha,10,90,True,2.27,1.16,0.76,2.71,0.33,7.23
R00713,2026-03-09 07:36:05.499610128,medir,F02,False,paletizada,False,True,manha,14,113,False,1.8,0.46,0.44,0.0,1.36,4.06
R00714,2026-03-09 13:26:28.600416466,medir,F10,False,paletizada,False,False,manha,45,658,False,0.86,0.56,1.43,0.0,0.6,3.45
R00715,2026-03-09 12:26:56.901031098,medir,F04,False,paletizada,False,True,manha,55,609,False,3.24,0.69,0.61,0.0,0.91,5.45
R00716,2026-03-09 14:24:19.558816293,medir,F01,False,batida,False,True,tarde,42,251,False,4.31,2.16,0.7,0.0,0.23,7.4
R00717,2026-03-10 09:09:14.692990032,medir,F02,False,mista,False,True,manha,44,249,False,3.28,1.58,0.87,0.0,1.65,7.38
R00718,2026-03-10 13:57:41.721254100,medir,F01,False,paletizada,False,False,manha,10,87,False,1.7,0.51,0.77,0.0,0.51,3.49
R00719,2026-03-10 16:29:32.536420746,medir,F04,False,paletizada,True,True,tarde,13,59,False,0.67,0.42,0.46,0.0,0.59,2.14
R00720,2026-03-10 09:37:04.299765877,medir,F02,False,mista,False,False,manha,42,278,False,5.2,1.36,1.45,0.0,1.68,9.69
R00721,2026-03-10 11:20:12.898536590,medir,F03,True,batida,True,False,manha,30,198,False,0.15,2.54,1.11,0.0,0.36,4.16
R00722,2026-03-10 18:09:34.098312556,medir,F01,False,paletizada,True,False,tarde,17,197,False,0.61,0.47,0.73,0.0,0.29,2.1
R00723,2026-03-10 09:40:50.223208414,medir,F06,False,batida,False,False,manha,30,299,False,1.91,2.05,0.67,0.0,0.72,5.35
R00724,2026-03-10 10:50:38.642892442,medir,F09,False,mista,True,True,manha,30,166,False,0.23,0.88,0.62,0.0,1.31,3.04
R00725,2026-03-10 13:40:11.456535554,medir,F06,False,paletizada,True,False,manha,23,412,False,0.43,0.7,0.94,0.0,0.65,2.72
R00726,2026-03-10 11:57:57.969939589,medir,F01,False,mista,True,False,manha,33,479,False,1.02,0.88,1.7,0.0,0.63,4.23
R00727,2026-03-10 10:19:01.356739528,medir,F02,False,paletizada,False,False,manha,31,421,True,3.76,0.59,0.77,5.77,0.74,11.63
R00728,2026-03-10 17:51:30.149070847,medir,F01,False,paletizada,False,False,tarde,58,756,False,1.95,0.62,1.95,0.0,1.0,5.52
R00729,2026-03-10 11:08:57.794739154,medir,F12,False,paletizada,False,False,manha,23,327,False,4.42,0.62,0.8,0.0,0.43,6.27
R00730,2026-03-10 13:57:26.769714120,medir,F03,True,paletizada,True,True,manha,41,277,False,1.11,0.37,0.66,0.0,0.68,2.82
R00731,2026-03-10 11:40:23.903100307,medir,F01,False,paletizada,False,False,manha,45,640,False,1.58,0.63,1.18,0.0,0.54,3.93
R00732,2026-03-10 12:13:51.448582117,medir,F07,True,batida,False,False,manha,28,256,False,0.35,2.05,1.13,0.0,0.65,4.18
R00733,2026-03-10 08:42:44.438814360,medir,F01,False,paletizada,True,False,manha,24,164,False,0.83,0.45,0.98,0.0,0.59,2.85
R00734,2026-03-10 15:47:18.965497747,medir,F01,False,paletizada,True,False,tarde,40,324,False,0.1,0.52,1.54,0.0,0.3,2.46
R00735,2026-03-10 11:36:54.250318850,medir,F02,False,paletizada,False,True,manha,11,172,True,2.63,0.4,0.37,7.08,0.83,11.31
R00736,2026-03-10 16:51:43.864760642,medir,F01,False,batida,False,False,tarde,40,391,False,4.06,1.81,1.43,0.0,0.24,7.54
R00737,2026-03-10 09:21:15.561192294,medir,F03,True,batida,False,False,manha,28,456,False,2.26,1.41,1.35,0.0,0.44,5.46
R00738,2026-03-10 11:26:53.918587903,medir,F03,True,batida,False,False,manha,11,197,True,6.85,2.04,0.8,2.67,0.67,13.03
R00739,2026-03-10 14:24:35.631815634,medir,F02,False,paletizada,False,False,tarde,27,464,False,2.04,0.72,1.01,0.0,1.01,4.78
R00740,2026-03-10 13:16:33.986249414,medir,F04,False,batida,False,False,manha,24,258,False,5.08,2.29,1.24,0.0,0.58,9.19
R00741,2026-03-10 10:55:00.215334393,medir,F07,True,batida,True,False,manha,46,549,True,0.36,2.06,1.39,5.82,0.92,10.55
R00742,2026-03-11 14:15:20.515767350,medir,F04,False,mista,False,False,tarde,13,166,False,4.74,1.76,0.62,0.0,0.21,7.33
R00743,2026-03-11 11:08:35.402803000,medir,F03,True,batida,False,False,manha,54,432,False,1.25,2.08,1.63,0.0,0.42,5.38
R00744,2026-03-11 14:08:38.717010067,medir,F07,True,batida,False,False,tarde,9,89,True,2.39,1.56,0.69,9.42,0.62,14.68
R00745,2026-03-11 12:15:33.690709389,medir,F01,False,mista,True,True,manha,55,442,False,0.19,1.0,0.67,0.0,1.03,2.89
R00746,2026-03-11 13:54:04.513975563,medir,F02,False,mista,True,False,manha,43,722,False,0.42,1.18,1.46,0.0,0.63,3.69
R00747,2026-03-11 15:33:25.921935417,medir,F01,False,paletizada,False,False,tarde,30,338,False,5.96,0.5,1.06,0.0,1.63,9.15
R00748,2026-03-11 12:55:12.647945136,medir,F05,False,paletizada,False,True,manha,21,128,False,2.09,0.39,0.52,0.0,0.89,3.89
R00749,2026-03-11 15:43:23.945644372,medir,F03,True,paletizada,False,False,tarde,37,211,True,1.72,0.53,1.13,4.35,1.18,8.91
R00750,2026-03-11 15:39:25.531189952,medir,F09,False,paletizada,False,False,tarde,48,711,False,6.69,0.76,1.61,0.0,0.55,9.61
R00751,2026-03-11 10:25:28.501375364,medir,F02,False,batida,True,True,manha,48,822,False,0.88,2.45,1.0,0.0,0.68,5.01
R00752,2026-03-11 15:40:55.962765991,medir,F10,False,batida,False,True,tarde,24,172,False,2.29,1.91,0.51,0.0,0.56,5.27
R00753,2026-03-11 14:56:46.980984472,medir,F02,False,paletizada,True,False,tarde,42,504,False,0.18,0.55,1.57,0.0,0.18,2.48
R00754,2026-03-11 13:26:39.527741918,medir,F10,False,paletizada,True,False,manha,17,184,False,0.73,0.57,0.74,0.0,0.74,2.78
R00755,2026-03-11 16:29:55.191174763,medir,F09,False,paletizada,False,False,tarde,30,304,False,1.47,0.58,1.03,0.0,0.45,3.53
R00756,2026-03-11 18:10:05.655892375,medir,F02,False,paletizada,True,True,tarde,58,799,False,0.68,0.75,0.58,0.0,0.96,2.97
R00757,2026-03-11 15:23:18.131574796,medir,F04,False,paletizada,False,True,tarde,27,412,False,1.37,0.58,0.51,0.0,1.8,4.26
R00758,2026-03-11 08:28:25.486953319,medir,F01,False,batida,False,False,manha,51,789,False,4.48,2.35,1.22,0.0,2.17,10.22
R00759,2026-03-11 14:24:41.182327810,medir,F05,False,mista,False,False,tarde,22,156,False,5.36,1.0,0.96,0.0,1.17,8.49
R00760,2026-03-11 12:37:22.720816282,medir,F05,False,paletizada,False,False,manha,39,485,False,0.79,0.63,0.86,0.0,0.95,3.23
R00761,2026-03-11 12:11:51.343916143,medir,F03,True,batida,False,False,manha,17,105,False,2.37,2.24,0.71,0.0,0.62,5.94
R00762,2026-03-11 14:06:13.394181596,medir,F03,True,mista,True,False,tarde,30,198,False,0.65,1.27,1.12,0.0,0.97,4.01
R00763,2026-03-11 12:01:11.823013617,medir,F03,True,batida,True,False,manha,10,88,True,0.81,1.72,0.76,4.95,1.25,9.49
R00764,2026-03-11 18:05:56.417796326,medir,F07,True,batida,True,False,tarde,35,420,False,0.77,2.01,0.87,0.0,0.43,4.08
R00765,2026-03-11 13:53:29.452201083,medir,F01,False,mista,True,False,manha,47,512,False,0.48,0.95,1.33,0.0,0.25,3.01
R00766,2026-03-11 13:05:48.673970973,medir,F08,False,paletizada,True,False,manha,40,186,False,0.35,0.48,2.16,0.0,0.4,3.39
R00767,2026-03-11 15:28:14.473371651,medir,F06,False,paletizada,False,False,tarde,35,381,False,3.65,0.64,1.41,0.0,1.14,6.84
R00768,2026-03-11 15:31:28.240647402,medir,F03,True,paletizada,False,False,tarde,27,172,False,1.67,0.58,1.08,0.0,1.18,4.51
R00769,2026-03-11 16:42:37.064775445,medir,F11,False,paletizada,True,False,tarde,39,250,True,0.18,0.54,0.75,0.63,0.36,2.46
R00770,2026-03-11 15:00:29.807413794,medir,F04,False,paletizada,False,False,tarde,26,418,False,1.18,0.6,0.85,0.0,0.51,3.14
R00771,2026-03-11 12:55:57.195101902,medir,F04,False,paletizada,False,False,manha,48,627,False,8.88,0.65,1.62,0.0,0.52,11.67
R00772,2026-03-11 13:27:56.103226866,medir,F04,False,mista,True,False,manha,18,134,False,0.95,1.02,0.9,0.0,0.38,3.25
R00773,2026-03-12 15:31:50.017488049,medir,F03,True,batida,False,True,tarde,9,79,True,2.98,1.17,0.27,4.71,0.65,9.78
R00774,2026-03-12 08:16:51.829102300,medir,F07,True,batida,True,False,manha,47,268,True,0.34,1.85,1.61,1.36,0.34,5.5
R00775,2026-03-12 08:02:27.296426716,medir,F05,False,batida,True,False,manha,40,456,False,0.52,1.76,1.38,0.0,0.5,4.16
R00776,2026-03-12 09:44:06.784735286,medir,F02,False,mista,True,True,manha,21,116,False,0.45,1.02,0.54,0.0,0.39,2.4
R00777,2026-03-12 10:12:26.607637429,medir,F03,True,batida,False,True,manha,45,378,False,0.96,1.55,0.69,0.0,0.92,4.12
R00778,2026-03-12 06:00:00.000000000,medir,F11,False,paletizada,True,True,manha,48,801,True,0.5,0.9,0.69,4.34,0.55,6.98
R00779,2026-03-12 11:04:22.873020978,medir,F03,True,batida,False,True,manha,21,236,False,3.99,1.83,0.5,0.0,0.64,6.96
R00780,2026-03-12 16:33:55.104918937,medir,F01,False,batida,False,True,tarde,23,192,False,2.25,2.17,0.53,0.0,0.64,5.59
R00781,2026-03-12 11:56:45.775096155,medir,F01,False,paletizada,False,True,manha,26,378,False,4.48,0.69,0.58,0.0,0.21,5.96
R00782,2026-03-12 16:15:30.256793211,medir,F01,False,paletizada,True,True,tarde,48,193,False,0.44,0.34,1.06,0.0,1.03,2.87
R00783,2026-03-12 06:00:00.000000000,medir,F05,False,paletizada,False,True,manha,51,731,False,2.2,0.74,0.67,0.0,0.61,4.22
R00784,2026-03-12 12:38:25.605063546,medir,F02,False,mista,True,False,manha,37,566,True,0.24,1.59,1.85,7.46,1.33,12.47
R00785,2026-03-12 17:26:41.797031100,medir,F05,False,mista,True,False,tarde,54,584,False,0.34,1.2,0.87,0.0,0.92,3.33
R00786,2026-03-12 18:02:09.021880341,medir,F02,False,paletizada,False,False,tarde,56,391,True,3.71,0.71,1.96,1.67,1.35,9.4
R00787,2026-03-12 11:24:07.648618939,medir,F07,True,batida,False,False,manha,57,407,False,2.62,2.2,1.39,0.0,0.53,6.74
R00788,2026-03-12 10:21:33.702387134,medir,F03,True,paletizada,False,True,manha,15,249,False,1.25,0.48,0.6,0.0,0.82,3.15
R00789,2026-03-12 14:14:00.664206856,medir,F10,False,mista,True,False,tarde,22,309,False,0.99,1.12,0.79,0.0,0.65,3.55
R00790,2026-03-12 09:06:07.690819964,medir,F07,True,paletizada,False,True,manha,46,811,False,0.71,0.93,0.88,0.0,0.66,3.18
R00791,2026-03-12 11:50:03.167496769,medir,F03,True,paletizada,False,False,manha,38,254,False,3.97,0.68,1.03,0.0,0.65,6.33
R00792,2026-03-12 07:38:51.880921260,medir,F11,False,paletizada,False,True,manha,28,277,False,1.1,0.71,0.42,0.0,1.61,3.84
R00793,2026-03-12 13:15:54.384444208,medir,F02,False,mista,False,False,manha,12,179,False,2.4,0.77,0.87,0.0,1.47,5.51
R00794,2026-03-12 13:01:02.677023220,medir,F03,True,batida,False,False,manha,14,171,False,1.37,2.3,0.93,0.0,0.78,5.38
R00795,2026-03-12 18:13:04.083826692,medir,F02,False,paletizada,False,False,tarde,41,442,False,2.09,0.5,1.15,0.0,1.09,4.83
R00796,2026-03-12 14:08:48.112990933,medir,F01,False,paletizada,False,True,tarde,12,70,False,7.34,0.42,0.6,0.0,0.88,9.24
R00797,2026-03-12 10:53:12.151162377,medir,F02,False,paletizada,True,True,manha,55,946,False,0.93,0.85,0.75,0.0,0.71,3.24
R00798,2026-03-12 12:42:16.355439097,medir,F01,False,paletizada,False,False,manha,17,118,False,0.89,0.53,1.15,0.0,1.59,4.16
R00799,2026-03-12 08:52:15.314430169,medir,F01,False,paletizada,False,False,manha,23,324,False,2.72,0.59,0.78,0.0,0.72,4.81
R00800,2026-03-12 13:06:36.033127074,medir,F01,False,batida,False,False,manha,41,511,True,5.14,2.71,1.09,2.13,0.71,11.78
R00801,2026-03-12 12:18:50.089046443,medir,F02,False,batida,False,False,manha,29,434,False,2.56,1.76,1.1,0.0,0.66,6.08
R00802,2026-03-12 14:21:01.192538404,medir,F04,False,batida,False,False,tarde,51,754,False,2.82,2.6,1.24,0.0,0.75,7.41
R00803,2026-03-12 15:59:23.186383620,medir,F04,False,paletizada,False,False,tarde,38,397,False,1.17,0.64,1.38,0.0,0.69,3.88
R00804,2026-03-12 06:35:22.985371640,medir,F05,False,mista,False,True,manha,20,231,True,4.56,1.02,0.29,3.25,1.19,10.31
R00805,2026-03-13 11:48:13.229387708,medir,F03,True,batida,True,False,manha,40,229,False,1.43,1.51,1.17,0.0,1.27,5.38
R00806,2026-03-13 14:11:28.597632907,medir,F02,False,paletizada,True,False,tarde,48,204,False,0.41,0.68,1.41,0.0,0.69,3.19
R00807,2026-03-13 10:38:43.447555874,medir,F06,False,batida,False,False,manha,10,152,True,0.72,2.14,0.71,7.36,1.4,12.33
R00808,2026-03-13 15:46:36.132554866,medir,F01,False,paletizada,True,True,tarde,49,303,False,0.5,0.48,0.82,0.0,0.41,2.21
R00809,2026-03-13 15:15:37.978270624,medir,F01,False,paletizada,False,True,tarde,36,287,False,6.96,0.46,0.48,0.0,0.94,8.84
R00810,2026-03-13 06:00:00.000000000,medir,F01,False,mista,True,False,manha,34,230,False,0.68,0.96,1.24,0.0,0.26,3.14
R00811,2026-03-13 10:57:37.857413826,medir,F04,False,batida,False,False,manha,38,383,False,1.86,3.67,0.99,0.0,0.35,6.87
R00812,2026-03-13 09:37:00.308609526,medir,F07,True,batida,False,False,manha,39,651,False,2.24,2.36,1.12,0.0,0.72,6.44
R00813,2026-03-13 15:38:35.368364598,medir,F05,False,paletizada,False,False,tarde,57,615,True,3.66,0.62,2.74,3.01,0.81,10.84
R00814,2026-03-13 15:59:35.089469192,medir,F10,False,batida,True,True,tarde,34,481,True,1.87,2.15,0.76,8.36,0.69,13.83
R00815,2026-03-13 09:14:39.860604236,medir,F01,False,mista,False,True,manha,38,235,False,1.5,0.89,0.59,0.0,1.23,4.21
R00816,2026-03-13 10:51:41.896495879,medir,F06,False,batida,True,False,manha,19,218,False,0.96,2.73,1.26,0.0,0.92,5.87
R00817,2026-03-13 12:46:30.196022613,medir,F06,False,batida,False,False,manha,17,121,False,0.81,2.0,1.12,0.0,0.47,4.4
R00818,2026-03-13 11:51:46.353962527,medir,F06,False,mista,False,False,manha,6,42,False,0.78,1.25,0.74,0.0,0.77,3.54
R00819,2026-03-13 15:18:06.641230014,medir,F04,False,batida,False,False,tarde,46,382,False,2.95,2.07,1.9,0.0,0.58,7.5
R00820,2026-03-13 16:07:20.780063029,medir,F01,False,mista,True,True,tarde,39,367,False,0.27,1.68,0.61,0.0,1.2,3.76
R00821,2026-03-13 14:53:53.918150564,medir,F02,False,paletizada,False,True,tarde,4,56,False,3.69,0.47,0.28,0.0,0.99,5.43
R00822,2026-03-13 16:28:37.602135807,medir,F02,False,batida,False,False,tarde,19,103,False,2.47,1.98,0.74,0.0,0.36,5.55
R00823,2026-03-13 15:59:14.866268200,medir,F11,False,mista,False,False,tarde,7,54,False,1.66,0.72,0.72,0.0,1.0,4.1
R00824,2026-03-13 12:48:26.863857622,medir,F07,True,batida,False,False,manha,45,791,False,1.42,2.02,1.09,0.0,1.24,5.77
R00825,2026-03-13 11:39:39.148649715,medir,F10,False,batida,False,False,manha,9,81,True,2.01,2.02,0.61,11.18,0.63,16.45
R00826,2026-03-13 10:42:05.455024603,medir,F04,False,paletizada,False,False,manha,20,86,False,2.54,0.4,0.99,0.0,1.0,4.93
R00827,2026-03-13 15:37:06.822109372,medir,F01,False,paletizada,False,False,tarde,12,194,False,2.73,0.84,0.67,0.0,0.43,4.67
R00828,2026-03-13 15:50:38.388085414,medir,F06,False,mista,False,False,tarde,25,102,True,4.14,0.95,1.07,9.22,1.29,16.67
R00829,2026-03-13 16:14:25.175009839,medir,F02,False,paletizada,False,False,tarde,43,400,False,3.93,0.53,1.96,0.0,0.51,6.93
R00830,2026-03-13 12:00:04.566797672,medir,F05,False,batida,True,False,manha,54,755,False,0.53,2.68,1.3,0.0,0.71,5.22
R00831,2026-03-13 11:48:07.588638925,medir,F03,True,paletizada,False,False,manha,12,206,True,1.67,0.45,0.98,2.61,1.34,7.05
R00832,2026-03-13 13:52:20.168031122,medir,F04,False,paletizada,True,False,manha,9,148,False,0.17,0.52,0.59,0.0,0.48,1.76
R00833,2026-03-13 16:59:19.285623326,medir,F01,False,paletizada,False,True,tarde,35,599,True,3.32,0.69,0.5,1.04,0.86,6.41
R00834,2026-03-13 14:09:45.626040964,medir,F09,False,batida,False,True,tarde,18,221,False,3.51,1.61,0.45,0.0,1.12,6.69
R00835,2026-03-13 13:44:45.926602591,medir,F02,False,paletizada,False,False,manha,30,526,False,3.54,0.83,1.35,0.0,0.78,6.5
R00836,2026-03-13 10:25:58.682326454,medir,F08,False,batida,True,False,manha,42,305,True,0.13,1.99,1.16,17.51,0.41,21.2
R00837,2026-03-13 14:26:12.043619559,medir,F09,False,batida,True,True,tarde,26,221,False,0.65,2.47,0.44,0.0,0.96,4.52
R00838,2026-03-13 14:44:07.166342965,medir,F04,False,paletizada,False,False,tarde,27,355,False,3.7,0.54,0.95,0.0,1.63,6.82
R00839,2026-03-13 10:02:34.017579290,medir,F01,False,paletizada,False,False,manha,6,77,True,2.34,0.32,0.54,2.73,1.39,7.32
R00840,2026-03-13 18:34:46.245766403,medir,F03,True,batida,True,False,tarde,52,805,False,0.26,1.72,1.6,0.0,0.67,4.25
R00841,2026-03-14 19:49:33.526121152,medir,F03,True,paletizada,False,True,tarde,49,528,False,8.06,0.65,0.59,0.0,0.77,10.07
R00842,2026-03-14 19:52:21.971568201,medir,F01,False,batida,True,True,tarde,25,244,False,0.5,1.85,0.4,0.0,0.85,3.6
R00843,2026-03-14 13:57:38.064258342,medir,F02,False,batida,True,False,manha,15,219,False,0.32,2.28,0.9,0.0,0.28,3.78
R00844,2026-03-14 12:29:42.027816771,medir,F03,True,batida,False,False,manha,22,286,False,3.81,2.34,0.89,0.0,1.57,8.61
R00845,2026-03-14 07:57:05.083405678,medir,F02,False,paletizada,True,True,manha,30,346,False,0.06,0.56,0.51,0.0,1.28,2.41
R00846,2026-03-14 12:53:55.650136419,medir,F03,True,batida,True,False,manha,42,251,False,0.28,2.51,1.3,0.0,0.3,4.39
R00847,2026-03-14 20:55:22.957939178,medir,F02,False,batida,False,False,tarde,25,380,False,3.92,1.63,1.53,0.0,1.38,8.46
R00848,2026-03-14 08:03:00.752935723,medir,F02,False,paletizada,False,True,manha,58,431,False,4.66,0.69,0.68,0.0,0.47,6.5
R00849,2026-03-14 08:07:09.684743088,medir,F02,False,paletizada,True,True,manha,6,75,False,0.27,0.38,0.29,0.0,0.64,1.58
R00850,2026-03-14 15:46:20.877113251,medir,F05,False,batida,True,False,tarde,21,139,False,0.57,2.22,0.95,0.0,0.89,4.63
R00851,2026-03-14 15:04:07.094061422,medir,F05,False,mista,True,True,tarde,24,174,False,0.25,0.85,0.41,0.0,0.62,2.13
R00852,2026-03-14 07:13:30.352487710,medir,F11,False,paletizada,True,True,manha,4,51,False,0.32,0.38,0.29,0.0,1.09,2.08
R00853,2026-03-14 12:53:52.477005591,medir,F01,False,paletizada,False,False,manha,5,72,False,6.69,0.62,0.66,0.0,0.72,8.69
R00854,2026-03-16 10:34:08.973901988,medir,F09,False,mista,False,False,manha,58,732,False,3.45,1.05,1.46,0.0,0.55,6.51
R00855,2026-03-16 18:14:35.072258654,medir,F09,False,batida,True,True,tarde,53,406,False,0.25,1.9,0.8,0.0,1.0,3.95
R00856,2026-03-16 06:28:46.993438495,medir,F02,False,paletizada,False,False,manha,30,416,False,6.37,0.66,0.93,0.0,0.65,8.61
R00857,2026-03-16 15:12:19.075534254,medir,F07,True,batida,True,False,tarde,11,66,True,1.17,2.35,0.63,4.89,0.26,9.3
R00858,2026-03-16 06:53:22.641702896,medir,F01,False,mista,True,False,manha,57,388,True,0.05,1.46,1.82,1.07,1.32,5.72
R00859,2026-03-16 07:55:16.471263583,medir,F01,False,batida,False,False,manha,28,136,False,2.21,2.2,1.4,0.0,0.5,6.31
R00860,2026-03-16 08:49:52.700181650,medir,F03,True,batida,False,False,manha,8,138,True,1.04,1.54,0.5,0.29,0.4,3.77
R00861,2026-03-16 14:45:36.615694824,medir,F04,False,paletizada,False,False,tarde,47,404,False,1.74,0.65,1.36,0.0,0.61,4.36
R00862,2026-03-16 10:38:12.540560820,medir,F04,False,mista,True,False,manha,19,153,True,0.8,0.85,0.93,4.05,0.73,7.36
R00863,2026-03-16 10:46:01.487838730,medir,F10,False,batida,True,False,manha,29,287,False,0.4,2.15,1.03,0.0,1.04,4.62
R00864,2026-03-16 10:00:20.881549958,medir,F03,True,batida,True,False,manha,4,29,False,0.51,1.36,0.52,0.0,0.49,2.88
R00865,2026-03-16 08:10:04.711866171,medir,F02,False,mista,True,False,manha,10,168,False,0.48,1.31,1.06,0.0,0.66,3.51
R00866,2026-03-16 10:01:26.975631716,medir,F03,True,paletizada,False,True,manha,6,48,False,2.06,0.46,0.26,0.0,0.75,3.53
R00867,2026-03-16 09:44:11.814706942,medir,F01,False,mista,False,False,manha,31,144,False,3.82,0.89,1.18,0.0,1.69,7.58
R00868,2026-03-16 11:51:36.869465458,medir,F06,False,mista,True,True,manha,48,757,False,0.45,1.0,0.65,0.0,0.6,2.7
R00869,2026-03-16 11:39:54.178398990,medir,F01,False,paletizada,True,False,manha,36,510,False,0.09,0.67,1.17,0.0,0.95,2.88
R00870,2026-03-17 06:54:33.476101034,medir,F01,False,paletizada,False,False,manha,33,207,False,2.07,0.38,1.08,0.0,0.56,4.09
R00871,2026-03-17 15:05:12.195656818,medir,F08,False,batida,True,True,tarde,46,599,False,0.23,1.73,0.55,0.0,0.77,3.28
R00872,2026-03-17 18:30:31.121081215,medir,F11,False,batida,True,True,tarde,12,142,False,0.48,1.69,0.46,0.0,0.72,3.35
R00873,2026-03-17 06:11:11.240417360,medir,F01,False,paletizada,False,False,manha,28,356,False,2.06,0.65,0.83,0.0,0.8,4.34
R00874,2026-03-17 12:33:39.869074735,medir,F02,False,paletizada,False,True,manha,38,468,False,3.73,0.62,0.6,0.0,0.27,5.22
R00875,2026-03-17 15:44:26.232564678,medir,F09,False,mista,False,True,tarde,59,274,False,3.15,0.93,0.93,0.0,0.7,5.71
R00876,2026-03-17 09:16:09.707923290,medir,F04,False,paletizada,True,True,manha,4,50,False,1.36,0.57,0.29,0.0,0.43,2.65
R00877,2026-03-17 08:24:25.079684835,medir,F01,False,batida,True,False,manha,58,588,False,1.19,2.14,1.75,0.0,1.12,6.2
R00878,2026-03-17 13:06:43.028097498,medir,F07,True,batida,False,False,manha,26,175,False,2.74,1.2,0.97,0.0,0.49,5.4
R00879,2026-03-17 12:15:31.122827164,medir,F12,False,paletizada,False,True,manha,13,202,False,6.43,0.42,0.44,0.0,0.63,7.92
R00880,2026-03-17 10:58:04.321732594,medir,F01,False,paletizada,True,False,manha,47,671,True,0.73,0.79,1.2,0.68,0.84,4.24
R00881,2026-03-17 18:16:00.463571929,medir,F08,False,paletizada,False,True,tarde,20,263,False,2.83,0.59,0.5,0.0,0.87,4.79
R00882,2026-03-17 17:48:19.625554000,medir,F05,False,paletizada,False,False,tarde,51,500,False,4.85,0.68,1.2,0.0,1.2,7.93
R00883,2026-03-17 15:06:37.150389410,medir,F04,False,mista,False,True,tarde,24,149,False,6.42,1.05,0.51,0.0,0.84,8.82
R00884,2026-03-17 12:48:10.371933543,medir,F01,False,batida,False,False,manha,51,204,False,3.73,1.57,1.22,0.0,1.01,7.53
R00885,2026-03-17 11:58:37.169911740,medir,F11,False,paletizada,False,False,manha,57,922,False,2.56,0.86,1.58,0.0,0.67,5.67
R00886,2026-03-17 15:51:16.103194992,medir,F12,False,paletizada,False,True,tarde,45,476,False,3.74,0.54,0.79,0.0,0.67,5.74
R00887,2026-03-17 12:16:43.306286534,medir,F01,False,mista,True,False,manha,55,593,False,0.07,1.04,2.04,0.0,0.78,3.93
R00888,2026-03-17 17:47:47.202206575,medir,F07,True,paletizada,False,False,tarde,58,472,False,3.78,0.56,1.16,0.0,0.56,6.06
R00889,2026-03-17 17:01:45.888565839,medir,F02,False,paletizada,False,True,tarde,13,128,False,4.02,0.39,0.33,0.0,1.19,5.93
R00890,2026-03-17 11:06:28.033992000,medir,F01,False,batida,False,False,manha,59,753,False,5.86,2.06,1.39,0.0,0.67,9.98
R00891,2026-03-17 15:28:55.655851684,medir,F04,False,paletizada,False,False,tarde,40,407,False,2.45,0.59,1.65,0.0,0.87,5.56
R00892,2026-03-17 18:04:06.035655680,medir,F08,False,batida,True,False,tarde,25,387,True,0.14,1.69,0.84,2.0,0.44,5.11
R00893,2026-03-17 15:09:15.717495618,medir,F04,False,paletizada,False,False,tarde,4,27,True,3.38,0.54,0.67,2.23,1.66,8.48
R00894,2026-03-17 10:02:12.508713776,medir,F01,False,batida,False,False,manha,41,234,False,2.77,1.75,1.19,0.0,0.33,6.04
R00895,2026-03-17 12:12:37.709123493,medir,F08,False,paletizada,False,False,manha,30,478,False,1.45,0.83,0.83,0.0,0.33,3.44
R00896,2026-03-17 11:59:05.110157659,medir,F03,True,batida,True,False,manha,11,74,True,0.38,2.37,0.74,8.35,0.31,12.15
R00897,2026-03-17 13:27:56.809950490,medir,F04,False,paletizada,False,False,manha,23,191,False,2.76,0.4,0.77,0.0,0.56,4.49
R00898,2026-03-17 13:11:02.819716357,medir,F03,True,paletizada,False,False,manha,38,545,False,4.05,0.78,1.45,0.0,1.08,7.36
R00899,2026-03-17 11:57:38.863003428,medir,F11,False,paletizada,True,True,manha,13,57,False,0.21,0.31,0.45,0.0,0.86,1.83
R00900,2026-03-17 15:50:29.102090035,medir,F04,False,paletizada,False,False,tarde,21,237,False,4.52,0.7,1.19,0.0,0.24,6.65
R00901,2026-03-17 17:25:54.783551866,medir,F07,True,mista,False,False,tarde,28,238,True,3.64,1.1,0.87,10.13,1.42,17.16
R00902,2026-03-17 11:18:08.105135590,medir,F10,False,mista,False,True,manha,52,891,False,3.19,1.16,1.05,0.0,0.87,6.27
R00903,2026-03-17 08:23:24.873771948,medir,F04,False,batida,False,True,manha,40,455,False,1.79,1.28,0.79,0.0,1.32,5.18
R00904,2026-03-18 13:33:45.244756889,medir,F01,False,paletizada,True,True,manha,10,63,False,0.19,0.44,0.37,0.0,0.43,1.43
R00905,2026-03-18 09:15:02.535951139,medir,F02,False,mista,True,False,manha,31,502,False,0.91,1.16,1.19,0.0,0.49,3.75
R00906,2026-03-18 16:30:18.016386325,medir,F05,False,paletizada,True,False,tarde,31,338,False,0.64,0.5,1.11,0.0,1.11,3.36
R00907,2026-03-18 12:35:38.763990196,medir,F02,False,paletizada,False,False,manha,28,393,False,1.62,0.7,0.8,0.0,1.49,4.61
R00908,2026-03-18 10:08:07.570932388,medir,F11,False,mista,False,False,manha,47,480,False,5.38,1.41,1.4,0.0,0.88,9.07
R00909,2026-03-18 11:15:01.576241089,medir,F04,False,paletizada,False,False,manha,15,66,True,0.75,0.38,0.65,5.24,1.62,8.64
R00910,2026-03-18 12:28:54.810591675,medir,F01,False,paletizada,False,True,manha,33,189,False,4.54,0.42,0.76,0.0,1.3,7.02
R00911,2026-03-18 13:30:39.868989505,medir,F02,False,batida,False,False,manha,35,212,False,0.98,1.98,1.13,0.0,1.0,5.09
R00912,2026-03-18 10:24:04.846833280,medir,F08,False,paletizada,False,False,manha,32,142,False,1.67,0.4,1.09,0.0,0.64,3.8
R00913,2026-03-18 10:21:22.089417692,medir,F01,False,batida,False,False,manha,13,182,False,3.76,1.94,0.74,0.0,0.5,6.94
R00914,2026-03-18 14:28:33.404057079,medir,F01,False,batida,False,False,tarde,5,87,False,4.62,2.21,0.66,0.0,0.51,8.0
R00915,2026-03-18 12:58:36.564303025,medir,F02,False,paletizada,False,False,manha,35,338,False,1.99,0.63,1.21,0.0,0.95,4.78
R00916,2026-03-18 19:15:14.436770702,medir,F01,False,batida,False,True,tarde,3,53,False,2.36,2.56,0.31,0.0,0.41,5.64
R00917,2026-03-18 11:53:49.643372274,medir,F01,False,paletizada,True,True,manha,51,284,False,0.14,0.58,0.63,0.0,0.28,1.63
R00918,2026-03-18 15:29:17.123297586,medir,F03,True,mista,False,False,tarde,28,249,False,6.73,0.82,1.29,0.0,0.63,9.47
R00919,2026-03-18 18:33:42.032707052,medir,F08,False,batida,False,False,tarde,41,509,False,2.99,1.71,1.19,0.0,0.88,6.77
R00920,2026-03-18 12:34:56.924024908,medir,F03,True,batida,False,False,manha,10,130,True,0.59,2.09,0.8,5.67,1.05,10.2
R00921,2026-03-18 16:13:59.398402364,medir,F04,False,paletizada,True,False,tarde,26,114,True,0.68,0.68,1.06,5.57,0.95,8.94
R00922,2026-03-18 14:07:44.562288475,medir,F01,False,paletizada,True,False,tarde,21,347,False,0.06,0.54,1.12,0.0,0.43,2.15
R00923,2026-03-18 13:21:38.202293268,medir,F02,False,mista,False,False,manha,30,538,False,1.38,0.99,1.08,0.0,0.94,4.39
R00924,2026-03-18 18:08:16.420574831,medir,F05,False,batida,True,False,tarde,11,89,False,0.17,2.53,0.54,0.0,0.64,3.88
R00925,2026-03-18 10:08:37.285253822,medir,F03,True,batida,False,True,manha,8,65,False,1.12,1.76,0.26,0.0,0.83,3.97
R00926,2026-03-18 11:20:15.451971018,medir,F10,False,paletizada,False,False,manha,48,616,False,2.79,0.78,1.39,0.0,0.44,5.4
R00927,2026-03-18 07:44:53.196632397,medir,F03,True,batida,False,False,manha,47,463,True,0.28,2.54,1.85,1.02,1.66,7.35
R00928,2026-03-18 12:49:32.049157274,medir,F10,False,paletizada,True,False,manha,19,215,False,1.06,0.42,0.81,0.0,0.51,2.8
R00929,2026-03-18 16:13:38.187195463,medir,F01,False,mista,False,False,tarde,4,64,True,5.06,0.85,0.58,2.13,0.7,9.32
R00930,2026-03-18 12:24:49.925968509,medir,F05,False,paletizada,True,True,manha,39,507,False,0.08,0.6,0.8,0.0,1.06,2.54
R00931,2026-03-18 15:43:23.441658405,medir,F07,True,batida,False,True,tarde,24,136,False,4.22,2.09,0.44,0.0,1.27,8.02
R00932,2026-03-18 10:51:43.842527366,medir,F11,False,paletizada,False,False,manha,36,310,False,2.97,0.62,1.28,0.0,0.71,5.58
R00933,2026-03-18 16:42:42.824495113,medir,F01,False,paletizada,False,False,tarde,51,821,False,4.54,0.76,1.59,0.0,0.26,7.15
R00934,2026-03-18 12:50:54.576657438,medir,F05,False,batida,False,False,manha,42,717,True,1.76,2.39,1.19,8.62,0.2,14.16
R00935,2026-03-18 11:43:38.243522348,medir,F10,False,paletizada,False,False,manha,20,166,False,1.97,0.34,0.93,0.0,0.6,3.84
R00936,2026-03-19 11:31:06.089770470,medir,F01,False,paletizada,False,False,manha,18,133,False,2.81,0.42,1.01,0.0,0.89,5.13
R00937,2026-03-19 13:20:27.129632838,medir,F02,False,batida,False,False,manha,25,200,True,4.44,2.37,1.31,4.15,0.45,12.72
R00938,2026-03-19 17:42:00.092105190,medir,F01,False,batida,False,True,tarde,26,246,False,4.65,2.73,0.56,0.0,0.65,8.59
R00939,2026-03-19 09:59:52.191717795,medir,F01,False,paletizada,False,True,manha,40,655,False,1.69,0.88,0.83,0.0,0.64,4.04
R00940,2026-03-19 07:42:44.884962021,medir,F08,False,mista,True,False,manha,58,912,True,0.49,1.06,1.87,1.47,0.67,5.56
R00941,2026-03-19 17:11:07.224523695,medir,F01,False,batida,False,False,tarde,7,92,True,1.95,2.41,0.56,3.3,0.56,8.78
R00942,2026-03-19 14:58:36.765080144,medir,F02,False,paletizada,True,True,tarde,7,62,False,0.22,0.33,0.26,0.0,0.78,1.59
R00943,2026-03-19 11:36:37.170591339,medir,F01,False,paletizada,False,False,manha,5,42,False,6.63,0.39,0.76,0.0,0.38,8.16
R00944,2026-03-19 12:46:52.682983989,medir,F01,False,paletizada,False,False,manha,59,530,True,2.79,0.73,1.89,6.85,0.19,12.45
R00945,2026-03-19 16:32:17.768873785,medir,F04,False,paletizada,True,False,tarde,46,433,False,0.29,0.5,1.24,0.0,1.18,3.21
R00946,2026-03-19 06:00:00.000000000,medir,F09,False,batida,True,False,manha,18,189,False,0.83,1.42,0.86,0.0,0.73,3.84
R00947,2026-03-19 17:03:55.564010604,medir,F09,False,mista,False,False,tarde,23,222,False,5.87,0.86,1.29,0.0,0.4,8.42
R00948,2026-03-19 12:28:26.387717203,medir,F01,False,mista,False,False,manha,26,228,False,0.91,1.48,0.72,0.0,1.48,4.59
R00949,2026-03-19 15:10:36.662976940,medir,F08,False,mista,True,False,tarde,14,204,False,1.02,1.28,0.65,0.0,0.95,3.9
R00950,2026-03-19 12:51:57.075251472,medir,F08,False,mista,False,False,manha,48,782,False,3.47,1.11,1.68,0.0,0.88,7.14
R00951,2026-03-19 22:50:17.158819236,medir,F02,False,paletizada,False,False,noite,29,471,False,0.96,0.65,1.27,0.0,0.92,3.8
R00952,2026-03-19 11:03:45.333885906,medir,F01,False,paletizada,False,True,manha,51,314,False,1.99,0.57,0.6,0.0,0.52,3.68
R00953,2026-03-19 16:31:13.770766966,medir,F02,False,batida,False,False,tarde,40,485,True,1.56,2.19,1.06,8.41,0.61,13.83
R00954,2026-03-19 06:00:00.000000000,medir,F07,True,batida,False,True,manha,10,64,False,3.76,1.54,0.36,0.0,0.54,6.2
R00955,2026-03-19 13:09:01.510513236,medir,F12,False,batida,True,False,manha,8,130,True,0.65,2.64,0.87,7.74,0.5,12.4
R00956,2026-03-19 15:31:46.112483510,medir,F04,False,batida,True,True,tarde,42,468,False,0.3,1.87,0.67,0.0,1.35,4.19
R00957,2026-03-19 08:06:45.773843306,medir,F03,True,paletizada,False,False,manha,43,180,False,3.35,0.58,0.85,0.0,0.2,4.98
R00958,2026-03-19 06:34:07.241827828,medir,F02,False,mista,False,False,manha,28,431,False,4.59,0.81,1.3,0.0,0.24,6.94
R00959,2026-03-19 13:19:47.519520016,medir,F03,True,batida,True,False,manha,14,188,True,0.27,2.08,0.78,2.17,0.73,6.03
R00960,2026-03-19 16:14:42.267367359,medir,F02,False,paletizada,False,False,tarde,7,39,False,5.4,0.43,0.58,0.0,0.42,6.83
R00961,2026-03-19 16:47:38.137452669,medir,F06,False,paletizada,True,False,tarde,56,898,False,0.06,1.01,1.28,0.0,1.03,3.38
R00962,2026-03-19 10:50:27.587876074,medir,F04,False,paletizada,True,True,manha,59,286,True,0.92,0.35,1.07,5.7,0.52,8.56
R00963,2026-03-19 14:07:25.565579468,medir,F02,False,paletizada,True,True,tarde,34,562,False,0.14,0.74,0.62,0.0,1.2,2.7
R00964,2026-03-19 08:31:19.432528730,medir,F06,False,paletizada,False,False,manha,26,467,False,1.04,0.72,1.11,0.0,0.59,3.46
R00965,2026-03-19 18:34:48.744530421,medir,F07,True,mista,False,True,tarde,18,184,False,4.25,0.93,0.46,0.0,1.15,6.79
R00966,2026-03-19 11:11:41.734914626,medir,F01,False,mista,False,False,manha,42,521,True,5.37,1.51,1.46,5.84,1.25,15.43
R00967,2026-03-19 17:04:59.471634252,medir,F03,True,paletizada,False,False,tarde,35,332,False,2.77,0.84,1.42,0.0,0.49,5.52
R00968,2026-03-19 12:09:31.488634879,medir,F05,False,paletizada,True,False,manha,45,482,False,0.2,0.74,1.97,0.0,0.92,3.83
R00969,2026-03-20 06:53:54.762870933,medir,F04,False,paletizada,False,True,manha,44,596,False,2.62,0.79,0.48,0.0,1.06,4.95
R00970,2026-03-20 14:19:52.343467860,medir,F02,False,paletizada,False,False,tarde,23,358,False,6.65,0.52,1.2,0.0,0.33,8.7
R00971,2026-03-20 07:53:11.555756948,medir,F06,False,paletizada,False,False,manha,6,51,False,3.0,0.36,0.55,0.0,0.57,4.48
R00972,2026-03-20 15:24:09.291030868,medir,F04,False,paletizada,False,False,tarde,49,206,True,3.74,0.4,1.98,4.19,0.94,11.25
R00973,2026-03-20 15:39:33.312398328,medir,F03,True,paletizada,False,False,tarde,20,130,True,7.36,0.57,1.13,3.87,1.67,14.6
R00974,2026-03-20 06:00:00.000000000,medir,F01,False,batida,False,False,manha,33,512,False,3.1,1.61,0.92,0.0,0.73,6.36
R00975,2026-03-20 14:33:46.835169764,medir,F01,False,paletizada,False,False,tarde,17,103,False,2.9,0.31,0.83,0.0,0.42,4.46
R00976,2026-03-20 13:35:03.052351701,medir,F05,False,batida,False,False,manha,43,236,True,0.55,1.6,1.55,2.64,0.97,7.31
R00977,2026-03-20 10:59:06.381929137,medir,F04,False,paletizada,True,False,manha,49,667,False,0.05,0.88,1.26,0.0,0.58,2.77
R00978,2026-03-20 15:59:36.613764423,medir,F07,True,batida,False,False,tarde,6,75,False,7.44,1.84,0.53,0.0,0.61,10.42
R00979,2026-03-20 19:20:55.868735432,medir,F01,False,paletizada,True,False,tarde,56,943,False,0.14,0.89,1.52,0.0,0.52,3.07
R00980,2026-03-20 14:32:29.304332386,medir,F05,False,paletizada,False,False,tarde,18,276,False,5.38,0.55,0.99,0.0,1.14,8.06
R00981,2026-03-20 09:28:03.395601508,medir,F09,False,batida,True,True,manha,58,944,False,0.95,2.24,0.99,0.0,0.99,5.17
R00982,2026-03-20 08:21:15.427085594,medir,F01,False,paletizada,False,False,manha,51,848,False,1.21,0.81,1.39,0.0,0.74,4.15
R00983,2026-03-20 09:13:23.262435764,medir,F11,False,batida,True,True,manha,47,196,False,0.23,1.36,0.85,0.0,0.34,2.78
R00984,2026-03-20 09:42:27.349957882,medir,F01,False,paletizada,False,True,manha,4,69,False,4.01,0.64,0.39,0.0,0.35,5.39
R00985,2026-03-20 16:32:17.736585460,medir,F06,False,batida,False,False,tarde,10,77,False,2.43,1.76,0.84,0.0,0.45,5.48
R00986,2026-03-20 13:52:18.310025582,medir,F04,False,mista,False,True,manha,42,223,False,4.17,1.32,0.58,0.0,0.56,6.63
R00987,2026-03-20 12:52:00.402908602,medir,F02,False,paletizada,True,False,manha,51,849,False,0.22,0.69,1.28,0.0,0.27,2.46
R00988,2026-03-20 15:44:16.495891555,medir,F02,False,mista,False,True,tarde,55,449,False,3.27,1.25,0.84,0.0,1.04,6.4
R00989,2026-03-20 13:00:43.350842574,medir,F01,False,mista,False,False,manha,16,96,True,3.31,0.72,0.96,2.87,1.08,8.94
R00990,2026-03-20 13:03:49.286864152,medir,F06,False,mista,False,False,manha,51,608,False,2.75,0.95,1.65,0.0,0.54,5.89
R00991,2026-03-20 10:16:05.329022476,medir,F01,False,paletizada,True,True,manha,3,47,False,1.05,0.45,0.26,0.0,0.76,2.52
R00992,2026-03-20 10:57:54.714014226,medir,F11,False,paletizada,False,False,manha,11,94,False,2.36,0.56,0.6,0.0,0.62,4.14
R00993,2026-03-20 13:02:57.877397638,medir,F11,False,batida,False,False,manha,54,863,False,4.83,2.95,2.03,0.0,0.82,10.63
R00994,2026-03-20 09:13:20.021311156,medir,F08,False,paletizada,False,False,manha,10,176,False,2.35,0.64,0.68,0.0,0.92,4.59
R00995,2026-03-20 18:14:58.068435706,medir,F01,False,mista,False,True,tarde,46,528,False,2.47,1.1,1.03,0.0,0.8,5.4
R00996,2026-03-20 13:20:45.351189369,medir,F05,False,mista,False,False,manha,24,174,False,6.31,1.18,0.78,0.0,0.97,9.24
R00997,2026-03-20 11:12:05.245571800,medir,F07,True,paletizada,False,False,manha,38,311,False,1.44,0.5,1.18,0.0,0.52,3.64
R00998,2026-03-20 16:03:47.781908150,medir,F03,True,batida,False,True,tarde,6,38,False,1.27,1.58,0.27,0.0,0.48,3.6
R00999,2026-03-20 09:34:28.494158476,medir,F03,True,batida,False,False,manha,19,193,False,2.66,2.0,1.27,0.0,0.97,6.9
R01000,2026-03-20 16:19:35.414259294,medir,F07,True,batida,False,False,tarde,38,363,False,1.93,1.92,1.61,0.0,1.13,6.59
R01001,2026-03-20 13:13:18.262673320,medir,F01,False,paletizada,False,False,manha,23,186,True,5.38,0.58,0.87,6.4,1.19,14.42
R01002,2026-03-21 11:11:45.319606893,medir,F05,False,batida,True,False,manha,40,673,False,0.2,2.28,0.95,0.0,0.45,3.88
R01003,2026-03-21 15:34:12.682748492,medir,F03,True,paletizada,False,False,tarde,40,430,True,2.66,0.71,1.58,5.09,0.35,10.39
R01004,2026-03-21 11:31:32.101836852,medir,F07,True,batida,True,False,manha,49,827,False,0.45,3.07,1.5,0.0,0.63,5.65
R01005,2026-03-21 14:51:42.193800086,medir,F03,True,paletizada,False,True,tarde,29,260,False,7.82,0.58,0.76,0.0,0.61,9.77
R01006,2026-03-21 12:32:09.128606442,medir,F01,False,paletizada,False,False,manha,4,60,True,4.39,0.31,0.67,6.77,0.42,12.56
R01007,2026-03-21 15:42:03.318413709,medir,F04,False,paletizada,False,False,tarde,37,217,False,7.49,0.58,1.34,0.0,1.0,10.41
R01008,2026-03-21 19:03:59.023164704,medir,F01,False,paletizada,False,False,tarde,24,429,False,5.95,0.66,1.02,0.0,1.23,8.86
R01009,2026-03-21 13:42:30.178082174,medir,F09,False,batida,False,False,manha,30,310,True,1.74,2.03,0.88,3.05,0.96,8.66
R01010,2026-03-21 11:26:43.874649646,medir,F01,False,paletizada,False,True,manha,35,617,False,0.66,0.9,0.59,0.0,0.26,2.41
R01011,2026-03-21 11:39:00.790280478,medir,F03,True,batida,True,False,manha,29,220,True,0.46,2.04,1.15,1.35,0.67,5.67
R01012,2026-03-21 14:57:31.043913692,medir,F01,False,paletizada,True,True,tarde,30,237,False,0.76,0.49,0.67,0.0,0.81,2.73
R01013,2026-03-21 11:26:11.165656038,medir,F04,False,paletizada,False,False,manha,33,262,True,1.82,0.58,1.27,1.43,0.91,6.01
R01014,2026-03-23 12:52:19.283802402,medir,F04,False,mista,False,False,manha,56,250,False,2.38,1.06,1.48,0.0,0.79,5.71
R01015,2026-03-23 07:51:08.734377157,medir,F03,True,batida,False,False,manha,45,527,False,1.4,2.18,1.91,0.0,0.51,6.0
R01016,2026-03-23 09:41:35.933562823,medir,F01,False,mista,False,True,manha,41,594,False,3.51,1.63,0.57,0.0,0.45,6.16
R01017,2026-03-23 13:19:07.090781228,medir,F10,False,paletizada,False,True,manha,34,154,False,1.08,0.4,0.61,0.0,1.0,3.09
R01018,2026-03-23 14:38:27.784824655,medir,F03,True,batida,False,False,tarde,19,113,True,3.2,1.56,0.97,0.56,0.59,6.88
R01019,2026-03-23 11:48:56.295710953,medir,F06,False,paletizada,False,False,manha,43,447,True,2.78,0.54,1.3,0.76,1.27,6.65
R01020,2026-03-23 13:56:18.552844330,medir,F04,False,paletizada,True,False,manha,44,296,True,0.44,0.49,1.32,3.63,1.25,7.13
R01021,2026-03-23 13:59:54.133660053,medir,F10,False,batida,True,False,manha,46,432,False,1.03,2.33,1.32,0.0,0.71,5.39
R01022,2026-03-23 13:54:58.480520623,medir,F02,False,paletizada,True,True,manha,14,91,False,0.5,0.37,0.4,0.0,1.09,2.36
R01023,2026-03-23 09:14:50.893102215,medir,F06,False,paletizada,False,False,manha,41,567,False,1.97,0.83,0.97,0.0,0.6,4.37
R01024,2026-03-23 13:26:30.488652373,medir,F02,False,batida,False,False,manha,10,149,False,1.31,1.88,0.7,0.0,0.48,4.37
R01025,2026-03-23 14:41:34.337850435,medir,F10,False,paletizada,False,False,tarde,16,278,False,1.84,0.46,0.84,0.0,0.17,3.31
R01026,2026-03-23 08:16:18.067304679,medir,F02,False,paletizada,False,True,manha,24,106,False,1.11,0.39,0.38,0.0,1.42,3.3
R01027,2026-03-23 17:53:21.900383865,medir,F01,False,paletizada,True,False,tarde,33,195,False,0.08,0.38,1.26,0.0,0.61,2.33
R01028,2026-03-23 17:37:51.770671399,medir,F03,True,paletizada,False,True,tarde,43,700,False,5.26,0.63,0.56,0.0,0.29,6.74
R01029,2026-03-23 13:31:15.452260219,medir,F06,False,mista,False,False,manha,27,370,False,1.52,1.37,0.62,0.0,0.84,4.35
R01030,2026-03-23 19:37:56.546176731,medir,F03,True,batida,True,False,tarde,43,586,False,0.17,2.51,0.92,0.0,1.63,5.23
R01031,2026-03-23 10:27:24.714233820,medir,F06,False,batida,False,False,manha,34,144,False,2.89,1.48,1.19,0.0,0.41,5.97
R01032,2026-03-24 13:57:37.936583359,medir,F03,True,batida,True,False,manha,18,184,True,0.83,1.92,1.11,4.72,0.9,9.48
R01033,2026-03-24 10:00:47.609236184,medir,F02,False,batida,False,True,manha,30,238,False,1.56,2.36,0.53,0.0,0.79,5.24
R01034,2026-03-24 07:26:15.849008624,medir,F09,False,paletizada,False,False,manha,31,365,False,5.81,0.54,1.35,0.0,0.96,8.66
R01035,2026-03-24 13:05:40.583911405,medir,F01,False,mista,True,False,manha,33,525,False,0.65,0.86,1.44,0.0,0.52,3.47
R01036,2026-03-24 15:59:08.063038492,medir,F02,False,paletizada,False,False,tarde,41,705,False,3.13,0.82,1.42,0.0,0.72,6.09
R01037,2026-03-24 09:58:17.190209557,medir,F02,False,mista,True,False,manha,24,266,False,0.17,1.36,0.94,0.0,1.16,3.63
R01038,2026-03-24 07:52:21.073146952,medir,F03,True,mista,True,False,manha,46,669,False,0.32,0.95,1.65,0.0,0.84,3.76
R01039,2026-03-24 11:11:20.628772706,medir,F01,False,mista,False,False,manha,16,251,False,1.56,0.69,0.9,0.0,1.65,4.8
R01040,2026-03-24 14:04:35.308292066,medir,F03,True,batida,True,True,tarde,38,495,False,0.52,1.85,0.71,0.0,0.5,3.58
R01041,2026-03-24 15:39:04.580864355,medir,F01,False,paletizada,False,True,tarde,10,178,False,2.8,0.34,0.29,0.0,1.71,5.14
R01042,2026-03-24 11:54:16.741090789,medir,F01,False,mista,False,True,manha,30,313,False,0.87,1.16,0.6,0.0,0.5,3.13
R01043,2026-03-24 09:10:52.003929986,medir,F12,False,mista,False,False,manha,47,255,False,3.58,0.8,1.98,0.0,0.6,6.96
R01044,2026-03-24 12:44:02.196420039,medir,F08,False,batida,False,True,manha,56,574,False,2.53,2.45,0.77,0.0,0.16,5.91
R01045,2026-03-24 15:05:38.402692692,medir,F02,False,mista,True,True,tarde,40,454,False,0.62,1.05,0.67,0.0,0.53,2.87
R01046,2026-03-24 12:45:34.903836680,medir,F05,False,paletizada,True,True,manha,13,190,True,0.55,0.51,0.36,3.79,0.56,5.77
R01047,2026-03-24 16:08:57.211218992,medir,F02,False,paletizada,True,False,tarde,41,641,False,0.47,0.79,1.58,0.0,1.39,4.23
R01048,2026-03-24 11:19:31.635228561,medir,F09,False,paletizada,False,False,manha,42,194,False,3.12,0.48,0.89,0.0,0.47,4.96
R01049,2026-03-24 15:42:07.578999972,medir,F05,False,mista,False,True,tarde,20,146,False,2.28,0.77,0.62,0.0,0.43,4.1
R01050,2026-03-24 18:08:27.906252248,medir,F03,True,paletizada,True,True,tarde,25,155,False,0.66,0.58,0.55,0.0,0.74,2.53
R01051,2026-03-24 09:45:35.765479065,medir,F02,False,batida,True,False,manha,49,819,False,0.35,1.66,1.42,0.0,1.17,4.6
R01052,2026-03-24 10:09:48.747737527,medir,F03,True,batida,False,False,manha,3,16,False,0.84,2.57,0.59,0.0,0.35,4.35
R01053,2026-03-24 14:59:51.414300916,medir,F06,False,mista,True,True,tarde,37,598,False,0.31,1.07,0.78,0.0,0.85,3.01
R01054,2026-03-24 22:51:50.559620644,medir,F07,True,paletizada,False,False,noite,59,395,True,1.11,0.55,1.81,3.65,2.46,9.58
R01055,2026-03-24 14:32:38.207860915,medir,F01,False,paletizada,False,False,tarde,50,807,False,2.65,0.84,1.72,0.0,0.61,5.82
R01056,2026-03-24 12:50:45.889774789,medir,F11,False,paletizada,True,False,manha,46,511,True,1.25,0.7,1.81,2.62,0.5,6.88
R01057,2026-03-24 17:05:53.057988146,medir,F04,False,mista,False,True,tarde,18,274,False,3.72,1.16,0.45,0.0,0.35,5.68
R01058,2026-03-24 12:34:15.534840943,medir,F09,False,paletizada,False,True,manha,51,884,False,2.47,0.72,0.88,0.0,0.78,4.85
R01059,2026-03-24 07:46:56.899226686,medir,F01,False,paletizada,True,False,manha,5,89,False,0.29,0.37,0.81,0.0,0.75,2.22
R01060,2026-03-24 09:53:37.466089108,medir,F08,False,batida,False,True,manha,9,46,False,1.52,1.98,0.38,0.0,0.66,4.54
R01061,2026-03-24 17:13:35.573008634,medir,F04,False,paletizada,False,True,tarde,37,605,False,7.17,0.74,0.55,0.0,0.85,9.31
R01062,2026-03-24 07:34:29.149556624,medir,F01,False,paletizada,True,True,manha,49,707,False,0.71,0.74,0.87,0.0,0.12,2.44
R01063,2026-03-25 13:16:55.358347886,medir,F07,True,batida,False,True,manha,52,334,False,3.91,2.6,0.91,0.0,0.41,7.83
R01064,2026-03-25 17:52:58.148115812,medir,F04,False,batida,False,True,tarde,39,401,False,3.51,1.12,0.47,0.0,0.6,5.7
R01065,2026-03-25 16:10:38.839827846,medir,F09,False,paletizada,False,True,tarde,3,24,False,6.3,0.4,0.25,0.0,0.63,7.58
R01066,2026-03-25 15:51:48.970985709,medir,F02,False,paletizada,False,False,tarde,27,377,False,1.84,0.74,1.02,0.0,0.5,4.1
R01067,2026-03-25 11:02:32.849185257,medir,F01,False,paletizada,False,False,manha,27,284,False,1.03,0.46,1.36,0.0,0.76,3.61
R01068,2026-03-25 11:29:46.920840874,medir,F06,False,mista,True,True,manha,38,460,False,0.33,0.88,0.56,0.0,0.91,2.68
R01069,2026-03-25 16:16:31.396883962,medir,F01,False,batida,False,True,tarde,12,106,False,3.23,2.0,0.44,0.0,0.77,6.44
R01070,2026-03-25 09:45:13.822744694,medir,F02,False,paletizada,False,True,manha,18,268,False,1.68,0.53,0.44,0.0,0.82,3.47
R01071,2026-03-25 16:09:27.903297488,medir,F03,True,batida,False,True,tarde,17,191,False,1.23,2.18,0.61,0.0,0.12,4.14
R01072,2026-03-25 08:49:50.896835184,medir,F04,False,paletizada,False,False,manha,8,127,True,1.55,0.46,0.7,1.41,0.25,4.37
R01073,2026-03-25 19:35:00.561471720,medir,F04,False,batida,True,False,tarde,55,584,True,0.54,2.71,1.16,2.06,0.75,7.22
R01074,2026-03-25 16:50:32.257183840,medir,F09,False,batida,False,False,tarde,46,731,False,3.08,2.48,1.34,0.0,0.64,7.54
R01075,2026-03-25 11:18:12.993117735,medir,F08,False,mista,False,True,manha,42,649,False,9.88,1.28,0.7,0.0,1.15,13.01
R01076,2026-03-25 11:34:20.502054951,medir,F01,False,mista,True,True,manha,36,287,False,0.11,0.96,0.78,0.0,0.82,2.67
R01077,2026-03-25 06:40:50.411413092,medir,F01,False,mista,False,False,manha,42,341,False,1.4,1.23,1.52,0.0,1.61,5.76
R01078,2026-03-25 12:50:50.722880557,medir,F05,False,paletizada,True,True,manha,52,928,False,1.13,0.8,0.73,0.0,0.86,3.52
R01079,2026-03-25 16:41:05.204544900,medir,F02,False,paletizada,True,False,tarde,56,542,False,0.43,0.77,1.26,0.0,0.85,3.31
R01080,2026-03-25 14:53:18.646426190,medir,F12,False,batida,True,False,tarde,55,703,False,0.14,2.72,1.6,0.0,0.78,5.24
R01081,2026-03-25 12:11:45.711687274,medir,F02,False,mista,False,False,manha,3,50,False,2.11,1.15,0.54,0.0,0.46,4.26
R01082,2026-03-25 19:20:20.498118252,medir,F01,False,mista,False,False,tarde,29,335,False,1.36,0.82,1.4,0.0,0.41,3.99
R01083,2026-03-25 14:42:48.305791108,medir,F02,False,paletizada,True,False,tarde,58,286,False,0.34,0.59,1.98,0.0,1.16,4.07
R01084,2026-03-25 14:16:38.547911985,medir,F06,False,paletizada,True,False,tarde,14,136,False,0.54,0.5,0.59,0.0,0.56,2.19
R01085,2026-03-26 06:57:54.793717491,medir,F08,False,batida,False,False,manha,50,448,False,1.7,2.53,1.92,0.0,0.48,6.63
R01086,2026-03-26 11:27:25.286506459,medir,F03,True,batida,True,False,manha,36,265,True,0.35,2.62,1.23,10.28,0.54,15.02
R01087,2026-03-26 13:35:11.330884640,medir,F03,True,mista,False,False,manha,31,335,False,3.34,0.88,1.17,0.0,1.02,6.41
R01088,2026-03-26 14:18:03.754710126,medir,F02,False,paletizada,True,True,tarde,29,252,False,0.32,0.61,0.62,0.0,1.67,3.22
R01089,2026-03-26 06:12:40.242331609,medir,F06,False,paletizada,False,True,manha,15,184,False,0.35,0.29,0.34,0.0,0.69,1.67
R01090,2026-03-26 13:24:11.449161561,medir,F11,False,paletizada,False,False,manha,58,584,True,4.41,0.67,2.06,11.3,0.73,19.17
R01091,2026-03-26 09:00:05.354297100,medir,F02,False,batida,False,False,manha,15,235,False,1.4,2.33,0.83,0.0,1.08,5.64
R01092,2026-03-26 11:04:37.769160118,medir,F01,False,mista,True,True,manha,10,157,False,0.9,1.15,0.29,0.0,0.56,2.9
R01093,2026-03-26 07:59:48.414307491,medir,F03,True,batida,True,True,manha,14,163,False,0.21,1.36,0.35,0.0,1.0,2.92
R01094,2026-03-26 15:11:06.866434219,medir,F01,False,paletizada,True,True,tarde,43,699,False,0.12,0.68,0.65,0.0,0.37,1.82
R01095,2026-03-26 22:19:14.132241415,medir,F01,False,batida,False,True,noite,42,467,False,2.06,1.3,0.75,0.0,1.0,5.11
R01096,2026-03-26 15:55:22.950586160,medir,F03,True,batida,False,False,tarde,3,27,False,6.71,1.52,0.74,0.0,0.59,9.56
R01097,2026-03-26 11:55:54.573590010,medir,F03,True,batida,True,False,manha,4,48,True,0.39,1.31,0.55,4.31,0.36,6.92
R01098,2026-03-26 07:29:45.828509532,medir,F01,False,paletizada,True,False,manha,46,732,False,0.07,0.79,1.36,0.0,0.97,3.19
R01099,2026-03-26 15:29:46.437905572,medir,F11,False,paletizada,False,False,tarde,15,175,False,5.0,0.42,1.13,0.0,0.92,7.47
R01100,2026-03-26 16:29:32.727092492,medir,F12,False,paletizada,True,False,tarde,43,655,False,0.16,0.79,2.53,0.0,1.16,4.64
R01101,2026-03-26 09:29:28.627641502,medir,F08,False,mista,False,False,manha,31,277,False,3.4,1.01,1.59,0.0,1.36,7.36
R01102,2026-03-26 15:42:54.318089239,medir,F02,False,batida,True,False,tarde,26,346,False,0.31,1.83,1.06,0.0,0.83,4.03
R01103,2026-03-26 07:22:54.356405588,medir,F05,False,mista,False,False,manha,27,321,False,3.79,1.54,0.97,0.0,0.9,7.2
R01104,2026-03-26 08:57:21.550313894,medir,F10,False,mista,True,False,manha,26,342,False,0.74,1.36,1.16,0.0,1.09,4.35
R01105,2026-03-26 13:17:22.615311325,medir,F07,True,batida,False,False,manha,5,51,True,1.17,1.33,0.64,0.71,1.13,4.98
R01106,2026-03-26 08:36:06.238091379,medir,F11,False,batida,True,False,manha,35,204,False,0.32,2.62,1.03,0.0,0.52,4.49
R01107,2026-03-26 15:09:13.956186132,medir,F06,False,mista,True,False,tarde,9,38,False,1.03,1.1,0.89,0.0,0.24,3.26
R01108,2026-03-26 17:12:18.047450901,medir,F02,False,paletizada,True,False,tarde,54,282,False,0.37,0.69,2.59,0.0,0.21,3.86
R01109,2026-03-26 13:02:52.996933428,medir,F02,False,batida,False,True,manha,39,195,False,3.78,2.1,0.54,0.0,0.27,6.69
R01110,2026-03-26 14:21:42.511231317,medir,F02,False,paletizada,True,False,tarde,11,109,True,0.69,0.31,0.62,7.32,0.63,9.57
R01111,2026-03-26 17:44:38.939251819,medir,F11,False,batida,False,True,tarde,3,28,True,1.89,1.66,0.25,4.81,0.23,8.84
R01112,2026-03-26 14:26:56.056372350,medir,F03,True,batida,True,False,tarde,25,321,True,0.28,1.16,0.78,1.92,0.56,4.7
R01113,2026-03-26 16:51:46.409787007,medir,F04,False,mista,False,True,tarde,12,208,False,10.61,0.74,0.43,0.0,0.71,12.49
R01114,2026-03-26 17:15:14.862581665,medir,F07,True,batida,False,False,tarde,29,285,False,2.25,1.66,0.81,0.0,0.8,5.52
R01115,2026-03-27 16:55:04.904817607,medir,F04,False,mista,True,False,tarde,4,27,False,0.55,0.85,0.58,0.0,0.47,2.45
R01116,2026-03-27 18:06:29.002749818,medir,F02,False,paletizada,False,False,tarde,38,557,True,5.11,0.62,1.16,9.07,0.22,16.18
R01117,2026-03-27 17:38:39.925277476,medir,F11,False,paletizada,False,True,tarde,58,385,False,4.24,0.78,0.94,0.0,1.2,7.16
R01118,2026-03-27 16:01:51.244092840,medir,F09,False,paletizada,True,True,tarde,36,290,False,0.32,0.62,0.56,0.0,1.34,2.84
R01119,2026-03-27 12:54:30.197578064,medir,F01,False,mista,False,True,manha,9,121,False,7.84,0.94,0.36,0.0,0.51,9.65
R01120,2026-03-27 15:05:27.439920283,medir,F01,False,mista,False,False,tarde,6,31,False,3.85,0.78,0.81,0.0,0.65,6.09
R01121,2026-03-27 17:25:49.231466907,medir,F01,False,batida,False,False,tarde,47,547,False,3.28,2.99,1.87,0.0,1.42,9.56
R01122,2026-03-27 10:11:03.570320119,medir,F01,False,paletizada,False,False,manha,33,207,False,0.51,0.48,0.87,0.0,0.89,2.75
R01123,2026-03-27 15:26:33.256734046,medir,F07,True,batida,False,True,tarde,31,202,True,5.58,1.6,0.74,3.74,0.67,12.33
R01124,2026-03-27 14:54:42.596516714,medir,F02,False,batida,False,True,tarde,55,987,False,1.72,3.0,0.74,0.0,0.69,6.15
R01125,2026-03-27 12:50:45.524742392,medir,F04,False,paletizada,True,False,manha,27,138,False,0.46,0.35,1.12,0.0,1.26,3.19
R01126,2026-03-27 19:01:55.305464915,medir,F04,False,batida,False,True,tarde,9,68,False,6.59,1.8,0.35,0.0,1.05,9.79
R01127,2026-03-27 11:03:22.603415490,medir,F11,False,paletizada,True,False,manha,33,290,False,0.19,0.62,1.24,0.0,1.19,3.24
R01128,2026-03-27 10:08:31.842202768,medir,F03,True,paletizada,True,False,manha,24,335,True,0.24,0.55,0.88,1.21,1.57,4.45
R01129,2026-03-27 13:07:53.319545421,medir,F01,False,paletizada,False,False,manha,48,323,False,2.91,0.52,1.66,0.0,1.42,6.51
R01130,2026-03-27 11:15:46.677446190,medir,F04,False,batida,False,False,manha,5,29,False,3.71,2.05,0.74,0.0,0.44,6.94
R01131,2026-03-27 17:33:43.098002708,medir,F02,False,paletizada,False,False,tarde,53,412,False,6.24,0.51,1.41,0.0,0.5,8.66
R01132,2026-03-27 07:56:51.247997062,medir,F01,False,paletizada,False,False,manha,40,497,False,2.57,0.63,1.31,0.0,0.67,5.18
R01133,2026-03-27 09:04:07.839388585,medir,F09,False,mista,False,True,manha,11,193,False,3.02,1.19,0.43,0.0,0.84,5.48
R01134,2026-03-27 14:15:36.126780879,medir,F02,False,paletizada,False,False,tarde,8,97,False,1.77,0.36,0.83,0.0,1.0,3.96
R01135,2026-03-27 15:38:59.787477218,medir,F01,False,paletizada,True,False,tarde,12,51,False,0.18,0.6,0.8,0.0,1.37,2.95
R01136,2026-03-27 09:27:31.972920094,medir,F08,False,mista,False,True,manha,25,233,False,2.81,0.99,0.53,0.0,0.72,5.05
R01137,2026-03-28 14:14:57.275115993,medir,F01,False,paletizada,True,False,tarde,9,99,True,1.46,0.51,0.7,2.4,1.13,6.2
R01138,2026-03-28 13:30:06.760643446,medir,F08,False,mista,False,False,manha,11,146,False,3.68,1.09,0.54,0.0,0.72,6.03
R01139,2026-03-28 13:24:19.367400150,medir,F05,False,mista,True,False,manha,52,285,False,0.11,1.07,1.81,0.0,0.84,3.83
R01140,2026-03-28 08:38:53.880681390,medir,F07,True,paletizada,True,True,manha,43,494,True,0.64,0.47,0.83,5.21,0.21,7.36
R01141,2026-03-28 12:58:16.985311402,medir,F03,True,batida,True,False,manha,37,180,False,0.46,1.83,1.42,0.0,1.05,4.76
R01142,2026-03-28 15:27:57.278930796,medir,F02,False,paletizada,False,False,tarde,8,75,True,3.69,0.33,0.63,8.8,0.91,14.36
R01143,2026-03-28 09:29:12.665008874,medir,F01,False,paletizada,False,False,manha,33,197,False,7.06,0.37,1.33,0.0,0.92,9.68
R01144,2026-03-28 14:24:53.782452928,medir,F09,False,paletizada,True,True,tarde,59,886,False,0.52,1.15,0.73,0.0,0.51,2.91
R01145,2026-03-28 15:15:35.200290524,medir,F04,False,paletizada,True,False,tarde,54,793,False,0.44,0.76,1.67,0.0,0.24,3.11
R01146,2026-03-28 20:27:02.378972242,medir,F04,False,batida,False,False,tarde,49,760,False,3.77,2.12,1.61,0.0,0.59,8.09
R01147,2026-03-28 12:51:22.045233974,medir,F04,False,paletizada,False,False,manha,45,434,False,4.32,0.59,1.35,0.0,0.75,7.01
R01148,2026-03-28 12:16:18.860192810,medir,F05,False,paletizada,False,True,manha,44,275,False,3.88,0.47,0.57,0.0,1.73,6.65
R01149,2026-03-28 09:14:03.345480164,medir,F02,False,batida,False,False,manha,7,102,False,5.51,2.77,0.62,0.0,1.39,10.29
R01150,2026-03-28 09:36:03.090503898,medir,F01,False,paletizada,True,False,manha,57,569,True,0.39,0.54,1.39,1.33,0.5,4.15
R01151,2026-03-28 07:55:44.393446862,medir,F10,False,mista,False,True,manha,22,127,False,1.13,1.09,0.37,0.0,0.25,2.84
R01152,2026-03-28 07:23:28.963532788,medir,F01,False,batida,False,False,manha,3,13,False,5.53,1.59,0.69,0.0,0.84,8.65
R01153,2026-03-28 15:16:41.374769930,medir,F06,False,paletizada,True,True,tarde,45,365,False,0.4,0.74,0.68,0.0,1.61,3.43
R01154,2026-03-28 13:01:53.565985095,medir,F03,True,batida,False,False,manha,11,139,False,1.43,2.31,0.66,0.0,1.55,5.95
R01155,2026-06-01 12:50:58.277511592,piloto,F01,False,batida,True,True,manha,36,411,False,0.43,2.4,0.74,0.0,0.26,3.83
R01156,2026-06-01 13:50:50.452844362,piloto,F02,False,paletizada,True,True,manha,34,161,False,0.45,0.47,0.5,0.0,0.58,2.0
R01157,2026-06-01 09:52:00.521520733,piloto,F02,False,paletizada,True,True,manha,51,569,False,0.11,0.65,0.68,0.0,0.31,1.75
R01158,2026-06-01 11:38:46.422939048,piloto,F03,True,paletizada,False,True,manha,33,141,False,1.21,0.4,0.66,0.0,0.4,2.67
R01159,2026-06-01 12:40:53.038329675,piloto,F06,False,batida,True,True,manha,11,112,False,0.39,1.97,0.34,0.0,0.49,3.19
R01160,2026-06-01 15:18:51.758857234,piloto,F03,True,batida,True,True,tarde,56,843,False,0.84,1.59,0.76,0.0,0.76,3.95
R01161,2026-06-01 10:43:03.629895780,piloto,F02,False,paletizada,True,True,manha,17,205,False,0.44,0.43,0.64,0.0,0.37,1.88
R01162,2026-06-01 14:56:05.729976740,piloto,F05,False,mista,True,False,tarde,48,444,False,0.29,1.26,0.9,0.0,0.74,3.19
R01163,2026-06-01 06:19:22.211266839,piloto,F06,False,paletizada,True,True,manha,26,339,False,0.32,0.66,0.45,0.0,1.49,2.92
R01164,2026-06-01 14:20:13.452649580,piloto,F10,False,paletizada,True,True,tarde,49,588,False,0.48,0.69,0.63,0.0,0.91,2.71
R01165,2026-06-01 15:26:14.876257077,piloto,F05,False,batida,True,True,tarde,10,95,False,0.16,1.42,0.35,0.0,0.74,2.67
R01166,2026-06-01 10:08:48.300228232,piloto,F10,False,paletizada,True,True,manha,24,228,False,0.1,0.57,0.68,0.0,1.06,2.41
R01167,2026-06-01 12:04:58.838170512,piloto,F01,False,paletizada,True,True,manha,41,552,False,0.33,0.61,0.64,0.0,0.72,2.3
R01168,2026-06-01 12:59:31.819983223,piloto,F07,True,batida,True,False,manha,34,439,False,0.53,1.97,1.12,0.0,0.84,4.46
R01169,2026-06-01 13:54:34.406194924,piloto,F01,False,batida,True,True,manha,34,445,False,0.43,1.65,0.61,0.0,1.23,3.92
R01170,2026-06-01 16:46:01.843621154,piloto,F02,False,batida,True,True,tarde,9,53,False,0.91,2.81,0.32,0.0,0.44,4.48
R01171,2026-06-01 13:35:52.157054018,piloto,F12,False,paletizada,True,True,manha,19,326,False,0.78,0.73,0.47,0.0,0.66,2.64
R01172,2026-06-01 12:17:36.010485333,piloto,F10,False,mista,True,True,manha,49,793,False,0.93,1.13,1.2,0.0,1.06,4.32
R01173,2026-06-01 12:23:11.778297568,piloto,F02,False,paletizada,True,True,manha,59,369,False,0.46,0.49,0.74,0.0,0.48,2.17
R01174,2026-06-01 13:51:12.787106760,piloto,F07,True,mista,True,True,manha,18,265,False,0.51,1.02,0.41,0.0,0.71,2.65
R01175,2026-06-01 15:26:35.975147258,piloto,F03,True,paletizada,True,True,tarde,34,309,True,0.65,0.62,0.58,2.48,0.53,4.86
R01176,2026-06-01 13:48:09.830394622,piloto,F01,False,paletizada,True,True,manha,40,616,False,0.58,0.85,0.44,0.0,0.94,2.81
R01177,2026-06-01 11:17:07.028704320,piloto,F01,False,batida,True,True,manha,42,465,False,0.44,2.01,0.75,0.0,0.67,3.87
R01178,2026-06-01 11:56:51.152666510,piloto,F02,False,paletizada,True,True,manha,4,52,False,0.81,0.32,0.29,0.0,0.39,1.81
R01179,2026-06-01 10:31:53.356422226,piloto,F02,False,mista,False,True,manha,41,514,False,5.89,1.22,0.45,0.0,0.52,8.08
R01180,2026-06-01 10:16:50.721870460,piloto,F04,False,paletizada,True,True,manha,22,286,False,0.23,0.57,0.45,0.0,0.93,2.18
R01181,2026-06-01 11:28:43.358092500,piloto,F05,False,mista,True,True,manha,6,76,False,0.82,0.65,0.32,0.0,0.87,2.66
R01182,2026-06-01 11:12:23.515663932,piloto,F11,False,mista,True,True,manha,10,131,False,0.26,0.91,0.3,0.0,0.3,1.77
R01183,2026-06-01 15:23:46.289205913,piloto,F03,True,paletizada,True,True,tarde,31,333,False,0.34,0.54,0.69,0.0,1.18,2.75
R01184,2026-06-01 09:16:51.903840550,piloto,F06,False,mista,True,True,manha,24,270,False,0.84,0.85,0.44,0.0,1.33,3.46
R01185,2026-06-01 13:13:24.590419593,piloto,F06,False,paletizada,True,False,manha,6,36,False,0.41,0.44,0.47,0.0,0.78,2.1
R01186,2026-06-01 09:20:30.221419012,piloto,F02,False,paletizada,True,True,manha,39,498,False,0.43,0.76,0.75,0.0,0.38,2.32
R01187,2026-06-02 14:07:08.314400010,piloto,F04,False,batida,True,True,tarde,26,404,True,0.22,1.47,0.61,0.5,0.32,3.12
R01188,2026-06-02 14:51:27.446854942,piloto,F02,False,paletizada,True,True,tarde,10,65,False,0.16,0.46,0.46,0.0,0.4,1.48
R01189,2026-06-02 16:46:29.234759707,piloto,F08,False,batida,False,True,tarde,52,766,False,2.2,2.28,0.83,0.0,1.05,6.36
R01190,2026-06-02 10:47:01.091751406,piloto,F01,False,batida,True,True,manha,13,197,False,0.66,1.9,0.33,0.0,0.54,3.43
R01191,2026-06-02 14:12:08.509737592,piloto,F09,False,paletizada,True,True,tarde,42,632,False,0.42,0.8,0.63,0.0,0.34,2.19
R01192,2026-06-02 11:40:56.531003876,piloto,F02,False,paletizada,True,True,manha,39,647,False,0.32,0.66,0.86,0.0,0.43,2.27
R01193,2026-06-02 10:02:04.878964806,piloto,F06,False,batida,True,True,manha,18,187,False,0.14,2.61,0.44,0.0,0.87,4.06
R01194,2026-06-02 14:29:13.710369357,piloto,F01,False,paletizada,True,True,tarde,24,261,False,0.68,0.49,0.64,0.0,0.32,2.13
R01195,2026-06-02 16:20:08.247439186,piloto,F01,False,paletizada,True,True,tarde,30,226,False,1.15,0.62,0.41,0.0,0.25,2.43
R01196,2026-06-02 18:39:57.649678678,piloto,F01,False,mista,True,True,tarde,13,143,False,0.48,0.86,0.35,0.0,0.37,2.06
R01197,2026-06-02 15:20:10.976879576,piloto,F02,False,paletizada,True,True,tarde,37,627,False,0.41,0.74,0.53,0.0,0.68,2.36
R01198,2026-06-02 16:26:35.699241217,piloto,F01,False,paletizada,True,True,tarde,24,307,True,0.26,0.52,0.52,1.27,0.56,3.13
R01199,2026-06-02 12:26:19.879148058,piloto,F05,False,batida,True,True,manha,30,459,False,0.67,2.93,0.47,0.0,1.73,5.8
R01200,2026-06-02 08:24:21.634247253,piloto,F05,False,mista,True,True,manha,25,404,False,0.66,0.9,0.39,0.0,1.29,3.24
R01201,2026-06-02 11:02:56.506655630,piloto,F09,False,paletizada,True,True,manha,27,339,False,0.58,0.51,0.51,0.0,0.7,2.3
R01202,2026-06-02 14:12:11.057216616,piloto,F05,False,mista,True,False,tarde,53,622,False,0.78,1.59,1.0,0.0,0.54,3.91
R01203,2026-06-02 11:11:03.969416061,piloto,F04,False,paletizada,True,True,manha,56,390,True,0.29,0.68,0.72,1.5,0.88,4.07
R01204,2026-06-02 18:49:40.941473365,piloto,F02,False,paletizada,True,True,tarde,27,328,False,0.24,0.56,0.57,0.0,0.85,2.22
R01205,2026-06-02 16:42:10.643002599,piloto,F01,False,paletizada,True,True,tarde,7,89,False,0.97,0.42,0.26,0.0,1.12,2.77
R01206,2026-06-02 12:23:30.548325710,piloto,F05,False,paletizada,True,True,manha,53,248,False,0.67,0.42,0.77,0.0,1.26,3.12
R01207,2026-06-02 18:16:45.763407253,piloto,F01,False,paletizada,True,True,tarde,4,16,False,0.7,0.38,0.24,0.0,0.24,1.56
R01208,2026-06-02 14:58:27.341387014,piloto,F12,False,batida,True,True,tarde,14,247,False,0.17,2.09,0.37,0.0,1.13,3.76
R01209,2026-06-02 18:00:24.978200562,piloto,F05,False,paletizada,True,False,tarde,59,279,False,0.81,0.68,1.76,0.0,0.83,4.08
R01210,2026-06-03 16:15:23.841527464,piloto,F01,False,batida,True,True,tarde,52,622,False,0.56,1.95,0.96,0.0,0.37,3.84
R01211,2026-06-03 10:54:24.847931289,piloto,F04,False,paletizada,False,True,manha,13,103,False,4.92,0.53,0.38,0.0,1.25,7.08
R01212,2026-06-03 13:34:05.635642566,piloto,F10,False,batida,True,True,manha,49,423,False,0.16,2.25,0.66,0.0,0.81,3.88
R01213,2026-06-03 09:45:02.652883974,piloto,F03,True,mista,True,True,manha,24,267,False,0.61,0.97,0.52,0.0,0.99,3.09
R01214,2026-06-03 12:32:39.853960404,piloto,F03,True,paletizada,True,True,manha,18,276,False,0.4,0.5,0.36,0.0,0.5,1.76
R01215,2026-06-03 06:00:00.000000000,piloto,F07,True,paletizada,True,True,manha,23,405,False,0.12,0.71,0.51,0.0,0.89,2.23
R01216,2026-06-03 12:44:58.586868427,piloto,F01,False,mista,True,True,manha,6,82,False,0.25,0.8,0.29,0.0,0.2,1.54
R01217,2026-06-03 13:14:55.610100931,piloto,F02,False,paletizada,True,True,manha,42,251,False,1.57,0.47,0.63,0.0,0.79,3.46
R01218,2026-06-03 11:35:39.120917326,piloto,F03,True,paletizada,True,False,manha,37,599,True,0.16,0.79,1.17,0.48,0.52,3.12
R01219,2026-06-03 11:46:41.990584288,piloto,F02,False,mista,True,True,manha,29,447,False,0.25,1.35,0.44,0.0,0.23,2.27
R01220,2026-06-03 07:35:26.190067145,piloto,F04,False,mista,True,False,manha,45,627,False,0.26,1.64,1.84,0.0,0.76,4.5
R01221,2026-06-03 10:58:55.173663350,piloto,F07,True,paletizada,True,True,manha,51,788,False,0.9,0.74,0.56,0.0,0.67,2.87
R01222,2026-06-03 11:09:02.489399240,piloto,F03,True,paletizada,True,True,manha,55,233,False,0.64,0.4,0.83,0.0,0.43,2.3
R01223,2026-06-03 13:46:34.431218788,piloto,F07,True,paletizada,True,True,manha,35,474,False,0.57,0.76,0.46,0.0,0.28,2.07
R01224,2026-06-03 14:31:58.288463014,piloto,F03,True,paletizada,True,True,tarde,39,422,False,0.05,0.48,0.76,0.0,1.25,2.54
R01225,2026-06-03 11:38:35.686254130,piloto,F09,False,paletizada,True,True,manha,28,502,False,0.41,0.61,0.5,0.0,0.54,2.06
R01226,2026-06-03 12:36:26.885671344,piloto,F02,False,paletizada,True,True,manha,17,294,False,0.03,0.52,0.43,0.0,0.33,1.31
R01227,2026-06-03 14:12:07.229081196,piloto,F03,True,paletizada,True,True,tarde,12,127,False,0.16,0.68,0.4,0.0,0.33,1.57
R01228,2026-06-03 10:11:48.431530435,piloto,F05,False,paletizada,True,True,manha,33,519,False,0.22,0.66,0.62,0.0,0.52,2.02
R01229,2026-06-03 16:18:51.930990334,piloto,F01,False,batida,True,True,tarde,48,682,False,0.09,1.66,0.75,0.0,0.72,3.22
R01230,2026-06-03 19:36:00.362716682,piloto,F09,False,batida,True,True,tarde,43,620,False,0.26,2.09,0.73,0.0,1.04,4.12
R01231,2026-06-03 14:16:43.708636030,piloto,F03,True,paletizada,True,True,tarde,41,367,False,0.42,0.74,0.7,0.0,0.69,2.55
R01232,2026-06-03 11:30:51.244536834,piloto,F02,False,paletizada,True,True,manha,14,199,False,0.08,0.35,0.35,0.0,0.61,1.39
R01233,2026-06-03 13:45:43.500433086,piloto,F01,False,paletizada,True,True,manha,7,31,False,0.39,0.3,0.3,0.0,1.02,2.01
R01234,2026-06-03 16:48:05.442647644,piloto,F01,False,mista,True,True,tarde,54,241,False,0.1,1.28,0.75,0.0,0.28,2.41
R01235,2026-06-03 17:07:52.699155376,piloto,F03,True,batida,True,True,tarde,9,65,False,0.17,1.88,0.29,0.0,0.85,3.19
R01236,2026-06-03 08:45:13.749713344,piloto,F07,True,mista,True,True,manha,11,80,True,0.25,0.73,0.32,2.34,0.7,4.34
R01237,2026-06-03 14:05:54.579497845,piloto,F04,False,mista,True,True,tarde,31,130,False,1.01,0.91,0.73,0.0,0.69,3.34
R01238,2026-06-03 10:43:37.378982773,piloto,F10,False,paletizada,True,True,manha,3,49,False,0.85,0.43,0.21,0.0,0.82,2.31
R01239,2026-06-03 11:38:35.091477934,piloto,F12,False,batida,True,True,manha,36,542,False,0.21,1.61,0.85,0.0,0.68,3.35
R01240,2026-06-03 13:55:35.584867606,piloto,F04,False,paletizada,True,False,manha,19,282,False,0.47,0.49,0.79,0.0,1.02,2.77
R01241,2026-06-03 14:46:13.259912718,piloto,F01,False,batida,True,False,tarde,36,554,False,0.89,2.86,1.38,0.0,1.11,6.24
R01242,2026-06-03 12:09:35.698822704,piloto,F10,False,paletizada,True,True,manha,47,800,False,0.55,0.83,0.72,0.0,1.21,3.31
R01243,2026-06-04 12:12:42.808418640,piloto,F02,False,paletizada,True,False,manha,24,229,False,1.35,0.49,0.9,0.0,0.63,3.37
R01244,2026-06-04 10:04:28.392010266,piloto,F01,False,batida,True,True,manha,36,251,False,0.5,2.68,0.71,0.0,1.02,4.91
R01245,2026-06-04 22:07:53.849901234,piloto,F08,False,mista,False,True,noite,48,637,False,4.61,1.07,0.67,0.0,1.08,7.43
R01246,2026-06-04 14:41:50.863511875,piloto,F10,False,batida,True,False,tarde,56,585,False,0.39,2.13,1.39,0.0,0.75,4.66
R01247,2026-06-04 06:00:00.000000000,piloto,F01,False,paletizada,True,True,manha,21,357,False,0.56,0.64,0.45,0.0,0.68,2.33
R01248,2026-06-04 15:33:56.982004531,piloto,F02,False,paletizada,True,True,tarde,10,64,False,0.61,0.44,0.3,0.0,0.99,2.34
R01249,2026-06-04 14:21:48.230063748,piloto,F01,False,paletizada,True,False,tarde,4,20,False,0.44,0.51,1.0,0.0,1.08,3.03
R01250,2026-06-04 09:37:18.614127014,piloto,F06,False,batida,False,True,manha,41,552,True,2.06,1.39,0.9,0.6,1.6,6.55
R01251,2026-06-04 10:56:55.681418637,piloto,F12,False,paletizada,True,True,manha,31,474,False,1.19,0.77,0.57,0.0,0.43,2.96
R01252,2026-06-04 12:40:56.178401577,piloto,F10,False,batida,True,True,manha,26,341,False,0.98,1.53,0.37,0.0,1.46,4.34
R01253,2026-06-04 18:27:34.393366090,piloto,F01,False,paletizada,True,True,tarde,59,625,False,0.61,0.7,0.76,0.0,1.34,3.41
R01254,2026-06-04 11:13:04.055294474,piloto,F10,False,mista,True,True,manha,53,278,False,0.34,0.97,0.66,0.0,1.03,3.0
R01255,2026-06-04 10:28:32.512123754,piloto,F03,True,paletizada,False,True,manha,31,158,False,5.09,0.53,0.47,0.0,0.78,6.87
R01256,2026-06-04 15:59:48.078838320,piloto,F01,False,paletizada,True,True,tarde,11,112,False,0.18,0.44,0.24,0.0,1.15,2.01
R01257,2026-06-04 10:52:07.705613445,piloto,F02,False,paletizada,True,False,manha,30,497,False,0.3,0.61,1.0,0.0,0.46,2.37
R01258,2026-06-04 09:33:31.853124126,piloto,F04,False,paletizada,True,True,manha,46,296,True,0.36,0.63,0.64,0.63,0.55,2.81
R01259,2026-06-04 12:28:16.131126453,piloto,F02,False,paletizada,True,True,manha,59,810,True,0.06,1.08,0.74,0.04,1.02,2.94
R01260,2026-06-04 15:33:46.205971689,piloto,F04,False,paletizada,True,False,tarde,33,487,False,0.29,0.59,0.91,0.0,0.96,2.75
R01261,2026-06-04 13:23:16.771780734,piloto,F01,False,paletizada,True,True,manha,36,552,False,0.26,0.62,0.66,0.0,0.69,2.23
R01262,2026-06-04 11:42:41.714586306,piloto,F05,False,paletizada,True,True,manha,37,510,False,1.26,0.61,0.53,0.0,0.58,2.98
R01263,2026-06-04 17:32:18.286918940,piloto,F02,False,paletizada,True,True,tarde,44,554,False,1.01,0.58,0.44,0.0,0.14,2.17
R01264,2026-06-04 17:23:26.553896080,piloto,F08,False,paletizada,True,True,tarde,31,425,False,0.59,0.51,0.46,0.0,0.45,2.01
R01265,2026-06-05 10:30:40.457647378,piloto,F04,False,batida,True,True,manha,56,810,False,0.2,2.85,0.75,0.0,0.59,4.39
R01266,2026-06-05 17:40:54.112667512,piloto,F06,False,paletizada,True,True,tarde,34,182,False,0.14,0.39,0.76,0.0,0.41,1.7
R01267,2026-06-05 19:00:34.982969310,piloto,F04,False,mista,True,True,tarde,15,94,False,0.47,1.17,0.44,0.0,1.15,3.23
R01268,2026-06-05 14:20:38.405573257,piloto,F08,False,mista,True,True,tarde,34,173,False,0.82,0.86,0.71,0.0,1.0,3.39
R01269,2026-06-05 14:37:51.190596217,piloto,F06,False,paletizada,True,False,tarde,28,458,False,0.48,0.48,0.89,0.0,1.24,3.09
R01270,2026-06-05 12:30:45.361912316,piloto,F11,False,mista,True,True,manha,45,441,False,0.62,1.37,0.83,0.0,1.18,4.0
R01271,2026-06-05 13:35:17.730312737,piloto,F06,False,mista,True,True,manha,36,272,False,0.05,1.14,0.62,0.0,0.98,2.79
R01272,2026-06-05 11:59:48.274188241,piloto,F07,True,batida,True,True,manha,59,944,True,0.53,2.41,0.8,0.93,0.37,5.04
R01273,2026-06-05 14:30:48.384547027,piloto,F09,False,paletizada,True,True,tarde,46,627,False,0.15,0.68,0.62,0.0,1.04,2.49
R01274,2026-06-05 12:25:30.876973543,piloto,F05,False,paletizada,True,True,manha,33,247,False,0.42,0.52,0.51,0.0,1.0,2.45
R01275,2026-06-05 08:05:39.820583266,piloto,F11,False,batida,True,True,manha,40,274,False,0.35,1.67,0.59,0.0,1.06,3.67
R01276,2026-06-05 10:59:25.937457770,piloto,F01,False,paletizada,True,True,manha,51,723,False,0.4,0.92,0.78,0.0,0.8,2.9
R01277,2026-06-05 14:17:41.699647316,piloto,F01,False,batida,True,True,tarde,21,369,False,0.08,2.73,0.45,0.0,0.78,4.04
R01278,2026-06-05 13:39:03.859295716,piloto,F03,True,batida,True,True,manha,52,365,False,0.79,1.97,1.16,0.0,1.67,5.59
R01279,2026-06-05 17:39:44.732842430,piloto,F06,False,paletizada,True,True,tarde,14,57,False,1.52,0.43,0.43,0.0,0.71,3.09
R01280,2026-06-05 16:04:29.951831136,piloto,F05,False,batida,True,True,tarde,35,592,False,0.46,2.24,0.63,0.0,0.82,4.15
R01281,2026-06-05 17:08:42.983758683,piloto,F10,False,paletizada,True,True,tarde,10,133,False,0.3,0.57,0.35,0.0,0.88,2.1
R01282,2026-06-05 12:49:25.150421924,piloto,F05,False,paletizada,True,True,manha,57,346,False,0.75,0.6,0.7,0.0,0.83,2.88
R01283,2026-06-05 16:25:30.764011868,piloto,F02,False,batida,False,True,tarde,16,105,False,4.23,1.66,0.35,0.0,0.73,6.97
R01284,2026-06-05 10:42:23.228244493,piloto,F02,False,batida,True,True,manha,8,64,False,0.26,1.74,0.36,0.0,0.75,3.11
R01285,2026-06-05 10:49:07.978357308,piloto,F12,False,paletizada,True,True,manha,49,328,False,0.17,0.6,0.55,0.0,2.02,3.34
R01286,2026-06-05 15:51:17.454980696,piloto,F05,False,batida,True,True,tarde,20,306,False,0.12,1.9,0.63,0.0,0.9,3.55
R01287,2026-06-06 15:07:59.824054243,piloto,F08,False,paletizada,True,False,tarde,18,142,False,0.59,0.65,1.23,0.0,1.12,3.59
R01288,2026-06-06 14:34:24.458297901,piloto,F05,False,batida,True,False,tarde,51,208,False,0.47,1.89,2.25,0.0,0.63,5.24
R01289,2026-06-06 14:51:49.195216713,piloto,F03,True,mista,True,True,tarde,55,276,False,0.45,0.99,0.64,0.0,0.32,2.4
R01290,2026-06-06 08:30:56.447671536,piloto,F05,False,paletizada,True,True,manha,25,347,False,0.37,0.52,0.52,0.0,0.94,2.35
R01291,2026-06-06 15:43:37.534023901,piloto,F01,False,mista,True,True,tarde,23,389,False,0.28,1.4,0.39,0.0,0.25,2.32
R01292,2026-06-06 11:04:59.001022740,piloto,F04,False,batida,True,True,manha,44,730,False,0.7,1.92,0.65,0.0,0.28,3.55
R01293,2026-06-06 16:02:34.266677550,piloto,F01,False,batida,True,True,tarde,37,587,False,0.57,1.76,0.48,0.0,0.53,3.34
R01294,2026-06-06 09:02:17.766243276,piloto,F04,False,paletizada,True,True,manha,37,315,False,0.65,0.54,0.59,0.0,1.55,3.33
R01295,2026-06-06 09:57:31.292877499,piloto,F08,False,mista,True,True,manha,56,406,False,1.57,1.1,0.86,0.0,0.52,4.05
R01296,2026-06-06 06:40:20.800707027,piloto,F01,False,mista,True,True,manha,18,175,False,0.7,1.09,0.45,0.0,0.76,3.0
R01297,2026-06-06 10:33:11.318711796,piloto,F02,False,paletizada,True,True,manha,51,685,False,1.2,0.68,0.58,0.0,0.46,2.92
R01298,2026-06-08 12:10:03.052283613,piloto,F11,False,batida,True,False,manha,14,113,False,0.48,1.61,0.9,0.0,0.45,3.44
R01299,2026-06-08 13:12:56.011805928,piloto,F01,False,paletizada,True,True,manha,36,641,False,0.08,0.85,0.69,0.0,0.54,2.16
R01300,2026-06-08 18:09:16.371885405,piloto,F08,False,mista,False,True,tarde,59,1013,False,1.39,1.58,0.85,0.0,0.42,4.24
R01301,2026-06-08 13:46:29.929561402,piloto,F01,False,batida,True,True,manha,55,559,False,1.44,1.73,0.84,0.0,1.25,5.26
R01302,2026-06-08 11:50:20.254563178,piloto,F09,False,batida,True,True,manha,7,73,False,0.86,1.83,0.35,0.0,0.21,3.25
R01303,2026-06-08 15:16:27.194609593,piloto,F03,True,batida,True,True,tarde,4,52,False,0.6,2.14,0.31,0.0,0.67,3.72
R01304,2026-06-08 15:07:41.330599212,piloto,F01,False,paletizada,True,True,tarde,56,276,False,0.89,0.53,0.66,0.0,1.91,3.99
R01305,2026-06-08 09:37:07.539728437,piloto,F03,True,batida,True,True,manha,20,138,True,0.29,2.06,0.53,1.41,1.6,5.89
R01306,2026-06-08 11:05:44.338133889,piloto,F02,False,mista,True,False,manha,53,626,False,0.35,1.07,2.34,0.0,1.06,4.82
R01307,2026-06-08 09:32:13.651726538,piloto,F06,False,batida,True,True,manha,57,514,False,0.5,2.74,0.89,0.0,0.7,4.83
R01308,2026-06-08 14:07:28.661596176,piloto,F06,False,mista,True,True,tarde,9,100,False,0.26,1.34,0.32,0.0,0.81,2.73
R01309,2026-06-08 15:49:07.954328460,piloto,F02,False,paletizada,True,True,tarde,33,212,False,0.07,0.44,0.73,0.0,1.16,2.4
R01310,2026-06-08 12:20:40.924616636,piloto,F06,False,batida,True,True,manha,46,799,False,0.55,1.66,0.81,0.0,1.46,4.48
R01311,2026-06-08 17:01:27.743089011,piloto,F01,False,batida,True,True,tarde,21,211,False,0.16,1.7,0.4,0.0,0.8,3.06
R01312,2026-06-08 11:13:10.377393045,piloto,F02,False,paletizada,True,True,manha,22,162,False,0.03,0.58,0.46,0.0,0.51,1.58
R01313,2026-06-08 12:02:01.204168109,piloto,F01,False,paletizada,True,True,manha,10,46,False,0.83,0.44,0.31,0.0,1.28,2.86
R01314,2026-06-08 12:50:27.415458931,piloto,F01,False,paletizada,True,True,manha,17,206,False,0.81,0.5,0.52,0.0,0.45,2.28
R01315,2026-06-08 13:38:55.358388884,piloto,F02,False,batida,False,True,manha,51,497,False,1.96,2.13,0.58,0.0,0.79,5.46
R01316,2026-06-08 18:23:03.706044554,piloto,F01,False,paletizada,True,True,tarde,33,448,False,0.38,0.5,0.75,0.0,0.3,1.93
R01317,2026-06-08 09:29:51.950077026,piloto,F04,False,paletizada,True,True,manha,25,343,False,0.08,0.57,0.44,0.0,0.42,1.51
R01318,2026-06-08 14:51:59.853527906,piloto,F11,False,mista,True,True,tarde,7,35,False,0.84,0.89,0.34,0.0,0.68,2.75
R01319,2026-06-08 13:18:52.443207626,piloto,F10,False,batida,True,True,manha,6,33,False,0.21,1.55,0.28,0.0,0.43,2.47
R01320,2026-06-08 16:50:46.689399146,piloto,F07,True,batida,True,True,tarde,48,499,False,0.05,2.44,0.79,0.0,0.53,3.81
R01321,2026-06-08 08:47:06.973034157,piloto,F07,True,batida,True,True,manha,39,391,False,0.54,1.72,0.81,0.0,0.63,3.7
R01322,2026-06-08 09:21:10.585870880,piloto,F01,False,mista,True,True,manha,57,565,False,0.98,1.05,0.93,0.0,0.85,3.81
R01323,2026-06-09 10:15:48.755096096,piloto,F07,True,paletizada,True,True,manha,54,445,False,0.37,0.53,0.67,0.0,0.56,2.13
R01324,2026-06-09 14:18:46.568222895,piloto,F02,False,paletizada,False,True,tarde,4,25,False,3.77,0.31,0.2,0.0,0.74,5.02
R01325,2026-06-09 13:35:44.494768316,piloto,F04,False,mista,True,True,manha,43,188,False,0.69,1.04,0.76,0.0,1.03,3.52
R01326,2026-06-09 14:29:52.479079195,piloto,F05,False,paletizada,True,True,tarde,3,31,False,0.28,0.35,0.25,0.0,0.57,1.45
R01327,2026-06-09 11:51:15.531889226,piloto,F08,False,paletizada,True,True,manha,15,196,False,0.83,0.71,0.45,0.0,1.07,3.06
R01328,2026-06-09 16:16:54.786472780,piloto,F11,False,mista,True,True,tarde,22,253,False,0.74,1.05,0.41,0.0,0.87,3.07
R01329,2026-06-09 15:28:37.409945444,piloto,F05,False,mista,True,True,tarde,14,172,False,0.23,1.36,0.29,0.0,0.48,2.36
R01330,2026-06-09 18:04:17.012200512,piloto,F03,True,paletizada,True,True,tarde,58,461,True,0.28,0.59,0.69,0.3,0.48,2.34
R01331,2026-06-09 16:35:22.720968222,piloto,F06,False,paletizada,True,True,tarde,13,172,False,0.74,0.57,0.36,0.0,1.0,2.67
R01332,2026-06-09 08:57:48.446906900,piloto,F06,False,mista,True,True,manha,26,133,False,0.2,0.84,0.44,0.0,0.46,1.94
R01333,2026-06-09 11:26:54.976530444,piloto,F02,False,paletizada,True,True,manha,31,224,True,0.47,0.43,0.53,1.11,0.51,3.05
R01334,2026-06-09 14:35:02.773588624,piloto,F09,False,paletizada,True,False,tarde,51,320,True,0.38,0.54,1.69,0.86,0.84,4.31
R01335,2026-06-09 16:22:25.057556220,piloto,F01,False,paletizada,True,True,tarde,36,283,True,0.14,0.52,0.61,0.11,1.35,2.73
R01336,2026-06-09 11:01:58.978424737,piloto,F01,False,paletizada,True,True,manha,54,804,False,0.31,1.16,0.86,0.0,0.62,2.95
R01337,2026-06-09 13:16:09.767344857,piloto,F01,False,mista,True,True,manha,45,481,False,0.1,0.89,0.68,0.0,0.73,2.4
R01338,2026-06-09 14:12:04.037285268,piloto,F05,False,paletizada,True,True,tarde,24,336,False,0.07,0.51,0.43,0.0,0.94,1.95
R01339,2026-06-09 12:53:32.481912951,piloto,F12,False,paletizada,True,True,manha,33,506,False,0.6,0.73,0.48,0.0,1.31,3.12
R01340,2026-06-09 16:23:30.906837254,piloto,F03,True,paletizada,True,True,tarde,47,468,True,0.09,0.62,0.46,0.34,0.52,2.03
R01341,2026-06-09 10:06:43.634151950,piloto,F01,False,paletizada,True,False,manha,6,51,False,0.27,0.44,0.69,0.0,0.56,1.96
R01342,2026-06-09 14:49:37.357402933,piloto,F07,True,batida,False,True,tarde,40,198,False,1.76,2.28,0.8,0.0,0.37,5.21
R01343,2026-06-09 10:44:10.860841370,piloto,F12,False,paletizada,False,True,manha,21,224,False,4.25,0.5,0.38,0.0,0.66,5.79
R01344,2026-06-09 14:34:32.782342627,piloto,F01,False,paletizada,True,True,tarde,36,587,False,0.77,0.63,0.5,0.0,0.47,2.37
R01345,2026-06-09 10:19:12.970466551,piloto,F05,False,batida,True,True,manha,14,236,False,0.56,1.4,0.33,0.0,0.7,2.99
R01346,2026-06-09 12:20:16.627897111,piloto,F04,False,paletizada,True,True,manha,18,241,False,0.82,0.51,0.46,0.0,1.36,3.15
R01347,2026-06-09 16:08:41.170223216,piloto,F05,False,paletizada,True,True,tarde,17,194,False,0.04,0.55,0.43,0.0,1.45,2.47
R01348,2026-06-09 10:13:05.030425340,piloto,F02,False,batida,True,False,manha,47,784,False,0.15,2.28,1.37,0.0,0.65,4.45
R01349,2026-06-09 13:27:42.067762196,piloto,F02,False,paletizada,True,True,manha,54,447,False,1.15,0.76,0.78,0.0,1.33,4.02
R01350,2026-06-09 15:14:25.468561244,piloto,F08,False,mista,True,True,tarde,41,341,False,0.64,0.98,0.47,0.0,0.94,3.03
R01351,2026-06-09 12:52:39.776157368,piloto,F01,False,paletizada,True,True,manha,55,961,False,0.23,0.91,0.78,0.0,0.4,2.32
R01352,2026-06-10 11:09:23.713125400,piloto,F06,False,paletizada,True,True,manha,24,191,False,0.7,0.63,0.39,0.0,0.29,2.01
R01353,2026-06-10 16:26:14.049266874,piloto,F02,False,batida,True,True,tarde,38,244,False,0.55,1.78,0.76,0.0,0.38,3.47
R01354,2026-06-10 08:19:47.550505731,piloto,F10,False,paletizada,False,True,manha,11,49,False,4.31,0.4,0.29,0.0,0.93,5.93
R01355,2026-06-10 11:48:32.914466258,piloto,F08,False,batida,True,True,manha,56,984,False,0.26,3.56,0.98,0.0,2.38,7.18
R01356,2026-06-10 11:18:51.221023365,piloto,F10,False,batida,True,True,manha,40,527,False,0.42,2.41,0.71,0.0,0.21,3.75
R01357,2026-06-10 11:51:22.047850080,piloto,F04,False,paletizada,True,False,manha,17,135,False,0.08,0.61,0.69,0.0,0.82,2.2
R01358,2026-06-10 11:10:01.827326319,piloto,F04,False,paletizada,True,True,manha,56,508,False,0.11,0.73,0.77,0.0,0.57,2.18
R01359,2026-06-10 18:45:21.212020792,piloto,F02,False,batida,True,True,tarde,58,396,False,0.81,2.28,0.99,0.0,0.1,4.18
R01360,2026-06-10 12:13:34.765650285,piloto,F01,False,mista,True,True,manha,21,363,False,0.37,1.26,0.44,0.0,1.0,3.07
R01361,2026-06-10 12:26:53.984135266,piloto,F07,True,paletizada,True,True,manha,14,239,False,0.4,0.61,0.6,0.0,1.14,2.75
R01362,2026-06-10 08:25:05.778521803,piloto,F05,False,paletizada,True,True,manha,56,521,False,0.42,0.95,0.68,0.0,0.55,2.6
R01363,2026-06-10 08:46:25.010917381,piloto,F02,False,batida,True,True,manha,17,288,False,0.17,1.52,0.54,0.0,0.8,3.03
R01364,2026-06-10 10:32:49.388254551,piloto,F04,False,mista,True,True,manha,33,186,False,0.68,0.61,0.43,0.0,1.16,2.88
R01365,2026-06-10 09:07:24.921891436,piloto,F09,False,paletizada,True,True,manha,50,695,False,0.14,0.73,0.72,0.0,1.13,2.72
R01366,2026-06-10 14:29:56.380250032,piloto,F01,False,mista,True,True,tarde,47,358,False,0.67,0.82,0.88,0.0,0.98,3.35
R01367,2026-06-10 11:05:04.855828725,piloto,F01,False,paletizada,True,True,manha,3,50,False,0.41,0.45,0.2,0.0,0.42,1.48
R01368,2026-06-10 11:29:52.962735138,piloto,F03,True,batida,False,True,manha,44,237,False,2.46,1.49,0.73,0.0,0.72,5.4
R01369,2026-06-10 12:28:08.683966502,piloto,F02,False,mista,True,True,manha,9,84,False,0.72,0.96,0.28,0.0,0.74,2.7
R01370,2026-06-10 10:04:03.192220549,piloto,F10,False,batida,True,True,manha,49,706,False,0.45,2.74,0.58,0.0,0.75,4.52
R01371,2026-06-10 08:58:13.798108430,piloto,F08,False,mista,True,True,manha,32,209,False,0.17,0.91,0.5,0.0,0.52,2.1
R01372,2026-06-10 10:47:54.449452413,piloto,F01,False,batida,True,True,manha,52,694,False,0.52,1.87,0.7,0.0,0.77,3.86
R01373,2026-06-10 13:32:30.029339796,piloto,F02,False,paletizada,True,False,manha,7,97,False,0.45,0.54,0.59,0.0,0.92,2.5
R01374,2026-06-10 12:34:03.395403145,piloto,F06,False,paletizada,True,True,manha,32,516,False,0.18,0.6,0.51,0.0,0.32,1.61
R01375,2026-06-10 10:15:38.872682503,piloto,F03,True,batida,True,True,manha,12,212,False,0.3,1.9,0.32,0.0,0.6,3.12
R01376,2026-06-10 17:51:12.260946319,piloto,F10,False,batida,True,True,tarde,16,98,False,0.19,1.81,0.25,0.0,0.67,2.92
R01377,2026-06-11 07:09:19.092803475,piloto,F12,False,mista,True,True,manha,9,63,False,0.39,1.03,0.35,0.0,1.18,2.95
R01378,2026-06-11 17:28:49.065883629,piloto,F04,False,paletizada,True,True,tarde,56,565,False,0.49,0.8,0.93,0.0,0.69,2.91
R01379,2026-06-11 14:06:30.990109237,piloto,F02,False,batida,True,True,tarde,37,605,False,0.22,1.72,0.6,0.0,0.61,3.15
R01380,2026-06-11 13:07:44.140112032,piloto,F01,False,mista,True,True,manha,47,653,False,0.57,1.28,0.56,0.0,1.17,3.58
R01381,2026-06-11 09:39:18.183523924,piloto,F10,False,mista,True,True,manha,44,418,False,1.11,1.01,0.75,0.0,0.88,3.75
R01382,2026-06-11 13:55:40.515296228,piloto,F01,False,mista,True,True,manha,23,386,False,0.63,1.14,0.47,0.0,0.43,2.67
R01383,2026-06-11 19:20:32.691231758,piloto,F01,False,batida,True,True,tarde,22,124,False,0.66,2.41,0.4,0.0,1.0,4.47
R01384,2026-06-11 11:13:05.560732988,piloto,F04,False,mista,True,True,manha,25,146,False,0.13,1.02,0.4,0.0,0.41,1.96
R01385,2026-06-11 07:57:18.643409816,piloto,F01,False,batida,False,True,manha,14,215,False,1.81,1.84,0.49,0.0,0.3,4.44
R01386,2026-06-11 14:29:01.780123232,piloto,F03,True,paletizada,False,False,tarde,33,301,False,1.9,0.46,0.84,0.0,0.92,4.12
R01387,2026-06-11 13:11:13.371098355,piloto,F02,False,mista,True,True,manha,48,707,False,0.12,1.53,0.62,0.0,0.78,3.05
R01388,2026-06-11 12:56:47.998228351,piloto,F02,False,paletizada,True,False,manha,10,47,False,0.49,0.62,0.75,0.0,0.5,2.36
R01389,2026-06-11 08:17:11.921670319,piloto,F06,False,paletizada,True,True,manha,24,122,False,0.19,0.31,0.55,0.0,0.99,2.04
R01390,2026-06-11 14:25:45.209169008,piloto,F02,False,batida,True,True,tarde,38,408,False,0.41,2.26,0.65,0.0,0.5,3.82
R01391,2026-06-11 15:07:09.779072073,piloto,F10,False,paletizada,True,True,tarde,28,273,False,0.78,0.52,0.39,0.0,0.6,2.29
R01392,2026-06-11 06:00:00.000000000,piloto,F07,True,mista,True,True,manha,45,605,False,0.81,0.96,0.86,0.0,0.74,3.37
R01393,2026-06-11 13:36:19.997037648,piloto,F08,False,paletizada,False,True,manha,43,502,False,5.01,0.86,0.66,0.0,0.2,6.73
R01394,2026-06-11 15:31:01.245667735,piloto,F02,False,paletizada,True,True,tarde,7,117,False,0.04,0.51,0.24,0.0,0.9,1.69
R01395,2026-06-11 10:15:20.990811348,piloto,F02,False,paletizada,True,True,manha,58,237,False,0.12,0.78,1.02,0.0,0.96,2.88
R01396,2026-06-11 06:21:10.558470261,piloto,F02,False,paletizada,True,True,manha,46,459,False,0.46,0.56,0.69,0.0,0.66,2.37
R01397,2026-06-11 13:23:24.217524020,piloto,F03,True,batida,True,True,manha,6,79,False,1.28,1.63,0.22,0.0,0.18,3.31
R01398,2026-06-11 19:52:35.646014164,piloto,F02,False,batida,True,True,tarde,38,184,True,0.53,1.33,0.37,0.35,0.52,3.1
R01399,2026-06-11 14:14:38.137357050,piloto,F03,True,paletizada,True,True,tarde,24,396,False,0.68,0.6,0.47,0.0,0.53,2.28
R01400,2026-06-11 20:14:04.368083276,piloto,F05,False,paletizada,True,True,tarde,44,614,False,0.29,0.57,0.61,0.0,0.8,2.27
R01401,2026-06-11 14:10:36.187016462,piloto,F04,False,batida,True,True,tarde,36,360,False,0.28,1.83,0.64,0.0,0.89,3.64
R01402,2026-06-11 12:24:28.389860622,piloto,F07,True,batida,True,True,manha,11,140,False,0.38,2.43,0.37,0.0,0.91,4.09
R01403,2026-06-11 10:38:19.238079706,piloto,F08,False,paletizada,True,False,manha,51,394,False,0.25,0.65,1.3,0.0,1.46,3.66
R01404,2026-06-11 17:35:07.585930006,piloto,F03,True,paletizada,True,True,tarde,43,461,False,0.39,0.73,0.73,0.0,0.46,2.31
R01405,2026-06-12 11:09:46.860860962,piloto,F01,False,mista,True,True,manha,11,148,False,0.72,0.91,0.37,0.0,0.58,2.58
R01406,2026-06-12 16:29:26.821940618,piloto,F01,False,batida,True,True,tarde,46,340,False,0.41,2.27,0.92,0.0,1.31,4.91
R01407,2026-06-12 15:26:38.103229874,piloto,F05,False,mista,True,True,tarde,51,808,False,0.83,1.4,0.77,0.0,0.18,3.18
R01408,2026-06-12 11:50:38.557092123,piloto,F01,False,batida,True,True,manha,9,72,False,0.57,1.8,0.36,0.0,0.33,3.06
R01409,2026-06-12 12:48:58.316347350,piloto,F05,False,paletizada,False,True,manha,26,152,False,2.76,0.37,0.66,0.0,0.48,4.27
R01410,2026-06-12 13:11:49.182129549,piloto,F01,False,paletizada,True,True,manha,25,408,False,0.13,0.64,0.56,0.0,1.56,2.89
R01411,2026-06-12 09:47:26.285112232,piloto,F08,False,paletizada,True,True,manha,48,338,False,0.15,0.59,0.55,0.0,0.54,1.83
R01412,2026-06-12 09:22:00.821628476,piloto,F04,False,paletizada,True,False,manha,16,101,True,0.16,0.51,0.86,0.55,0.81,2.89
R01413,2026-06-12 12:32:39.566812124,piloto,F01,False,paletizada,True,True,manha,56,790,False,0.73,1.03,0.83,0.0,1.36,3.95
R01414,2026-06-12 10:09:05.686776565,piloto,F02,False,batida,True,False,manha,45,662,False,0.65,2.17,1.53,0.0,0.3,4.65
R01415,2026-06-12 12:53:29.977860789,piloto,F03,True,batida,True,True,manha,47,535,False,1.7,2.67,1.16,0.0,1.75,7.28
R01416,2026-06-12 15:37:56.254563541,piloto,F06,False,batida,True,True,tarde,38,346,False,0.26,2.23,0.81,0.0,1.24,4.54
R01417,2026-06-12 12:16:58.483959470,piloto,F02,False,paletizada,True,True,manha,27,478,False,0.32,1.05,0.55,0.0,0.54,2.46
R01418,2026-06-12 14:48:31.791925738,piloto,F06,False,paletizada,True,True,tarde,55,254,False,0.26,0.59,0.71,0.0,1.41,2.97
R01419,2026-06-12 18:28:52.291524255,piloto,F05,False,paletizada,True,True,tarde,19,245,False,0.75,0.91,0.53,0.0,0.77,2.96
R01420,2026-06-12 11:37:50.906659875,piloto,F09,False,mista,False,True,manha,42,289,False,3.13,0.86,0.71,0.0,1.15,5.85
R01421,2026-06-12 17:28:41.265525273,piloto,F03,True,paletizada,True,True,tarde,53,521,False,0.39,0.56,1.03,0.0,1.14,3.12
R01422,2026-06-12 10:24:02.733738595,piloto,F01,False,paletizada,False,True,manha,36,332,False,4.47,0.62,0.66,0.0,1.09,6.84
R01423,2026-06-12 09:24:07.122888356,piloto,F02,False,batida,True,True,manha,44,395,False,0.39,1.96,0.86,0.0,0.69,3.9
R01424,2026-06-12 13:33:14.832872496,piloto,F07,True,mista,True,True,manha,57,434,True,0.11,1.49,0.71,0.79,0.64,3.74
R01425,2026-06-12 12:29:25.620229687,piloto,F03,True,mista,True,True,manha,31,441,False,0.7,1.34,0.55,0.0,0.44,3.03
R01426,2026-06-12 08:24:00.102294648,piloto,F04,False,paletizada,True,True,manha,15,181,False,2.08,0.59,0.41,0.0,0.21,3.29
R01427,2026-06-12 17:02:09.223827824,piloto,F02,False,mista,True,True,tarde,50,814,False,1.25,1.16,0.65,0.0,1.12,4.18
R01428,2026-06-12 15:40:13.774325624,piloto,F08,False,batida,True,True,tarde,8,116,False,0.12,1.88,0.36,0.0,0.49,2.85
R01429,2026-06-12 09:57:17.088032300,piloto,F01,False,mista,True,True,manha,56,582,False,0.2,1.43,0.77,0.0,0.32,2.72
R01430,2026-06-12 12:22:31.384304130,piloto,F12,False,paletizada,False,True,manha,23,276,False,2.75,0.49,0.45,0.0,1.22,4.91
R01431,2026-06-13 06:00:00.000000000,piloto,F02,False,paletizada,True,True,manha,4,22,False,0.95,0.45,0.34,0.0,0.9,2.64
R01432,2026-06-13 10:11:51.502829373,piloto,F01,False,paletizada,True,True,manha,48,328,False,1.78,0.59,0.69,0.0,0.58,3.64
R01433,2026-06-13 13:28:00.748976440,piloto,F09,False,mista,True,True,manha,41,726,False,0.22,1.58,0.8,0.0,0.42,3.02
R01434,2026-06-13 15:57:52.101436579,piloto,F02,False,batida,True,True,tarde,20,207,False,0.25,2.4,0.41,0.0,0.58,3.64
R01435,2026-06-13 06:00:00.000000000,piloto,F04,False,paletizada,True,True,manha,53,267,False,0.49,0.61,1.09,0.0,0.54,2.73
R01436,2026-06-13 18:13:27.691453016,piloto,F01,False,batida,True,True,tarde,44,593,False,0.92,1.83,0.67,0.0,0.45,3.87
R01437,2026-06-13 14:12:24.631028845,piloto,F02,False,paletizada,False,True,tarde,18,82,False,2.24,0.56,0.73,0.0,0.27,3.8
R01438,2026-06-13 18:15:17.858407575,piloto,F09,False,batida,True,True,tarde,42,223,False,0.12,1.56,0.77,0.0,0.49,2.94
R01439,2026-06-13 09:22:01.046982946,piloto,F02,False,mista,True,True,manha,51,635,False,0.2,1.31,0.75,0.0,1.31,3.57
R01440,2026-06-13 10:39:16.435941537,piloto,F01,False,batida,True,True,manha,41,450,False,0.55,1.62,0.53,0.0,0.39,3.09
R01441,2026-06-13 09:45:37.495541869,piloto,F01,False,paletizada,True,True,manha,14,70,False,0.29,0.42,0.36,0.0,0.61,1.68
R01442,2026-06-15 12:48:42.832247785,piloto,F04,False,batida,True,False,manha,49,603,False,0.4,2.18,1.16,0.0,1.32,5.06
R01443,2026-06-15 19:09:04.079632759,piloto,F01,False,paletizada,False,False,tarde,23,337,False,3.33,0.5,1.18,0.0,0.75,5.76
R01444,2026-06-15 14:45:51.082425496,piloto,F06,False,mista,True,False,tarde,17,221,False,0.86,0.77,0.84,0.0,1.03,3.5
R01445,2026-06-15 16:39:10.652445414,piloto,F04,False,paletizada,True,True,tarde,48,376,False,0.35,0.6,0.83,0.0,0.82,2.6
R01446,2026-06-15 12:36:35.704716130,piloto,F06,False,paletizada,True,False,manha,41,372,False,0.14,1.04,1.41,0.0,0.91,3.5
R01447,2026-06-15 11:39:58.403526760,piloto,F06,False,mista,True,True,manha,43,617,False,0.73,1.18,0.7,0.0,0.49,3.1
R01448,2026-06-15 17:42:34.278448431,piloto,F03,True,batida,True,True,tarde,19,261,False,0.35,1.73,0.27,0.0,1.4,3.75
R01449,2026-06-15 15:30:39.957609830,piloto,F06,False,paletizada,True,True,tarde,49,320,False,1.61,0.63,0.89,0.0,0.79,3.92
R01450,2026-06-15 15:48:17.343812991,piloto,F02,False,paletizada,True,True,tarde,3,16,False,0.43,0.49,0.4,0.0,0.44,1.76
R01451,2026-06-15 16:22:55.703069216,piloto,F06,False,paletizada,True,True,tarde,21,168,False,0.48,0.5,0.47,0.0,1.22,2.67
R01452,2026-06-15 13:33:22.305638444,piloto,F01,False,paletizada,True,False,manha,5,65,False,0.03,0.28,0.58,0.0,0.78,1.67
R01453,2026-06-15 11:40:07.988222996,piloto,F01,False,paletizada,True,False,manha,7,74,False,0.23,0.38,0.67,0.0,0.6,1.88
R01454,2026-06-15 14:22:27.663354512,piloto,F06,False,batida,True,True,tarde,35,608,False,0.09,1.85,0.57,0.0,1.45,3.96
R01455,2026-06-15 07:29:12.768978123,piloto,F11,False,batida,True,True,manha,5,57,False,0.13,2.14,0.21,0.0,0.29,2.77
R01456,2026-06-15 13:26:00.020768841,piloto,F01,False,paletizada,False,True,manha,7,72,False,4.61,0.38,0.3,0.0,0.49,5.78
R01457,2026-06-15 16:46:32.955222054,piloto,F11,False,paletizada,False,True,tarde,18,141,True,1.38,0.45,0.43,0.56,0.66,3.48
R01458,2026-06-15 12:25:00.219906285,piloto,F01,False,paletizada,True,True,manha,54,432,False,0.22,0.52,0.98,0.0,0.5,2.22
R01459,2026-06-15 19:09:40.923205682,piloto,F09,False,paletizada,True,True,tarde,59,803,False,0.21,0.75,0.69,0.0,0.68,2.33
R01460,2026-06-15 12:02:00.009097047,piloto,F04,False,paletizada,True,True,manha,14,116,False,0.33,0.76,0.37,0.0,1.19,2.65
R01461,2026-06-15 09:48:30.067503836,piloto,F03,True,paletizada,True,True,manha,14,80,False,0.41,0.53,0.39,0.0,0.67,2.0
R01462,2026-06-15 15:01:54.151475894,piloto,F03,True,mista,True,True,tarde,29,409,False,1.46,1.21,0.6,0.0,0.76,4.03
R01463,2026-06-15 12:35:38.616402055,piloto,F05,False,batida,False,True,manha,40,330,False,3.84,1.63,0.96,0.0,0.67,7.1
R01464,2026-06-16 11:57:30.041120754,piloto,F09,False,paletizada,False,True,manha,14,111,False,7.2,0.68,0.41,0.0,0.96,9.25
R01465,2026-06-16 16:04:56.826507273,piloto,F02,False,paletizada,False,True,tarde,57,885,False,5.4,0.82,0.69,0.0,0.77,7.68
R01466,2026-06-16 16:13:44.657608756,piloto,F02,False,batida,True,True,tarde,11,187,False,0.66,1.88,0.37,0.0,0.57,3.48
R01467,2026-06-16 13:06:36.135468583,piloto,F01,False,batida,True,True,manha,37,529,False,0.46,1.87,0.7,0.0,0.27,3.3
R01468,2026-06-16 15:36:53.373742840,piloto,F04,False,paletizada,True,True,tarde,36,241,False,0.36,0.32,0.67,0.0,1.73,3.08
R01469,2026-06-16 11:51:09.895422078,piloto,F10,False,paletizada,True,True,manha,18,105,False,0.84,0.59,0.36,0.0,1.91,3.7
R01470,2026-06-16 06:00:00.000000000,piloto,F02,False,paletizada,False,False,manha,41,462,False,0.71,0.48,1.49,0.0,0.8,3.48
R01471,2026-06-16 16:43:21.705209115,piloto,F01,False,mista,True,True,tarde,41,504,False,0.37,1.04,0.52,0.0,0.49,2.42
R01472,2026-06-16 11:36:59.907719437,piloto,F09,False,batida,True,True,manha,24,385,False,1.38,1.41,0.42,0.0,0.98,4.19
R01473,2026-06-16 15:07:32.240594362,piloto,F09,False,paletizada,True,True,tarde,9,67,False,1.73,0.38,0.29,0.0,0.93,3.33
R01474,2026-06-16 12:38:29.870277684,piloto,F02,False,mista,False,True,manha,7,105,False,1.13,0.86,0.28,0.0,0.37,2.64
R01475,2026-06-16 12:16:54.062848059,piloto,F03,True,batida,True,False,manha,28,219,False,0.36,1.7,1.04,0.0,0.9,4.0
R01476,2026-06-16 10:19:37.474950972,piloto,F01,False,batida,True,True,manha,14,229,False,0.79,2.72,0.45,0.0,1.2,5.16
R01477,2026-06-16 15:39:45.506439032,piloto,F03,True,batida,True,True,tarde,52,931,True,0.45,1.81,0.96,0.28,0.54,4.04
R01478,2026-06-16 15:54:12.124300348,piloto,F04,False,paletizada,True,True,tarde,10,48,False,0.45,0.4,0.38,0.0,0.52,1.75
R01479,2026-06-16 17:16:17.359533843,piloto,F03,True,batida,True,True,tarde,48,801,True,0.36,2.47,0.63,0.16,0.94,4.56
R01480,2026-06-16 15:28:14.010547616,piloto,F10,False,mista,True,True,tarde,28,357,False,0.83,0.99,0.62,0.0,0.81,3.25
R01481,2026-06-16 14:36:03.273068527,piloto,F02,False,paletizada,True,True,tarde,45,197,False,0.61,0.45,0.86,0.0,1.31,3.23
R01482,2026-06-16 11:31:37.195102711,piloto,F10,False,batida,True,True,manha,38,330,False,1.47,3.11,0.54,0.0,0.53,5.65
R01483,2026-06-16 13:21:15.861972744,piloto,F05,False,paletizada,True,True,manha,39,654,False,0.6,0.82,0.51,0.0,2.31,4.24
R01484,2026-06-16 14:35:39.409432450,piloto,F12,False,paletizada,True,False,tarde,17,270,False,0.22,0.46,0.82,0.0,1.42,2.92
R01485,2026-06-16 06:00:00.000000000,piloto,F10,False,batida,True,True,manha,45,263,False,0.91,2.06,1.04,0.0,0.67,4.68
R01486,2026-06-16 09:27:28.632361294,piloto,F09,False,batida,True,True,manha,5,87,False,0.51,1.49,0.28,0.0,1.03,3.31
R01487,2026-06-16 12:37:25.948526480,piloto,F01,False,mista,True,True,manha,20,347,False,0.22,1.19,0.44,0.0,0.83,2.68
R01488,2026-06-16 15:50:13.389931449,piloto,F11,False,paletizada,True,True,tarde,42,669,False,0.27,0.62,0.77,0.0,1.28,2.94
R01489,2026-06-16 17:43:38.856794451,piloto,F08,False,mista,True,True,tarde,45,566,False,0.06,1.39,0.55,0.0,0.65,2.65
R01490,2026-06-16 18:43:02.208035413,piloto,F02,False,mista,True,True,tarde,23,290,False,0.21,1.14,0.39,0.0,0.77,2.51
R01491,2026-06-16 10:44:58.596990792,piloto,F01,False,mista,True,True,manha,21,227,False,0.68,1.1,0.45,0.0,0.47,2.7
R01492,2026-06-16 13:25:09.773185216,piloto,F03,True,batida,True,True,manha,43,177,False,0.87,1.9,0.81,0.0,0.71,4.29
R01493,2026-06-17 11:55:35.230644109,piloto,F01,False,paletizada,True,True,manha,24,97,False,0.21,0.3,0.45,0.0,1.21,2.17
R01494,2026-06-17 11:26:56.361339398,piloto,F01,False,mista,True,True,manha,23,105,False,0.93,0.76,0.57,0.0,1.03,3.29
R01495,2026-06-17 11:27:51.375716172,piloto,F07,True,paletizada,True,True,manha,21,209,False,0.47,0.4,0.69,0.0,0.83,2.39
R01496,2026-06-17 14:48:50.599233255,piloto,F04,False,paletizada,True,True,tarde,33,451,False,0.51,0.61,0.63,0.0,0.9,2.65
R01497,2026-06-17 12:39:27.012718238,piloto,F05,False,batida,True,True,manha,38,468,False,0.15,1.5,0.58,0.0,0.74,2.97
R01498,2026-06-17 14:29:27.697031592,piloto,F03,True,batida,True,True,tarde,23,174,False,0.66,1.84,0.5,0.0,1.03,4.03
R01499,2026-06-17 16:40:43.918869136,piloto,F01,False,paletizada,True,True,tarde,41,404,False,1.44,0.6,0.55,0.0,1.25,3.84
R01500,2026-06-17 12:04:14.081623766,piloto,F01,False,paletizada,False,True,manha,56,432,False,1.1,0.71,1.22,0.0,1.31,4.34
R01501,2026-06-17 12:09:20.546403480,piloto,F09,False,paletizada,True,True,manha,13,66,False,0.17,0.55,0.3,0.0,0.57,1.59
R01502,2026-06-17 12:04:43.423805215,piloto,F03,True,mista,True,True,manha,20,198,False,0.14,1.44,0.37,0.0,0.81,2.76
R01503,2026-06-17 17:52:34.535231029,piloto,F01,False,paletizada,True,True,tarde,25,301,False,0.29,0.53,0.62,0.0,0.25,1.69
R01504,2026-06-17 12:40:07.762258250,piloto,F06,False,batida,True,True,manha,8,70,False,1.21,1.3,0.32,0.0,0.29,3.12
R01505,2026-06-17 13:15:14.305250736,piloto,F03,True,paletizada,True,False,manha,6,64,False,0.51,0.52,0.48,0.0,0.57,2.08
R01506,2026-06-17 12:03:13.229247970,piloto,F07,True,batida,True,True,manha,29,415,False,1.12,2.21,0.66,0.0,0.29,4.28
R01507,2026-06-18 13:05:50.314421500,piloto,F06,False,paletizada,True,True,manha,26,419,False,0.18,0.65,0.47,0.0,0.49,1.79
R01508,2026-06-18 14:05:00.731596498,piloto,F09,False,mista,True,True,tarde,30,141,False,0.78,1.1,0.51,0.0,0.75,3.14
R01509,2026-06-18 10:13:47.995984092,piloto,F06,False,batida,True,False,manha,11,53,False,0.59,1.75,0.64,0.0,0.44,3.42
R01510,2026-06-18 08:52:29.179764998,piloto,F08,False,paletizada,True,True,manha,34,309,False,0.29,0.48,0.54,0.0,1.66,2.97
R01511,2026-06-18 07:09:32.762157159,piloto,F02,False,batida,True,True,manha,33,508,False,0.96,2.1,0.58,0.0,1.05,4.69
R01512,2026-06-18 13:00:43.171821637,piloto,F07,True,paletizada,True,True,manha,42,397,True,0.68,0.58,0.59,0.79,0.6,3.24
R01513,2026-06-18 11:09:37.096064661,piloto,F04,False,paletizada,True,True,manha,27,170,False,0.39,0.56,0.53,0.0,0.5,1.98
R01514,2026-06-18 14:56:04.633227852,piloto,F04,False,paletizada,True,True,tarde,28,150,False,0.49,0.39,0.42,0.0,0.65,1.95
R01515,2026-06-18 08:28:33.188493385,piloto,F10,False,paletizada,True,True,manha,53,767,False,0.58,0.68,0.59,0.0,1.8,3.65
R01516,2026-06-18 17:17:09.206435148,piloto,F03,True,paletizada,True,True,tarde,54,579,False,1.05,0.76,0.9,0.0,0.94,3.65
R01517,2026-06-18 12:25:33.261960118,piloto,F04,False,batida,True,True,manha,57,721,False,0.57,2.25,0.69,0.0,0.23,3.74
R01518,2026-06-18 12:21:04.177866034,piloto,F01,False,paletizada,True,True,manha,53,896,False,0.15,0.98,0.78,0.0,1.05,2.96
R01519,2026-06-18 13:29:53.339757532,piloto,F02,False,batida,True,False,manha,3,38,False,0.18,2.49,0.45,0.0,0.59,3.71
R01520,2026-06-18 15:16:47.704284811,piloto,F05,False,batida,True,True,tarde,22,127,False,0.34,1.19,0.34,0.0,0.37,2.24
R01521,2026-06-18 15:35:29.599882785,piloto,F01,False,mista,True,True,tarde,7,64,False,0.44,0.98,0.24,0.0,1.19,2.85
R01522,2026-06-18 07:06:56.381843689,piloto,F01,False,paletizada,True,True,manha,46,673,False,0.42,0.75,0.58,0.0,0.5,2.25
R01523,2026-06-18 11:12:10.087369336,piloto,F08,False,paletizada,True,True,manha,53,214,False,0.13,0.51,0.98,0.0,0.7,2.32
R01524,2026-06-18 14:26:45.831039972,piloto,F01,False,paletizada,True,True,tarde,45,763,False,0.76,0.88,0.59,0.0,0.63,2.86
R01525,2026-06-18 14:52:46.387588551,piloto,F11,False,paletizada,True,False,tarde,41,695,False,0.54,0.98,1.35,0.0,0.28,3.15
R01526,2026-06-18 13:44:01.808784178,piloto,F02,False,batida,True,True,manha,21,146,False,0.72,1.77,0.42,0.0,0.37,3.28
R01527,2026-06-18 10:11:16.223411497,piloto,F09,False,paletizada,True,True,manha,41,734,False,0.06,0.75,0.66,0.0,2.22,3.69
R01528,2026-06-18 14:22:18.560902947,piloto,F03,True,mista,True,True,tarde,59,705,True,0.43,1.39,0.65,1.23,1.49,5.19
R01529,2026-06-18 12:26:27.097112918,piloto,F02,False,batida,True,True,manha,4,27,True,0.24,2.14,0.35,0.87,0.59,4.19
R01530,2026-06-18 13:01:58.739080573,piloto,F03,True,paletizada,True,True,manha,28,389,False,0.42,0.58,0.54,0.0,0.91,2.45
R01531,2026-06-18 16:56:18.762488437,piloto,F07,True,paletizada,True,True,tarde,40,555,False,0.3,0.76,0.58,0.0,1.32,2.96
R01532,2026-06-18 12:41:31.070935831,piloto,F06,False,batida,True,False,manha,36,487,False,0.73,2.71,1.39,0.0,0.53,5.36
R01533,2026-06-18 14:29:13.622340213,piloto,F12,False,paletizada,True,True,tarde,52,864,False,0.39,0.78,0.56,0.0,0.91,2.64
R01534,2026-06-18 17:41:49.652324001,piloto,F01,False,paletizada,True,True,tarde,8,125,False,0.24,0.6,0.28,0.0,0.18,1.3
R01535,2026-06-18 16:14:09.492911948,piloto,F01,False,paletizada,True,True,tarde,13,65,False,0.17,0.36,0.4,0.0,0.91,1.84
R01536,2026-06-18 09:01:33.934690988,piloto,F04,False,paletizada,True,False,manha,10,79,False,0.58,0.58,0.93,0.0,0.45,2.54
R01537,2026-06-18 09:36:53.805090862,piloto,F02,False,paletizada,True,True,manha,39,494,False,0.47,0.56,0.57,0.0,0.46,2.06
R01538,2026-06-18 06:38:05.996063162,piloto,F01,False,mista,True,True,manha,31,303,False,1.13,0.87,0.78,0.0,0.72,3.5
R01539,2026-06-18 16:24:45.785160907,piloto,F04,False,batida,True,True,tarde,41,418,False,0.34,1.47,0.81,0.0,0.35,2.97
R01540,2026-06-18 12:28:22.695321514,piloto,F07,True,batida,True,False,manha,32,246,False,0.09,1.76,0.94,0.0,0.73,3.52
R01541,2026-06-18 11:17:40.724945879,piloto,F10,False,batida,True,True,manha,40,434,False,0.23,1.96,0.7,0.0,1.02,3.91
R01542,2026-06-18 12:45:12.099554881,piloto,F02,False,batida,True,True,manha,50,213,False,0.28,1.81,0.92,0.0,0.64,3.65
R01543,2026-06-19 09:23:32.024588571,piloto,F03,True,batida,True,True,manha,20,306,False,0.05,1.43,0.33,0.0,0.54,2.35
R01544,2026-06-19 13:02:57.970557866,piloto,F03,True,mista,True,True,manha,26,291,False,0.21,1.24,0.51,0.0,0.95,2.91
R01545,2026-06-19 10:20:41.809563344,piloto,F02,False,paletizada,True,True,manha,32,387,False,0.31,0.56,0.51,0.0,0.99,2.37
R01546,2026-06-19 18:13:01.817012816,piloto,F11,False,paletizada,True,True,tarde,48,576,False,0.17,0.66,0.68,0.0,0.75,2.26
R01547,2026-06-19 06:00:00.000000000,piloto,F02,False,paletizada,True,True,manha,53,761,False,0.83,0.8,0.9,0.0,0.39,2.92
R01548,2026-06-19 14:28:45.734959272,piloto,F01,False,paletizada,True,True,tarde,27,388,False,0.52,0.68,0.29,0.0,0.42,1.91
R01549,2026-06-19 10:32:32.742858386,piloto,F05,False,paletizada,True,True,manha,52,396,False,0.36,0.56,0.91,0.0,0.65,2.48
R01550,2026-06-19 18:06:03.524053442,piloto,F10,False,paletizada,True,True,tarde,48,792,False,0.88,0.73,1.13,0.0,0.58,3.32
R01551,2026-06-19 09:38:39.613251800,piloto,F03,True,mista,True,True,manha,43,430,False,0.66,1.02,0.67,0.0,1.69,4.04
R01552,2026-06-19 14:21:59.886794311,piloto,F04,False,paletizada,True,True,tarde,29,406,False,0.67,0.69,0.5,0.0,0.54,2.4
R01553,2026-06-19 17:57:01.100300356,piloto,F04,False,mista,True,True,tarde,17,239,False,0.37,0.99,0.41,0.0,1.22,2.99
R01554,2026-06-19 14:33:20.764578905,piloto,F05,False,paletizada,True,False,tarde,26,391,False,0.17,0.66,1.21,0.0,0.34,2.38
R01555,2026-06-19 10:46:28.547702281,piloto,F01,False,paletizada,True,False,manha,20,278,False,1.3,0.66,1.44,0.0,0.32,3.72
R01556,2026-06-19 12:11:47.583132291,piloto,F01,False,paletizada,True,False,manha,59,1016,False,0.33,0.89,1.42,0.0,0.73,3.37
R01557,2026-06-19 13:24:08.943933063,piloto,F03,True,paletizada,True,True,manha,23,262,False,0.19,0.46,0.26,0.0,0.25,1.16
R01558,2026-06-19 17:26:20.218419574,piloto,F01,False,paletizada,True,False,tarde,23,384,False,0.37,0.49,1.01,0.0,0.8,2.67
R01559,2026-06-19 13:13:52.534945981,piloto,F04,False,mista,True,True,manha,20,221,False,0.14,0.91,0.44,0.0,0.78,2.27
R01560,2026-06-19 14:45:09.756434984,piloto,F07,True,mista,True,True,tarde,16,128,False,0.14,0.77,0.39,0.0,0.5,1.8
R01561,2026-06-19 09:15:57.505149774,piloto,F04,False,paletizada,True,True,manha,6,94,False,0.48,0.47,0.29,0.0,1.07,2.31
R01562,2026-06-19 12:58:48.077652968,piloto,F01,False,paletizada,True,False,manha,27,462,False,0.05,0.52,0.67,0.0,1.12,2.36
R01563,2026-06-19 16:44:58.732004911,piloto,F01,False,paletizada,True,False,tarde,26,143,False,0.41,0.49,1.08,0.0,0.33,2.31
R01564,2026-06-19 11:52:50.914373901,piloto,F02,False,paletizada,True,True,manha,24,411,False,0.37,0.57,0.42,0.0,1.41,2.77
R01565,2026-06-19 11:14:09.170135592,piloto,F08,False,mista,True,True,manha,41,360,False,0.4,1.27,0.69,0.0,0.51,2.87
R01566,2026-06-19 11:34:29.404656876,piloto,F05,False,mista,True,True,manha,21,161,True,1.16,0.77,0.42,0.24,1.37,3.96
R01567,2026-06-19 16:27:05.885991360,piloto,F01,False,batida,True,True,tarde,14,77,False,0.25,1.88,0.32,0.0,0.43,2.88
R01568,2026-06-19 14:24:34.885444129,piloto,F01,False,batida,False,True,tarde,22,354,False,3.46,2.32,0.33,0.0,1.15,7.26
R01569,2026-06-19 14:03:07.902256251,piloto,F07,True,paletizada,True,True,tarde,32,346,False,0.39,0.44,0.74,0.0,0.59,2.16
R01570,2026-06-19 10:27:57.848161464,piloto,F04,False,batida,True,True,manha,38,338,False,0.13,2.13,0.61,0.0,1.28,4.15
R01571,2026-06-19 07:10:33.564231962,piloto,F01,False,paletizada,True,True,manha,8,67,False,0.38,0.38,0.35,0.0,1.12,2.23
R01572,2026-06-19 16:08:06.546021608,piloto,F03,True,batida,True,True,tarde,46,786,False,1.17,1.83,0.95,0.0,0.53,4.48
R01573,2026-06-20 10:28:32.854193601,piloto,F04,False,paletizada,True,True,manha,46,403,True,0.5,0.44,0.87,1.56,1.03,4.4
R01574,2026-06-20 17:56:29.297488621,piloto,F01,False,mista,True,True,tarde,55,681,False,0.53,1.27,0.75,0.0,0.63,3.18
R01575,2026-06-20 07:31:22.347388444,piloto,F03,True,batida,True,True,manha,21,151,False,1.05,1.58,0.48,0.0,0.76,3.87
R01576,2026-06-20 12:29:43.043659735,piloto,F02,False,batida,True,True,manha,57,268,False,1.14,1.79,0.6,0.0,1.15,4.68
R01577,2026-06-20 13:24:19.296355708,piloto,F01,False,paletizada,True,True,manha,35,391,False,0.23,0.61,0.44,0.0,0.3,1.58
R01578,2026-06-20 14:46:22.552514814,piloto,F02,False,paletizada,True,True,tarde,4,18,False,0.22,0.6,0.33,0.0,0.43,1.58
R01579,2026-06-20 11:19:48.620580718,piloto,F07,True,batida,True,True,manha,52,388,False,0.63,2.21,0.63,0.0,0.77,4.24
R01580,2026-06-20 13:40:28.776018694,piloto,F02,False,mista,True,True,manha,40,217,False,0.07,0.88,0.76,0.0,0.44,2.15
R01581,2026-06-20 16:02:03.386689839,piloto,F01,False,paletizada,True,True,tarde,29,375,False,0.57,0.54,0.49,0.0,0.36,1.96
R01582,2026-06-20 13:20:27.696063458,piloto,F01,False,mista,True,True,manha,47,243,False,0.86,1.08,0.77,0.0,1.2,3.91
R01583,2026-06-20 10:35:33.147172068,piloto,F02,False,paletizada,True,True,manha,16,272,False,0.61,0.58,0.52,0.0,0.55,2.26
R01584,2026-06-20 15:39:23.199743613,piloto,F01,False,batida,True,True,tarde,47,393,False,0.28,3.77,0.62,0.0,0.65,5.32
R01585,2026-06-20 13:43:37.225781310,piloto,F11,False,mista,True,True,manha,35,524,False,0.72,0.98,0.52,0.0,0.74,2.96
R01586,2026-06-20 10:09:09.321572080,piloto,F07,True,paletizada,True,True,manha,3,21,False,1.47,0.36,0.35,0.0,0.49,2.67
R01587,2026-06-22 12:56:25.988765020,piloto,F03,True,paletizada,True,True,manha,7,30,False,0.78,0.39,0.31,0.0,0.7,2.18
R01588,2026-06-22 07:27:19.103451145,piloto,F09,False,mista,True,True,manha,18,254,False,0.39,1.24,0.51,0.0,0.92,3.06
R01589,2026-06-22 17:42:30.416743368,piloto,F01,False,batida,True,False,tarde,16,215,True,0.7,1.38,0.88,0.16,0.88,4.0
R01590,2026-06-22 16:03:13.384503288,piloto,F03,True,mista,True,True,tarde,54,500,False,1.65,1.44,1.24,0.0,0.62,4.95
R01591,2026-06-22 15:29:54.341985454,piloto,F04,False,paletizada,True,True,tarde,33,575,False,0.37,0.88,0.38,0.0,0.41,2.04
R01592,2026-06-22 18:23:33.994790610,piloto,F12,False,batida,True,True,tarde,17,82,False,0.23,1.77,0.5,0.0,0.74,3.24
R01593,2026-06-22 15:06:21.589603884,piloto,F11,False,mista,True,True,tarde,10,75,False,1.52,0.87,0.43,0.0,0.82,3.64
R01594,2026-06-22 14:53:18.554284410,piloto,F04,False,paletizada,True,False,tarde,14,171,False,0.39,0.75,0.44,0.0,0.72,2.3
R01595,2026-06-22 18:09:44.331746104,piloto,F08,False,mista,True,True,tarde,14,191,False,0.02,0.98,0.44,0.0,1.18,2.62
R01596,2026-06-22 11:30:45.278074263,piloto,F02,False,paletizada,True,False,manha,33,417,False,0.22,0.56,1.15,0.0,0.41,2.34
R01597,2026-06-22 08:49:49.315046682,piloto,F01,False,paletizada,True,True,manha,51,910,False,0.15,0.97,0.75,0.0,0.25,2.12
R01598,2026-06-22 15:57:34.010125696,piloto,F03,True,batida,True,True,tarde,52,481,False,0.35,1.64,0.78,0.0,0.18,2.95
R01599,2026-06-22 12:15:53.672030406,piloto,F01,False,batida,True,True,manha,56,894,False,0.52,1.54,0.89,0.0,0.28,3.23
R01600,2026-06-22 16:14:28.039668288,piloto,F02,False,paletizada,True,True,tarde,55,637,False,0.4,0.73,0.75,0.0,0.82,2.7
R01601,2026-06-22 15:04:26.116664678,piloto,F04,False,paletizada,False,True,tarde,6,85,True,7.2,0.4,0.27,1.49,0.52,9.88
R01602,2026-06-22 10:50:13.915730583,piloto,F02,False,batida,True,True,manha,11,132,False,0.39,1.58,0.44,0.0,0.5,2.91
R01603,2026-06-22 12:49:18.837211936,piloto,F03,True,batida,True,True,manha,29,246,False,0.76,1.65,0.55,0.0,0.46,3.42
R01604,2026-06-22 09:34:27.576656421,piloto,F06,False,paletizada,True,False,manha,43,313,False,0.98,0.51,1.62,0.0,1.57,4.68
R01605,2026-06-22 13:09:38.380281858,piloto,F09,False,paletizada,True,True,manha,45,432,False,1.89,0.59,1.2,0.0,1.0,4.68
R01606,2026-06-22 12:29:37.185970189,piloto,F04,False,batida,True,True,manha,43,173,False,0.05,1.13,0.52,0.0,0.69,2.39
R01607,2026-06-22 15:33:09.355171921,piloto,F08,False,mista,True,True,tarde,48,716,False,0.06,1.47,0.62,0.0,0.24,2.39
R01608,2026-06-22 18:55:34.498236032,piloto,F05,False,mista,True,True,tarde,17,175,False,0.67,0.93,0.37,0.0,0.39,2.36
R01609,2026-06-22 13:52:45.659196778,piloto,F07,True,batida,True,False,manha,51,288,True,0.43,1.81,1.5,3.02,0.83,7.59
R01610,2026-06-23 14:36:43.603823419,piloto,F03,True,paletizada,True,True,tarde,56,816,True,0.26,0.72,0.88,1.69,1.0,4.55
R01611,2026-06-23 10:42:42.265837857,piloto,F03,True,paletizada,True,True,manha,8,126,False,0.72,0.4,0.41,0.0,0.99,2.52
R01612,2026-06-23 10:27:57.396119256,piloto,F01,False,paletizada,True,True,manha,50,348,False,1.1,0.58,0.63,0.0,0.36,2.67
R01613,2026-06-23 17:18:09.866719972,piloto,F02,False,paletizada,True,True,tarde,48,663,False,1.01,0.67,0.53,0.0,0.8,3.01
R01614,2026-06-23 15:17:59.966514207,piloto,F02,False,batida,True,True,tarde,5,34,True,0.29,1.39,0.25,0.58,0.86,3.37
R01615,2026-06-23 12:00:09.396335282,piloto,F01,False,paletizada,True,False,manha,23,388,False,0.84,0.49,0.69,0.0,0.64,2.66
R01616,2026-06-23 15:06:27.151364332,piloto,F01,False,paletizada,True,True,tarde,45,400,False,0.68,0.6,0.59,0.0,1.14,3.01
R01617,2026-06-23 10:42:35.475411135,piloto,F03,True,paletizada,True,True,manha,16,113,False,0.36,0.68,0.39,0.0,0.71,2.14
R01618,2026-06-23 09:58:28.860539880,piloto,F02,False,mista,True,True,manha,36,422,False,0.28,0.66,0.43,0.0,0.7,2.07
R01619,2026-06-23 14:17:00.711371436,piloto,F01,False,paletizada,True,True,tarde,9,121,False,0.64,0.42,0.34,0.0,0.55,1.95
R01620,2026-06-23 12:52:32.248867879,piloto,F01,False,paletizada,True,True,manha,24,358,False,0.35,0.58,0.48,0.0,1.32,2.73
R01621,2026-06-23 14:07:34.461541030,piloto,F10,False,batida,False,True,tarde,34,510,False,5.25,1.71,0.42,0.0,0.27,7.65
R01622,2026-06-23 20:48:20.689847488,piloto,F05,False,paletizada,True,True,tarde,20,247,False,0.38,0.82,0.41,0.0,0.64,2.25
R01623,2026-06-23 14:31:01.316594161,piloto,F01,False,paletizada,True,True,tarde,10,80,False,0.52,0.46,0.25,0.0,0.66,1.89
R01624,2026-06-23 13:43:39.766144479,piloto,F04,False,batida,True,True,manha,5,66,False,0.27,1.2,0.33,0.0,1.13,2.93
R01625,2026-06-23 19:47:56.719156088,piloto,F01,False,mista,True,True,tarde,59,491,False,0.51,1.2,0.77,0.0,0.58,3.06
R01626,2026-06-23 10:37:22.973770840,piloto,F02,False,paletizada,True,True,manha,54,524,False,0.39,0.56,0.85,0.0,1.7,3.5
R01627,2026-06-23 12:42:39.513988033,piloto,F02,False,paletizada,True,True,manha,21,123,False,0.23,0.55,0.59,0.0,0.84,2.21
R01628,2026-06-23 11:37:41.889164358,piloto,F01,False,paletizada,True,True,manha,29,467,False,0.87,0.63,0.6,0.0,0.14,2.24
R01629,2026-06-23 12:53:49.496274456,piloto,F05,False,paletizada,True,True,manha,13,220,True,1.73,0.64,0.37,1.07,0.54,4.35
R01630,2026-06-23 20:32:25.386824904,piloto,F04,False,paletizada,True,True,tarde,46,559,False,0.27,0.59,0.73,0.0,0.72,2.31
R01631,2026-06-23 06:54:51.019228969,piloto,F03,True,paletizada,True,True,manha,7,54,False,0.68,0.46,0.28,0.0,1.29,2.71
R01632,2026-06-23 17:16:34.093551936,piloto,F02,False,paletizada,True,True,tarde,6,91,False,0.27,0.64,0.3,0.0,0.54,1.75
R01633,2026-06-23 08:53:45.297817443,piloto,F02,False,paletizada,True,True,manha,43,749,False,1.26,0.75,0.93,0.0,0.66,3.6
R01634,2026-06-23 08:02:12.433556630,piloto,F02,False,paletizada,False,True,manha,37,456,False,2.31,0.53,0.54,0.0,0.62,4.0
R01635,2026-06-23 12:40:19.403359334,piloto,F05,False,paletizada,True,True,manha,10,141,False,1.43,0.43,0.33,0.0,1.71,3.9
R01636,2026-06-23 12:51:41.907279790,piloto,F02,False,paletizada,False,True,manha,15,246,False,1.83,0.54,0.41,0.0,1.03,3.81
R01637,2026-06-23 12:10:34.270453880,piloto,F04,False,paletizada,True,True,manha,42,266,False,0.36,0.49,0.7,0.0,0.97,2.52
R01638,2026-06-24 15:16:22.282368819,piloto,F10,False,paletizada,True,True,tarde,49,236,False,0.57,0.45,0.72,0.0,0.64,2.38
R01639,2026-06-24 12:17:35.446596558,piloto,F03,True,batida,True,True,manha,51,814,False,0.31,1.96,0.8,0.0,1.15,4.22
R01640,2026-06-24 12:29:56.586081526,piloto,F02,False,paletizada,True,True,manha,38,518,False,0.71,0.6,0.49,0.0,0.28,2.08
R01641,2026-06-24 09:34:29.328936794,piloto,F11,False,paletizada,True,True,manha,19,116,False,0.19,0.43,0.41,0.0,0.33,1.36
R01642,2026-06-24 10:31:16.815253799,piloto,F02,False,batida,True,True,manha,51,627,False,0.43,1.86,0.81,0.0,1.41,4.51
R01643,2026-06-24 10:33:05.510497946,piloto,F02,False,mista,True,True,manha,16,234,False,0.2,1.0,0.47,0.0,0.72,2.39
R01644,2026-06-24 09:05:07.231809152,piloto,F02,False,batida,True,False,manha,11,116,False,0.05,1.66,0.49,0.0,0.66,2.86
R01645,2026-06-24 12:21:55.167047042,piloto,F03,True,batida,True,True,manha,37,436,False,0.43,2.74,0.68,0.0,1.75,5.6
R01646,2026-06-24 14:52:36.428803226,piloto,F06,False,batida,True,True,tarde,10,179,False,0.38,1.59,0.28,0.0,0.82,3.07
R01647,2026-06-24 15:45:58.934304687,piloto,F03,True,paletizada,True,True,tarde,42,498,False,0.48,0.56,0.43,0.0,0.58,2.05
R01648,2026-06-24 18:21:54.460220731,piloto,F03,True,batida,True,True,tarde,12,195,False,1.18,2.1,0.43,0.0,0.49,4.2
R01649,2026-06-24 14:46:40.511949366,piloto,F01,False,batida,True,True,tarde,12,60,False,1.98,2.77,0.46,0.0,1.78,6.99
R01650,2026-06-24 23:24:00.517122309,piloto,F02,False,mista,True,True,noite,17,176,False,0.78,0.95,0.34,0.0,1.59,3.66
R01651,2026-06-24 13:28:30.012849832,piloto,F11,False,batida,True,True,manha,10,68,False,0.75,1.36,0.41,0.0,1.16,3.68
R01652,2026-06-24 09:21:59.252954889,piloto,F02,False,paletizada,True,True,manha,49,766,False,0.07,0.87,0.75,0.0,0.79,2.48
R01653,2026-06-24 08:16:47.690588690,piloto,F01,False,batida,False,True,manha,55,937,False,2.2,1.85,0.94,0.0,1.25,6.24
R01654,2026-06-24 13:45:53.488683262,piloto,F01,False,batida,False,True,manha,13,98,False,1.34,1.82,0.56,0.0,0.29,4.01
R01655,2026-06-24 15:39:57.335523109,piloto,F04,False,paletizada,True,True,tarde,32,564,False,0.24,0.65,0.73,0.0,1.38,3.0
R01656,2026-06-24 15:57:57.962412680,piloto,F09,False,paletizada,False,False,tarde,7,106,False,2.0,0.35,0.66,0.0,1.04,4.05
R01657,2026-06-24 13:04:31.999518786,piloto,F01,False,paletizada,True,False,manha,39,332,False,0.41,0.66,1.01,0.0,0.32,2.4
R01658,2026-06-24 17:15:28.529933551,piloto,F02,False,batida,True,True,tarde,37,243,False,0.69,2.08,0.53,0.0,0.66,3.96
R01659,2026-06-25 13:52:08.919524330,piloto,F02,False,paletizada,True,False,manha,29,505,True,0.8,0.72,0.79,1.13,0.21,3.65
R01660,2026-06-25 10:01:17.502808990,piloto,F01,False,mista,True,True,manha,7,45,False,0.69,0.62,0.27,0.0,0.51,2.09
R01661,2026-06-25 11:03:06.314404053,piloto,F07,True,mista,True,False,manha,4,28,True,0.64,1.26,0.52,0.67,0.66,3.75
R01662,2026-06-25 13:32:53.182380965,piloto,F03,True,paletizada,False,True,manha,7,87,True,0.52,0.59,0.27,1.5,0.79,3.67
R01663,2026-06-25 13:41:16.404520315,piloto,F01,False,mista,True,True,manha,51,570,True,0.29,1.64,1.34,2.62,0.8,6.69
R01664,2026-06-25 10:18:53.225625679,piloto,F01,False,mista,True,True,manha,48,428,True,0.48,0.86,0.7,2.48,0.48,5.0
R01665,2026-06-25 11:02:03.560258598,piloto,F03,True,batida,True,True,manha,4,55,False,0.45,2.12,0.28,0.0,0.72,3.57
R01666,2026-06-25 15:54:13.407068250,piloto,F02,False,mista,True,True,tarde,48,527,False,0.15,1.74,0.83,0.0,0.74,3.46
R01667,2026-06-25 11:20:10.081279604,piloto,F01,False,mista,True,True,manha,25,276,False,0.56,1.14,0.38,0.0,1.08,3.16
R01668,2026-06-25 12:47:14.895984408,piloto,F06,False,batida,True,True,manha,54,605,False,0.68,2.02,0.7,0.0,1.08,4.48
R01669,2026-06-25 12:26:02.525804066,piloto,F08,False,batida,True,True,manha,22,135,False,2.39,2.58,0.53,0.0,1.08,6.58
R01670,2026-06-25 10:41:46.184457555,piloto,F05,False,paletizada,False,True,manha,33,521,False,3.19,0.54,0.5,0.0,0.43,4.66
R01671,2026-06-25 15:12:27.763435580,piloto,F09,False,paletizada,True,True,tarde,36,154,False,0.1,0.47,0.75,0.0,0.26,1.58
R01672,2026-06-25 11:55:54.085587124,piloto,F06,False,paletizada,False,True,manha,59,479,False,1.25,0.68,0.74,0.0,0.81,3.48
R01673,2026-06-25 07:08:20.262051729,piloto,F03,True,mista,False,True,manha,26,348,False,1.46,0.97,0.53,0.0,0.44,3.4
R01674,2026-06-25 18:14:59.567231054,piloto,F01,False,paletizada,True,True,tarde,52,536,False,0.57,0.67,1.03,0.0,0.58,2.85
R01675,2026-06-25 12:02:43.061980981,piloto,F02,False,paletizada,True,True,manha,56,516,False,0.7,0.76,1.01,0.0,0.93,3.4
R01676,2026-06-25 13:19:39.724900755,piloto,F02,False,batida,True,True,manha,53,361,False,0.18,2.39,0.8,0.0,0.63,4.0
R01677,2026-06-25 13:52:14.767029055,piloto,F04,False,batida,True,True,manha,10,144,False,0.14,1.84,0.36,0.0,1.1,3.44
R01678,2026-06-25 11:25:45.254604842,piloto,F03,True,mista,True,True,manha,52,916,False,0.08,1.12,0.89,0.0,0.65,2.74
R01679,2026-06-26 16:17:33.820919944,piloto,F10,False,paletizada,True,True,tarde,22,288,False,0.54,0.67,0.35,0.0,1.42,2.98
R01680,2026-06-26 12:52:52.888421571,piloto,F01,False,paletizada,True,True,manha,43,387,False,0.29,0.46,0.67,0.0,0.74,2.16
R01681,2026-06-26 10:19:05.235947464,piloto,F10,False,paletizada,True,True,manha,11,193,False,0.26,0.54,0.33,0.0,0.26,1.39
R01682,2026-06-26 07:44:20.763295195,piloto,F11,False,paletizada,True,True,manha,9,63,True,0.29,0.42,0.25,0.32,0.24,1.52
R01683,2026-06-26 13:43:43.342939192,piloto,F01,False,mista,True,True,manha,51,286,False,1.09,0.98,0.95,0.0,0.63,3.65
R01684,2026-06-26 14:31:55.163304224,piloto,F01,False,paletizada,True,False,tarde,23,363,False,0.22,0.67,0.99,0.0,0.63,2.51
R01685,2026-06-26 13:46:05.709532152,piloto,F02,False,paletizada,True,True,manha,15,242,False,0.56,0.45,0.43,0.0,0.1,1.54
R01686,2026-06-26 17:05:14.659126814,piloto,F01,False,paletizada,True,True,tarde,41,188,False,0.44,0.42,0.9,0.0,0.8,2.56
R01687,2026-06-26 15:18:49.755568557,piloto,F01,False,paletizada,True,True,tarde,59,867,False,1.41,0.82,0.76,0.0,0.47,3.46
R01688,2026-06-26 18:51:18.756646628,piloto,F07,True,batida,True,True,tarde,8,114,False,0.1,1.55,0.46,0.0,0.71,2.82
R01689,2026-06-26 14:59:40.091667439,piloto,F05,False,paletizada,True,True,tarde,52,367,True,0.41,0.53,0.54,0.61,1.25,3.34
R01690,2026-06-26 10:04:54.150644596,piloto,F01,False,mista,True,True,manha,3,28,False,0.48,1.11,0.37,0.0,0.8,2.76
R01691,2026-06-26 16:36:18.249420243,piloto,F03,True,mista,True,True,tarde,7,99,False,0.29,0.7,0.38,0.0,0.52,1.89
R01692,2026-06-26 09:35:32.181746326,piloto,F07,True,paletizada,True,True,manha,3,46,False,0.27,0.57,0.22,0.0,0.43,1.49
R01693,2026-06-26 12:32:25.603521835,piloto,F02,False,paletizada,True,True,manha,59,781,False,0.95,0.95,0.66,0.0,0.37,2.93
R01694,2026-06-26 08:50:43.379316740,piloto,F04,False,paletizada,True,True,manha,8,39,False,0.73,0.39,0.56,0.0,1.18,2.86
R01695,2026-06-26 15:56:20.428726992,piloto,F03,True,paletizada,True,True,tarde,30,144,False,0.37,0.54,0.49,0.0,0.69,2.09
R01696,2026-06-26 17:32:30.050391742,piloto,F01,False,batida,True,True,tarde,39,334,False,0.97,1.55,0.83,0.0,0.98,4.33
R01697,2026-06-26 08:35:39.855898287,piloto,F10,False,batida,True,True,manha,52,412,False,0.71,1.89,0.85,0.0,0.66,4.11
R01698,2026-06-26 10:05:51.489298564,piloto,F01,False,paletizada,True,True,manha,24,322,False,0.26,0.52,0.51,0.0,0.9,2.19
R01699,2026-06-26 10:40:45.694312518,piloto,F04,False,paletizada,True,True,manha,41,365,False,0.42,0.51,0.65,0.0,0.64,2.22
R01700,2026-06-26 06:50:24.624120051,piloto,F04,False,mista,True,True,manha,45,648,False,0.04,1.47,0.55,0.0,0.46,2.52
R01701,2026-06-26 12:30:29.698960031,piloto,F06,False,paletizada,True,True,manha,56,655,False,0.43,0.77,0.65,0.0,0.34,2.19
R01702,2026-06-26 12:00:38.166956474,piloto,F05,False,batida,True,True,manha,33,387,False,0.64,2.5,0.5,0.0,1.99,5.63
R01703,2026-06-27 16:18:42.566237938,piloto,F03,True,mista,True,True,tarde,39,364,True,0.05,1.09,0.88,0.54,0.71,3.27
R01704,2026-06-27 14:44:28.688181702,piloto,F02,False,paletizada,True,True,tarde,10,130,False,0.4,0.73,0.33,0.0,1.06,2.52
R01705,2026-06-27 17:02:29.690343092,piloto,F10,False,paletizada,True,True,tarde,50,281,False,0.35,0.48,0.71,0.0,0.82,2.36
R01706,2026-06-27 17:55:14.300536252,piloto,F02,False,mista,True,True,tarde,33,335,False,0.9,0.74,0.63,0.0,0.83,3.1
R01707,2026-06-27 11:55:44.558527958,piloto,F06,False,batida,False,False,manha,45,522,True,1.02,1.96,1.57,0.04,0.95,5.54
R01708,2026-06-27 11:18:24.250288014,piloto,F05,False,paletizada,True,True,manha,43,344,False,0.24,0.49,0.68,0.0,1.3,2.71
R01709,2026-06-27 11:20:59.851667119,piloto,F01,False,batida,True,True,manha,7,115,False,0.24,1.05,0.34,0.0,2.0,3.63
R01710,2026-06-27 12:51:30.702205393,piloto,F06,False,mista,True,True,manha,30,461,False,0.15,0.91,0.45,0.0,0.44,1.95
R01711,2026-06-27 12:11:42.328467006,piloto,F01,False,paletizada,True,True,manha,48,320,False,0.31,0.52,0.51,0.0,0.73,2.07
R01712,2026-06-27 12:07:53.864664337,piloto,F02,False,batida,True,True,manha,36,382,False,0.29,1.78,0.54,0.0,0.55,3.16
R01713,2026-06-27 18:30:30.896341891,piloto,F04,False,paletizada,True,True,tarde,3,37,False,0.74,0.45,0.26,0.0,0.79,2.24
R01714,2026-06-27 13:06:54.872201919,piloto,F04,False,paletizada,True,False,manha,14,101,True,0.82,0.51,0.76,0.13,0.46,2.68
R01715,2026-06-27 11:27:35.627186970,piloto,F05,False,mista,True,True,manha,30,372,False,0.49,1.22,0.49,0.0,0.36,2.56
R01716,2026-06-27 17:44:28.172883397,piloto,F07,True,paletizada,True,True,tarde,13,72,False,0.19,0.33,0.31,0.0,0.52,1.35
R01717,2026-06-27 09:11:48.018646186,piloto,F01,False,batida,True,True,manha,27,275,False,1.23,2.28,0.54,0.0,0.38,4.43
R01718,2026-06-29 13:49:42.804478192,piloto,F02,False,paletizada,True,True,manha,20,201,True,0.46,0.73,0.41,0.15,1.22,2.97
R01719,2026-06-29 10:46:54.780018247,piloto,F01,False,paletizada,True,True,manha,17,135,False,0.39,0.61,0.46,0.0,0.62,2.08
R01720,2026-06-29 13:07:47.714215310,piloto,F02,False,batida,True,False,manha,45,211,False,0.34,2.13,1.09,0.0,0.9,4.46
R01721,2026-06-29 15:18:05.974774822,piloto,F01,False,paletizada,True,False,tarde,50,460,True,0.36,0.89,1.76,0.91,1.43,5.35
R01722,2026-06-29 11:15:36.143260513,piloto,F05,False,batida,True,True,manha,56,776,False,1.57,2.19,0.72,0.0,1.32,5.8
R01723,2026-06-29 09:03:39.017201367,piloto,F06,False,mista,True,True,manha,18,192,False,0.64,1.24,0.32,0.0,1.44,3.64
R01724,2026-06-29 14:09:34.413279462,piloto,F07,True,batida,True,False,tarde,43,331,True,1.14,2.27,1.36,0.42,1.62,6.81
R01725,2026-06-29 18:23:58.172012768,piloto,F12,False,mista,True,False,tarde,15,150,False,0.37,1.03,0.63,0.0,1.01,3.04
R01726,2026-06-29 12:39:54.307678050,piloto,F11,False,paletizada,False,True,manha,28,165,False,0.49,0.41,0.64,0.0,1.02,2.56
R01727,2026-06-29 14:29:25.082737688,piloto,F11,False,paletizada,True,True,tarde,33,463,False,0.25,0.67,0.8,0.0,0.34,2.06
R01728,2026-06-29 14:51:35.536664995,piloto,F03,True,batida,True,True,tarde,6,41,False,0.72,2.94,0.25,0.0,1.02,4.93
R01729,2026-06-29 14:11:44.150615368,piloto,F02,False,paletizada,True,True,tarde,10,87,False,0.76,0.49,0.32,0.0,0.66,2.23
R01730,2026-06-29 09:09:28.636610079,piloto,F01,False,paletizada,True,True,manha,8,96,False,0.83,0.42,0.26,0.0,0.54,2.05
R01731,2026-06-29 14:36:39.173718391,piloto,F04,False,batida,True,True,tarde,7,72,False,0.41,1.96,0.25,0.0,1.28,3.9
R01732,2026-06-29 14:54:39.340938560,piloto,F03,True,paletizada,True,True,tarde,52,848,False,0.06,0.79,0.65,0.0,0.54,2.04
R01733,2026-06-29 10:37:57.252507067,piloto,F11,False,batida,True,True,manha,43,432,False,1.51,2.01,0.67,0.0,1.55,5.74
R01734,2026-06-29 14:29:18.321358927,piloto,F06,False,mista,True,True,tarde,25,196,False,0.23,0.84,0.38,0.0,0.59,2.04
R01735,2026-06-29 10:34:53.201777872,piloto,F02,False,batida,True,False,manha,26,464,False,0.51,2.43,1.2,0.0,0.47,4.61
R01736,2026-06-29 09:41:10.161042756,piloto,F09,False,paletizada,True,True,manha,33,364,False,0.02,0.55,0.91,0.0,0.31,1.79
R01737,2026-06-29 10:21:39.723995793,piloto,F03,True,batida,True,True,manha,28,150,False,0.29,1.83,0.44,0.0,0.63,3.19
R01738,2026-06-29 16:39:22.457639257,piloto,F01,False,paletizada,True,True,tarde,4,21,False,0.57,0.41,0.29,0.0,0.6,1.87
R01739,2026-06-29 16:01:02.377499581,piloto,F06,False,paletizada,True,False,tarde,56,740,False,0.74,0.64,1.46,0.0,0.78,3.62
R01740,2026-06-29 13:38:34.505107029,piloto,F09,False,batida,True,True,manha,13,210,False,0.31,2.73,0.23,0.0,1.7,4.97
R01741,2026-06-29 18:24:59.203973066,piloto,F03,True,mista,False,True,tarde,43,243,False,2.85,1.52,0.46,0.0,0.7,5.53
R01742,2026-06-29 10:44:23.465632837,piloto,F02,False,paletizada,True,True,manha,58,781,False,0.16,0.73,1.19,0.0,0.62,2.7
R01743,2026-06-29 15:59:17.484430650,piloto,F03,True,batida,True,False,tarde,49,392,False,0.5,3.67,1.47,0.0,0.5,6.14
R01744,2026-06-29 11:40:17.169709335,piloto,F01,False,mista,True,False,manha,56,735,False,0.63,1.3,2.24,0.0,0.39,4.56
R01745,2026-06-29 06:27:49.521496327,piloto,F06,False,mista,True,True,manha,14,117,False,1.41,0.88,0.4,0.0,0.72,3.41
R01746,2026-06-29 15:44:53.795303451,piloto,F12,False,paletizada,True,False,tarde,10,166,False,0.18,0.52,0.84,0.0,1.53,3.07
R01747,2026-06-29 14:02:07.355411444,piloto,F05,False,batida,True,True,tarde,42,430,False,0.49,2.25,0.84,0.0,1.61,5.19
R01748,2026-06-30 13:56:16.557347680,piloto,F05,False,mista,True,False,manha,49,476,False,0.98,1.79,1.06,0.0,0.99,4.82
R01749,2026-06-30 13:11:57.826753386,piloto,F06,False,batida,True,True,manha,47,342,False,0.4,2.1,0.85,0.0,0.67,4.02
R01750,2026-06-30 14:40:04.682335670,piloto,F02,False,paletizada,True,True,tarde,5,37,False,0.32,0.26,0.29,0.0,0.52,1.39
R01751,2026-06-30 06:35:40.732742014,piloto,F03,True,paletizada,False,True,manha,57,448,False,0.64,0.61,0.84,0.0,0.41,2.5
R01752,2026-06-30 16:08:13.088305561,piloto,F07,True,paletizada,True,True,tarde,14,244,False,0.06,0.38,0.33,0.0,1.56,2.33
R01753,2026-06-30 08:31:50.521351929,piloto,F01,False,mista,True,True,manha,33,195,False,0.87,0.72,0.5,0.0,0.78,2.87
R01754,2026-06-30 18:22:20.158313084,piloto,F09,False,batida,True,True,tarde,55,571,False,0.18,2.59,0.63,0.0,0.68,4.08
R01755,2026-06-30 13:55:12.278709505,piloto,F01,False,paletizada,True,True,manha,11,130,False,0.1,0.44,0.35,0.0,0.73,1.62
R01756,2026-06-30 10:49:36.418416013,piloto,F10,False,mista,True,True,manha,56,707,False,0.47,1.17,0.84,0.0,0.68,3.16
R01757,2026-06-30 09:43:31.651010781,piloto,F03,True,mista,True,True,manha,54,265,False,0.2,1.15,0.78,0.0,0.56,2.69
R01758,2026-06-30 12:07:38.634422131,piloto,F10,False,paletizada,True,True,manha,26,279,True,0.28,0.63,0.5,0.11,0.24,1.76
R01759,2026-06-30 17:50:46.037465548,piloto,F08,False,paletizada,True,False,tarde,9,104,True,0.35,0.37,0.65,1.68,0.72,3.77
R01760,2026-06-30 12:53:30.226723738,piloto,F02,False,batida,True,True,manha,27,111,False,0.6,2.67,0.53,0.0,0.92,4.72
R01761,2026-06-30 13:17:21.884644064,piloto,F02,False,paletizada,True,True,manha,21,290,False,0.32,0.47,0.53,0.0,0.43,1.75
R01762,2026-06-30 10:19:37.284816957,piloto,F08,False,paletizada,True,False,manha,38,430,False,0.97,0.69,1.06,0.0,1.16,3.88
R01763,2026-06-30 17:55:37.152219936,piloto,F02,False,paletizada,True,True,tarde,48,545,False,1.22,0.64,0.81,0.0,0.76,3.43
R01764,2026-06-30 12:01:58.213852633,piloto,F03,True,batida,True,True,manha,29,140,False,0.62,1.8,0.67,0.0,1.02,4.11
R01765,2026-06-30 10:47:37.264703848,piloto,F02,False,mista,True,True,manha,18,309,False,0.42,0.98,0.33,0.0,0.54,2.27
R01766,2026-06-30 14:02:54.017522163,piloto,F11,False,paletizada,True,False,tarde,34,545,False,0.18,0.79,1.01,0.0,0.54,2.52
R01767,2026-06-30 10:56:45.924363751,piloto,F05,False,batida,True,True,manha,48,401,False,0.21,2.44,0.68,0.0,1.35,4.68
R01768,2026-06-30 12:09:35.180713324,piloto,F01,False,mista,True,True,manha,36,391,False,0.49,1.1,0.49,0.0,0.81,2.89
R01769,2026-06-30 07:33:18.413625772,piloto,F01,False,paletizada,True,True,manha,41,543,False,0.16,0.81,0.6,0.0,0.32,1.89
R01770,2026-06-30 07:42:45.320472756,piloto,F01,False,paletizada,True,True,manha,29,385,True,0.3,0.48,0.48,0.14,0.64,2.04
R01771,2026-06-30 14:36:58.584419096,piloto,F02,False,batida,True,True,tarde,3,14,False,0.38,2.01,0.39,0.0,0.26,3.04
R01772,2026-06-30 10:17:53.168521891,piloto,F11,False,paletizada,True,False,manha,13,214,False,1.25,0.39,0.8,0.0,0.29,2.73
R01773,2026-06-30 14:33:30.815425627,piloto,F02,False,paletizada,True,True,tarde,30,333,False,0.76,0.37,0.75,0.0,0.69,2.57
R01774,2026-07-01 15:16:01.020942436,piloto,F04,False,mista,True,True,tarde,58,627,False,0.66,0.74,0.72,0.0,0.55,2.67
R01775,2026-07-01 10:26:12.129959378,piloto,F01,False,paletizada,True,True,manha,7,95,False,0.39,0.43,0.38,0.0,0.41,1.61
R01776,2026-07-01 11:52:40.893123637,piloto,F01,False,batida,True,True,manha,4,70,False,0.7,2.41,0.25,0.0,0.9,4.26
R01777,2026-07-01 16:37:26.135646610,piloto,F01,False,batida,False,True,tarde,39,333,False,2.53,1.78,0.68,0.0,0.74,5.73
R01778,2026-07-01 13:58:49.882277946,piloto,F06,False,paletizada,True,True,manha,48,388,False,0.28,0.32,0.78,0.0,1.02,2.4
R01779,2026-07-01 11:18:33.205058161,piloto,F06,False,paletizada,True,True,manha,32,133,False,0.63,0.63,0.61,0.0,0.49,2.36
R01780,2026-07-01 12:10:47.631436338,piloto,F01,False,paletizada,True,True,manha,34,428,False,0.27,0.78,0.57,0.0,0.81,2.43
R01781,2026-07-01 16:22:20.452264687,piloto,F11,False,paletizada,True,True,tarde,27,405,False,0.09,0.53,0.49,0.0,1.5,2.61
R01782,2026-07-01 09:02:35.653951946,piloto,F12,False,mista,True,False,manha,31,263,False,0.78,1.13,1.1,0.0,0.98,3.99
R01783,2026-07-01 12:25:25.410213663,piloto,F11,False,paletizada,True,True,manha,29,312,True,0.47,0.72,0.94,0.49,0.75,3.37
R01784,2026-07-01 16:32:44.944310824,piloto,F01,False,paletizada,True,True,tarde,14,240,False,0.57,0.46,0.51,0.0,0.47,2.01
R01785,2026-07-01 16:16:30.770811818,piloto,F06,False,batida,True,True,tarde,40,518,True,0.35,1.77,0.56,2.9,1.07,6.65
R01786,2026-07-01 09:34:15.473556062,piloto,F01,False,batida,True,True,manha,26,296,False,0.31,2.09,0.49,0.0,0.29,3.18
R01787,2026-07-01 12:32:53.277606416,piloto,F01,False,batida,True,True,manha,41,474,False,0.18,2.45,0.52,0.0,2.39,5.54
R01788,2026-07-01 14:04:46.824007440,piloto,F04,False,mista,True,False,tarde,59,912,False,0.01,1.34,2.34,0.0,0.4,4.09
R01789,2026-07-01 13:45:04.416863868,piloto,F06,False,paletizada,True,True,manha,55,685,False,1.22,0.79,0.94,0.0,0.41,3.36
R01790,2026-07-01 12:09:54.722783271,piloto,F01,False,paletizada,True,True,manha,26,122,False,0.65,0.5,0.49,0.0,0.85,2.49
R01791,2026-07-01 11:04:05.137512816,piloto,F04,False,paletizada,True,True,manha,22,114,False,2.08,0.5,0.37,0.0,0.43,3.38
R01792,2026-07-01 12:02:34.775178586,piloto,F01,False,batida,True,True,manha,17,218,False,1.11,2.11,0.34,0.0,0.38,3.94
R01793,2026-07-01 13:23:51.953503732,piloto,F02,False,mista,True,True,manha,22,123,False,0.44,0.78,0.43,0.0,0.94,2.59
R01794,2026-07-01 12:59:36.390823771,piloto,F05,False,mista,True,True,manha,27,353,False,0.31,0.74,0.47,0.0,1.05,2.57
R01795,2026-07-01 18:16:57.922843321,piloto,F11,False,paletizada,True,True,tarde,21,301,False,0.46,0.5,0.43,0.0,0.83,2.22
R01796,2026-07-01 14:07:19.429667734,piloto,F05,False,paletizada,True,True,tarde,55,746,False,0.74,0.7,0.76,0.0,0.36,2.56
R01797,2026-07-01 15:19:42.700802667,piloto,F02,False,paletizada,True,True,tarde,3,46,False,0.67,0.26,0.22,0.0,0.8,1.95
R01798,2026-07-01 14:54:34.731398476,piloto,F02,False,mista,True,True,tarde,53,546,False,0.57,1.54,0.81,0.0,0.99,3.91
R01799,2026-07-02 08:04:48.962188293,piloto,F06,False,paletizada,True,True,manha,19,338,False,0.29,0.53,0.51,0.0,0.56,1.89
R01800,2026-07-02 17:33:59.997969640,piloto,F01,False,paletizada,True,True,tarde,55,370,False,0.07,0.49,0.72,0.0,0.57,1.85
R01801,2026-07-02 08:10:51.612119997,piloto,F07,True,mista,True,True,manha,56,561,False,0.77,1.13,0.83,0.0,1.11,3.84
R01802,2026-07-02 15:15:22.364122323,piloto,F03,True,mista,True,True,tarde,31,388,False,0.64,1.11,0.44,0.0,0.47,2.66
R01803,2026-07-02 15:44:47.917943293,piloto,F02,False,paletizada,True,False,tarde,56,458,False,0.66,0.64,1.5,0.0,0.35,3.15
R01804,2026-07-02 18:53:54.086970400,piloto,F03,True,batida,True,True,tarde,19,262,True,1.65,1.47,0.58,0.34,0.62,4.66
R01805,2026-07-02 11:58:33.555437446,piloto,F02,False,mista,True,True,manha,57,611,False,0.84,1.36,0.9,0.0,1.11,4.21
R01806,2026-07-02 10:31:51.647503904,piloto,F05,False,paletizada,True,True,manha,27,403,False,0.21,0.48,0.41,0.0,0.84,1.94
R01807,2026-07-02 10:39:54.105928552,piloto,F08,False,paletizada,True,False,manha,17,265,True,0.35,0.46,0.72,0.17,0.29,1.99
R01808,2026-07-02 10:34:27.898745563,piloto,F03,True,batida,True,True,manha,23,238,False,0.95,1.43,0.35,0.0,0.85,3.58
R01809,2026-07-02 07:38:37.267023537,piloto,F04,False,paletizada,True,True,manha,54,915,True,0.5,0.7,1.23,1.8,0.99,5.22
R01810,2026-07-02 09:21:38.450316920,piloto,F02,False,batida,True,True,manha,3,23,False,0.98,1.84,0.25,0.0,0.25,3.32
R01811,2026-07-02 11:12:27.086814230,piloto,F01,False,batida,True,True,manha,3,50,False,0.15,1.47,0.22,0.0,1.73,3.57
R01812,2026-07-02 11:26:40.935779836,piloto,F01,False,paletizada,True,True,manha,49,252,False,0.14,0.66,1.0,0.0,0.72,2.52
R01813,2026-07-02 15:16:39.675639388,piloto,F06,False,batida,True,True,tarde,40,262,False,0.09,1.78,0.65,0.0,0.94,3.46
R01814,2026-07-02 15:14:43.724854680,piloto,F07,True,batida,True,True,tarde,54,555,False,0.7,2.47,0.64,0.0,0.92,4.73
R01815,2026-07-02 13:04:01.760862716,piloto,F01,False,paletizada,True,False,manha,18,183,False,0.86,0.41,0.71,0.0,1.0,2.98
R01816,2026-07-02 07:09:14.716035896,piloto,F08,False,mista,True,True,manha,21,338,True,0.35,0.93,0.36,0.39,0.7,2.73
R01817,2026-07-02 14:43:51.355323112,piloto,F07,True,batida,False,True,tarde,25,334,False,6.9,2.16,0.48,0.0,1.18,10.72
R01818,2026-07-02 11:58:46.152499112,piloto,F02,False,batida,True,True,manha,10,114,False,0.84,1.62,0.33,0.0,0.88,3.67
R01819,2026-07-02 06:54:17.597774311,piloto,F09,False,batida,True,True,manha,22,393,True,0.33,1.6,0.5,0.18,0.7,3.31
R01820,2026-07-02 11:10:03.616491244,piloto,F01,False,paletizada,True,False,manha,52,860,False,0.48,0.83,1.27,0.0,1.73,4.31
R01821,2026-07-02 10:21:36.649747058,piloto,F11,False,paletizada,True,True,manha,42,210,False,0.24,0.63,0.59,0.0,0.78,2.24
R01822,2026-07-02 12:51:58.578215403,piloto,F01,False,paletizada,True,False,manha,25,324,False,0.38,0.6,1.07,0.0,0.98,3.03
R01823,2026-07-02 13:57:44.712670222,piloto,F02,False,paletizada,True,True,manha,36,323,False,0.57,0.61,0.77,0.0,1.1,3.05
R01824,2026-07-02 18:03:19.778078214,piloto,F11,False,paletizada,True,True,tarde,38,583,False,0.95,1.01,0.93,0.0,1.58,4.47
R01825,2026-07-03 13:59:57.130853089,piloto,F09,False,paletizada,True,True,manha,42,440,False,0.29,0.67,0.72,0.0,0.59,2.27
R01826,2026-07-03 16:05:01.908189808,piloto,F04,False,batida,True,True,tarde,27,264,False,0.24,1.97,0.68,0.0,1.3,4.19
R01827,2026-07-03 14:11:03.647339307,piloto,F01,False,batida,True,True,tarde,34,315,False,1.51,1.82,0.71,0.0,1.34,5.38
R01828,2026-07-03 10:46:40.990068123,piloto,F05,False,batida,True,True,manha,39,243,False,1.33,1.54,0.94,0.0,1.15,4.96
R01829,2026-07-03 10:58:49.147385052,piloto,F10,False,paletizada,True,True,manha,26,183,False,0.3,0.47,0.46,0.0,0.4,1.63
R01830,2026-07-03 08:43:05.951821270,piloto,F01,False,paletizada,True,True,manha,13,154,False,0.64,0.51,0.47,0.0,0.84,2.46
R01831,2026-07-03 09:20:07.318802479,piloto,F10,False,paletizada,True,True,manha,16,223,False,0.35,0.49,0.43,0.0,0.59,1.86
R01832,2026-07-03 06:19:21.277966270,piloto,F03,True,paletizada,True,True,manha,39,278,False,0.42,0.61,0.86,0.0,0.41,2.3
R01833,2026-07-03 14:01:49.800953244,piloto,F08,False,mista,True,True,tarde,52,331,False,0.32,1.18,0.7,0.0,0.53,2.73
R01834,2026-07-03 12:59:49.274532902,piloto,F08,False,paletizada,True,True,manha,25,377,False,0.65,0.49,0.58,0.0,0.15,1.87
R01835,2026-07-03 12:49:01.285678538,piloto,F02,False,mista,True,True,manha,31,409,False,0.42,1.11,0.64,0.0,0.25,2.42
R01836,2026-07-03 20:55:02.843595998,piloto,F02,False,batida,True,True,tarde,10,151,False,0.38,2.4,0.29,0.0,1.36,4.43
R01837,2026-07-03 13:06:29.248497828,piloto,F06,False,paletizada,True,True,manha,32,229,False,0.16,0.58,0.57,0.0,0.63,1.94
R01838,2026-07-03 15:22:25.982225259,piloto,F08,False,batida,True,True,tarde,7,80,False,0.18,1.71,0.31,0.0,0.2,2.4
R01839,2026-07-03 08:46:44.097549506,piloto,F05,False,paletizada,True,True,manha,46,368,False,0.13,0.47,0.65,0.0,1.21,2.46
R01840,2026-07-03 11:47:34.787323255,piloto,F03,True,batida,True,False,manha,53,793,False,0.34,2.25,1.36,0.0,0.23,4.18
R01841,2026-07-03 10:53:10.977425415,piloto,F02,False,paletizada,True,True,manha,54,930,False,0.39,0.89,0.6,0.0,0.94,2.82
R01842,2026-07-03 13:25:33.810461054,piloto,F08,False,batida,True,True,manha,39,357,False,1.04,2.56,0.69,0.0,0.8,5.09
R01843,2026-07-03 09:26:59.589396427,piloto,F01,False,paletizada,False,False,manha,30,328,False,0.44,0.56,1.12,0.0,0.78,2.9
R01844,2026-07-03 10:42:39.590781854,piloto,F02,False,paletizada,True,True,manha,18,188,False,0.23,0.5,0.44,0.0,1.2,2.37
R01845,2026-07-04 10:25:47.622045489,piloto,F02,False,paletizada,True,True,manha,6,30,False,0.79,0.35,0.37,0.0,1.1,2.61
R01846,2026-07-04 11:47:06.887617692,piloto,F01,False,batida,True,True,manha,24,233,False,1.26,1.65,0.55,0.0,1.09,4.55
R01847,2026-07-04 11:18:17.295187791,piloto,F06,False,paletizada,True,True,manha,38,505,False,0.3,0.55,0.75,0.0,0.69,2.29
R01848,2026-07-04 15:30:29.328932023,piloto,F02,False,paletizada,True,True,tarde,38,516,False,0.14,0.69,0.65,0.0,0.82,2.3
R01849,2026-07-04 10:10:22.620489477,piloto,F03,True,paletizada,True,False,manha,6,101,False,0.35,0.36,0.51,0.0,1.13,2.35
R01850,2026-07-04 08:48:03.758170813,piloto,F01,False,mista,True,True,manha,50,889,False,0.57,1.95,1.16,0.0,1.3,4.98
R01851,2026-07-04 10:38:17.955965396,piloto,F09,False,paletizada,True,False,manha,34,357,False,1.0,0.49,1.23,0.0,0.5,3.22
R01852,2026-07-06 15:06:53.780458035,piloto,F11,False,paletizada,True,True,tarde,11,176,False,0.23,0.47,0.47,0.0,1.12,2.29
R01853,2026-07-06 08:26:02.656229744,piloto,F08,False,paletizada,True,True,manha,31,451,False,0.34,0.52,0.46,0.0,0.63,1.95
R01854,2026-07-06 07:33:07.333841764,piloto,F02,False,mista,True,True,manha,36,587,True,0.42,0.98,0.61,1.09,0.67,3.77
R01855,2026-07-06 14:21:43.455987759,piloto,F06,False,paletizada,True,True,tarde,18,253,False,0.27,0.56,0.32,0.0,0.53,1.68
R01856,2026-07-06 16:02:17.016361717,piloto,F01,False,batida,True,True,tarde,58,636,False,0.17,1.95,1.0,0.0,0.58,3.7
R01857,2026-07-06 13:01:13.267727104,piloto,F01,False,mista,True,True,manha,25,380,False,0.49,1.02,0.48,0.0,0.81,2.8
R01858,2026-07-06 15:31:36.230800695,piloto,F02,False,batida,True,True,tarde,59,1045,False,0.39,2.27,0.73,0.0,0.59,3.98
R01859,2026-07-06 08:11:47.773782704,piloto,F09,False,mista,True,True,manha,5,51,False,1.16,0.58,0.24,0.0,1.04,3.02
R01860,2026-07-06 11:59:27.557101924,piloto,F08,False,paletizada,True,False,manha,18,246,False,0.27,0.39,0.73,0.0,0.63,2.02
R01861,2026-07-06 11:21:37.975465839,piloto,F11,False,paletizada,True,True,manha,11,134,False,0.52,0.64,0.34,0.0,0.69,2.19
R01862,2026-07-06 11:19:47.802513277,piloto,F03,True,paletizada,True,True,manha,13,231,True,0.2,0.42,0.35,0.07,0.39,1.43
R01863,2026-07-06 14:32:32.528529585,piloto,F04,False,mista,False,True,tarde,7,86,False,1.89,0.85,0.42,0.0,1.04,4.2
R01864,2026-07-06 06:00:00.000000000,piloto,F10,False,batida,False,True,manha,45,433,False,3.37,2.25,0.66,0.0,0.81,7.09
R01865,2026-07-06 11:23:50.020482829,piloto,F10,False,batida,True,True,manha,35,468,False,0.45,1.89,0.6,0.0,0.9,3.84
R01866,2026-07-06 16:13:09.292481234,piloto,F06,False,batida,True,True,tarde,59,422,False,0.67,1.95,0.56,0.0,1.55,4.73
R01867,2026-07-06 11:51:11.041623756,piloto,F04,False,batida,True,True,manha,31,330,False,0.22,1.26,0.49,0.0,0.8,2.77
R01868,2026-07-06 09:25:57.867828085,piloto,F05,False,paletizada,True,False,manha,11,49,False,0.67,0.32,1.06,0.0,0.58,2.63
R01869,2026-07-06 13:57:02.821419115,piloto,F01,False,mista,True,False,manha,13,115,False,0.3,1.0,1.07,0.0,0.53,2.9
R01870,2026-07-06 08:45:04.990725367,piloto,F04,False,mista,True,True,manha,31,526,False,0.34,1.19,0.36,0.0,1.2,3.09
R01871,2026-07-06 15:38:35.903626134,piloto,F10,False,batida,True,True,tarde,45,807,False,1.03,2.73,0.96,0.0,0.9,5.62
R01872,2026-07-06 10:35:32.592939270,piloto,F11,False,batida,True,True,manha,51,558,False,0.42,2.4,0.72,0.0,0.83,4.37
R01873,2026-07-06 17:14:48.071483743,piloto,F03,True,batida,True,True,tarde,49,337,False,1.14,1.75,0.57,0.0,0.93,4.39
R01874,2026-07-06 14:01:52.187180793,piloto,F04,False,paletizada,True,True,tarde,43,470,False,1.06,0.64,0.76,0.0,0.46,2.92
R01875,2026-07-06 09:06:22.683677515,piloto,F05,False,batida,True,True,manha,45,794,False,0.44,1.91,0.81,0.0,0.48,3.64
R01876,2026-07-06 12:29:43.120038228,piloto,F03,True,batida,True,True,manha,41,604,False,0.26,2.39,0.76,0.0,0.65,4.06
R01877,2026-07-06 12:32:09.548295349,piloto,F08,False,batida,True,True,manha,30,320,False,0.22,1.65,0.6,0.0,1.24,3.71
R01878,2026-07-06 14:45:47.325149625,piloto,F02,False,paletizada,True,True,tarde,42,593,False,0.8,0.74,0.91,0.0,0.59,3.04
R01879,2026-07-06 08:31:00.713785778,piloto,F12,False,batida,True,True,manha,45,341,False,0.96,2.15,0.68,0.0,0.43,4.22
R01880,2026-07-07 19:29:19.439876608,piloto,F12,False,batida,False,True,tarde,30,242,True,4.65,2.46,0.55,0.12,0.72,8.5
R01881,2026-07-07 11:02:51.922074998,piloto,F06,False,paletizada,True,True,manha,30,147,False,0.07,0.45,0.76,0.0,1.01,2.29
R01882,2026-07-07 11:42:27.618972451,piloto,F05,False,mista,True,True,manha,28,478,False,0.22,1.09,0.46,0.0,0.49,2.26
R01883,2026-07-07 08:34:50.441756725,piloto,F05,False,mista,True,True,manha,42,394,False,0.11,0.86,0.73,0.0,1.1,2.8
R01884,2026-07-07 11:34:23.674840276,piloto,F03,True,batida,True,True,manha,48,834,False,0.09,2.27,0.6,0.0,0.81,3.77
R01885,2026-07-07 19:53:26.239390998,piloto,F01,False,mista,True,True,tarde,3,21,False,0.68,0.99,0.25,0.0,0.48,2.4
R01886,2026-07-07 13:48:35.405606736,piloto,F02,False,paletizada,True,True,manha,43,409,False,0.19,0.52,0.69,0.0,0.54,1.94
R01887,2026-07-07 10:00:36.758998666,piloto,F05,False,batida,True,True,manha,49,840,False,1.9,1.98,0.7,0.0,1.24,5.82
R01888,2026-07-07 16:02:48.089098996,piloto,F03,True,paletizada,False,False,tarde,8,61,True,8.43,0.48,0.57,0.52,0.51,10.51
R01889,2026-07-07 11:47:13.367695527,piloto,F04,False,paletizada,True,False,manha,56,551,False,0.12,0.57,1.51,0.0,1.29,3.49
R01890,2026-07-07 14:40:19.949274969,piloto,F04,False,paletizada,True,True,tarde,18,205,False,0.47,0.54,0.51,0.0,0.35,1.87
R01891,2026-07-07 09:06:30.741608718,piloto,F02,False,batida,True,True,manha,41,257,False,0.21,2.37,0.55,0.0,1.49,4.62
R01892,2026-07-07 10:57:51.943451994,piloto,F03,True,paletizada,True,False,manha,42,571,True,0.24,0.68,1.03,2.0,0.55,4.5
R01893,2026-07-07 17:34:45.697902149,piloto,F01,False,mista,True,True,tarde,19,206,False,0.79,0.73,0.59,0.0,0.68,2.79
R01894,2026-07-07 13:06:09.732951802,piloto,F04,False,paletizada,True,True,manha,32,356,False,0.63,0.57,0.43,0.0,0.41,2.04
R01895,2026-07-07 13:35:07.017843105,piloto,F03,True,batida,True,True,manha,38,582,False,0.52,2.66,0.59,0.0,0.49,4.26
R01896,2026-07-07 14:20:26.934072054,piloto,F01,False,mista,True,True,tarde,37,184,False,0.84,1.0,0.48,0.0,1.24,3.56
R01897,2026-07-07 15:54:32.621226951,piloto,F04,False,paletizada,True,True,tarde,27,466,False,0.59,0.52,0.43,0.0,1.26,2.8
R01898,2026-07-07 10:58:38.923565271,piloto,F03,True,mista,True,True,manha,40,361,False,0.33,1.28,0.79,0.0,1.12,3.52
R01899,2026-07-07 09:29:32.081776634,piloto,F03,True,paletizada,True,True,manha,46,711,False,0.47,0.79,0.81,0.0,0.83,2.9
R01900,2026-07-07 12:25:22.182730874,piloto,F01,False,batida,True,True,manha,42,565,False,0.91,2.82,0.62,0.0,0.52,4.87
R01901,2026-07-07 15:52:31.205919525,piloto,F03,True,paletizada,True,True,tarde,19,277,False,0.26,0.71,0.59,0.0,0.44,2.0
R01902,2026-07-07 11:41:51.036325418,piloto,F01,False,paletizada,True,True,manha,16,208,True,0.16,0.58,0.37,2.9,0.98,4.99
R01903,2026-07-07 16:17:33.052935735,piloto,F01,False,mista,True,True,tarde,12,177,False,0.18,0.93,0.45,0.0,0.9,2.46
R01904,2026-07-07 07:39:50.052615051,piloto,F01,False,mista,True,True,manha,43,618,False,0.43,0.85,0.73,0.0,0.82,2.83
R01905,2026-07-07 10:43:26.705925570,piloto,F01,False,batida,True,False,manha,10,70,False,0.6,1.11,0.85,0.0,0.98,3.54
R01906,2026-07-07 09:32:22.198154312,piloto,F09,False,batida,True,True,manha,15,241,True,0.69,1.84,0.4,0.45,1.01,4.39
R01907,2026-07-07 06:29:44.120640516,piloto,F04,False,paletizada,True,True,manha,38,231,False,0.42,0.45,0.68,0.0,0.49,2.04
R01908,2026-07-07 19:40:14.421950047,piloto,F08,False,paletizada,True,False,tarde,25,154,False,0.73,0.47,0.97,0.0,0.78,2.95
R01909,2026-07-07 12:34:31.964987085,piloto,F02,False,paletizada,True,False,manha,52,357,False,0.19,0.49,0.92,0.0,1.18,2.78
R01910,2026-07-07 19:32:42.315543373,piloto,F04,False,mista,True,True,tarde,18,189,False,0.96,0.79,0.66,0.0,0.93,3.34
R01911,2026-07-07 14:34:10.167998188,piloto,F01,False,batida,False,True,tarde,26,443,False,6.02,2.52,0.57,0.0,1.29,10.4
R01912,2026-07-07 09:24:17.280940082,piloto,F02,False,paletizada,False,True,manha,13,74,False,3.29,0.46,0.38,0.0,0.79,4.92
R01913,2026-07-08 17:42:06.667506324,piloto,F02,False,paletizada,True,True,tarde,46,652,False,0.4,0.72,0.85,0.0,0.87,2.84
R01914,2026-07-08 16:25:44.133484476,piloto,F01,False,paletizada,True,True,tarde,56,228,False,0.39,0.51,0.75,0.0,0.45,2.1
R01915,2026-07-08 09:10:41.431298988,piloto,F01,False,paletizada,True,True,manha,33,428,False,0.05,0.6,0.72,0.0,0.77,2.14
R01916,2026-07-08 11:54:33.328252184,piloto,F11,False,paletizada,True,True,manha,58,989,False,0.15,1.09,0.65,0.0,0.63,2.52
R01917,2026-07-08 15:34:23.748615850,piloto,F03,True,paletizada,True,True,tarde,54,408,False,0.29,0.5,1.09,0.0,0.9,2.78
R01918,2026-07-08 18:10:33.292774275,piloto,F02,False,mista,True,True,tarde,54,408,False,0.67,1.59,1.02,0.0,0.66,3.94
R01919,2026-07-08 17:06:42.334861798,piloto,F02,False,paletizada,True,True,tarde,6,65,False,0.15,0.36,0.24,0.0,0.68,1.43
R01920,2026-07-08 09:52:23.463336370,piloto,F10,False,batida,True,True,manha,19,320,False,0.6,1.63,0.51,0.0,0.91,3.65
R01921,2026-07-08 11:18:46.883713003,piloto,F03,True,paletizada,True,True,manha,10,58,False,0.07,0.31,0.31,0.0,0.45,1.14
R01922,2026-07-08 16:54:33.988181814,piloto,F08,False,paletizada,True,True,tarde,43,347,False,0.82,0.55,0.53,0.0,0.85,2.75
R01923,2026-07-08 10:41:42.790354897,piloto,F09,False,paletizada,False,False,manha,39,254,False,4.83,0.48,1.15,0.0,0.97,7.43
R01924,2026-07-08 13:50:15.208232341,piloto,F01,False,paletizada,True,True,manha,40,202,False,1.71,0.51,0.66,0.0,0.77,3.65
R01925,2026-07-08 11:53:44.028729207,piloto,F03,True,paletizada,False,True,manha,37,262,False,4.61,0.51,0.54,0.0,0.77,6.43
R01926,2026-07-08 14:47:19.028150084,piloto,F02,False,paletizada,True,True,tarde,36,554,False,0.51,0.75,0.67,0.0,0.88,2.81
R01927,2026-07-08 08:37:21.090754912,piloto,F03,True,paletizada,True,True,manha,28,270,False,0.11,0.58,0.67,0.0,1.14,2.5
R01928,2026-07-08 08:47:09.189921030,piloto,F05,False,paletizada,True,False,manha,16,159,False,1.45,0.3,0.61,0.0,1.42,3.78
R01929,2026-07-08 09:49:51.899674249,piloto,F01,False,paletizada,True,True,manha,50,798,False,0.15,0.93,0.5,0.0,0.86,2.44
R01930,2026-07-08 19:14:44.204781307,piloto,F08,False,paletizada,True,True,tarde,33,314,False,0.73,0.56,0.57,0.0,0.55,2.41
R01931,2026-07-08 19:11:33.349664918,piloto,F07,True,paletizada,True,True,tarde,13,217,False,0.1,0.5,0.39,0.0,0.57,1.56
R01932,2026-07-08 18:42:10.514527333,piloto,F02,False,paletizada,True,False,tarde,4,43,False,0.99,0.37,0.59,0.0,0.47,2.42
R01933,2026-07-09 13:06:25.534030503,piloto,F10,False,batida,True,True,manha,23,263,False,0.29,2.01,0.5,0.0,0.63,3.43
R01934,2026-07-09 11:00:57.853117267,piloto,F06,False,paletizada,True,True,manha,38,503,False,0.82,0.76,0.79,0.0,0.39,2.76
R01935,2026-07-09 10:59:20.034262683,piloto,F03,True,batida,True,True,manha,46,548,False,1.65,2.17,0.64,0.0,0.35,4.81
R01936,2026-07-09 12:23:42.757980900,piloto,F02,False,mista,True,True,manha,12,214,False,0.58,1.14,0.38,0.0,0.97,3.07
R01937,2026-07-09 12:40:28.898399204,piloto,F08,False,paletizada,True,True,manha,7,66,False,0.86,0.34,0.37,0.0,1.65,3.22
R01938,2026-07-09 14:14:52.327951350,piloto,F01,False,batida,True,True,tarde,40,316,False,0.54,2.89,0.61,0.0,0.93,4.97
R01939,2026-07-09 16:57:43.769734732,piloto,F02,False,paletizada,True,True,tarde,36,485,False,0.45,0.78,0.63,0.0,0.5,2.36
R01940,2026-07-09 12:16:08.500669082,piloto,F04,False,mista,True,True,manha,42,402,False,0.64,1.57,0.81,0.0,0.39,3.41
R01941,2026-07-09 15:33:07.424751470,piloto,F01,False,paletizada,True,True,tarde,48,393,False,0.25,0.6,0.81,0.0,0.73,2.39
R01942,2026-07-09 15:37:43.737848655,piloto,F06,False,paletizada,True,False,tarde,35,405,False,0.19,0.54,1.41,0.0,1.0,3.14
R01943,2026-07-09 11:17:28.336038576,piloto,F01,False,mista,True,True,manha,11,146,False,1.42,1.11,0.32,0.0,0.85,3.7
R01944,2026-07-09 06:03:23.575556314,piloto,F01,False,paletizada,False,True,manha,4,48,False,3.23,0.33,0.22,0.0,1.69,5.47
R01945,2026-07-09 13:14:50.662696700,piloto,F02,False,paletizada,True,True,manha,6,77,False,0.45,0.44,0.26,0.0,1.66,2.81
R01946,2026-07-09 13:51:48.950451165,piloto,F03,True,mista,True,True,manha,13,150,False,0.25,0.94,0.35,0.0,0.36,1.9
R01947,2026-07-09 17:07:03.286586679,piloto,F01,False,mista,True,True,tarde,51,283,False,0.6,1.01,0.84,0.0,1.51,3.96
R01948,2026-07-09 06:18:32.943508290,piloto,F01,False,paletizada,True,True,manha,32,317,False,1.1,0.44,0.53,0.0,1.06,3.13
R01949,2026-07-09 14:59:26.940831698,piloto,F03,True,batida,True,True,tarde,29,139,False,1.13,2.31,0.46,0.0,0.53,4.43
R01950,2026-07-09 12:23:02.144890312,piloto,F11,False,batida,True,True,manha,28,492,False,0.93,1.55,0.49,0.0,1.06,4.03
R01951,2026-07-09 14:14:48.144986998,piloto,F09,False,batida,True,True,tarde,40,601,False,0.33,2.17,0.69,0.0,1.36,4.55
R01952,2026-07-09 16:47:52.145591636,piloto,F08,False,paletizada,True,True,tarde,10,58,False,0.4,0.42,0.32,0.0,0.2,1.34
R01953,2026-07-09 14:08:57.807664386,piloto,F06,False,mista,True,True,tarde,57,624,False,0.51,0.88,1.02,0.0,0.33,2.74
R01954,2026-07-09 14:59:53.849730080,piloto,F02,False,batida,True,False,tarde,46,466,False,1.12,2.39,1.6,0.0,0.77,5.88
R01955,2026-07-09 14:04:23.464214630,piloto,F03,True,paletizada,True,True,tarde,9,100,False,0.46,0.45,0.36,0.0,0.97,2.24
R01956,2026-07-09 09:20:58.232273506,piloto,F07,True,mista,True,True,manha,12,192,True,0.3,1.51,0.33,0.59,0.84,3.57
R01957,2026-07-09 13:59:13.433920396,piloto,F05,False,paletizada,True,True,manha,33,375,False,1.53,0.82,0.82,0.0,0.88,4.05
R01958,2026-07-09 11:47:46.770925581,piloto,F01,False,batida,True,True,manha,42,679,False,0.78,1.82,0.73,0.0,1.0,4.33
R01959,2026-07-09 14:11:37.723533993,piloto,F02,False,paletizada,True,True,tarde,28,207,False,0.11,0.34,0.65,0.0,0.77,1.87
R01960,2026-07-09 07:21:24.073264620,piloto,F06,False,mista,True,False,manha,18,135,True,0.08,0.97,0.96,0.29,0.87,3.17
R01961,2026-07-09 15:22:38.795798359,piloto,F06,False,paletizada,True,False,tarde,39,445,False,1.04,0.73,1.19,0.0,0.82,3.78
R01962,2026-07-09 13:49:47.521812464,piloto,F02,False,mista,True,True,manha,9,79,False,0.42,0.91,0.32,0.0,1.69,3.34
R01963,2026-07-09 12:35:08.069967344,piloto,F06,False,paletizada,True,True,manha,48,320,False,1.01,0.79,0.69,0.0,1.88,4.37
R01964,2026-07-09 11:51:34.799735296,piloto,F01,False,batida,True,True,manha,59,829,False,0.15,2.29,0.99,0.0,0.94,4.37
R01965,2026-07-09 16:12:28.802351509,piloto,F03,True,paletizada,True,True,tarde,6,26,False,0.92,0.35,0.34,0.0,0.49,2.1
R01966,2026-07-09 14:09:53.360986845,piloto,F01,False,paletizada,True,True,tarde,22,204,False,1.0,0.48,0.34,0.0,0.56,2.38
R01967,2026-07-10 13:38:48.086384157,piloto,F02,False,mista,True,True,manha,22,180,False,0.46,0.73,0.49,0.0,0.56,2.24
R01968,2026-07-10 11:36:04.617326793,piloto,F10,False,mista,True,True,manha,29,124,False,0.26,1.04,0.51,0.0,1.39,3.2
R01969,2026-07-10 06:00:00.000000000,piloto,F02,False,paletizada,True,True,manha,29,235,False,0.33,0.39,0.43,0.0,0.82,1.97
R01970,2026-07-10 11:57:46.390650728,piloto,F02,False,paletizada,True,True,manha,16,143,False,0.87,0.43,0.33,0.0,0.61,2.24
R01971,2026-07-10 11:10:52.548719833,piloto,F06,False,batida,True,True,manha,30,527,False,0.72,1.98,0.51,0.0,0.69,3.9
R01972,2026-07-10 17:34:38.752932122,piloto,F03,True,paletizada,True,True,tarde,10,65,False,1.07,0.37,0.41,0.0,0.54,2.39
R01973,2026-07-10 15:25:43.168074978,piloto,F01,False,mista,True,True,tarde,52,547,False,0.19,1.21,0.74,0.0,1.47,3.61
R01974,2026-07-10 12:18:06.418077631,piloto,F03,True,mista,False,False,manha,54,258,True,3.09,1.15,1.11,0.58,1.1,7.03
R01975,2026-07-10 06:00:00.000000000,piloto,F06,False,batida,True,True,manha,23,177,False,0.59,1.92,0.33,0.0,0.56,3.4
R01976,2026-07-10 09:11:32.838851083,piloto,F01,False,mista,True,True,manha,5,56,False,1.61,0.96,0.31,0.0,1.25,4.13
R01977,2026-07-10 11:21:28.375785104,piloto,F05,False,paletizada,True,False,manha,7,108,False,0.51,0.61,0.59,0.0,0.32,2.03
R01978,2026-07-10 14:52:53.694729188,piloto,F07,True,batida,True,True,tarde,33,516,False,1.66,2.39,0.68,0.0,1.89,6.62
R01979,2026-07-10 07:18:11.353182094,piloto,F01,False,batida,False,True,manha,53,951,True,2.68,2.42,0.85,0.59,0.26,6.8
R01980,2026-07-10 11:43:48.274341056,piloto,F10,False,mista,True,True,manha,38,212,False,0.24,0.88,0.74,0.0,1.76,3.62
R01981,2026-07-10 08:06:53.877398731,piloto,F03,True,mista,True,True,manha,35,275,False,0.82,0.8,0.75,0.0,0.89,3.26
R01982,2026-07-10 17:15:50.765519592,piloto,F01,False,paletizada,True,True,tarde,9,144,True,0.36,0.41,0.4,0.55,0.91,2.63
R01983,2026-07-10 11:22:18.911515879,piloto,F01,False,batida,False,True,manha,19,108,False,6.02,2.27,0.46,0.0,0.47,9.22
R01984,2026-07-10 09:38:15.770868414,piloto,F01,False,batida,True,False,manha,27,243,False,0.28,1.94,0.69,0.0,0.92,3.83
R01985,2026-07-10 13:11:32.640544748,piloto,F12,False,paletizada,True,False,manha,40,693,False,0.25,0.82,1.48,0.0,0.45,3.0
R01986,2026-07-10 10:22:45.719305068,piloto,F02,False,paletizada,True,True,manha,40,705,False,0.23,0.63,0.76,0.0,0.35,1.97
R01987,2026-07-10 11:10:57.268832962,piloto,F06,False,paletizada,True,True,manha,41,189,False,0.37,0.34,0.73,0.0,0.53,1.97
R01988,2026-07-10 12:58:42.055497955,piloto,F10,False,paletizada,True,True,manha,33,478,False,0.28,0.64,0.45,0.0,1.57,2.94
R01989,2026-07-10 10:54:36.598469338,piloto,F02,False,batida,True,True,manha,27,368,False,0.86,1.12,0.56,0.0,0.53,3.07
R01990,2026-07-10 10:49:32.482775229,piloto,F02,False,batida,False,True,manha,18,293,False,1.17,1.78,0.52,0.0,0.15,3.62
R01991,2026-07-10 17:57:07.574655092,piloto,F02,False,paletizada,True,True,tarde,46,322,False,0.28,0.42,0.77,0.0,0.67,2.14
R01992,2026-07-10 12:54:53.007335186,piloto,F03,True,mista,True,False,manha,9,41,True,0.1,0.92,0.63,0.29,1.15,3.09
R01993,2026-07-10 10:47:47.366539580,piloto,F11,False,paletizada,True,False,manha,46,691,True,0.68,0.78,0.93,0.2,0.53,3.12
R01994,2026-07-10 17:47:27.619718035,piloto,F05,False,paletizada,True,True,tarde,48,817,False,0.27,0.69,0.61,0.0,0.74,2.31
R01995,2026-07-10 14:25:30.589485261,piloto,F05,False,batida,True,True,tarde,27,126,False,0.09,2.38,0.74,0.0,0.49,3.7
R01996,2026-07-11 09:43:36.036870715,piloto,F02,False,batida,True,False,manha,52,568,False,0.1,1.9,1.62,0.0,0.51,4.13
R01997,2026-07-11 09:37:55.939209322,piloto,F11,False,paletizada,True,True,manha,16,202,False,1.11,0.56,0.36,0.0,0.94,2.97
R01998,2026-07-11 10:07:22.217208790,piloto,F06,False,paletizada,True,True,manha,57,629,False,0.6,0.65,0.9,0.0,1.44,3.59
R01999,2026-07-11 13:17:52.227034494,piloto,F01,False,paletizada,True,True,manha,57,254,True,0.28,0.39,1.05,0.83,0.9,3.45
R02000,2026-07-11 13:46:33.661273764,piloto,F01,False,batida,True,True,manha,3,33,False,0.38,2.59,0.31,0.0,0.44,3.72
R02001,2026-07-11 14:08:35.572598314,piloto,F05,False,batida,True,True,tarde,45,799,False,0.4,1.66,1.01,0.0,1.23,4.3
R02002,2026-07-11 11:41:40.418883391,piloto,F11,False,mista,True,True,manha,10,53,False,0.38,0.79,0.4,0.0,0.57,2.14
R02003,2026-07-11 12:33:31.731460023,piloto,F11,False,mista,True,True,manha,59,981,False,0.49,1.23,0.95,0.0,0.64,3.31
R02004,2026-07-11 10:14:54.729337858,piloto,F03,True,batida,True,True,manha,47,307,False,0.28,1.86,0.42,0.0,1.15,3.71
R02005,2026-07-11 10:32:33.394672046,piloto,F02,False,paletizada,True,True,manha,27,169,False,0.38,0.58,0.46,0.0,0.33,1.75
R02006,2026-07-11 10:43:51.867400548,piloto,F01,False,paletizada,True,True,manha,32,255,False,0.09,0.48,0.69,0.0,0.84,2.1
R02007,2026-07-11 09:20:18.902246640,piloto,F01,False,batida,True,True,manha,47,565,False,0.22,1.93,0.56,0.0,0.82,3.53
R02008,2026-07-13 11:14:06.240023415,piloto,F01,False,paletizada,True,False,manha,30,497,False,0.41,0.6,1.25,0.0,0.38,2.64
R02009,2026-07-13 11:09:09.647767544,piloto,F07,True,paletizada,True,True,manha,38,378,False,0.43,0.74,0.83,0.0,1.14,3.14
R02010,2026-07-13 11:16:14.671512861,piloto,F01,False,paletizada,True,True,manha,49,846,False,0.2,0.74,0.77,0.0,1.18,2.89
R02011,2026-07-13 15:26:58.558535552,piloto,F01,False,paletizada,True,True,tarde,26,386,False,0.36,0.63,0.55,0.0,0.2,1.74
R02012,2026-07-13 13:37:13.176921579,piloto,F04,False,paletizada,True,True,manha,23,383,False,0.36,0.65,0.54,0.0,0.53,2.08
R02013,2026-07-13 15:49:36.180116526,piloto,F08,False,paletizada,True,True,tarde,21,316,False,0.09,0.63,0.59,0.0,0.29,1.6
R02014,2026-07-13 14:02:08.116432216,piloto,F06,False,batida,True,False,tarde,30,429,False,0.09,1.93,1.36,0.0,0.45,3.83
R02015,2026-07-13 14:26:45.411133279,piloto,F03,True,mista,True,True,tarde,40,220,True,0.4,0.93,0.75,0.42,0.78,3.28
R02016,2026-07-13 16:15:04.711617338,piloto,F11,False,batida,False,True,tarde,54,418,False,1.71,3.12,0.95,0.0,0.68,6.46
R02017,2026-07-13 16:22:26.079822199,piloto,F02,False,paletizada,True,True,tarde,18,136,False,0.5,0.39,0.33,0.0,0.93,2.15
R02018,2026-07-13 21:15:50.168995682,piloto,F01,False,paletizada,True,True,tarde,44,474,False,0.09,0.49,0.77,0.0,1.0,2.35
R02019,2026-07-13 13:01:47.650631944,piloto,F03,True,paletizada,True,True,manha,5,56,False,0.52,0.3,0.26,0.0,1.23,2.31
R02020,2026-07-13 11:29:43.941357326,piloto,F12,False,mista,True,True,manha,42,710,False,0.3,1.26,0.75,0.0,0.6,2.91
R02021,2026-07-13 07:26:30.697527012,piloto,F12,False,batida,True,True,manha,20,110,False,0.39,1.52,0.46,0.0,1.01,3.38
R02022,2026-07-13 16:24:01.404043128,piloto,F03,True,paletizada,True,True,tarde,22,388,False,0.59,0.68,0.48,0.0,0.74,2.49
R02023,2026-07-13 18:41:24.162505832,piloto,F04,False,paletizada,True,True,tarde,54,578,False,0.13,0.82,0.9,0.0,0.65,2.5
R02024,2026-07-13 13:18:32.476646664,piloto,F05,False,batida,True,False,manha,56,980,False,0.47,1.63,1.72,0.0,0.92,4.74
R02025,2026-07-13 12:05:14.083143633,piloto,F02,False,paletizada,True,True,manha,42,317,False,2.21,0.41,0.64,0.0,1.66,4.92
R02026,2026-07-13 10:09:19.635340590,piloto,F02,False,batida,False,True,manha,7,91,True,3.59,1.71,0.48,0.43,0.97,7.18
R02027,2026-07-13 13:07:37.561560679,piloto,F10,False,paletizada,True,True,manha,25,327,True,0.51,0.58,0.52,0.34,1.16,3.11
R02028,2026-07-13 06:00:00.000000000,piloto,F01,False,mista,True,True,manha,5,53,False,1.15,0.68,0.34,0.0,0.36,2.53
R02029,2026-07-13 15:33:36.326584638,piloto,F07,True,paletizada,False,True,tarde,16,227,False,1.2,0.46,0.4,0.0,0.9,2.96
R02030,2026-07-13 10:31:36.886179424,piloto,F02,False,paletizada,True,True,manha,47,619,False,1.85,0.56,0.65,0.0,1.05,4.11
R02031,2026-07-14 15:03:14.442782652,piloto,F07,True,paletizada,False,True,tarde,52,902,False,3.08,0.73,0.76,0.0,0.97,5.54
R02032,2026-07-14 13:23:18.101385736,piloto,F01,False,batida,True,True,manha,37,628,False,0.51,1.83,0.79,0.0,0.27,3.4
R02033,2026-07-14 12:51:53.547216645,piloto,F03,True,paletizada,True,True,manha,38,301,False,0.12,0.52,0.58,0.0,0.82,2.04
R02034,2026-07-14 12:53:17.878286364,piloto,F02,False,batida,True,True,manha,15,148,False,0.26,1.91,0.44,0.0,0.97,3.58
R02035,2026-07-14 12:16:55.272354427,piloto,F02,False,paletizada,True,True,manha,33,389,False,1.29,0.59,0.73,0.0,1.03,3.64
R02036,2026-07-14 13:33:33.401212916,piloto,F01,False,mista,True,True,manha,32,423,False,1.11,0.85,0.34,0.0,0.59,2.89
R02037,2026-07-14 14:37:12.394478812,piloto,F09,False,paletizada,True,False,tarde,40,245,True,0.56,0.44,1.25,0.6,0.31,3.16
R02038,2026-07-14 11:57:41.724707043,piloto,F02,False,paletizada,True,True,manha,54,842,False,0.36,0.92,0.7,0.0,1.37,3.35
R02039,2026-07-14 08:58:49.770231484,piloto,F08,False,batida,True,True,manha,18,315,False,0.2,1.56,0.34,0.0,0.72,2.82
R02040,2026-07-14 14:08:15.417739734,piloto,F02,False,paletizada,True,True,tarde,34,266,False,0.16,0.55,0.52,0.0,1.52,2.75
R02041,2026-07-14 10:53:49.018785698,piloto,F12,False,paletizada,True,True,manha,36,221,False,0.23,0.67,0.58,0.0,1.16,2.64
R02042,2026-07-14 13:42:28.918308787,piloto,F08,False,mista,True,False,manha,32,340,False,0.21,1.46,1.7,0.0,0.83,4.2
R02043,2026-07-14 11:42:41.990923976,piloto,F02,False,paletizada,True,True,manha,35,469,False,0.39,0.52,0.49,0.0,0.84,2.24
R02044,2026-07-14 07:39:44.674499095,piloto,F05,False,mista,True,False,manha,3,53,False,0.43,0.9,0.51,0.0,0.46,2.3
R02045,2026-07-14 12:18:35.065545616,piloto,F06,False,paletizada,True,True,manha,28,287,False,0.66,0.5,0.64,0.0,0.96,2.76
R02046,2026-07-14 12:51:24.313464630,piloto,F05,False,paletizada,True,False,manha,39,678,False,0.72,0.67,2.07,0.0,1.16,4.62
R02047,2026-07-14 15:24:32.518927728,piloto,F08,False,paletizada,True,True,tarde,40,237,False,0.44,0.61,0.49,0.0,0.34,1.88
R02048,2026-07-14 14:47:19.951989259,piloto,F01,False,paletizada,True,True,tarde,31,205,False,0.54,0.51,0.62,0.0,0.9,2.57
R02049,2026-07-14 14:01:02.756413207,piloto,F07,True,batida,True,True,tarde,36,617,False,0.9,2.75,0.53,0.0,0.69,4.87
R02050,2026-07-14 13:59:37.159756033,piloto,F08,False,batida,True,True,manha,40,695,False,0.21,1.65,0.87,0.0,2.08,4.81
R02051,2026-07-14 16:47:11.523805281,piloto,F09,False,paletizada,True,True,tarde,58,234,False,0.42,0.34,0.95,0.0,0.75,2.46
R02052,2026-07-14 10:00:01.053603691,piloto,F01,False,paletizada,True,True,manha,19,215,False,0.27,0.48,0.47,0.0,0.34,1.56
R02053,2026-07-15 12:50:10.270068266,piloto,F01,False,paletizada,True,True,manha,53,433,False,0.4,0.53,0.78,0.0,0.62,2.33
R02054,2026-07-15 10:25:22.198662105,piloto,F02,False,paletizada,True,True,manha,10,62,False,0.22,0.37,0.44,0.0,0.92,1.95
R02055,2026-07-15 14:29:36.878372635,piloto,F03,True,paletizada,True,True,tarde,49,827,False,0.41,0.81,0.86,0.0,0.39,2.47
R02056,2026-07-15 08:11:45.644469561,piloto,F09,False,mista,True,True,manha,30,501,False,0.3,0.96,0.34,0.0,0.73,2.33
R02057,2026-07-15 17:31:19.577947292,piloto,F03,True,paletizada,True,True,tarde,27,397,False,0.93,0.64,0.44,0.0,0.5,2.51
R02058,2026-07-15 11:32:09.618579373,piloto,F07,True,batida,True,True,manha,45,625,False,0.87,1.89,0.64,0.0,0.45,3.85
R02059,2026-07-15 08:25:51.768147806,piloto,F02,False,batida,True,True,manha,31,473,False,0.18,2.31,0.49,0.0,0.8,3.78
R02060,2026-07-15 14:01:51.914486380,piloto,F04,False,mista,False,True,tarde,38,649,False,1.49,1.04,0.64,0.0,1.31,4.48
R02061,2026-07-15 16:41:25.766096204,piloto,F08,False,paletizada,True,True,tarde,11,187,False,0.65,0.5,0.4,0.0,0.64,2.19
R02062,2026-07-15 14:56:23.444499793,piloto,F09,False,batida,True,False,tarde,48,517,False,0.89,1.71,1.15,0.0,0.84,4.59
R02063,2026-07-15 09:08:37.464470329,piloto,F09,False,paletizada,True,True,manha,58,627,False,0.14,0.84,0.98,0.0,0.89,2.85
R02064,2026-07-15 17:52:46.581119922,piloto,F08,False,paletizada,True,True,tarde,22,350,False,1.39,0.57,0.47,0.0,0.51,2.94
R02065,2026-07-15 14:28:53.445883893,piloto,F01,False,batida,True,False,tarde,51,889,False,0.36,2.36,1.74,0.0,0.77,5.23
R02066,2026-07-15 13:02:35.986373689,piloto,F04,False,paletizada,True,True,manha,56,245,False,0.42,0.73,1.17,0.0,1.12,3.44
R02067,2026-07-15 12:36:30.487349318,piloto,F01,False,paletizada,True,False,manha,31,137,False,0.32,0.49,1.01,0.0,0.51,2.33
R02068,2026-07-15 16:30:26.487313963,piloto,F09,False,paletizada,False,True,tarde,17,299,False,3.12,0.48,0.29,0.0,1.17,5.06
R02069,2026-07-15 14:33:08.024856922,piloto,F03,True,batida,False,True,tarde,21,208,False,1.71,1.82,0.42,0.0,0.66,4.61
R02070,2026-07-15 13:09:55.865307916,piloto,F01,False,mista,True,True,manha,19,322,False,0.93,0.96,0.43,0.0,0.62,2.94
R02071,2026-07-15 13:41:34.641884252,piloto,F08,False,batida,True,True,manha,8,119,False,0.67,2.18,0.3,0.0,0.79,3.94
R02072,2026-07-15 13:43:50.583705592,piloto,F03,True,batida,False,True,manha,42,719,False,5.25,3.21,0.64,0.0,1.45,10.55
R02073,2026-07-15 13:19:45.948467697,piloto,F07,True,paletizada,True,False,manha,31,204,False,0.79,0.72,0.91,0.0,0.86,3.28
R02074,2026-07-15 12:54:50.411276841,piloto,F01,False,batida,True,True,manha,41,546,False,0.8,2.01,0.73,0.0,0.73,4.27
R02075,2026-07-16 16:17:31.893277822,piloto,F01,False,mista,True,True,tarde,8,107,False,0.25,0.86,0.39,0.0,1.54,3.04
R02076,2026-07-16 12:49:09.006186820,piloto,F02,False,mista,False,True,manha,31,408,False,2.67,1.16,0.71,0.0,0.44,4.98
R02077,2026-07-16 07:59:55.354547335,piloto,F01,False,paletizada,False,True,manha,45,752,False,1.34,1.0,1.13,0.0,0.64,4.11
R02078,2026-07-16 12:37:55.926984547,piloto,F06,False,paletizada,True,False,manha,44,661,False,0.19,0.69,2.05,0.0,1.36,4.29
R02079,2026-07-16 16:51:13.338375710,piloto,F01,False,batida,False,True,tarde,30,463,False,3.74,2.38,0.69,0.0,0.72,7.53
R02080,2026-07-16 10:14:47.638419424,piloto,F04,False,batida,False,True,manha,7,51,False,3.13,1.93,0.35,0.0,0.65,6.06
R02081,2026-07-16 13:46:24.078827830,piloto,F02,False,batida,True,True,manha,25,371,False,0.29,1.85,0.47,0.0,0.41,3.02
R02082,2026-07-16 09:48:32.079834734,piloto,F05,False,batida,True,True,manha,53,260,False,0.28,2.28,0.79,0.0,0.5,3.85
R02083,2026-07-16 12:22:02.173041109,piloto,F08,False,mista,True,True,manha,32,370,False,0.09,1.45,0.68,0.0,0.69,2.91
R02084,2026-07-16 19:16:17.933263456,piloto,F03,True,paletizada,True,True,tarde,5,20,False,0.85,0.5,0.38,0.0,0.18,1.91
R02085,2026-07-16 13:04:34.530130750,piloto,F03,True,batida,True,True,manha,16,240,False,0.87,2.06,0.45,0.0,1.59,4.97
R02086,2026-07-16 10:58:26.471779716,piloto,F03,True,paletizada,True,True,manha,39,204,False,0.17,0.56,0.66,0.0,0.76,2.15
R02087,2026-07-16 16:56:47.677828477,piloto,F02,False,paletizada,False,True,tarde,16,250,False,15.25,0.48,0.47,0.0,1.04,17.24
R02088,2026-07-16 07:19:45.462795236,piloto,F07,True,batida,True,True,manha,57,431,False,0.49,2.52,1.23,0.0,0.45,4.69
R02089,2026-07-16 13:10:48.736078885,piloto,F01,False,paletizada,True,True,manha,40,505,False,1.1,0.69,0.74,0.0,1.07,3.6
R02090,2026-07-16 15:38:25.095945462,piloto,F02,False,paletizada,True,False,tarde,20,115,False,1.09,0.44,0.68,0.0,0.79,3.0
R02091,2026-07-16 07:51:42.681362626,piloto,F02,False,mista,True,True,manha,50,543,False,0.49,1.06,0.77,0.0,1.53,3.85
R02092,2026-07-16 15:02:51.847733266,piloto,F06,False,batida,True,True,tarde,19,316,False,0.16,2.12,0.47,0.0,0.64,3.39
R02093,2026-07-16 20:16:35.468498766,piloto,F01,False,paletizada,True,True,tarde,18,205,False,0.15,0.4,0.55,0.0,0.89,1.99
R02094,2026-07-16 18:05:26.640694996,piloto,F07,True,paletizada,False,True,tarde,18,289,False,3.93,0.5,0.36,0.0,0.47,5.26
R02095,2026-07-16 09:54:48.177758383,piloto,F09,False,batida,True,False,manha,34,512,False,0.24,1.53,1.07,0.0,1.07,3.91
R02096,2026-07-16 14:56:24.569999728,piloto,F02,False,batida,True,False,tarde,51,252,False,0.75,2.74,1.25,0.0,0.61,5.35
R02097,2026-07-16 11:19:55.251507874,piloto,F11,False,paletizada,True,True,manha,45,552,True,0.04,0.87,0.96,0.06,1.46,3.39
R02098,2026-07-16 11:35:13.336983308,piloto,F02,False,batida,True,True,manha,38,418,False,1.27,2.22,0.67,0.0,1.28,5.44
R02099,2026-07-16 18:25:27.699885984,piloto,F05,False,batida,True,True,tarde,7,40,False,0.08,1.43,0.38,0.0,0.73,2.62
R02100,2026-07-16 13:39:03.678040141,piloto,F02,False,mista,True,True,manha,55,660,True,0.97,1.21,0.97,0.2,0.6,3.95
R02101,2026-07-16 13:02:52.699595013,piloto,F01,False,mista,True,False,manha,23,349,False,0.25,1.58,0.95,0.0,0.82,3.6
R02102,2026-07-17 12:59:29.635079305,piloto,F02,False,paletizada,True,True,manha,15,163,False,0.52,0.41,0.41,0.0,1.9,3.24
R02103,2026-07-17 19:42:36.815076831,piloto,F01,False,mista,True,True,tarde,14,105,False,1.06,0.9,0.48,0.0,0.18,2.62
R02104,2026-07-17 12:41:33.213705374,piloto,F10,False,batida,True,False,manha,35,459,False,0.71,2.2,1.18,0.0,1.02,5.11
R02105,2026-07-17 11:15:53.676653702,piloto,F11,False,mista,True,True,manha,55,313,False,0.87,1.31,0.99,0.0,1.77,4.94
R02106,2026-07-17 12:03:25.048357225,piloto,F05,False,mista,False,True,manha,17,296,False,0.73,1.25,0.44,0.0,1.14,3.56
R02107,2026-07-17 17:44:23.668533110,piloto,F09,False,paletizada,True,True,tarde,21,228,False,0.46,0.5,0.57,0.0,0.44,1.97
R02108,2026-07-17 08:31:47.298359712,piloto,F02,False,mista,True,True,manha,35,476,False,1.13,1.05,0.9,0.0,0.62,3.7
R02109,2026-07-17 19:01:51.134427346,piloto,F01,False,paletizada,False,True,tarde,23,196,False,5.54,0.47,0.4,0.0,1.65,8.06
R02110,2026-07-17 11:08:09.566329387,piloto,F10,False,paletizada,False,False,manha,17,303,False,2.92,0.54,0.86,0.0,0.41,4.73
R02111,2026-07-17 14:38:10.424093496,piloto,F02,False,batida,True,False,tarde,10,55,False,0.3,1.36,0.58,0.0,1.17,3.41
R02112,2026-07-17 15:23:10.610643444,piloto,F01,False,paletizada,True,True,tarde,14,142,False,0.31,0.53,0.26,0.0,0.47,1.57
R02113,2026-07-17 10:13:15.961110348,piloto,F01,False,paletizada,True,True,manha,27,465,False,0.59,0.63,0.42,0.0,0.45,2.09
R02114,2026-07-17 11:55:01.520854957,piloto,F01,False,mista,True,False,manha,35,258,False,0.55,0.97,1.3,0.0,0.74,3.56
R02115,2026-07-17 15:28:34.363223137,piloto,F02,False,mista,True,True,tarde,36,402,False,0.51,0.91,0.72,0.0,1.22,3.36
R02116,2026-07-17 12:33:24.751870930,piloto,F03,True,batida,True,True,manha,17,251,False,0.35,2.59,0.48,0.0,1.08,4.5
R02117,2026-07-17 07:53:19.207637847,piloto,F02,False,paletizada,True,True,manha,50,580,False,0.17,0.88,0.79,0.0,0.66,2.5
R02118,2026-07-17 14:26:40.003688259,piloto,F07,True,batida,True,True,tarde,59,459,False,0.72,1.6,0.81,0.0,0.6,3.73
R02119,2026-07-17 09:11:01.822131582,piloto,F04,False,paletizada,True,False,manha,18,82,False,0.33,0.66,0.73,0.0,1.16,2.88
R02120,2026-07-17 14:33:07.151276890,piloto,F04,False,batida,True,False,tarde,14,92,False,0.34,1.71,0.78,0.0,0.74,3.57
R02121,2026-07-17 12:48:13.394942762,piloto,F02,False,mista,True,False,manha,39,447,False,0.65,1.3,1.2,0.0,0.69,3.84
R02122,2026-07-17 08:02:40.415676964,piloto,F06,False,mista,True,True,manha,24,391,False,0.34,0.78,0.31,0.0,1.31,2.74
R02123,2026-07-18 12:43:51.322969840,piloto,F02,False,batida,True,True,manha,51,497,False,0.14,1.44,0.61,0.0,0.72,2.91
R02124,2026-07-18 16:35:33.038417590,piloto,F01,False,paletizada,True,True,tarde,27,235,False,0.09,0.6,0.53,0.0,0.48,1.7
R02125,2026-07-18 19:46:22.683067719,piloto,F03,True,paletizada,True,True,tarde,38,552,True,0.34,0.69,0.66,0.62,1.11,3.42
R02126,2026-07-18 09:39:20.633214834,piloto,F06,False,paletizada,True,True,manha,42,471,True,0.44,0.54,0.69,1.44,0.81,3.92
R02127,2026-07-18 11:39:49.342459024,piloto,F10,False,batida,True,True,manha,22,118,False,0.23,2.16,0.44,0.0,0.74,3.57
R02128,2026-07-18 10:27:05.687296801,piloto,F08,False,mista,True,True,manha,42,672,True,0.26,1.12,0.63,0.37,1.31,3.69
R02129,2026-07-18 09:23:04.811354872,piloto,F04,False,batida,True,True,manha,13,58,False,0.6,1.56,0.36,0.0,0.83,3.35
R02130,2026-07-20 07:26:42.420099858,piloto,F06,False,mista,True,True,manha,15,246,False,0.62,1.04,0.31,0.0,0.63,2.6
R02131,2026-07-20 13:53:20.530781307,piloto,F02,False,paletizada,False,False,manha,44,411,False,6.05,0.58,1.53,0.0,0.6,8.76
R02132,2026-07-20 13:52:20.575047558,piloto,F04,False,paletizada,True,False,manha,52,298,False,0.71,0.38,1.56,0.0,1.24,3.89
R02133,2026-07-20 12:59:08.657865391,piloto,F06,False,batida,True,True,manha,53,218,False,0.13,1.3,0.92,0.0,0.96,3.31
R02134,2026-07-20 11:30:10.457966577,piloto,F03,True,paletizada,True,True,manha,42,486,False,1.03,0.92,0.65,0.0,1.91,4.51
R02135,2026-07-20 08:59:43.551091593,piloto,F03,True,mista,True,True,manha,45,698,False,1.09,1.09,0.95,0.0,0.29,3.42
R02136,2026-07-20 10:57:08.659115992,piloto,F08,False,mista,True,True,manha,39,426,False,0.72,0.72,0.51,0.0,0.66,2.61
R02137,2026-07-20 07:23:58.686996523,piloto,F02,False,paletizada,True,True,manha,57,619,False,1.42,0.62,0.94,0.0,0.56,3.54
R02138,2026-07-20 18:22:44.564073452,piloto,F01,False,paletizada,True,True,tarde,24,348,False,0.88,0.53,0.55,0.0,0.58,2.54
R02139,2026-07-20 11:56:56.206452296,piloto,F06,False,batida,True,True,manha,18,287,False,0.46,2.34,0.42,0.0,0.63,3.85
R02140,2026-07-20 16:50:16.731629761,piloto,F07,True,batida,True,True,tarde,32,197,False,0.71,1.29,0.61,0.0,0.8,3.41
R02141,2026-07-20 12:36:45.808992835,piloto,F02,False,paletizada,True,True,manha,53,487,False,0.21,0.63,0.73,0.0,0.73,2.3
R02142,2026-07-20 17:43:19.907953942,piloto,F05,False,paletizada,True,True,tarde,31,347,False,0.6,0.56,0.42,0.0,0.33,1.91
R02143,2026-07-20 11:10:58.135431399,piloto,F03,True,batida,False,True,manha,49,361,True,1.28,1.83,0.7,1.21,1.31,6.33
R02144,2026-07-20 10:48:13.808963332,piloto,F09,False,paletizada,True,True,manha,14,99,False,0.34,0.56,0.46,0.0,0.75,2.11
R02145,2026-07-20 10:33:35.518690044,piloto,F03,True,mista,True,True,manha,32,137,False,0.07,0.9,0.36,0.0,0.75,2.08
R02146,2026-07-20 13:19:06.877504963,piloto,F08,False,paletizada,True,True,manha,34,482,True,0.28,0.47,0.81,0.99,0.62,3.17
R02147,2026-07-20 10:15:16.023163046,piloto,F03,True,batida,True,True,manha,22,160,True,1.08,1.78,0.35,0.19,0.4,3.8
R02148,2026-07-20 08:37:15.663922168,piloto,F01,False,paletizada,True,True,manha,22,291,False,0.11,0.47,0.53,0.0,0.56,1.67
R02149,2026-07-20 17:41:43.318764693,piloto,F03,True,paletizada,False,True,tarde,55,389,False,2.89,0.56,0.63,0.0,0.79,4.87
R02150,2026-07-20 17:11:10.188542130,piloto,F07,True,batida,True,True,tarde,31,172,False,0.41,2.04,0.63,0.0,0.67,3.75
R02151,2026-07-20 10:58:22.159695597,piloto,F01,False,batida,True,True,manha,55,270,False,0.13,1.12,0.68,0.0,1.67,3.6
R02152,2026-07-20 15:51:41.356383404,piloto,F04,False,paletizada,True,True,tarde,21,114,False,0.41,0.44,0.48,0.0,0.55,1.88
R02153,2026-07-20 06:00:00.000000000,piloto,F02,False,batida,True,True,manha,41,554,False,0.5,2.11,0.67,0.0,1.46,4.74
R02154,2026-07-20 13:43:17.714144449,piloto,F04,False,mista,True,True,manha,39,446,False,0.34,0.88,0.64,0.0,0.38,2.24
R02155,2026-07-20 19:15:01.560120152,piloto,F09,False,mista,False,True,tarde,32,316,False,1.54,0.7,0.62,0.0,1.0,3.86
R02156,2026-07-20 19:14:19.918356576,piloto,F02,False,paletizada,True,True,tarde,57,720,False,0.56,0.89,0.8,0.0,1.32,3.57
R02157,2026-07-20 15:27:59.239127401,piloto,F04,False,batida,True,True,tarde,3,37,False,0.25,2.19,0.26,0.0,1.59,4.29
R02158,2026-07-20 16:36:31.458426015,piloto,F02,False,batida,False,True,tarde,24,318,False,4.41,1.36,0.62,0.0,0.93,7.32
R02159,2026-07-20 13:51:31.782198510,piloto,F06,False,paletizada,True,True,manha,39,359,False,0.09,0.51,0.59,0.0,0.58,1.77
R02160,2026-07-20 17:49:33.049320794,piloto,F06,False,paletizada,True,True,tarde,41,629,False,1.06,0.63,0.65,0.0,0.62,2.96
R02161,2026-07-20 11:55:03.133937190,piloto,F09,False,batida,True,False,manha,51,778,False,0.76,2.03,1.69,0.0,0.34,4.82
R02162,2026-07-21 15:45:00.295862011,piloto,F03,True,mista,True,True,tarde,53,873,True,0.31,1.32,0.47,0.27,0.72,3.09
R02163,2026-07-21 13:04:32.509339345,piloto,F05,False,batida,False,True,manha,26,240,False,2.05,4.01,0.36,0.0,1.23,7.65
R02164,2026-07-21 13:40:36.800959828,piloto,F11,False,paletizada,True,True,manha,33,421,False,0.98,0.51,0.61,0.0,0.85,2.95
R02165,2026-07-21 11:34:27.913863619,piloto,F08,False,paletizada,True,True,manha,23,307,False,0.63,0.59,0.38,0.0,0.62,2.22
R02166,2026-07-21 10:33:36.203298969,piloto,F02,False,mista,False,True,manha,9,76,False,4.26,1.38,0.5,0.0,0.46,6.6
R02167,2026-07-21 15:40:59.674582506,piloto,F06,False,paletizada,True,True,tarde,28,334,False,0.58,0.51,0.48,0.0,1.02,2.59
R02168,2026-07-21 17:26:40.211950423,piloto,F01,False,batida,True,True,tarde,45,565,False,0.36,2.31,0.66,0.0,0.41,3.74
R02169,2026-07-21 13:55:31.066981096,piloto,F01,False,batida,True,True,manha,9,134,False,0.17,1.1,0.37,0.0,0.51,2.15
R02170,2026-07-21 10:11:52.402364678,piloto,F06,False,batida,True,True,manha,3,15,False,0.53,1.19,0.24,0.0,0.42,2.38
R02171,2026-07-21 08:17:08.935394478,piloto,F01,False,paletizada,False,True,manha,39,601,False,3.48,0.58,0.61,0.0,0.57,5.24
R02172,2026-07-21 15:26:38.439923190,piloto,F02,False,batida,True,True,tarde,26,330,False,0.25,1.83,0.66,0.0,0.59,3.33
R02173,2026-07-21 15:24:46.163104110,piloto,F01,False,batida,True,True,tarde,52,338,False,0.91,1.4,0.97,0.0,0.38,3.66
R02174,2026-07-21 17:26:30.534958215,piloto,F11,False,batida,True,False,tarde,46,739,False,0.26,2.34,2.05,0.0,0.07,4.72
R02175,2026-07-21 12:24:06.015593876,piloto,F11,False,paletizada,True,True,manha,49,464,False,0.34,0.6,1.0,0.0,1.87,3.81
R02176,2026-07-21 11:33:50.548413628,piloto,F10,False,batida,True,True,manha,37,606,False,1.24,1.17,0.81,0.0,1.56,4.78
R02177,2026-07-21 11:23:26.165174845,piloto,F01,False,mista,True,True,manha,22,235,False,2.01,1.16,0.33,0.0,1.14,4.64
R02178,2026-07-21 16:37:14.234659482,piloto,F04,False,batida,True,True,tarde,5,34,False,0.25,2.42,0.29,0.0,0.57,3.53
R02179,2026-07-21 19:14:58.691657792,piloto,F06,False,batida,True,True,tarde,53,692,False,0.52,2.52,0.67,0.0,0.56,4.27
R02180,2026-07-21 10:37:58.163050077,piloto,F04,False,paletizada,True,True,manha,12,204,False,0.4,0.59,0.36,0.0,0.5,1.85
R02181,2026-07-21 11:57:03.521698311,piloto,F03,True,batida,True,True,manha,46,311,False,1.15,1.76,0.76,0.0,0.67,4.34
R02182,2026-07-21 12:21:51.611561283,piloto,F01,False,mista,True,False,manha,58,573,False,0.29,1.1,1.87,0.0,0.75,4.01
R02183,2026-07-21 15:36:31.945148416,piloto,F02,False,paletizada,True,True,tarde,37,190,False,0.46,0.5,0.7,0.0,0.89,2.55
R02184,2026-07-21 10:57:28.665506858,piloto,F09,False,paletizada,True,True,manha,38,312,False,0.69,0.57,0.79,0.0,0.41,2.46
R02185,2026-07-21 16:15:43.951251780,piloto,F02,False,paletizada,True,True,tarde,42,550,False,0.42,0.77,0.78,0.0,1.21,3.18
R02186,2026-07-21 15:01:44.965455034,piloto,F04,False,paletizada,True,True,tarde,24,355,False,0.44,0.83,0.65,0.0,0.98,2.9
R02187,2026-07-21 14:05:56.338827360,piloto,F01,False,mista,True,False,tarde,15,245,True,0.5,1.34,0.62,0.3,0.31,3.07
R02188,2026-07-21 16:24:15.858224269,piloto,F05,False,batida,True,True,tarde,59,694,False,0.48,2.03,0.69,0.0,0.6,3.8
R02189,2026-07-22 11:53:53.269954828,piloto,F07,True,paletizada,True,True,manha,50,405,False,0.69,0.56,0.79,0.0,0.74,2.78
R02190,2026-07-22 11:55:48.211080200,piloto,F04,False,mista,True,True,manha,50,551,False,0.41,1.22,0.94,0.0,0.81,3.38
R02191,2026-07-22 10:07:17.888183198,piloto,F01,False,paletizada,False,False,manha,9,36,False,1.06,0.47,0.63,0.0,0.66,2.82
R02192,2026-07-22 12:38:25.972094626,piloto,F02,False,paletizada,True,True,manha,45,367,False,0.33,0.51,0.95,0.0,1.13,2.92
R02193,2026-07-22 10:48:47.430193179,piloto,F03,True,batida,True,True,manha,13,136,False,0.31,1.61,0.39,0.0,0.42,2.73
R02194,2026-07-22 18:54:25.853400007,piloto,F01,False,paletizada,True,True,tarde,36,257,False,0.21,0.74,0.56,0.0,0.3,1.81
R02195,2026-07-22 08:04:11.875246197,piloto,F03,True,batida,True,True,manha,56,848,False,0.15,1.97,0.66,0.0,0.65,3.43
R02196,2026-07-22 16:04:30.539022157,piloto,F04,False,mista,True,True,tarde,40,431,False,1.12,1.13,0.56,0.0,1.53,4.34
R02197,2026-07-22 10:48:48.120425208,piloto,F06,False,paletizada,True,False,manha,21,286,False,0.42,0.45,1.0,0.0,1.44,3.31
R02198,2026-07-22 11:38:45.326642172,piloto,F01,False,batida,True,True,manha,51,499,False,0.06,1.52,0.9,0.0,1.16,3.64
R02199,2026-07-22 13:57:22.910142085,piloto,F01,False,paletizada,True,False,manha,38,423,False,0.45,0.74,1.1,0.0,1.03,3.32
R02200,2026-07-22 06:07:03.937242446,piloto,F02,False,mista,False,True,manha,55,917,False,2.89,1.62,0.7,0.0,0.84,6.05
R02201,2026-07-22 10:59:49.882826569,piloto,F02,False,paletizada,True,True,manha,35,405,False,0.33,0.5,0.87,0.0,0.13,1.83
R02202,2026-07-22 14:49:24.075768446,piloto,F02,False,mista,True,True,tarde,36,537,False,0.31,0.79,0.62,0.0,0.67,2.39
R02203,2026-07-22 08:07:00.865059319,piloto,F03,True,batida,True,True,manha,59,830,True,0.53,1.85,0.98,0.19,0.3,3.85
R02204,2026-07-22 08:04:38.222459072,piloto,F02,False,batida,True,False,manha,49,778,False,0.71,3.51,1.45,0.0,0.32,5.99
R02205,2026-07-22 06:00:00.000000000,piloto,F04,False,paletizada,True,True,manha,8,33,False,0.1,0.47,0.27,0.0,0.97,1.81
R02206,2026-07-22 10:57:30.540570739,piloto,F01,False,paletizada,True,True,manha,55,968,False,0.66,0.89,0.73,0.0,1.49,3.77
R02207,2026-07-22 07:44:31.571348888,piloto,F04,False,paletizada,True,True,manha,13,208,False,0.9,0.47,0.28,0.0,1.0,2.65
R02208,2026-07-22 11:27:09.600818205,piloto,F09,False,paletizada,True,True,manha,36,340,False,0.07,0.57,0.54,0.0,0.52,1.7
R02209,2026-07-22 10:33:17.563176172,piloto,F05,False,batida,False,True,manha,34,197,True,3.7,1.83,0.5,1.31,1.42,8.76
R02210,2026-07-22 13:42:58.248824691,piloto,F05,False,mista,True,False,manha,17,227,False,0.35,1.27,0.73,0.0,1.16,3.51
R02211,2026-07-23 16:08:02.019464250,piloto,F05,False,paletizada,True,True,tarde,44,611,False,0.35,0.54,0.96,0.0,1.0,2.85
R02212,2026-07-23 12:16:26.661190079,piloto,F02,False,mista,True,True,manha,35,187,False,0.31,1.32,0.47,0.0,0.51,2.61
R02213,2026-07-23 10:58:37.306521274,piloto,F07,True,paletizada,True,True,manha,24,203,False,0.39,0.34,0.44,0.0,0.25,1.42
R02214,2026-07-23 12:57:13.490255833,piloto,F05,False,batida,True,True,manha,33,568,False,0.24,2.3,0.61,0.0,1.25,4.4
R02215,2026-07-23 10:48:29.726466562,piloto,F02,False,paletizada,True,True,manha,49,542,False,0.64,0.63,0.7,0.0,1.06,3.03
R02216,2026-07-23 17:41:25.668855636,piloto,F02,False,batida,True,True,tarde,36,308,False,0.43,2.47,0.56,0.0,2.19,5.65
R02217,2026-07-23 14:37:47.801712774,piloto,F02,False,paletizada,True,True,tarde,31,336,False,0.08,0.64,0.52,0.0,0.85,2.09
R02218,2026-07-23 15:50:48.538266662,piloto,F06,False,batida,True,True,tarde,42,271,False,0.01,1.97,0.55,0.0,0.2,2.73
R02219,2026-07-23 12:13:39.172192928,piloto,F03,True,paletizada,True,True,manha,13,143,False,0.82,0.46,0.52,0.0,0.5,2.3
R02220,2026-07-23 10:07:59.215293800,piloto,F03,True,mista,True,True,manha,3,43,False,0.11,0.97,0.36,0.0,0.34,1.78
R02221,2026-07-23 14:43:42.208180752,piloto,F04,False,paletizada,True,True,tarde,8,95,False,0.49,0.49,0.34,0.0,1.21,2.53
R02222,2026-07-23 10:56:58.013615634,piloto,F01,False,mista,True,False,manha,32,371,False,0.37,1.14,1.48,0.0,2.59,5.58
R02223,2026-07-23 13:49:20.023926798,piloto,F02,False,paletizada,True,True,manha,21,357,False,0.45,0.67,0.38,0.0,1.74,3.24
R02224,2026-07-23 10:21:30.678520899,piloto,F02,False,paletizada,True,True,manha,19,329,False,0.43,0.71,0.85,0.0,0.72,2.71
R02225,2026-07-23 09:35:29.947680769,piloto,F01,False,paletizada,True,True,manha,47,299,False,0.69,0.48,0.68,0.0,0.79,2.64
R02226,2026-07-23 15:34:21.183363040,piloto,F01,False,paletizada,True,False,tarde,56,809,False,0.15,0.98,2.13,0.0,2.07,5.33
R02227,2026-07-23 12:30:03.539441779,piloto,F01,False,batida,True,True,manha,24,280,False,0.57,1.5,0.45,0.0,0.44,2.96
R02228,2026-07-23 11:58:02.143731190,piloto,F02,False,batida,True,True,manha,49,234,False,0.87,2.29,0.82,0.0,0.27,4.25
R02229,2026-07-23 16:21:02.160350330,piloto,F08,False,paletizada,True,True,tarde,19,320,False,0.42,0.49,0.55,0.0,0.13,1.59
R02230,2026-07-23 06:09:52.922715098,piloto,F01,False,paletizada,True,True,manha,56,345,False,0.25,0.82,1.06,0.0,0.95,3.08
R02231,2026-07-23 16:26:22.666804555,piloto,F03,True,paletizada,True,True,tarde,58,1043,False,0.38,0.96,0.74,0.0,0.5,2.58
R02232,2026-07-23 12:59:52.007129692,piloto,F03,True,batida,True,True,manha,43,746,False,0.2,2.61,0.67,0.0,0.94,4.42
R02233,2026-07-23 08:47:18.849100956,piloto,F03,True,batida,True,True,manha,16,77,False,0.11,3.05,0.4,0.0,0.41,3.97
R02234,2026-07-23 08:45:06.817538044,piloto,F01,False,paletizada,False,True,manha,13,192,False,1.3,0.64,0.54,0.0,0.23,2.71
R02235,2026-07-24 08:53:28.057563240,piloto,F03,True,paletizada,True,True,manha,36,603,False,0.3,0.8,0.43,0.0,0.37,1.9
R02236,2026-07-24 12:51:11.746272463,piloto,F09,False,paletizada,True,True,manha,53,705,False,0.19,0.68,1.03,0.0,1.28,3.18
R02237,2026-07-24 12:33:34.902169048,piloto,F05,False,paletizada,True,True,manha,38,232,False,1.22,0.68,0.69,0.0,1.18,3.77
R02238,2026-07-24 14:42:57.950376649,piloto,F06,False,paletizada,False,True,tarde,24,167,False,2.4,0.56,0.44,0.0,1.18,4.58
R02239,2026-07-24 11:47:56.285509873,piloto,F01,False,paletizada,True,True,manha,47,502,False,0.97,0.64,0.67,0.0,0.81,3.09
R02240,2026-07-24 08:12:12.226170434,piloto,F04,False,paletizada,True,True,manha,22,369,False,0.45,0.59,0.6,0.0,1.09,2.73
R02241,2026-07-24 12:23:13.022675624,piloto,F07,True,paletizada,True,True,manha,21,343,False,0.38,0.54,0.54,0.0,1.09,2.55
R02242,2026-07-24 14:07:49.594105844,piloto,F02,False,batida,True,False,tarde,31,401,False,0.26,2.67,1.02,0.0,0.41,4.36
R02243,2026-07-24 09:06:05.096916165,piloto,F01,False,paletizada,True,True,manha,27,353,False,0.35,0.58,0.44,0.0,1.33,2.7
R02244,2026-07-24 13:01:10.781568109,piloto,F02,False,paletizada,True,True,manha,34,194,False,0.58,0.63,0.67,0.0,0.6,2.48
R02245,2026-07-24 14:11:14.089579922,piloto,F03,True,batida,True,True,tarde,37,425,False,0.21,2.48,0.62,0.0,0.85,4.16
R02246,2026-07-24 10:55:23.567177420,piloto,F03,True,batida,True,True,manha,50,437,False,0.62,1.77,0.79,0.0,0.35,3.53
R02247,2026-07-24 08:35:51.128614363,piloto,F05,False,paletizada,True,True,manha,57,812,False,0.12,0.84,0.81,0.0,0.48,2.25
R02248,2026-07-24 14:39:07.820480894,piloto,F03,True,batida,True,True,tarde,44,545,False,0.6,2.03,0.65,0.0,0.77,4.05
R02249,2026-07-24 19:32:28.121559359,piloto,F09,False,batida,True,True,tarde,41,679,False,0.05,3.13,0.93,0.0,0.42,4.53
R02250,2026-07-24 18:54:19.108565514,piloto,F05,False,paletizada,True,True,tarde,54,317,False,0.05,0.51,0.92,0.0,0.74,2.22
R02251,2026-07-24 11:15:24.775665397,piloto,F01,False,mista,True,True,manha,14,236,False,0.54,0.98,0.36,0.0,0.5,2.38
R02252,2026-07-24 10:40:00.294788326,piloto,F04,False,paletizada,True,True,manha,58,424,False,0.17,0.61,0.97,0.0,1.03,2.78
R02253,2026-07-24 09:01:29.561002564,piloto,F02,False,mista,True,True,manha,22,137,False,0.76,0.7,0.52,0.0,0.93,2.91
R02254,2026-07-24 13:28:54.065749918,piloto,F01,False,paletizada,True,False,manha,19,95,False,0.25,0.41,0.6,0.0,0.41,1.67
R02255,2026-07-24 11:52:37.422074859,piloto,F01,False,paletizada,True,True,manha,41,216,True,0.76,0.52,0.63,0.93,0.68,3.52
R02256,2026-07-24 11:36:00.931929170,piloto,F04,False,mista,True,True,manha,27,393,False,0.69,0.76,0.57,0.0,0.25,2.27
R02257,2026-07-24 15:50:24.368609198,piloto,F03,True,mista,True,True,tarde,41,198,False,0.33,1.24,0.78,0.0,0.93,3.28
R02258,2026-07-24 12:20:29.498951011,piloto,F02,False,batida,True,True,manha,19,264,False,0.49,1.49,0.43,0.0,1.21,3.62
R02259,2026-07-24 19:00:17.220489555,piloto,F03,True,paletizada,True,True,tarde,11,89,True,0.8,0.66,0.41,0.24,0.45,2.56
R02260,2026-07-24 12:21:51.651894542,piloto,F02,False,batida,False,True,manha,55,515,False,3.89,2.45,0.62,0.0,0.35,7.31
R02261,2026-07-24 12:24:31.463719156,piloto,F08,False,batida,True,True,manha,50,489,False,0.13,2.04,0.94,0.0,0.37,3.48
R02262,2026-07-24 10:47:27.449661336,piloto,F01,False,paletizada,True,True,manha,35,234,False,0.95,0.54,0.85,0.0,0.91,3.25
R02263,2026-07-24 17:38:31.874913542,piloto,F01,False,batida,True,True,tarde,13,119,True,0.05,1.24,0.34,0.83,1.38,3.84
R02264,2026-07-25 16:55:06.935774404,piloto,F01,False,paletizada,True,True,tarde,14,128,False,0.27,0.56,0.38,0.0,0.06,1.27
R02265,2026-07-25 09:41:54.410544823,piloto,F10,False,batida,True,False,manha,11,172,False,0.93,1.14,0.74,0.0,0.97,3.78
R02266,2026-07-25 10:37:45.127723738,piloto,F01,False,mista,False,False,manha,40,592,False,0.57,1.11,1.29,0.0,0.29,3.26
R02267,2026-07-25 09:00:59.437845698,piloto,F06,False,mista,True,True,manha,40,289,False,0.44,0.78,0.64,0.0,0.63,2.49
R02268,2026-07-25 12:28:05.598810202,piloto,F07,True,paletizada,True,True,manha,50,361,False,0.25,0.49,0.75,0.0,1.03,2.52
R02269,2026-07-25 06:28:45.038739979,piloto,F01,False,paletizada,True,True,manha,42,693,False,1.19,0.8,0.7,0.0,0.41,3.1
R02270,2026-07-25 12:28:05.193042675,piloto,F02,False,batida,True,True,manha,47,395,False,0.36,1.68,0.96,0.0,1.19,4.19
R02271,2026-07-25 10:40:37.578836154,piloto,F02,False,paletizada,True,True,manha,24,115,False,0.16,0.46,0.45,0.0,1.29,2.36
R02272,2026-07-25 13:56:00.176770345,piloto,F02,False,batida,True,True,manha,26,286,False,0.1,1.05,0.32,0.0,0.26,1.73
R02273,2026-07-25 12:40:16.485972596,piloto,F05,False,paletizada,False,True,manha,7,108,False,1.28,0.32,0.35,0.0,0.72,2.67
R02274,2026-07-25 19:52:31.970684611,piloto,F03,True,batida,True,True,tarde,8,72,True,0.59,2.43,0.47,3.45,0.35,7.29
R02275,2026-07-25 15:03:46.180077091,piloto,F03,True,batida,True,True,tarde,13,132,True,0.29,2.15,0.55,0.8,0.69,4.48
R02276,2026-07-25 13:48:55.110884335,piloto,F01,False,paletizada,True,True,manha,15,236,False,0.07,0.46,0.41,0.0,0.78,1.72
R02277,2026-07-27 11:29:21.744695598,controle,F01,False,paletizada,True,True,manha,9,128,False,0.46,0.5,0.35,0.0,1.63,2.94
R02278,2026-07-27 14:11:58.938186548,controle,F06,False,paletizada,True,True,tarde,30,497,False,0.28,0.52,0.61,0.0,1.42,2.83
R02279,2026-07-27 08:47:33.410995497,controle,F03,True,batida,True,False,manha,53,467,False,0.45,2.16,1.18,0.0,0.72,4.51
R02280,2026-07-27 15:53:17.426524606,controle,F04,False,mista,True,True,tarde,51,317,False,0.67,1.06,0.7,0.0,0.82,3.25
R02281,2026-07-27 14:19:37.023095395,controle,F04,False,paletizada,True,True,tarde,22,307,False,0.59,0.61,0.48,0.0,0.87,2.55
R02282,2026-07-27 12:18:11.639130091,controle,F07,True,batida,True,True,manha,47,373,False,0.4,1.57,0.87,0.0,0.38,3.22
R02283,2026-07-27 12:30:08.899060885,controle,F08,False,paletizada,True,True,manha,10,55,False,1.47,0.35,0.34,0.0,0.58,2.74
R02284,2026-07-27 17:07:32.687950710,controle,F05,False,paletizada,True,True,tarde,20,123,False,0.48,0.29,0.37,0.0,0.36,1.5
R02285,2026-07-27 13:06:59.617433538,controle,F02,False,batida,True,False,manha,18,280,False,1.42,1.59,0.88,0.0,0.4,4.29
R02286,2026-07-27 11:12:24.515933497,controle,F01,False,batida,False,False,manha,45,755,False,1.76,1.73,1.19,0.0,1.41,6.09
R02287,2026-07-27 16:22:58.566213015,controle,F01,False,paletizada,True,True,tarde,9,75,False,0.38,0.4,0.3,0.0,0.56,1.64
R02288,2026-07-27 08:57:28.282041781,controle,F01,False,paletizada,True,False,manha,57,992,False,0.19,0.8,1.78,0.0,0.32,3.09
R02289,2026-07-27 09:54:32.983622928,controle,F03,True,batida,True,True,manha,35,559,False,0.4,2.21,0.98,0.0,0.32,3.91
R02290,2026-07-27 15:47:25.652320227,controle,F01,False,paletizada,True,True,tarde,56,753,False,0.89,0.78,1.26,0.0,0.79,3.72
R02291,2026-07-27 10:28:54.961883295,controle,F01,False,paletizada,True,True,manha,46,612,False,0.55,0.8,0.54,0.0,0.33,2.22
R02292,2026-07-27 08:13:18.047703435,controle,F02,False,batida,False,True,manha,4,43,False,3.26,2.31,0.48,0.0,0.41,6.46
R02293,2026-07-27 08:08:44.302093508,controle,F12,False,paletizada,True,True,manha,38,257,False,0.13,0.49,0.46,0.0,1.37,2.45
R02294,2026-07-27 12:58:16.847226300,controle,F11,False,paletizada,True,True,manha,33,334,False,0.41,0.68,0.53,0.0,0.88,2.5
R02295,2026-07-27 12:26:44.525252475,controle,F08,False,paletizada,True,True,manha,55,493,False,0.24,0.72,0.71,0.0,0.27,1.94
R02296,2026-07-27 09:35:25.753833679,controle,F03,True,batida,True,True,manha,15,200,False,0.88,1.31,0.52,0.0,0.27,2.98
R02297,2026-07-27 13:50:07.081125500,controle,F03,True,batida,True,False,manha,58,526,False,0.19,2.84,1.51,0.0,1.02,5.56
R02298,2026-07-27 08:32:29.745114795,controle,F02,False,mista,True,True,manha,15,245,False,0.34,0.83,0.49,0.0,1.26,2.92
R02299,2026-07-27 06:46:17.404481337,controle,F03,True,paletizada,True,True,manha,50,588,False,0.54,0.69,0.68,0.0,1.25,3.16
R02300,2026-07-27 13:01:02.539399871,controle,F02,False,batida,True,True,manha,44,290,False,0.21,2.72,0.67,0.0,1.0,4.6
R02301,2026-07-27 06:00:00.000000000,controle,F07,True,mista,True,True,manha,24,137,False,0.05,0.87,0.43,0.0,0.7,2.05
R02302,2026-07-27 11:30:39.341802110,controle,F02,False,paletizada,True,True,manha,40,338,False,0.77,0.69,0.63,0.0,0.94,3.03
R02303,2026-07-27 14:38:03.880320183,controle,F02,False,paletizada,True,False,tarde,4,27,False,0.81,0.36,0.51,0.0,1.38,3.06
R02304,2026-07-27 07:51:51.812464402,controle,F03,True,batida,True,True,manha,20,315,False,0.4,1.73,0.71,0.0,0.49,3.33
R02305,2026-07-27 06:00:00.000000000,controle,F01,False,mista,True,True,manha,42,589,True,0.46,1.51,0.93,0.79,0.68,4.37
R02306,2026-07-27 13:48:37.445661176,controle,F07,True,paletizada,True,True,manha,43,440,False,0.42,0.59,0.86,0.0,0.94,2.81
R02307,2026-07-27 14:25:31.932865106,controle,F03,True,paletizada,True,False,tarde,42,303,True,0.23,0.68,2.23,0.19,2.04,5.37
R02308,2026-07-27 19:12:02.403968331,controle,F04,False,batida,True,True,tarde,42,394,False,1.28,2.85,0.65,0.0,0.82,5.6
R02309,2026-07-27 11:47:54.873737163,controle,F07,True,paletizada,True,True,manha,41,338,False,0.46,0.65,0.57,0.0,0.9,2.58
R02310,2026-07-27 12:22:39.501935446,controle,F05,False,paletizada,True,True,manha,8,45,False,0.26,0.49,0.28,0.0,1.46,2.49
R02311,2026-07-27 09:15:38.762945308,controle,F02,False,paletizada,True,True,manha,23,340,False,0.38,0.51,0.35,0.0,0.28,1.52
R02312,2026-07-27 15:59:50.573297684,controle,F03,True,mista,True,True,tarde,6,101,True,0.08,0.82,0.29,2.86,1.35,5.4
R02313,2026-07-28 20:02:35.861562380,controle,F07,True,paletizada,True,True,tarde,39,665,False,0.31,0.62,0.58,0.0,1.57,3.08
R02314,2026-07-28 06:34:06.433527633,controle,F11,False,mista,True,True,manha,55,278,False,1.12,0.73,0.68,0.0,0.48,3.01
R02315,2026-07-28 12:00:27.882806817,controle,F03,True,batida,True,True,manha,55,740,False,0.49,1.8,0.69,0.0,2.2,5.18
R02316,2026-07-28 10:00:52.847488753,controle,F02,False,paletizada,False,True,manha,16,120,False,2.84,0.46,0.48,0.0,1.23,5.01
R02317,2026-07-28 09:25:05.280938752,controle,F11,False,paletizada,True,True,manha,30,338,True,0.33,0.52,0.54,1.1,0.61,3.1
R02318,2026-07-28 11:41:24.786510871,controle,F06,False,batida,True,True,manha,12,85,False,0.64,1.72,0.47,0.0,0.53,3.36
R02319,2026-07-28 11:26:09.406861800,controle,F08,False,mista,True,True,manha,9,95,False,0.19,0.78,0.23,0.0,0.55,1.75
R02320,2026-07-28 17:10:08.045918227,controle,F07,True,paletizada,True,True,tarde,18,196,True,0.38,0.41,0.48,0.86,0.42,2.55
R02321,2026-07-28 17:57:11.197834959,controle,F05,False,paletizada,False,True,tarde,10,71,False,4.72,0.49,0.34,0.0,0.62,6.17
R02322,2026-07-28 16:33:11.791763722,controle,F03,True,paletizada,True,True,tarde,4,26,False,0.05,0.51,0.29,0.0,0.71,1.56
R02323,2026-07-28 14:30:41.513887951,controle,F02,False,batida,True,True,tarde,5,51,False,0.39,2.35,0.34,0.0,0.49,3.57
R02324,2026-07-28 11:01:53.480580733,controle,F08,False,mista,True,True,manha,12,143,False,0.3,1.15,0.29,0.0,0.42,2.16
R02325,2026-07-28 10:49:16.807690315,controle,F10,False,batida,True,True,manha,16,284,False,0.16,1.88,0.39,0.0,0.34,2.77
R02326,2026-07-28 17:50:19.974012882,controle,F01,False,mista,True,True,tarde,25,225,False,0.2,0.56,0.48,0.0,0.84,2.08
R02327,2026-07-28 14:29:13.388911584,controle,F07,True,paletizada,True,False,tarde,23,127,False,0.05,0.44,1.08,0.0,1.89,3.46
R02328,2026-07-28 06:16:46.902300106,controle,F01,False,mista,True,True,manha,46,502,True,0.2,1.37,0.71,0.68,0.5,3.46
R02329,2026-07-28 10:48:59.481844236,controle,F11,False,paletizada,False,True,manha,22,192,False,7.13,0.36,0.46,0.0,0.19,8.14
R02330,2026-07-28 07:43:02.662037036,controle,F02,False,batida,True,True,manha,6,77,False,0.93,1.14,0.22,0.0,2.25,4.54
R02331,2026-07-28 12:53:40.384604047,controle,F04,False,batida,True,True,manha,6,104,False,0.15,1.88,0.29,0.0,0.85,3.17
R02332,2026-07-28 15:49:14.771946871,controle,F08,False,paletizada,True,True,tarde,53,799,False,0.3,0.74,0.75,0.0,0.9,2.69
R02333,2026-07-28 16:51:31.188683602,controle,F01,False,batida,True,True,tarde,47,415,True,1.61,1.71,0.78,1.44,0.26,5.8
R02334,2026-07-28 12:11:19.092547125,controle,F03,True,mista,True,True,manha,11,70,True,0.8,1.17,0.25,0.63,0.76,3.61
R02335,2026-07-28 12:34:22.688158580,controle,F03,True,paletizada,True,False,manha,46,551,True,0.33,0.68,1.53,0.25,0.49,3.28
R02336,2026-07-29 11:17:16.659993004,controle,F05,False,batida,True,True,manha,42,650,False,0.71,1.71,0.55,0.0,0.86,3.83
R02337,2026-07-29 14:07:09.270091804,controle,F01,False,paletizada,True,False,tarde,39,465,False,1.68,0.63,1.47,0.0,0.58,4.36
R02338,2026-07-29 13:41:13.444710864,controle,F01,False,batida,True,False,manha,50,602,False,0.3,2.17,1.4,0.0,0.78,4.65
R02339,2026-07-29 07:57:41.010913620,controle,F11,False,paletizada,False,True,manha,47,384,False,4.58,0.62,0.75,0.0,0.67,6.62
R02340,2026-07-29 16:01:05.555462732,controle,F01,False,mista,True,True,tarde,47,814,False,0.44,1.26,0.74,0.0,1.27,3.71
R02341,2026-07-29 11:58:13.570115286,controle,F03,True,paletizada,True,True,manha,8,39,False,0.47,0.4,0.34,0.0,0.76,1.97
R02342,2026-07-29 13:51:00.534252088,controle,F03,True,batida,False,True,manha,57,922,False,1.04,2.33,0.66,0.0,0.61,4.64
R02343,2026-07-29 09:45:30.857580309,controle,F09,False,mista,True,False,manha,45,793,True,0.27,1.47,0.98,2.18,1.17,6.07
R02344,2026-07-29 15:21:15.165364323,controle,F07,True,paletizada,False,True,tarde,26,396,False,3.42,0.88,0.57,0.0,1.26,6.13
R02345,2026-07-29 07:51:56.122757154,controle,F02,False,mista,True,True,manha,47,339,True,0.72,1.04,0.62,0.24,0.47,3.09
R02346,2026-07-29 16:03:38.494950494,controle,F02,False,batida,True,True,tarde,49,813,False,0.22,2.55,0.81,0.0,1.45,5.03
R02347,2026-07-29 17:44:56.262120072,controle,F07,True,paletizada,True,True,tarde,20,329,False,0.45,0.53,0.4,0.0,0.23,1.61
R02348,2026-07-29 12:51:51.010192404,controle,F10,False,batida,True,True,manha,13,122,True,1.37,1.67,0.35,0.17,0.93,4.49
R02349,2026-07-29 09:09:52.036595056,controle,F04,False,batida,True,False,manha,57,421,False,0.52,3.11,2.06,0.0,0.8,6.49
R02350,2026-07-29 17:27:05.656887561,controle,F03,True,batida,False,True,tarde,9,50,True,2.16,1.73,0.25,0.79,0.92,5.85
R02351,2026-07-29 11:50:53.900977747,controle,F01,False,mista,True,True,manha,11,139,False,0.32,1.47,0.32,0.0,0.31,2.42
R02352,2026-07-29 11:03:35.525356603,controle,F02,False,paletizada,True,True,manha,20,268,False,0.32,0.62,0.47,0.0,0.94,2.35
R02353,2026-07-29 20:24:52.090810981,controle,F01,False,batida,True,True,tarde,3,17,False,0.46,2.49,0.29,0.0,0.08,3.32
R02354,2026-07-29 10:00:18.781647202,controle,F04,False,paletizada,True,True,manha,8,133,False,0.15,0.37,0.29,0.0,0.69,1.5
R02355,2026-07-29 11:18:49.512315351,controle,F08,False,paletizada,True,True,manha,32,200,False,0.29,0.38,0.54,0.0,0.67,1.88
R02356,2026-07-29 12:37:49.234950692,controle,F09,False,paletizada,True,False,manha,52,474,False,0.43,0.88,1.11,0.0,0.87,3.29
R02357,2026-07-29 13:12:17.978359057,controle,F01,False,mista,True,True,manha,38,290,False,0.61,0.98,0.88,0.0,0.43,2.9
R02358,2026-07-29 09:14:11.686192069,controle,F03,True,batida,True,True,manha,3,14,False,0.08,1.62,0.23,0.0,0.42,2.35
R02359,2026-07-29 19:05:31.625503735,controle,F09,False,paletizada,True,True,tarde,14,225,False,0.32,0.5,0.43,0.0,0.89,2.14
R02360,2026-07-29 07:42:33.548600797,controle,F03,True,paletizada,True,True,manha,21,367,False,0.9,0.59,0.36,0.0,1.94,3.79
R02361,2026-07-29 10:48:30.622641843,controle,F06,False,paletizada,True,True,manha,32,310,False,0.68,0.42,0.5,0.0,0.91,2.51
R02362,2026-07-29 13:41:45.656330215,controle,F01,False,paletizada,True,True,manha,23,381,False,0.27,0.77,0.41,0.0,0.9,2.35
R02363,2026-07-29 13:53:43.972280210,controle,F02,False,mista,True,True,manha,6,105,False,0.34,0.93,0.26,0.0,0.53,2.06
R02364,2026-07-29 10:21:55.287978757,controle,F04,False,paletizada,True,True,manha,38,252,False,0.28,0.63,0.52,0.0,0.89,2.32
R02365,2026-07-29 09:36:41.073590862,controle,F01,False,paletizada,True,True,manha,3,42,False,0.34,0.66,0.31,0.0,0.79,2.1
R02366,2026-07-29 12:14:20.094568076,controle,F02,False,mista,True,True,manha,8,59,False,0.57,1.06,0.3,0.0,0.69,2.62
R02367,2026-07-30 16:46:36.591351326,controle,F01,False,paletizada,True,True,tarde,36,399,False,0.7,0.62,0.74,0.0,0.76,2.82
R02368,2026-07-30 09:17:54.363716498,controle,F04,False,batida,True,True,manha,39,247,True,0.18,2.05,0.56,0.21,1.34,4.34
R02369,2026-07-30 06:00:00.000000000,controle,F03,True,paletizada,True,True,manha,22,343,False,1.11,0.43,0.38,0.0,1.36,3.28
R02370,2026-07-30 15:35:56.982052752,controle,F01,False,paletizada,True,True,tarde,16,73,False,1.0,0.44,0.34,0.0,1.11,2.89
R02371,2026-07-30 14:37:39.726845040,controle,F06,False,paletizada,True,True,tarde,35,236,False,0.41,0.48,0.66,0.0,1.5,3.05
R02372,2026-07-30 17:05:46.064673985,controle,F05,False,mista,True,True,tarde,58,686,False,0.58,1.47,0.56,0.0,0.33,2.94
R02373,2026-07-30 10:27:20.473258356,controle,F01,False,paletizada,True,False,manha,3,42,False,0.18,0.37,0.37,0.0,0.71,1.63
R02374,2026-07-30 10:49:08.716888970,controle,F01,False,batida,True,True,manha,5,26,False,0.43,1.27,0.27,0.0,0.8,2.77
R02375,2026-07-30 11:48:47.344124109,controle,F04,False,mista,True,False,manha,33,540,False,0.42,1.35,1.21,0.0,0.97,3.95
R02376,2026-07-30 17:51:03.405067477,controle,F04,False,paletizada,True,True,tarde,37,290,False,0.93,0.71,0.68,0.0,1.05,3.37
R02377,2026-07-30 10:41:58.659326343,controle,F02,False,batida,True,True,manha,8,72,False,0.64,2.86,0.31,0.0,0.74,4.55
R02378,2026-07-30 13:07:44.780501694,controle,F09,False,mista,True,True,manha,7,65,False,0.78,0.86,0.27,0.0,0.39,2.3
R02379,2026-07-30 14:32:56.058334314,controle,F05,False,paletizada,True,True,tarde,53,606,False,0.99,0.72,0.91,0.0,0.82,3.44
R02380,2026-07-30 11:37:04.496993036,controle,F02,False,paletizada,True,True,manha,19,302,False,0.23,0.53,0.44,0.0,0.69,1.89
R02381,2026-07-30 15:33:56.470013308,controle,F09,False,paletizada,True,True,tarde,14,77,False,0.8,0.33,0.28,0.0,1.22,2.63
R02382,2026-07-30 16:18:58.928951185,controle,F02,False,paletizada,True,True,tarde,15,255,False,0.19,0.63,0.4,0.0,0.67,1.89
R02383,2026-07-30 06:40:20.141679734,controle,F06,False,mista,True,True,manha,52,901,True,0.11,2.12,0.65,1.08,0.23,4.19
R02384,2026-07-30 18:36:50.356430352,controle,F10,False,paletizada,True,True,tarde,42,749,False,0.32,0.87,0.52,0.0,0.57,2.28
R02385,2026-07-30 13:11:30.107130154,controle,F04,False,paletizada,True,True,manha,51,829,False,0.27,0.75,0.77,0.0,1.18,2.97
R02386,2026-07-30 13:54:01.894731490,controle,F02,False,batida,True,True,manha,30,483,False,0.77,2.4,0.64,0.0,1.1,4.91
R02387,2026-07-30 17:29:31.929205444,controle,F04,False,paletizada,True,True,tarde,39,584,True,0.66,0.71,0.45,1.48,0.33,3.63
R02388,2026-07-31 07:33:52.312001907,controle,F02,False,mista,True,True,manha,56,255,False,0.76,1.07,0.73,0.0,1.16,3.72
R02389,2026-07-31 09:41:36.206990005,controle,F07,True,mista,True,True,manha,43,234,True,0.67,0.69,0.77,0.56,0.56,3.25
R02390,2026-07-31 12:13:45.058705773,controle,F08,False,paletizada,True,True,manha,57,541,False,0.6,0.68,0.72,0.0,0.72,2.72
R02391,2026-07-31 11:34:23.952727308,controle,F11,False,paletizada,True,True,manha,25,274,False,0.26,0.45,0.48,0.0,1.08,2.27
R02392,2026-07-31 06:00:00.000000000,controle,F01,False,paletizada,True,True,manha,34,591,False,0.33,0.62,0.61,0.0,0.55,2.11
R02393,2026-07-31 11:30:13.557744223,controle,F03,True,mista,True,True,manha,57,769,True,0.27,1.72,0.94,1.52,0.38,4.83
R02394,2026-07-31 12:11:26.034160862,controle,F06,False,batida,True,True,manha,23,108,False,0.29,2.24,0.58,0.0,0.43,3.54
R02395,2026-07-31 13:05:37.640986425,controle,F02,False,paletizada,True,True,manha,57,550,False,0.42,0.71,0.62,0.0,1.0,2.75
R02396,2026-07-31 07:46:37.917900580,controle,F05,False,paletizada,False,False,manha,29,442,False,6.51,0.62,1.3,0.0,1.13,9.56
R02397,2026-07-31 13:34:12.183405434,controle,F04,False,paletizada,True,True,manha,5,58,False,0.41,0.33,0.32,0.0,0.86,1.92
R02398,2026-07-31 08:54:09.746921102,controle,F03,True,paletizada,True,True,manha,13,104,False,0.78,0.42,0.42,0.0,1.61,3.23
R02399,2026-07-31 12:51:03.399312826,controle,F05,False,mista,True,True,manha,33,264,False,0.34,1.13,0.66,0.0,1.67,3.8
R02400,2026-07-31 12:52:15.428584264,controle,F02,False,paletizada,True,True,manha,25,416,False,0.25,0.66,0.42,0.0,0.29,1.62
R02401,2026-07-31 06:18:01.585735707,controle,F05,False,paletizada,True,True,manha,49,833,False,0.39,0.66,0.73,0.0,0.69,2.47
R02402,2026-07-31 09:10:05.873818465,controle,F07,True,paletizada,True,True,manha,21,141,False,0.36,0.42,0.67,0.0,1.16,2.61
R02403,2026-07-31 09:34:39.721044896,controle,F02,False,mista,True,True,manha,34,383,False,0.77,0.99,0.9,0.0,0.84,3.5
R02404,2026-07-31 06:11:34.476596995,controle,F06,False,batida,False,True,manha,8,130,False,1.09,2.07,0.2,0.0,0.71,4.07
R02405,2026-07-31 16:12:45.139188477,controle,F09,False,paletizada,False,True,tarde,26,374,False,2.17,0.5,0.3,0.0,1.15,4.12
R02406,2026-07-31 09:34:21.857182158,controle,F07,True,batida,True,True,manha,51,741,False,0.01,2.09,1.06,0.0,0.57,3.73
R02407,2026-07-31 13:17:26.583336502,controle,F08,False,batida,True,True,manha,23,116,False,0.09,1.2,0.41,0.0,1.64,3.34
R02408,2026-07-31 10:43:03.663459624,controle,F01,False,batida,True,True,manha,33,521,False,1.35,1.6,0.53,0.0,0.78,4.26
R02409,2026-07-31 08:14:51.764376206,controle,F01,False,paletizada,True,True,manha,15,162,False,0.3,0.49,0.46,0.0,0.78,2.03
R02410,2026-07-31 14:53:07.062630007,controle,F02,False,paletizada,True,True,tarde,31,249,False,0.09,0.55,0.61,0.0,0.54,1.79
R02411,2026-07-31 13:05:45.099367292,controle,F01,False,mista,True,True,manha,36,368,False,0.27,1.1,0.48,0.0,0.35,2.2
R02412,2026-07-31 08:36:36.153921258,controle,F10,False,mista,True,True,manha,47,400,False,0.56,1.03,0.81,0.0,1.54,3.94
R02413,2026-07-31 11:24:01.994509458,controle,F08,False,mista,True,True,manha,14,68,False,0.22,0.65,0.41,0.0,0.77,2.05
R02414,2026-07-31 14:22:44.550204506,controle,F03,True,paletizada,True,True,tarde,9,51,False,0.08,0.36,0.23,0.0,0.83,1.5
R02415,2026-07-31 08:52:57.787847713,controle,F02,False,batida,True,True,manha,16,115,False,0.21,1.71,0.36,0.0,0.54,2.82
R02416,2026-07-31 14:39:54.263085706,controle,F11,False,paletizada,True,True,tarde,24,349,False,0.21,0.54,0.53,0.0,1.37,2.65
R02417,2026-08-01 16:35:49.394845197,controle,F01,False,paletizada,True,True,tarde,47,654,False,0.16,0.72,0.59,0.0,0.48,1.95
R02418,2026-08-01 11:44:54.856477676,controle,F04,False,batida,True,True,manha,5,75,False,0.11,2.4,0.26,0.0,0.72,3.49
R02419,2026-08-01 15:50:36.724243358,controle,F06,False,mista,True,True,tarde,50,657,False,0.18,1.51,0.87,0.0,0.78,3.34
R02420,2026-08-01 15:54:08.584470835,controle,F07,True,paletizada,True,True,tarde,24,424,False,0.16,0.88,0.43,0.0,1.19,2.66
R02421,2026-08-01 13:48:40.461886663,controle,F03,True,paletizada,True,True,manha,39,372,True,0.83,0.58,0.74,1.75,2.42,6.32
R02422,2026-08-01 10:48:01.984967827,controle,F01,False,paletizada,True,False,manha,44,305,False,0.34,0.53,1.25,0.0,0.67,2.79
R02423,2026-08-01 11:48:40.231304665,controle,F09,False,paletizada,True,True,manha,29,251,False,0.73,0.42,0.5,0.0,1.43,3.08
R02424,2026-08-03 11:48:43.552441116,controle,F03,True,mista,True,True,manha,18,214,True,0.31,1.07,0.28,0.3,0.62,2.58
R02425,2026-08-03 13:32:14.706870846,controle,F07,True,paletizada,True,True,manha,24,383,False,0.48,0.54,0.43,0.0,0.97,2.42
R02426,2026-08-03 11:09:33.977643840,controle,F05,False,batida,True,False,manha,29,279,False,0.58,1.68,1.15,0.0,1.69,5.1
R02427,2026-08-03 10:48:36.124235424,controle,F05,False,paletizada,True,True,manha,50,682,False,0.18,0.73,0.57,0.0,0.77,2.25
R02428,2026-08-03 10:54:44.299608224,controle,F06,False,paletizada,True,True,manha,51,605,False,0.97,0.74,0.62,0.0,0.54,2.87
R02429,2026-08-03 10:00:46.503264553,controle,F08,False,paletizada,True,True,manha,36,413,False,0.65,0.6,0.8,0.0,0.27,2.32
R02430,2026-08-03 11:25:55.209717458,controle,F01,False,paletizada,True,True,manha,36,317,False,0.16,0.38,0.76,0.0,1.08,2.38
R02431,2026-08-03 08:13:38.721506199,controle,F01,False,paletizada,True,True,manha,9,81,False,0.22,0.34,0.43,0.0,1.05,2.04
R02432,2026-08-03 13:37:14.451977380,controle,F04,False,paletizada,True,True,manha,38,682,False,0.98,0.75,0.51,0.0,1.13,3.37
R02433,2026-08-03 06:00:00.000000000,controle,F04,False,batida,True,True,manha,44,327,False,0.58,1.77,0.59,0.0,0.8,3.74
R02434,2026-08-03 07:01:58.867893793,controle,F06,False,paletizada,True,True,manha,12,215,False,1.35,0.5,0.3,0.0,0.37,2.52
R02435,2026-08-03 12:02:18.986052562,controle,F08,False,paletizada,True,True,manha,57,741,False,1.02,0.72,0.76,0.0,0.85,3.35
R02436,2026-08-03 14:18:19.637607567,controle,F06,False,paletizada,False,True,tarde,35,622,False,6.66,0.83,0.56,0.0,0.99,9.04
R02437,2026-08-03 11:56:29.551659079,controle,F01,False,mista,True,True,manha,49,767,False,0.25,1.38,0.81,0.0,0.27,2.71
R02438,2026-08-03 08:18:40.738758415,controle,F03,True,mista,True,True,manha,59,819,True,0.82,1.49,0.96,0.6,0.55,4.42
R02439,2026-08-03 12:08:51.767874081,controle,F12,False,paletizada,True,True,manha,54,279,False,0.16,0.43,0.88,0.0,0.71,2.18
R02440,2026-08-03 08:21:09.232755987,controle,F07,True,mista,True,True,manha,31,260,False,0.39,1.31,0.66,0.0,1.54,3.9
R02441,2026-08-03 14:09:43.197767532,controle,F03,True,batida,True,True,tarde,55,969,False,1.24,2.0,0.97,0.0,0.53,4.74
R02442,2026-08-03 18:08:42.296646663,controle,F01,False,paletizada,False,True,tarde,21,256,False,4.66,0.77,0.43,0.0,0.48,6.34
R02443,2026-08-03 14:02:21.593507751,controle,F03,True,paletizada,True,True,tarde,52,602,True,1.56,0.66,0.72,1.95,0.35,5.24
R02444,2026-08-03 09:46:54.493114501,controle,F03,True,batida,True,True,manha,39,328,False,0.34,1.89,0.56,0.0,0.48,3.27
R02445,2026-08-03 14:46:44.180301410,controle,F04,False,batida,True,True,tarde,39,355,False,0.04,1.31,0.97,0.0,0.66,2.98
R02446,2026-08-03 17:06:39.325764520,controle,F02,False,paletizada,True,True,tarde,24,332,False,0.16,0.59,0.48,0.0,0.78,2.01
R02447,2026-08-03 09:38:46.257854380,controle,F05,False,paletizada,True,True,manha,30,192,False,0.72,0.41,0.46,0.0,2.54,4.13
R02448,2026-08-03 15:27:43.477010978,controle,F06,False,paletizada,False,False,tarde,47,551,False,3.2,0.61,1.22,0.0,0.89,5.92
R02449,2026-08-03 11:42:39.289050406,controle,F03,True,batida,True,True,manha,41,249,False,0.18,2.31,0.61,0.0,0.61,3.71
R02450,2026-08-03 14:17:45.356028874,controle,F01,False,paletizada,True,True,tarde,55,668,False,0.23,1.03,0.8,0.0,1.02,3.08
R02451,2026-08-03 15:10:48.557992004,controle,F02,False,mista,True,True,tarde,51,242,False,0.61,0.9,0.74,0.0,0.27,2.52
R02452,2026-08-03 10:02:39.394395560,controle,F01,False,mista,True,True,manha,25,118,False,0.31,0.71,0.51,0.0,0.82,2.35
R02453,2026-08-04 17:25:20.478193539,controle,F05,False,paletizada,False,False,tarde,15,266,False,2.82,0.54,1.0,0.0,1.08,5.44
R02454,2026-08-04 11:02:48.958324893,controle,F07,True,mista,True,True,manha,15,191,False,0.22,0.89,0.4,0.0,0.63,2.14
R02455,2026-08-04 14:08:58.260672110,controle,F01,False,paletizada,True,True,tarde,50,417,False,0.76,0.73,0.56,0.0,0.49,2.54
R02456,2026-08-04 14:08:09.225776648,controle,F03,True,mista,True,True,tarde,19,191,False,0.32,1.22,0.5,0.0,0.86,2.9
R02457,2026-08-04 17:02:23.087713218,controle,F02,False,paletizada,False,False,tarde,54,249,False,2.2,0.59,1.64,0.0,0.89,5.32
R02458,2026-08-04 17:17:36.169289235,controle,F10,False,mista,True,True,tarde,53,278,False,0.52,1.14,0.9,0.0,0.37,2.93
R02459,2026-08-04 08:47:11.737816386,controle,F04,False,paletizada,True,True,manha,16,260,False,0.41,0.57,0.48,0.0,0.18,1.64
R02460,2026-08-04 06:36:08.775125225,controle,F06,False,paletizada,True,True,manha,48,418,False,0.96,0.65,0.71,0.0,0.49,2.81
R02461,2026-08-04 10:33:31.183515216,controle,F01,False,mista,False,False,manha,49,233,True,1.12,1.03,1.14,2.12,0.81,6.22
R02462,2026-08-04 15:00:53.364954452,controle,F02,False,batida,False,True,tarde,20,332,False,3.61,1.85,0.4,0.0,0.85,6.71
R02463,2026-08-04 15:47:39.852854070,controle,F01,False,batida,True,True,tarde,59,325,False,0.43,2.19,0.64,0.0,0.65,3.91
R02464,2026-08-04 11:05:43.143047505,controle,F02,False,paletizada,False,True,manha,54,678,False,3.09,0.71,0.85,0.0,0.4,5.05
R02465,2026-08-04 19:16:16.468594723,controle,F02,False,mista,True,True,tarde,22,219,False,0.57,1.44,0.44,0.0,0.83,3.28
R02466,2026-08-04 12:42:11.708897745,controle,F03,True,batida,True,True,manha,15,115,False,0.73,1.93,0.27,0.0,1.63,4.56
R02467,2026-08-04 17:35:14.669625811,controle,F03,True,batida,True,True,tarde,22,136,False,0.51,1.89,0.31,0.0,0.07,2.78
R02468,2026-08-04 12:52:28.170608858,controle,F06,False,batida,True,True,manha,55,663,False,1.13,1.52,0.89,0.0,1.04,4.58
R02469,2026-08-04 08:34:15.258120430,controle,F01,False,paletizada,True,True,manha,18,206,False,0.39,0.48,0.32,0.0,0.53,1.72
R02470,2026-08-04 11:25:12.930173036,controle,F04,False,mista,True,True,manha,5,51,False,1.13,0.92,0.21,0.0,0.58,2.84
R02471,2026-08-04 16:02:35.145570656,controle,F01,False,batida,True,True,tarde,12,212,False,0.35,1.29,0.45,0.0,0.35,2.44
R02472,2026-08-04 16:35:35.813569430,controle,F07,True,batida,False,True,tarde,16,274,False,4.28,1.7,0.39,0.0,0.59,6.96
R02473,2026-08-04 13:37:51.000764188,controle,F05,False,batida,True,True,manha,21,276,False,0.71,1.65,0.4,0.0,1.11,3.87
R02474,2026-08-04 20:04:51.472544268,controle,F04,False,paletizada,True,False,tarde,48,320,False,0.49,0.56,1.45,0.0,1.04,3.54
R02475,2026-08-04 14:09:50.846497340,controle,F01,False,paletizada,True,True,tarde,42,197,False,0.54,0.59,0.88,0.0,0.56,2.57
R02476,2026-08-04 15:27:59.125870882,controle,F08,False,paletizada,True,False,tarde,50,351,False,0.3,0.44,1.47,0.0,1.98,4.19
R02477,2026-08-04 15:11:29.266161518,controle,F10,False,batida,True,True,tarde,59,443,False,0.49,2.27,1.09,0.0,1.42,5.27
R02478,2026-08-04 12:26:55.133054066,controle,F01,False,paletizada,True,True,manha,45,617,True,0.79,0.84,0.8,0.77,0.66,3.86
R02479,2026-08-05 12:38:29.452697329,controle,F01,False,batida,True,True,manha,10,138,False,0.28,2.42,0.44,0.0,1.22,4.36
R02480,2026-08-05 16:01:22.185493543,controle,F06,False,paletizada,False,True,tarde,30,447,False,11.44,0.66,0.45,0.0,1.0,13.55
R02481,2026-08-05 15:51:52.127025037,controle,F05,False,paletizada,True,False,tarde,16,120,False,0.76,0.41,0.67,0.0,0.64,2.48
R02482,2026-08-05 13:02:59.991961308,controle,F02,False,paletizada,True,True,manha,22,108,False,0.69,0.47,0.5,0.0,0.79,2.45
R02483,2026-08-05 13:13:45.893222738,controle,F12,False,paletizada,True,True,manha,55,514,False,0.96,0.52,0.8,0.0,0.22,2.5
R02484,2026-08-05 12:46:40.172441358,controle,F01,False,mista,True,True,manha,16,109,False,0.68,0.94,0.63,0.0,1.21,3.46
R02485,2026-08-05 06:00:00.000000000,controle,F01,False,paletizada,True,True,manha,7,62,False,0.55,0.55,0.37,0.0,1.68,3.15
R02486,2026-08-05 11:09:42.277615408,controle,F01,False,batida,True,True,manha,30,261,False,0.11,2.15,0.87,0.0,0.85,3.98
R02487,2026-08-05 11:50:11.283045892,controle,F04,False,paletizada,True,True,manha,11,59,False,1.22,0.4,0.28,0.0,1.13,3.03
R02488,2026-08-05 15:28:08.486636811,controle,F05,False,paletizada,True,True,tarde,54,787,True,0.86,0.78,0.63,0.18,1.51,3.96
R02489,2026-08-05 16:58:01.611944032,controle,F01,False,batida,True,True,tarde,37,303,False,0.1,1.81,0.52,0.0,0.52,2.95
R02490,2026-08-05 11:29:23.485976491,controle,F05,False,mista,True,True,manha,25,117,False,0.42,0.92,0.39,0.0,0.52,2.25
R02491,2026-08-05 10:12:17.398910901,controle,F03,True,paletizada,False,True,manha,45,331,False,2.43,0.55,0.55,0.0,1.23,4.76
R02492,2026-08-05 08:34:23.302931566,controle,F03,True,paletizada,True,True,manha,23,386,False,0.73,0.48,0.68,0.0,1.12,3.01
R02493,2026-08-05 14:16:42.387166646,controle,F05,False,mista,True,True,tarde,35,526,False,0.35,0.98,0.65,0.0,0.87,2.85
R02494,2026-08-05 14:51:27.671370667,controle,F01,False,batida,True,True,tarde,11,122,False,0.12,1.87,0.44,0.0,0.34,2.77
R02495,2026-08-05 10:52:24.015719924,controle,F02,False,paletizada,True,True,manha,48,721,False,0.39,0.77,0.84,0.0,0.14,2.14
R02496,2026-08-05 16:22:53.164085268,controle,F03,True,batida,True,True,tarde,46,826,False,0.49,2.62,0.72,0.0,0.83,4.66
R02497,2026-08-05 16:11:52.474050006,controle,F01,False,paletizada,True,False,tarde,33,367,False,0.5,0.63,1.04,0.0,0.86,3.03
R02498,2026-08-05 12:22:49.796304679,controle,F02,False,mista,True,True,manha,11,55,False,0.56,0.96,0.44,0.0,1.12,3.08
R02499,2026-08-05 11:48:18.957374762,controle,F08,False,paletizada,True,True,manha,18,88,False,0.37,0.34,0.6,0.0,1.29,2.6
R02500,2026-08-05 11:31:00.897904628,controle,F04,False,mista,True,True,manha,25,411,False,0.8,1.29,0.36,0.0,1.09,3.54
R02501,2026-08-05 13:13:51.429374936,controle,F11,False,paletizada,True,True,manha,13,184,False,0.63,0.36,0.5,0.0,0.28,1.77
R02502,2026-08-05 06:00:00.000000000,controle,F02,False,paletizada,True,True,manha,29,445,False,0.06,0.58,0.61,0.0,0.6,1.85
R02503,2026-08-05 07:10:32.860431984,controle,F01,False,batida,True,True,manha,36,617,False,0.41,2.18,0.52,0.0,0.95,4.06
R02504,2026-08-05 12:07:50.824294338,controle,F03,True,batida,True,True,manha,21,89,False,0.49,1.5,0.36,0.0,0.52,2.87
R02505,2026-08-05 13:48:24.899807642,controle,F02,False,mista,True,True,manha,49,721,False,0.64,1.53,0.74,0.0,0.81,3.72
R02506,2026-08-06 14:42:59.000656183,controle,F10,False,paletizada,True,True,tarde,29,321,False,0.76,0.62,0.57,0.0,0.55,2.5
R02507,2026-08-06 16:05:01.265524663,controle,F06,False,paletizada,True,True,tarde,55,687,False,0.38,0.74,0.9,0.0,0.63,2.65
R02508,2026-08-06 16:52:42.017676567,controle,F01,False,paletizada,False,True,tarde,26,317,False,2.43,0.57,0.55,0.0,0.46,4.01
R02509,2026-08-06 09:40:20.085233527,controle,F07,True,batida,True,True,manha,30,532,False,0.92,2.46,0.56,0.0,0.51,4.45
R02510,2026-08-06 07:39:58.379546991,controle,F04,False,batida,True,True,manha,36,266,False,0.52,1.83,0.54,0.0,0.67,3.56
R02511,2026-08-06 12:15:55.346148838,controle,F02,False,batida,True,True,manha,44,789,False,0.5,1.68,0.67,0.0,0.36,3.21
R02512,2026-08-06 09:00:17.876423372,controle,F06,False,batida,True,True,manha,39,380,False,0.79,1.78,0.67,0.0,0.33,3.57
R02513,2026-08-06 14:25:56.756145554,controle,F06,False,paletizada,True,True,tarde,10,148,False,0.36,0.38,0.29,0.0,0.24,1.27
R02514,2026-08-06 12:49:57.904279010,controle,F02,False,paletizada,True,True,manha,16,240,False,0.87,0.78,0.36,0.0,0.73,2.74
R02515,2026-08-06 13:28:10.774433535,controle,F02,False,mista,True,True,manha,17,294,False,0.74,0.72,0.35,0.0,0.79,2.6
R02516,2026-08-06 11:52:01.809813338,controle,F04,False,mista,True,True,manha,29,319,False,0.74,1.16,0.58,0.0,1.0,3.48
R02517,2026-08-06 09:58:39.613270432,controle,F04,False,batida,True,True,manha,16,259,False,0.35,1.43,0.42,0.0,0.58,2.78
R02518,2026-08-06 14:47:31.560434728,controle,F04,False,paletizada,True,True,tarde,10,172,False,0.4,0.55,0.38,0.0,0.91,2.24
R02519,2026-08-06 10:10:31.947201159,controle,F03,True,batida,True,True,manha,56,503,False,0.46,1.75,0.86,0.0,1.47,4.54
R02520,2026-08-06 13:49:46.527543076,controle,F07,True,batida,False,True,manha,24,255,False,1.87,1.33,0.56,0.0,0.69,4.45
R02521,2026-08-06 08:20:28.185715856,controle,F03,True,paletizada,True,True,manha,3,17,False,1.76,0.36,0.22,0.0,0.45,2.79
R02522,2026-08-06 10:01:37.383264559,controle,F04,False,paletizada,False,True,manha,56,790,False,3.49,0.88,0.74,0.0,1.16,6.27
R02523,2026-08-06 11:05:33.888253124,controle,F07,True,paletizada,True,False,manha,53,495,True,0.41,0.84,1.58,0.71,0.87,4.41
R02524,2026-08-06 16:30:29.500232774,controle,F07,True,paletizada,True,True,tarde,48,270,True,0.25,0.77,1.07,0.59,0.48,3.16
R02525,2026-08-06 18:32:06.730288720,controle,F01,False,paletizada,True,False,tarde,5,38,False,0.36,0.71,0.44,0.0,0.4,1.91
R02526,2026-08-07 16:15:11.253585574,controle,F05,False,paletizada,True,True,tarde,58,424,False,0.29,0.61,0.8,0.0,0.64,2.34
R02527,2026-08-07 06:36:30.148001755,controle,F03,True,paletizada,True,True,manha,35,630,False,0.17,0.79,0.73,0.0,1.07,2.76
R02528,2026-08-07 07:20:26.205635515,controle,F01,False,paletizada,False,True,manha,28,215,False,7.12,0.49,0.53,0.0,0.38,8.52
R02529,2026-08-07 07:58:24.977497710,controle,F04,False,paletizada,True,True,manha,54,865,False,0.32,0.72,0.75,0.0,0.86,2.65
R02530,2026-08-07 12:37:02.156237972,controle,F04,False,paletizada,True,True,manha,13,166,False,0.26,0.49,0.26,0.0,0.67,1.68
R02531,2026-08-07 12:47:52.597459266,controle,F12,False,paletizada,True,True,manha,35,488,False,1.09,0.5,0.52,0.0,1.16,3.27
R02532,2026-08-07 16:19:29.602753460,controle,F12,False,paletizada,True,True,tarde,59,381,False,0.54,0.92,0.81,0.0,0.44,2.71
R02533,2026-08-07 12:25:41.847093728,controle,F04,False,mista,True,True,manha,25,401,False,0.32,0.83,0.48,0.0,1.59,3.22
R02534,2026-08-07 19:57:08.937934873,controle,F10,False,paletizada,True,True,tarde,30,383,False,0.73,0.65,0.54,0.0,0.7,2.62
R02535,2026-08-07 12:33:34.280171481,controle,F10,False,paletizada,True,True,manha,23,267,False,0.25,0.52,0.61,0.0,0.51,1.89
R02536,2026-08-07 17:50:10.806271652,controle,F06,False,paletizada,True,True,tarde,28,454,False,0.12,0.52,0.35,0.0,0.12,1.11
R02537,2026-08-07 10:51:38.077715581,controle,F03,True,paletizada,True,True,manha,27,341,False,0.21,0.67,0.57,0.0,1.61,3.06
R02538,2026-08-07 08:54:29.094880442,controle,F02,False,paletizada,True,True,manha,20,128,False,1.26,0.44,0.44,0.0,1.02,3.16
R02539,2026-08-07 13:35:40.969477647,controle,F06,False,batida,True,False,manha,57,352,False,0.62,1.61,1.17,0.0,0.82,4.22
R02540,2026-08-07 14:26:08.144156371,controle,F01,False,paletizada,True,True,tarde,41,345,False,0.59,0.39,0.71,0.0,0.97,2.66
R02541,2026-08-07 13:27:24.057770922,controle,F02,False,paletizada,True,True,manha,8,53,False,0.46,0.4,0.33,0.0,1.04,2.23
R02542,2026-08-07 14:48:37.880052458,controle,F03,True,paletizada,True,True,tarde,32,221,False,0.51,0.75,0.4,0.0,1.42,3.08
R02543,2026-08-07 15:16:43.935530991,controle,F02,False,mista,True,True,tarde,51,568,False,0.41,1.56,0.78,0.0,0.57,3.32
R02544,2026-08-07 13:37:46.667288913,controle,F09,False,paletizada,True,True,manha,10,112,False,0.11,0.33,0.38,0.0,0.46,1.28
R02545,2026-08-07 12:00:52.467480468,controle,F10,False,mista,True,True,manha,55,726,False,0.58,1.58,0.76,0.0,0.83,3.75
R02546,2026-08-07 16:52:22.881623224,controle,F04,False,paletizada,True,True,tarde,18,262,False,1.03,0.56,0.49,0.0,0.87,2.95
R02547,2026-08-07 11:31:26.777149093,controle,F04,False,batida,False,True,manha,54,400,False,4.38,2.23,0.7,0.0,0.8,8.11
R02548,2026-08-07 12:40:58.871009902,controle,F02,False,batida,True,True,manha,9,40,False,0.93,2.43,0.35,0.0,0.98,4.69
R02549,2026-08-07 12:27:06.503161755,controle,F03,True,paletizada,True,True,manha,10,56,False,1.6,0.33,0.35,0.0,1.26,3.54
R02550,2026-08-07 07:47:09.473904693,controle,F02,False,paletizada,True,True,manha,18,220,False,1.11,0.45,0.48,0.0,0.45,2.49
R02551,2026-08-07 13:12:04.892277931,controle,F10,False,paletizada,True,True,manha,3,46,False,1.04,0.66,0.23,0.0,1.0,2.93
R02552,2026-08-07 10:11:23.952415423,controle,F05,False,batida,True,True,manha,26,296,False,0.55,1.81,0.83,0.0,1.23,4.42
R02553,2026-08-07 12:04:45.658077427,controle,F06,False,batida,True,True,manha,16,65,False,0.53,1.72,0.31,0.0,0.85,3.41
R02554,2026-08-07 11:57:34.790058802,controle,F06,False,paletizada,True,False,manha,31,463,False,0.37,0.52,1.51,0.0,1.12,3.52
R02555,2026-08-07 13:51:16.228530165,controle,F01,False,mista,True,True,manha,13,209,True,0.44,0.99,0.4,0.94,0.56,3.33
R02556,2026-08-07 17:32:23.593513480,controle,F01,False,paletizada,True,True,tarde,27,198,False,0.76,0.59,0.53,0.0,0.67,2.55
R02557,2026-08-07 16:04:41.594712528,controle,F02,False,paletizada,True,True,tarde,45,456,False,1.3,0.86,0.88,0.0,1.77,4.81
R02558,2026-08-07 13:54:48.739615390,controle,F01,False,paletizada,True,True,manha,21,158,False,0.09,0.57,0.4,0.0,0.46,1.52
R02559,2026-08-07 16:57:29.739669109,controle,F03,True,paletizada,True,True,tarde,54,733,False,0.05,0.77,0.61,0.0,0.39,1.82
R02560,2026-08-08 08:29:53.689725686,controle,F08,False,paletizada,False,True,manha,55,297,False,2.12,0.66,0.74,0.0,0.77,4.29
R02561,2026-08-08 14:59:59.467011972,controle,F04,False,paletizada,True,True,tarde,50,370,False,0.15,0.45,0.95,0.0,0.92,2.47
R02562,2026-08-08 14:00:21.940421871,controle,F02,False,paletizada,True,True,tarde,59,1008,False,0.61,0.88,1.01,0.0,1.05,3.55
R02563,2026-08-08 09:31:56.535893162,controle,F01,False,paletizada,True,True,manha,28,134,False,0.39,0.76,0.49,0.0,0.62,2.26
R02564,2026-08-08 10:52:00.734952370,controle,F03,True,mista,True,True,manha,3,51,False,0.13,0.66,0.32,0.0,0.33,1.44
R02565,2026-08-08 14:07:44.300395624,controle,F06,False,paletizada,True,True,tarde,49,466,False,1.87,0.67,0.9,0.0,0.75,4.19
R02566,2026-08-08 16:15:22.090494009,controle,F07,True,paletizada,True,True,tarde,52,341,False,0.22,0.64,0.68,0.0,0.47,2.01
R02567,2026-08-08 14:28:36.222875749,controle,F01,False,mista,True,True,tarde,8,115,False,0.32,1.18,0.29,0.0,0.35,2.14
R02568,2026-08-08 09:31:30.521385616,controle,F10,False,batida,True,True,manha,26,350,False,0.1,1.83,0.51,0.0,0.6,3.04
R02569,2026-08-08 11:55:23.185261423,controle,F01,False,paletizada,True,False,manha,37,174,False,0.5,0.36,1.31,0.0,0.78,2.95
R02570,2026-08-10 08:50:01.677444540,controle,F01,False,paletizada,True,True,manha,57,590,False,0.6,0.8,1.07,0.0,1.0,3.47
R02571,2026-08-10 17:36:35.291241644,controle,F09,False,paletizada,True,True,tarde,44,631,False,0.44,0.74,0.7,0.0,0.93,2.81
R02572,2026-08-10 18:21:50.411030954,controle,F08,False,batida,True,True,tarde,18,254,False,0.29,0.97,0.34,0.0,1.09,2.69
R02573,2026-08-10 15:52:51.963304472,controle,F01,False,paletizada,True,True,tarde,3,25,False,0.4,0.32,0.27,0.0,0.5,1.49
R02574,2026-08-10 14:00:52.308909100,controle,F09,False,batida,True,True,tarde,45,651,True,1.26,3.73,0.63,1.23,0.41,7.26
R02575,2026-08-10 13:21:52.645845308,controle,F03,True,paletizada,True,True,manha,24,187,False,0.12,0.57,0.63,0.0,1.04,2.36
R02576,2026-08-10 12:14:52.063428656,controle,F08,False,paletizada,True,False,manha,39,355,False,0.75,0.5,1.53,0.0,0.33,3.11
R02577,2026-08-10 15:31:03.931314978,controle,F07,True,paletizada,True,False,tarde,31,551,True,1.22,0.81,0.91,0.14,0.94,4.02
R02578,2026-08-10 16:16:53.131754352,controle,F08,False,mista,True,True,tarde,27,463,False,0.51,1.49,0.56,0.0,0.59,3.15
R02579,2026-08-10 09:19:34.433009072,controle,F02,False,paletizada,True,False,manha,30,233,False,0.34,0.51,1.37,0.0,0.7,2.92
R02580,2026-08-10 17:09:55.780772180,controle,F07,True,batida,True,True,tarde,45,586,False,0.55,2.33,0.63,0.0,1.02,4.53
R02581,2026-08-10 11:57:11.498292597,controle,F01,False,mista,True,True,manha,35,309,False,0.74,1.29,0.59,0.0,1.35,3.97
R02582,2026-08-10 14:04:20.318651886,controle,F04,False,paletizada,True,True,tarde,40,656,False,0.41,0.98,0.53,0.0,0.3,2.22
R02583,2026-08-10 12:45:32.935843994,controle,F01,False,paletizada,True,False,manha,43,322,False,0.26,0.49,1.55,0.0,0.95,3.25
R02584,2026-08-10 14:22:22.044059212,controle,F01,False,paletizada,True,True,tarde,4,18,False,0.58,0.44,0.22,0.0,0.44,1.68
R02585,2026-08-10 13:36:13.058207456,controle,F02,False,paletizada,True,True,manha,54,682,False,0.42,0.62,0.74,0.0,0.91,2.69
R02586,2026-08-10 18:03:45.295901380,controle,F03,True,batida,True,True,tarde,38,597,False,0.67,2.5,0.62,0.0,1.24,5.03
R02587,2026-08-10 11:40:52.729309394,controle,F01,False,paletizada,True,True,manha,38,669,False,1.07,0.7,0.59,0.0,1.32,3.68
R02588,2026-08-10 14:25:39.441207684,controle,F03,True,paletizada,False,True,tarde,9,36,True,2.06,0.24,0.38,0.66,1.02,4.36
R02589,2026-08-10 16:26:52.922073602,controle,F02,False,paletizada,True,False,tarde,8,134,False,0.34,0.56,0.68,0.0,0.85,2.43
R02590,2026-08-10 17:16:39.428393293,controle,F07,True,mista,True,True,tarde,58,267,False,0.36,1.29,0.95,0.0,0.88,3.48
R02591,2026-08-10 08:04:22.170341960,controle,F07,True,batida,False,True,manha,50,685,False,3.2,3.27,0.94,0.0,1.04,8.45
R02592,2026-08-10 18:03:45.312701860,controle,F05,False,paletizada,True,True,tarde,7,120,False,0.19,0.49,0.4,0.0,0.87,1.95
R02593,2026-08-10 16:48:36.973920463,controle,F02,False,paletizada,True,True,tarde,29,252,False,0.64,0.39,0.91,0.0,1.55,3.49
R02594,2026-08-10 15:48:03.791675498,controle,F01,False,paletizada,True,False,tarde,48,261,False,0.36,0.41,1.32,0.0,1.2,3.29
R02595,2026-08-11 12:07:26.228484987,controle,F04,False,batida,True,True,manha,51,698,False,0.42,2.08,0.74,0.0,1.16,4.4
R02596,2026-08-11 10:59:28.696095466,controle,F04,False,paletizada,True,True,manha,35,176,True,0.39,0.58,0.48,0.76,0.38,2.59
R02597,2026-08-11 23:30:00.000000000,controle,F01,False,paletizada,True,True,noite,26,190,False,0.33,0.34,0.51,0.0,1.56,2.74
R02598,2026-08-11 08:04:59.306219799,controle,F04,False,paletizada,True,True,manha,18,202,False,0.52,0.64,0.51,0.0,0.69,2.36
R02599,2026-08-11 13:53:28.906991120,controle,F01,False,paletizada,True,False,manha,52,915,False,0.25,0.77,1.55,0.0,0.61,3.18
R02600,2026-08-11 10:19:28.120949760,controle,F05,False,mista,True,False,manha,44,476,False,0.77,1.13,1.63,0.0,0.91,4.44
R02601,2026-08-11 13:33:53.455206002,controle,F04,False,paletizada,True,True,manha,19,331,False,0.2,0.55,0.51,0.0,0.62,1.88
R02602,2026-08-11 13:02:38.847864775,controle,F04,False,mista,True,True,manha,17,295,False,0.65,1.29,0.39,0.0,0.99,3.32
R02603,2026-08-11 13:49:54.512225702,controle,F04,False,paletizada,False,True,manha,22,152,False,3.6,0.44,0.41,0.0,0.94,5.39
R02604,2026-08-11 11:44:18.187488916,controle,F02,False,batida,True,True,manha,36,531,False,0.45,2.42,0.63,0.0,1.31,4.81
R02605,2026-08-11 13:09:46.110947709,controle,F02,False,paletizada,False,False,manha,58,452,False,0.89,0.61,1.57,0.0,0.78,3.85
R02606,2026-08-11 11:41:30.900144375,controle,F01,False,paletizada,True,True,manha,16,257,False,0.29,0.56,0.37,0.0,0.35,1.57
R02607,2026-08-11 12:52:55.952847926,controle,F08,False,mista,True,False,manha,56,913,False,0.77,1.76,1.23,0.0,0.37,4.13
R02608,2026-08-11 11:53:27.382025090,controle,F03,True,mista,True,True,manha,42,450,True,0.79,1.63,0.93,0.26,0.95,4.56
R02609,2026-08-11 12:53:00.928451446,controle,F01,False,mista,True,True,manha,45,734,False,0.41,1.13,0.83,0.0,0.45,2.82
R02610,2026-08-11 17:09:03.912608674,controle,F02,False,paletizada,True,True,tarde,16,110,False,0.1,0.47,0.68,0.0,0.19,1.44
R02611,2026-08-11 15:53:19.122602917,controle,F08,False,batida,True,True,tarde,52,632,False,0.17,2.33,0.79,0.0,1.85,5.14
R02612,2026-08-11 06:18:20.822951048,controle,F02,False,paletizada,True,True,manha,54,581,True,0.63,0.66,0.89,1.21,0.27,3.66
R02613,2026-08-11 11:46:27.948607327,controle,F02,False,paletizada,True,True,manha,15,121,False,0.31,0.73,0.46,0.0,0.27,1.77
R02614,2026-08-11 07:58:25.850008470,controle,F01,False,paletizada,True,True,manha,4,38,False,0.37,0.38,0.18,0.0,0.48,1.41
R02615,2026-08-11 17:35:46.610698210,controle,F07,True,paletizada,True,True,tarde,18,168,False,0.34,0.47,0.4,0.0,0.34,1.55
R02616,2026-08-11 11:30:26.099655616,controle,F02,False,batida,True,True,manha,11,131,False,0.17,2.05,0.48,0.0,0.08,2.78
R02617,2026-08-11 19:36:35.716429908,controle,F02,False,batida,True,True,tarde,32,184,False,0.62,2.33,0.6,0.0,0.88,4.43
R02618,2026-08-11 12:42:59.227938259,controle,F05,False,batida,True,True,manha,36,614,False,0.62,1.77,0.74,0.0,1.22,4.35
R02619,2026-08-11 10:09:05.981472838,controle,F03,True,paletizada,True,True,manha,30,226,False,1.02,0.41,0.58,0.0,1.1,3.11
R02620,2026-08-11 16:09:31.366734368,controle,F07,True,paletizada,True,True,tarde,39,406,False,0.18,0.62,0.71,0.0,0.78,2.29
R02621,2026-08-11 06:00:00.000000000,controle,F04,False,paletizada,True,True,manha,7,125,False,0.35,0.58,0.3,0.0,0.87,2.1
R02622,2026-08-11 16:34:01.081130116,controle,F03,True,paletizada,True,True,tarde,27,367,False,0.17,0.49,0.48,0.0,0.28,1.42
R02623,2026-08-11 15:59:15.242578011,controle,F11,False,paletizada,True,True,tarde,47,659,False,0.56,0.7,0.52,0.0,1.21,2.99
R02624,2026-08-11 12:42:36.278564688,controle,F02,False,paletizada,True,True,manha,43,195,False,0.34,0.42,0.48,0.0,0.37,1.61
R02625,2026-08-11 08:18:02.867382792,controle,F01,False,batida,True,True,manha,40,609,False,1.11,1.71,0.82,0.0,1.11,4.75
R02626,2026-08-12 08:39:55.922373579,controle,F03,True,paletizada,True,True,manha,48,192,False,0.2,0.47,0.8,0.0,1.3,2.77
R02627,2026-08-12 16:18:16.724119248,controle,F07,True,paletizada,True,False,tarde,28,497,False,1.05,0.67,1.49,0.0,0.86,4.07
R02628,2026-08-12 18:07:12.544822131,controle,F06,False,mista,True,True,tarde,27,437,False,0.16,1.11,0.4,0.0,0.24,1.91
R02629,2026-08-12 18:08:02.107102484,controle,F07,True,paletizada,True,True,tarde,14,166,False,0.44,0.41,0.27,0.0,0.58,1.7
R02630,2026-08-12 16:20:39.261194145,controle,F04,False,paletizada,False,True,tarde,54,244,False,6.18,0.47,0.86,0.0,1.09,8.6
R02631,2026-08-12 17:05:12.339932420,controle,F10,False,mista,True,True,tarde,33,383,False,0.4,0.82,0.46,0.0,0.32,2.0
R02632,2026-08-12 13:35:44.443644500,controle,F04,False,batida,True,True,manha,44,667,False,0.49,2.35,0.72,0.0,0.54,4.1
R02633,2026-08-12 12:28:22.283926852,controle,F07,True,batida,True,True,manha,31,453,False,1.35,2.43,0.6,0.0,1.25,5.63
R02634,2026-08-12 13:17:28.010928695,controle,F02,False,paletizada,True,False,manha,5,24,False,0.75,0.38,0.52,0.0,1.6,3.25
R02635,2026-08-12 09:26:11.271870042,controle,F09,False,mista,False,True,manha,26,433,False,0.34,0.99,0.41,0.0,1.23,2.97
R02636,2026-08-12 11:19:19.604747136,controle,F07,True,batida,True,True,manha,51,721,False,0.12,3.41,0.78,0.0,0.94,5.25
R02637,2026-08-12 12:00:24.044326448,controle,F02,False,mista,True,True,manha,43,601,False,0.31,1.13,0.59,0.0,1.79,3.82
R02638,2026-08-12 14:01:01.582224996,controle,F01,False,paletizada,True,True,tarde,53,337,False,0.43,0.68,0.84,0.0,0.72,2.67
R02639,2026-08-12 13:06:14.768827974,controle,F01,False,paletizada,False,True,manha,5,83,False,1.98,0.37,0.32,0.0,0.95,3.62
R02640,2026-08-12 16:39:19.855574427,controle,F01,False,mista,True,True,tarde,19,274,False,0.51,0.98,0.54,0.0,0.55,2.58
R02641,2026-08-12 15:28:35.223105817,controle,F06,False,paletizada,True,True,tarde,8,109,False,0.61,0.36,0.37,0.0,0.31,1.65
R02642,2026-08-12 10:04:24.235843990,controle,F02,False,mista,False,False,manha,42,411,False,1.25,1.09,1.52,0.0,0.95,4.81
R02643,2026-08-12 11:29:58.391795191,controle,F06,False,paletizada,True,True,manha,18,311,False,0.03,0.52,0.29,0.0,0.54,1.38
R02644,2026-08-12 07:20:08.064616196,controle,F01,False,mista,True,True,manha,7,117,False,0.05,0.99,0.28,0.0,0.44,1.76
R02645,2026-08-12 16:17:32.453462576,controle,F05,False,paletizada,True,True,tarde,22,168,False,0.17,0.51,0.75,0.0,1.33,2.76
R02646,2026-08-12 15:49:36.137618634,controle,F06,False,paletizada,True,True,tarde,34,222,False,1.24,0.42,0.65,0.0,0.52,2.83
R02647,2026-08-12 15:59:05.071935786,controle,F06,False,paletizada,True,True,tarde,39,545,False,0.13,0.92,0.56,0.0,0.43,2.04
R02648,2026-08-12 12:24:40.532130759,controle,F01,False,batida,True,True,manha,16,124,False,0.59,1.56,0.38,0.0,0.26,2.79
R02649,2026-08-12 10:00:08.269385068,controle,F04,False,paletizada,False,True,manha,3,33,False,5.08,0.45,0.41,0.0,1.2,7.14
R02650,2026-08-12 11:37:38.705415650,controle,F09,False,paletizada,True,True,manha,45,204,False,0.13,0.61,0.79,0.0,0.58,2.11
R02651,2026-08-12 15:30:55.886088434,controle,F06,False,paletizada,True,False,tarde,36,285,False,0.28,0.6,1.28,0.0,1.67,3.83
R02652,2026-08-12 15:15:26.252970818,controle,F02,False,batida,True,True,tarde,35,554,True,0.79,1.85,0.57,2.73,1.2,7.14
R02653,2026-08-12 16:47:35.567422404,controle,F06,False,paletizada,True,True,tarde,39,305,False,0.08,0.5,0.62,0.0,1.72,2.92
R02654,2026-08-12 11:48:06.171561680,controle,F05,False,paletizada,True,True,manha,30,121,False,0.85,0.42,0.81,0.0,0.13,2.21
R02655,2026-08-12 15:27:40.880455005,controle,F01,False,paletizada,True,True,tarde,16,184,False,0.33,0.3,0.32,0.0,0.6,1.55
R02656,2026-08-12 19:38:00.466389556,controle,F01,False,paletizada,True,True,tarde,15,145,False,0.22,0.56,0.43,0.0,0.55,1.76
R02657,2026-08-12 06:37:49.979667828,controle,F08,False,batida,True,True,manha,45,734,False,0.2,2.99,0.47,0.0,0.89,4.55
R02658,2026-08-12 11:52:51.053564492,controle,F07,True,batida,True,True,manha,42,625,False,0.25,2.71,0.88,0.0,0.42,4.26
R02659,2026-08-12 13:03:53.359037974,controle,F01,False,paletizada,True,True,manha,45,620,False,0.43,0.97,0.78,0.0,1.27,3.45
R02660,2026-08-12 15:17:40.164722440,controle,F10,False,mista,True,True,tarde,32,568,False,0.41,1.05,0.65,0.0,1.11,3.22
R02661,2026-08-12 11:17:52.572428520,controle,F07,True,paletizada,True,True,manha,16,262,False,0.25,0.54,0.33,0.0,0.42,1.54
R02662,2026-08-12 16:24:17.703291034,controle,F02,False,batida,True,True,tarde,27,129,False,0.48,1.92,0.43,0.0,0.64,3.47
R02663,2026-08-12 08:23:00.139705047,controle,F04,False,batida,True,True,manha,41,317,False,0.07,2.28,0.73,0.0,0.73,3.81
R02664,2026-08-12 14:29:14.684078202,controle,F04,False,mista,True,True,tarde,30,350,False,1.27,1.01,0.55,0.0,0.4,3.23
R02665,2026-08-12 13:21:57.545100183,controle,F02,False,paletizada,True,False,manha,20,190,True,0.52,0.34,0.95,0.05,1.39,3.25
R02666,2026-08-13 16:12:25.109185176,controle,F07,True,mista,True,True,tarde,24,315,False,0.27,1.26,0.64,0.0,0.59,2.76
R02667,2026-08-13 13:30:29.531604819,controle,F04,False,batida,True,True,manha,36,640,False,0.79,3.53,0.7,0.0,0.69,5.71
R02668,2026-08-13 07:03:42.700312393,controle,F03,True,batida,True,True,manha,50,682,False,0.73,1.99,0.72,0.0,0.76,4.2
R02669,2026-08-13 15:13:51.429993549,controle,F01,False,mista,True,False,tarde,54,572,False,0.47,1.31,2.47,0.0,0.53,4.78
R02670,2026-08-13 11:30:28.739338790,controle,F08,False,batida,True,True,manha,33,421,False,0.38,1.76,0.58,0.0,0.7,3.42
R02671,2026-08-13 14:41:37.529195139,controle,F05,False,paletizada,True,True,tarde,18,225,False,0.57,0.5,0.45,0.0,0.89,2.41
R02672,2026-08-13 14:29:01.595328460,controle,F07,True,paletizada,True,True,tarde,18,205,False,0.65,0.75,0.31,0.0,0.49,2.2
R02673,2026-08-13 08:32:15.067415151,controle,F06,False,paletizada,True,True,manha,24,408,False,0.31,0.51,0.52,0.0,0.27,1.61
R02674,2026-08-13 14:20:32.237769444,controle,F07,True,batida,True,False,tarde,46,276,True,0.24,1.95,1.6,0.25,1.08,5.12
R02675,2026-08-13 12:00:32.056841620,controle,F03,True,paletizada,True,True,manha,32,303,True,0.11,0.55,0.41,1.76,0.5,3.33
R02676,2026-08-13 10:12:20.869093461,controle,F02,False,batida,True,True,manha,29,485,False,0.58,2.19,0.58,0.0,0.53,3.88
R02677,2026-08-13 15:07:54.651224431,controle,F01,False,batida,True,True,tarde,6,85,False,0.15,2.22,0.35,0.0,0.75,3.47
R02678,2026-08-13 12:20:28.199682178,controle,F02,False,batida,True,False,manha,41,384,False,0.18,1.71,1.43,0.0,0.93,4.25
R02679,2026-08-13 16:58:34.508558359,controle,F11,False,paletizada,True,True,tarde,47,487,False,1.17,0.6,0.57,0.0,0.34,2.68
R02680,2026-08-13 14:35:15.564041736,controle,F07,True,batida,True,True,tarde,48,785,True,1.3,1.96,0.68,0.43,0.79,5.16
R02681,2026-08-13 09:12:42.847707063,controle,F02,False,paletizada,True,True,manha,48,397,False,0.17,0.51,0.96,0.0,0.96,2.6
R02682,2026-08-13 13:32:05.461839693,controle,F02,False,mista,True,True,manha,50,342,False,0.12,1.07,0.87,0.0,1.23,3.29
R02683,2026-08-13 10:03:04.778119119,controle,F01,False,batida,True,True,manha,19,168,False,0.21,1.67,0.34,0.0,0.56,2.78
R02684,2026-08-13 14:18:14.980346870,controle,F03,True,paletizada,True,True,tarde,44,497,False,0.18,0.61,0.74,0.0,0.7,2.23
R02685,2026-08-13 12:57:59.503290307,controle,F04,False,paletizada,True,True,manha,16,203,False,0.01,0.42,0.29,0.0,0.74,1.46
R02686,2026-08-13 16:47:23.131477611,controle,F04,False,paletizada,True,True,tarde,9,49,False,0.38,0.31,0.39,0.0,0.48,1.56
R02687,2026-08-13 12:14:01.499315262,controle,F06,False,paletizada,False,True,manha,26,315,False,1.91,0.46,0.67,0.0,0.31,3.35
R02688,2026-08-13 09:10:14.603515536,controle,F06,False,batida,True,True,manha,31,527,True,0.43,1.62,0.9,2.08,0.81,5.84
R02689,2026-08-13 11:29:36.843528400,controle,F10,False,paletizada,True,True,manha,15,87,False,1.05,0.36,0.37,0.0,0.48,2.26
R02690,2026-08-13 10:26:26.496221640,controle,F09,False,paletizada,True,True,manha,15,207,False,0.76,0.39,0.4,0.0,0.47,2.02
R02691,2026-08-13 06:00:00.000000000,controle,F09,False,paletizada,True,False,manha,33,570,False,0.85,0.59,1.14,0.0,0.11,2.69
R02692,2026-08-13 10:05:05.056338361,controle,F08,False,mista,True,True,manha,15,149,False,0.62,1.47,0.34,0.0,0.71,3.14
R02693,2026-08-13 16:56:05.924896537,controle,F04,False,paletizada,True,False,tarde,52,753,False,1.04,0.67,1.3,0.0,0.51,3.52
R02694,2026-08-13 08:13:09.393904020,controle,F01,False,paletizada,True,True,manha,35,189,False,0.4,0.56,0.67,0.0,0.51,2.14
R02695,2026-08-13 14:24:44.194044848,controle,F05,False,paletizada,True,True,tarde,3,25,True,0.59,0.84,0.25,0.25,0.41,2.34
R02696,2026-08-14 12:34:06.267555249,controle,F04,False,batida,True,True,manha,5,23,False,0.24,2.18,0.31,0.0,0.97,3.7
R02697,2026-08-14 15:16:56.844129669,controle,F06,False,paletizada,True,True,tarde,31,218,False,0.46,0.43,0.63,0.0,0.3,1.82
R02698,2026-08-14 10:40:20.930063055,controle,F02,False,mista,True,True,manha,5,86,False,0.16,0.71,0.4,0.0,0.72,1.99
R02699,2026-08-14 14:29:29.927839239,controle,F04,False,paletizada,True,True,tarde,15,125,False,0.14,0.64,0.59,0.0,0.73,2.1
R02700,2026-08-14 13:37:24.537350766,controle,F10,False,mista,True,True,manha,33,283,False,0.91,1.18,0.65,0.0,1.08,3.82
R02701,2026-08-14 10:54:46.439445837,controle,F10,False,mista,True,True,manha,19,322,False,0.16,1.03,0.46,0.0,0.54,2.19
R02702,2026-08-14 10:55:17.692344987,controle,F01,False,mista,True,True,manha,23,115,False,0.1,1.12,0.51,0.0,0.95,2.68
R02703,2026-08-14 13:20:28.923183884,controle,F09,False,paletizada,True,True,manha,28,172,True,0.23,0.7,0.48,0.39,0.86,2.66
R02704,2026-08-14 08:16:50.108681866,controle,F03,True,paletizada,False,False,manha,56,989,False,2.33,0.99,1.48,0.0,0.89,5.69
R02705,2026-08-14 16:06:15.741863010,controle,F07,True,paletizada,True,True,tarde,24,98,False,0.22,0.58,0.5,0.0,0.32,1.62
R02706,2026-08-14 14:01:55.439439153,controle,F02,False,batida,True,True,tarde,36,314,False,0.4,2.35,0.71,0.0,0.53,3.99
R02707,2026-08-14 07:26:47.933308874,controle,F01,False,paletizada,True,True,manha,58,872,False,0.44,0.82,1.03,0.0,0.54,2.83
R02708,2026-08-14 08:13:37.046616484,controle,F09,False,batida,True,True,manha,51,790,False,0.6,1.89,0.68,0.0,0.87,4.04
R02709,2026-08-14 06:14:03.525397440,controle,F02,False,mista,True,False,manha,33,458,False,0.41,1.65,1.28,0.0,1.81,5.15
R02710,2026-08-14 09:12:46.745026819,controle,F06,False,mista,True,True,manha,57,595,False,0.85,0.8,0.88,0.0,0.55,3.08
R02711,2026-08-14 13:04:14.245640781,controle,F08,False,mista,True,False,manha,24,185,False,0.32,0.86,1.46,0.0,1.39,4.03
R02712,2026-08-14 07:09:12.928319028,controle,F12,False,mista,True,True,manha,51,494,False,0.3,1.21,0.94,0.0,0.98,3.43
R02713,2026-08-14 09:19:41.441652739,controle,F03,True,batida,True,True,manha,32,519,False,0.76,1.78,0.71,0.0,0.64,3.89
R02714,2026-08-14 11:40:19.361708943,controle,F12,False,paletizada,True,True,manha,28,377,False,0.78,0.58,0.43,0.0,0.51,2.3
R02715,2026-08-14 11:39:57.452651229,controle,F05,False,batida,True,True,manha,14,157,False,0.82,1.88,0.32,0.0,0.56,3.58
R02716,2026-08-15 17:02:24.901431226,controle,F04,False,paletizada,True,True,tarde,36,538,False,0.53,0.79,0.55,0.0,1.47,3.34
R02717,2026-08-15 11:18:23.266162778,controle,F04,False,paletizada,True,True,manha,45,509,False,0.34,0.77,0.73,0.0,1.48,3.32
R02718,2026-08-15 13:41:54.356524101,controle,F04,False,paletizada,True,True,manha,51,843,False,0.63,0.84,0.7,0.0,0.98,3.15
R02719,2026-08-15 13:36:49.354950196,controle,F06,False,paletizada,True,True,manha,21,370,False,0.84,0.53,0.38,0.0,0.6,2.35
R02720,2026-08-15 10:02:50.725889559,controle,F08,False,batida,True,True,manha,23,243,False,0.17,1.73,0.54,0.0,1.52,3.96
R02721,2026-08-17 12:20:28.794829059,controle,F04,False,paletizada,False,True,manha,34,190,False,3.45,0.54,0.61,0.0,0.9,5.5
R02722,2026-08-17 11:30:47.577216020,controle,F01,False,paletizada,True,True,manha,40,323,False,0.36,0.54,0.74,0.0,0.72,2.36
R02723,2026-08-17 12:01:06.588885298,controle,F02,False,mista,True,True,manha,10,135,False,0.27,0.84,0.41,0.0,0.3,1.82
R02724,2026-08-17 14:27:27.441689086,controle,F02,False,paletizada,True,True,tarde,48,415,False,0.45,0.61,0.68,0.0,0.42,2.16
R02725,2026-08-17 06:22:13.836466729,controle,F08,False,batida,True,True,manha,39,630,False,0.35,1.6,0.42,0.0,0.91,3.28
R02726,2026-08-17 17:33:37.362507454,controle,F02,False,batida,True,True,tarde,4,56,False,1.58,2.2,0.22,0.0,0.99,4.99
R02727,2026-08-17 13:04:27.710766084,controle,F07,True,batida,True,True,manha,25,124,False,0.44,1.69,0.64,0.0,1.34,4.11
R02728,2026-08-17 13:59:24.704100484,controle,F06,False,batida,True,True,manha,25,448,False,0.56,1.84,0.41,0.0,0.32,3.13
R02729,2026-08-17 08:21:37.401980097,controle,F05,False,paletizada,True,True,manha,37,320,False,0.23,0.61,0.72,0.0,2.26,3.82
R02730,2026-08-17 12:38:54.143156547,controle,F01,False,mista,True,True,manha,57,622,False,0.23,0.89,0.93,0.0,0.97,3.02
R02731,2026-08-17 11:04:06.281280145,controle,F01,False,mista,True,True,manha,33,530,False,0.69,1.31,0.51,0.0,0.86,3.37
R02732,2026-08-17 16:02:23.121445426,controle,F06,False,paletizada,True,True,tarde,35,524,False,0.52,0.67,0.45,0.0,0.72,2.36
R02733,2026-08-17 14:50:11.963598046,controle,F02,False,mista,True,True,tarde,48,631,False,0.39,1.31,0.94,0.0,0.54,3.18
R02734,2026-08-17 12:07:09.403092750,controle,F04,False,paletizada,True,True,manha,31,244,False,0.61,0.64,0.54,0.0,0.79,2.58
R02735,2026-08-17 10:35:21.018175774,controle,F02,False,batida,True,True,manha,35,263,True,0.07,1.79,0.76,0.23,0.58,3.43
R02736,2026-08-17 14:27:42.362516520,controle,F12,False,batida,False,True,tarde,52,464,False,1.79,2.12,0.73,0.0,0.46,5.1
R02737,2026-08-17 11:39:54.488896351,controle,F02,False,paletizada,True,True,manha,49,299,False,0.69,0.73,0.59,0.0,1.29,3.3
R02738,2026-08-17 10:18:04.758864634,controle,F01,False,batida,True,False,manha,29,188,False,0.13,2.1,1.04,0.0,0.95,4.22
R02739,2026-08-17 17:36:06.499233597,controle,F06,False,batida,True,True,tarde,38,283,False,0.7,1.73,0.64,0.0,0.54,3.61
R02740,2026-08-17 14:05:52.733363470,controle,F01,False,paletizada,True,True,tarde,8,60,False,0.27,0.32,0.33,0.0,1.0,1.92
R02741,2026-08-17 17:38:50.316048106,controle,F03,True,paletizada,True,True,tarde,27,197,False,0.27,0.47,0.65,0.0,0.35,1.74
R02742,2026-08-17 14:16:20.721124073,controle,F01,False,batida,True,True,tarde,56,331,False,0.53,2.44,0.86,0.0,0.58,4.41
R02743,2026-08-18 15:02:54.035586092,controle,F01,False,batida,True,True,tarde,59,453,False,0.39,1.89,0.87,0.0,0.74,3.89
R02744,2026-08-18 15:21:26.993010960,controle,F01,False,batida,True,True,tarde,5,84,False,0.34,3.71,0.41,0.0,0.67,5.13
R02745,2026-08-18 08:11:03.368396090,controle,F04,False,paletizada,True,True,manha,23,107,False,0.3,0.51,0.54,0.0,1.02,2.37
R02746,2026-08-18 16:25:42.817793005,controle,F04,False,mista,True,True,tarde,3,35,False,0.32,0.82,0.23,0.0,0.43,1.8
R02747,2026-08-18 12:08:07.874151968,controle,F04,False,mista,True,True,manha,55,843,True,2.06,1.3,1.01,0.29,2.46,7.12
R02748,2026-08-18 11:26:37.015938859,controle,F09,False,batida,True,False,manha,59,940,False,0.93,1.83,2.08,0.0,1.03,5.87
R02749,2026-08-18 10:13:44.397383282,controle,F02,False,paletizada,True,True,manha,24,132,False,0.31,0.58,0.38,0.0,0.6,1.87
R02750,2026-08-18 13:14:23.851948966,controle,F01,False,paletizada,True,True,manha,17,181,False,1.4,0.49,0.37,0.0,0.79,3.05
R02751,2026-08-18 16:53:07.143840056,controle,F02,False,paletizada,True,False,tarde,23,229,False,0.54,0.4,1.17,0.0,0.32,2.43
R02752,2026-08-18 10:58:11.365302835,controle,F01,False,paletizada,True,True,manha,38,317,False,0.61,0.45,0.56,0.0,1.24,2.86
R02753,2026-08-18 17:31:10.329806359,controle,F04,False,mista,True,True,tarde,25,268,False,0.9,0.88,0.47,0.0,0.09,2.34
R02754,2026-08-18 19:56:50.772091894,controle,F04,False,paletizada,True,True,tarde,17,126,False,0.27,0.37,0.53,0.0,0.57,1.74
R02755,2026-08-18 16:52:21.003779578,controle,F11,False,paletizada,True,True,tarde,9,55,False,0.19,0.45,0.41,0.0,1.44,2.49
R02756,2026-08-18 10:26:20.848920752,controle,F04,False,batida,True,True,manha,30,217,False,0.37,1.17,0.72,0.0,0.58,2.84
R02757,2026-08-18 14:36:48.224544174,controle,F02,False,paletizada,True,True,tarde,3,52,False,0.19,0.58,0.24,0.0,0.5,1.51
R02758,2026-08-18 11:32:16.875521735,controle,F06,False,mista,True,True,manha,11,160,False,0.32,1.24,0.52,0.0,0.58,2.66
R02759,2026-08-18 08:22:33.610017968,controle,F01,False,paletizada,True,True,manha,49,530,False,0.23,0.5,0.47,0.0,0.64,1.84
R02760,2026-08-18 13:50:47.987394162,controle,F03,True,paletizada,True,True,manha,33,509,False,0.28,0.55,0.63,0.0,0.46,1.92
R02761,2026-08-18 06:26:39.320615648,controle,F01,False,paletizada,False,True,manha,39,174,False,1.06,0.5,0.68,0.0,0.65,2.89
R02762,2026-08-18 13:09:52.328321326,controle,F03,True,batida,True,True,manha,29,434,False,0.04,2.33,0.46,0.0,0.66,3.49
R02763,2026-08-18 09:19:02.260070205,controle,F07,True,batida,True,True,manha,35,448,False,0.23,2.53,0.45,0.0,0.95,4.16
R02764,2026-08-18 07:52:05.548099051,controle,F11,False,mista,True,True,manha,21,215,False,0.75,1.0,0.45,0.0,0.93,3.13
R02765,2026-08-18 11:45:10.469660090,controle,F02,False,paletizada,True,True,manha,55,848,False,0.68,0.84,0.92,0.0,1.33,3.77
R02766,2026-08-18 10:51:06.563190139,controle,F02,False,paletizada,True,True,manha,45,506,False,0.26,0.56,0.59,0.0,0.36,1.77
R02767,2026-08-18 16:59:56.561703936,controle,F12,False,mista,True,True,tarde,14,236,False,0.36,1.14,0.42,0.0,0.4,2.32
R02768,2026-08-18 16:52:30.041761720,controle,F03,True,batida,True,True,tarde,38,679,False,0.64,1.8,0.68,0.0,0.92,4.04
R02769,2026-08-18 19:54:31.986541152,controle,F01,False,paletizada,True,False,tarde,39,695,False,0.25,0.72,1.18,0.0,0.54,2.69
R02770,2026-08-18 13:42:06.869239149,controle,F07,True,paletizada,True,True,manha,11,184,False,0.52,0.43,0.31,0.0,0.82,2.08
R02771,2026-08-19 15:44:59.975299395,controle,F08,False,paletizada,True,True,tarde,25,109,False,0.19,0.64,0.43,0.0,0.72,1.98
R02772,2026-08-19 12:33:19.595970871,controle,F01,False,mista,True,True,manha,12,119,False,0.3,0.97,0.45,0.0,0.4,2.12
R02773,2026-08-19 12:51:10.671923970,controle,F04,False,paletizada,True,True,manha,57,279,False,0.37,0.41,0.78,0.0,0.7,2.26
R02774,2026-08-19 15:34:29.147180145,controle,F06,False,paletizada,True,False,tarde,16,241,False,0.19,0.4,0.63,0.0,0.51,1.73
R02775,2026-08-19 15:50:40.160885481,controle,F02,False,mista,True,True,tarde,52,648,False,0.3,1.27,0.85,0.0,2.51,4.93
R02776,2026-08-19 16:03:35.782727482,controle,F02,False,mista,True,False,tarde,32,423,False,0.41,1.27,1.47,0.0,0.38,3.53
R02777,2026-08-19 13:35:16.683795884,controle,F03,True,mista,True,True,manha,43,462,False,0.28,1.21,0.69,0.0,0.83,3.01
R02778,2026-08-19 08:55:24.572867350,controle,F01,False,paletizada,True,False,manha,28,287,False,0.24,0.61,1.34,0.0,0.98,3.17
R02779,2026-08-19 16:06:31.587546967,controle,F07,True,batida,True,True,tarde,46,196,False,0.6,1.78,0.86,0.0,0.16,3.4
R02780,2026-08-19 07:11:26.827243778,controle,F01,False,paletizada,True,True,manha,45,724,False,0.2,0.85,0.69,0.0,0.75,2.49
R02781,2026-08-19 14:39:06.646996947,controle,F02,False,paletizada,True,True,tarde,4,26,False,0.34,0.46,0.35,0.0,0.49,1.64
R02782,2026-08-19 10:19:48.334490770,controle,F09,False,batida,False,True,manha,11,138,False,0.99,1.24,0.33,0.0,0.34,2.9
R02783,2026-08-19 07:40:57.799454163,controle,F01,False,mista,True,True,manha,29,368,False,0.35,1.46,0.59,0.0,0.38,2.78
R02784,2026-08-19 14:07:55.114551354,controle,F02,False,paletizada,True,True,tarde,21,141,False,1.0,0.54,0.37,0.0,0.88,2.79
R02785,2026-08-19 12:19:14.853655516,controle,F07,True,paletizada,True,True,manha,27,111,False,0.24,0.35,0.53,0.0,1.48,2.6
R02786,2026-08-19 09:24:33.443798893,controle,F05,False,paletizada,True,True,manha,42,620,False,0.31,0.72,0.71,0.0,0.48,2.22
R02787,2026-08-19 14:00:03.373119421,controle,F07,True,batida,True,False,tarde,29,453,False,0.56,2.13,1.35,0.0,0.95,4.99
R02788,2026-08-19 10:47:37.831516281,controle,F07,True,batida,True,False,manha,19,276,False,1.19,1.58,0.87,0.0,1.01,4.65
R02789,2026-08-19 14:07:09.713100511,controle,F01,False,paletizada,True,True,tarde,41,344,False,1.03,0.53,0.65,0.0,0.67,2.88
R02790,2026-08-19 09:09:45.196692094,controle,F01,False,paletizada,True,False,manha,24,313,False,0.57,0.68,1.62,0.0,1.47,4.34
R02791,2026-08-19 14:07:03.921556512,controle,F06,False,mista,True,True,tarde,44,234,False,0.68,0.92,0.68,0.0,1.25,3.53
R02792,2026-08-19 14:32:33.132950667,controle,F02,False,mista,True,True,tarde,54,779,False,0.38,1.3,0.86,0.0,0.76,3.3
R02793,2026-08-19 09:08:22.912715317,controle,F03,True,mista,True,False,manha,43,723,False,0.39,1.21,1.41,0.0,0.63,3.64
R02794,2026-08-19 17:11:13.798181025,controle,F04,False,paletizada,True,False,tarde,3,25,False,0.31,0.36,0.41,0.0,0.86,1.94
R02795,2026-08-19 08:09:59.321771341,controle,F10,False,paletizada,True,True,manha,7,101,False,0.42,0.43,0.31,0.0,0.82,1.98
R02796,2026-08-19 14:29:54.479589244,controle,F02,False,batida,True,True,tarde,59,267,True,0.51,2.2,1.0,0.14,0.39,4.24
R02797,2026-08-19 10:23:07.875927668,controle,F02,False,batida,True,True,manha,7,83,False,0.43,1.93,0.42,0.0,0.71,3.49
R02798,2026-08-20 15:28:29.599188531,controle,F02,False,mista,True,True,tarde,29,310,False,0.62,0.84,0.71,0.0,0.94,3.11
R02799,2026-08-20 09:12:17.595713224,controle,F08,False,paletizada,True,False,manha,42,216,True,0.45,0.66,1.57,0.58,0.75,4.01
R02800,2026-08-20 12:46:42.644662600,controle,F01,False,batida,True,True,manha,59,978,False,0.75,2.31,0.65,0.0,0.64,4.35
R02801,2026-08-20 11:14:51.523621512,controle,F05,False,paletizada,True,True,manha,55,362,False,0.59,0.89,0.93,0.0,1.08,3.49
R02802,2026-08-20 17:17:27.539302239,controle,F01,False,paletizada,True,True,tarde,31,489,False,0.04,0.59,0.34,0.0,0.2,1.17
R02803,2026-08-20 09:32:21.787296392,controle,F08,False,paletizada,True,True,manha,52,269,False,0.68,0.52,0.83,0.0,0.62,2.65
R02804,2026-08-20 16:36:05.002204906,controle,F01,False,paletizada,True,True,tarde,59,366,False,0.25,0.53,0.84,0.0,1.22,2.84
R02805,2026-08-20 09:33:44.136791524,controle,F01,False,paletizada,True,True,manha,11,128,False,0.73,0.37,0.31,0.0,0.79,2.2
R02806,2026-08-20 11:38:39.865994829,controle,F12,False,paletizada,True,True,manha,38,559,False,0.37,0.68,0.81,0.0,1.43,3.29
R02807,2026-08-20 15:23:26.538073882,controle,F11,False,paletizada,False,True,tarde,21,139,False,1.54,0.46,0.47,0.0,0.57,3.04
R02808,2026-08-20 12:09:48.982739572,controle,F07,True,batida,True,True,manha,57,281,False,0.28,3.35,0.86,0.0,0.54,5.03
R02809,2026-08-20 08:19:06.915122425,controle,F05,False,paletizada,True,True,manha,5,77,False,0.73,0.41,0.26,0.0,0.72,2.12
R02810,2026-08-20 11:14:31.466942714,controle,F02,False,paletizada,True,True,manha,52,648,False,0.6,0.79,0.88,0.0,0.61,2.88
R02811,2026-08-20 12:52:39.793662451,controle,F03,True,mista,True,True,manha,46,230,False,0.28,1.06,0.62,0.0,0.58,2.54
R02812,2026-08-20 12:11:52.722410841,controle,F10,False,paletizada,True,True,manha,41,251,False,0.33,0.43,0.52,0.0,1.26,2.54
R02813,2026-08-20 15:01:56.527456062,controle,F01,False,paletizada,True,True,tarde,12,89,False,0.12,0.4,0.35,0.0,0.42,1.29
R02814,2026-08-20 14:04:46.685948260,controle,F01,False,paletizada,True,True,tarde,41,630,False,0.26,0.96,0.78,0.0,1.58,3.58
R02815,2026-08-20 12:57:09.425298164,controle,F01,False,batida,True,True,manha,38,213,False,0.36,2.33,0.57,0.0,0.43,3.69
R02816,2026-08-20 14:44:05.002748016,controle,F06,False,paletizada,True,True,tarde,44,417,False,0.25,0.72,1.02,0.0,1.19,3.18
R02817,2026-08-20 09:31:21.027376095,controle,F03,True,mista,True,True,manha,24,329,False,1.28,0.88,0.47,0.0,0.71,3.34
R02818,2026-08-20 11:24:34.327955790,controle,F08,False,paletizada,True,True,manha,59,654,False,0.39,0.92,1.05,0.0,0.82,3.18
R02819,2026-08-20 06:43:53.164667773,controle,F03,True,mista,True,True,manha,6,100,False,0.96,0.96,0.36,0.0,0.64,2.92
R02820,2026-08-20 09:45:51.095773659,controle,F03,True,paletizada,True,True,manha,20,220,False,0.0,0.43,0.59,0.0,0.96,1.98
R02821,2026-08-20 10:58:36.646186033,controle,F02,False,mista,True,True,manha,3,31,False,0.2,0.78,0.26,0.0,0.52,1.76
R02822,2026-08-20 07:28:57.714631881,controle,F05,False,paletizada,True,False,manha,9,58,False,0.53,0.43,0.81,0.0,0.83,2.6
R02823,2026-08-20 12:57:48.197609744,controle,F08,False,paletizada,False,True,manha,18,229,False,0.72,0.55,0.56,0.0,1.12,2.95
R02824,2026-08-20 20:06:04.631888898,controle,F01,False,batida,True,True,tarde,28,330,False,0.11,2.15,0.44,0.0,0.64,3.34
R02825,2026-08-21 14:23:33.325148284,controle,F02,False,paletizada,False,True,tarde,32,489,False,2.28,0.83,0.6,0.0,1.14,4.85
R02826,2026-08-21 06:31:44.976045309,controle,F01,False,batida,True,True,manha,4,52,True,0.91,1.91,0.28,0.87,0.27,4.24
R02827,2026-08-21 11:55:41.517441368,controle,F06,False,paletizada,True,True,manha,27,209,False,0.13,0.54,0.41,0.0,0.6,1.68
R02828,2026-08-21 16:03:42.705775245,controle,F02,False,paletizada,True,True,tarde,32,258,False,0.38,0.58,0.57,0.0,0.7,2.23
R02829,2026-08-21 17:00:46.384393179,controle,F01,False,mista,True,True,tarde,23,331,False,0.55,1.46,0.74,0.0,0.44,3.19
R02830,2026-08-21 15:49:50.145631021,controle,F02,False,batida,True,True,tarde,7,74,False,0.05,1.38,0.3,0.0,0.39,2.12
R02831,2026-08-21 21:36:13.660483716,controle,F04,False,paletizada,True,True,tarde,46,737,False,0.13,0.98,0.79,0.0,0.64,2.54
R02832,2026-08-21 12:03:33.964008775,controle,F02,False,batida,True,True,manha,23,353,False,0.85,1.66,0.39,0.0,0.42,3.32
R02833,2026-08-21 12:23:29.614291846,controle,F04,False,paletizada,True,True,manha,50,550,False,0.24,0.65,0.69,0.0,0.84,2.42
R02834,2026-08-21 11:55:37.077253294,controle,F01,False,mista,True,True,manha,51,375,False,0.32,1.28,0.73,0.0,0.78,3.11
R02835,2026-08-21 12:33:35.891829014,controle,F02,False,paletizada,True,True,manha,4,51,False,0.14,0.35,0.34,0.0,0.47,1.3
R02836,2026-08-21 11:59:02.128645590,controle,F07,True,mista,True,True,manha,28,168,False,0.31,1.26,0.55,0.0,1.67,3.79
R02837,2026-08-21 10:09:25.519949546,controle,F10,False,paletizada,True,True,manha,12,57,False,0.11,0.47,0.36,0.0,0.77,1.71
R02838,2026-08-21 10:17:46.839101229,controle,F09,False,paletizada,True,True,manha,9,44,False,0.69,0.51,0.37,0.0,0.94,2.51
R02839,2026-08-21 12:58:39.483690020,controle,F01,False,paletizada,True,True,manha,4,35,False,0.74,0.37,0.26,0.0,0.26,1.63
R02840,2026-08-21 10:34:34.559956408,controle,F02,False,batida,True,True,manha,34,433,False,0.33,1.68,0.83,0.0,0.48,3.32
R02841,2026-08-21 12:45:26.583793012,controle,F09,False,mista,False,True,manha,7,81,False,3.63,0.97,0.33,0.0,0.24,5.17
R02842,2026-08-21 13:52:59.969130711,controle,F04,False,batida,True,True,manha,12,186,False,0.27,1.61,0.37,0.0,0.28,2.53
R02843,2026-08-21 12:44:01.669933071,controle,F01,False,paletizada,True,True,manha,16,275,False,0.08,0.55,0.36,0.0,1.19,2.18
R02844,2026-08-21 13:06:34.691251352,controle,F01,False,paletizada,True,True,manha,12,154,False,0.39,0.79,0.41,0.0,0.88,2.47
R02845,2026-08-21 15:50:46.125890372,controle,F07,True,batida,True,True,tarde,9,76,False,0.49,2.22,0.35,0.0,1.47,4.53
R02846,2026-08-21 08:07:09.495763438,controle,F07,True,mista,True,True,manha,29,174,False,0.65,0.99,0.47,0.0,0.84,2.95
R02847,2026-08-21 11:59:24.086408010,controle,F04,False,batida,True,True,manha,13,171,False,0.44,1.98,0.36,0.0,0.46,3.24
R02848,2026-08-21 11:26:03.066153957,controle,F01,False,paletizada,True,True,manha,21,244,False,0.95,0.67,0.25,0.0,0.26,2.13
R02849,2026-08-21 18:39:18.176240221,controle,F02,False,batida,True,True,tarde,22,258,False,0.43,1.51,0.45,0.0,0.61,3.0
R02850,2026-08-21 14:56:51.500911729,controle,F07,True,paletizada,True,True,tarde,24,384,False,0.36,0.4,0.48,0.0,0.62,1.86
R02851,2026-08-21 15:17:12.889569512,controle,F12,False,batida,False,True,tarde,47,691,False,6.21,1.96,0.5,0.0,1.51,10.18
R02852,2026-08-21 13:30:24.885723275,controle,F03,True,batida,True,False,manha,46,317,False,0.28,1.99,1.25,0.0,0.81,4.33
R02853,2026-08-22 15:08:30.248496754,controle,F03,True,paletizada,True,True,tarde,19,150,False,0.37,0.56,0.27,0.0,1.56,2.76
R02854,2026-08-22 09:08:07.692604378,controle,F04,False,batida,True,True,manha,52,600,False,0.6,2.4,0.68,0.0,0.28,3.96
R02855,2026-08-22 16:40:28.915488717,controle,F05,False,batida,True,True,tarde,55,908,False,0.27,1.78,0.85,0.0,0.94,3.84
R02856,2026-08-22 16:07:04.442653020,controle,F01,False,paletizada,True,False,tarde,22,321,False,0.2,0.43,0.81,0.0,0.64,2.08
R02857,2026-08-22 13:01:03.462734125,controle,F01,False,batida,True,True,manha,37,575,False,0.88,2.58,0.57,0.0,2.24,6.27
R02858,2026-08-22 15:23:49.778197184,controle,F05,False,batida,True,True,tarde,38,650,True,0.32,1.97,0.75,0.33,1.25,4.62
R02859,2026-08-22 12:34:33.823499537,controle,F08,False,paletizada,True,True,manha,52,487,True,0.57,0.6,0.66,0.58,1.03,3.44
R02860,2026-08-22 17:02:57.206153922,controle,F02,False,paletizada,True,True,tarde,35,269,False,0.83,0.56,0.69,0.0,0.37,2.45
R02861,2026-08-22 09:26:26.031199941,controle,F01,False,paletizada,True,True,manha,32,541,False,0.22,0.64,0.67,0.0,1.22,2.75
R02862,2026-08-22 13:32:51.164618711,controle,F05,False,batida,True,True,manha,36,398,False,0.19,1.93,0.71,0.0,1.12,3.95
R02863,2026-08-22 11:27:46.402939227,controle,F06,False,mista,True,True,manha,49,291,False,1.13,0.95,0.84,0.0,0.72,3.64
R02864,2026-08-22 11:50:56.238479397,controle,F01,False,paletizada,True,True,manha,19,184,False,1.27,0.46,0.37,0.0,0.84,2.94
R02865,2026-08-24 14:35:33.782817930,controle,F01,False,mista,True,True,tarde,25,441,False,0.02,1.54,0.75,0.0,0.52,2.83
R02866,2026-08-24 12:11:23.267226472,controle,F01,False,paletizada,True,True,manha,55,254,True,0.65,0.74,1.0,1.08,0.91,4.38
R02867,2026-08-24 09:35:00.636272109,controle,F08,False,paletizada,True,True,manha,42,588,False,0.52,0.64,0.77,0.0,1.15,3.08
R02868,2026-08-24 06:55:26.038897644,controle,F02,False,mista,True,True,manha,44,558,False,0.27,1.01,0.87,0.0,0.69,2.84
R02869,2026-08-24 06:49:49.238847289,controle,F03,True,paletizada,True,False,manha,53,631,False,0.22,0.73,1.75,0.0,0.38,3.08
R02870,2026-08-24 09:47:58.528725554,controle,F12,False,batida,True,False,manha,27,176,False,0.33,1.8,1.51,0.0,0.39,4.03
R02871,2026-08-24 10:08:09.179592414,controle,F03,True,mista,True,True,manha,39,579,False,1.03,1.57,0.65,0.0,2.36,5.61
R02872,2026-08-24 14:55:48.555536077,controle,F09,False,batida,True,True,tarde,45,755,False,1.45,2.91,0.85,0.0,0.29,5.5
R02873,2026-08-24 09:08:49.174600804,controle,F11,False,paletizada,True,True,manha,8,75,False,0.97,0.26,0.44,0.0,0.84,2.51
R02874,2026-08-24 10:42:07.598592086,controle,F02,False,mista,True,True,manha,19,306,False,0.57,1.1,0.48,0.0,0.5,2.65
R02875,2026-08-24 10:36:24.628423633,controle,F08,False,paletizada,True,True,manha,27,168,False,0.16,0.46,0.62,0.0,1.05,2.29
R02876,2026-08-24 15:03:06.107930722,controle,F01,False,paletizada,True,True,tarde,44,339,False,0.4,0.48,0.68,0.0,0.26,1.82
R02877,2026-08-24 12:15:53.067829327,controle,F01,False,paletizada,True,True,manha,34,258,False,0.57,0.49,0.63,0.0,0.58,2.27
R02878,2026-08-24 13:48:50.021531092,controle,F03,True,batida,True,True,manha,35,315,False,0.21,2.02,0.43,0.0,0.61,3.27
R02879,2026-08-24 14:52:06.584414584,controle,F07,True,paletizada,True,True,tarde,25,324,False,0.86,0.58,0.5,0.0,1.83,3.77
R02880,2026-08-24 17:13:04.522537549,controle,F04,False,mista,True,True,tarde,6,84,False,0.34,0.79,0.31,0.0,0.61,2.05
R02881,2026-08-24 13:18:33.940221076,controle,F04,False,paletizada,True,True,manha,28,360,False,0.55,0.38,0.5,0.0,0.78,2.21
R02882,2026-08-24 11:41:36.356846002,controle,F07,True,mista,True,True,manha,20,153,False,0.47,0.83,0.32,0.0,1.0,2.62
R02883,2026-08-24 13:26:05.152702095,controle,F06,False,paletizada,True,True,manha,22,274,False,0.59,0.42,0.35,0.0,0.57,1.93
R02884,2026-08-24 15:53:51.966688642,controle,F10,False,paletizada,True,True,tarde,34,346,False,0.13,0.73,0.5,0.0,0.73,2.09
R02885,2026-08-24 12:29:10.193683754,controle,F02,False,batida,True,True,manha,17,115,True,0.14,2.86,0.43,0.55,0.21,4.19
R02886,2026-08-24 18:00:13.467711128,controle,F04,False,paletizada,True,True,tarde,51,526,False,0.09,0.63,0.61,0.0,1.18,2.51
R02887,2026-08-24 15:46:40.782240318,controle,F11,False,batida,True,True,tarde,19,81,False,0.41,1.55,0.37,0.0,1.21,3.54
R02888,2026-08-24 11:29:37.831961630,controle,F01,False,batida,True,True,manha,37,300,False,0.86,2.03,0.73,0.0,0.52,4.14
R02889,2026-08-24 13:48:00.058071366,controle,F01,False,paletizada,True,True,manha,26,403,False,0.77,0.78,0.62,0.0,0.68,2.85
R02890,2026-08-24 11:22:37.558995448,controle,F02,False,paletizada,True,True,manha,24,308,False,0.7,0.54,0.5,0.0,0.49,2.23
R02891,2026-08-24 13:51:59.481871088,controle,F08,False,mista,True,True,manha,9,59,False,0.33,0.7,0.24,0.0,0.77,2.04
R02892,2026-08-24 15:16:29.127189565,controle,F01,False,paletizada,True,True,tarde,46,515,False,1.42,0.75,0.57,0.0,1.47,4.21
R02893,2026-08-24 12:24:41.761472738,controle,F01,False,paletizada,True,True,manha,49,829,False,0.75,0.65,0.67,0.0,0.42,2.49
R02894,2026-08-24 15:48:21.209759240,controle,F06,False,paletizada,True,True,tarde,56,617,False,0.12,0.57,0.67,0.0,0.65,2.01
R02895,2026-08-24 06:00:00.000000000,controle,F09,False,mista,True,True,manha,31,338,False,1.41,1.04,0.59,0.0,1.09,4.13
R02896,2026-08-24 12:35:27.533498031,controle,F02,False,mista,True,True,manha,29,350,False,1.19,1.0,0.64,0.0,0.14,2.97
R02897,2026-08-24 12:49:40.022230850,controle,F12,False,mista,True,True,manha,52,811,False,0.39,1.24,0.79,0.0,1.41,3.83
R02898,2026-08-24 06:40:25.660761934,controle,F01,False,mista,True,True,manha,57,821,True,0.47,1.49,1.0,0.17,0.76,3.89
R02899,2026-08-25 13:06:41.805154461,controle,F05,False,paletizada,True,True,manha,14,158,False,0.15,0.28,0.38,0.0,0.4,1.21
R02900,2026-08-25 15:26:31.523393479,controle,F07,True,paletizada,True,True,tarde,32,554,False,0.66,0.57,0.37,0.0,0.67,2.27
R02901,2026-08-25 13:44:56.542755958,controle,F01,False,paletizada,True,True,manha,19,98,True,0.2,0.49,0.45,2.32,0.45,3.91
R02902,2026-08-25 12:11:28.163895795,controle,F04,False,batida,False,True,manha,8,126,False,1.21,2.05,0.31,0.0,0.58,4.15
R02903,2026-08-25 13:27:29.865557426,controle,F02,False,paletizada,True,True,manha,6,61,False,0.71,0.29,0.3,0.0,0.83,2.13
R02904,2026-08-25 11:57:07.582253007,controle,F02,False,mista,True,False,manha,17,192,False,0.39,0.83,1.01,0.0,0.66,2.89
R02905,2026-08-25 11:15:42.340424767,controle,F05,False,batida,True,True,manha,56,375,False,0.25,2.62,0.78,0.0,0.92,4.57
R02906,2026-08-25 12:54:38.655717620,controle,F03,True,mista,False,True,manha,38,530,False,2.06,1.19,1.09,0.0,0.52,4.86
R02907,2026-08-25 14:28:56.329854265,controle,F02,False,batida,True,True,tarde,40,389,False,0.69,2.2,0.74,0.0,0.41,4.04
R02908,2026-08-25 18:22:09.272251455,controle,F03,True,batida,True,True,tarde,3,52,False,0.08,2.06,0.33,0.0,0.91,3.38
R02909,2026-08-25 14:48:27.015047233,controle,F03,True,batida,True,True,tarde,47,636,False,0.15,2.65,0.81,0.0,1.23,4.84
R02910,2026-08-25 14:30:00.356552920,controle,F11,False,batida,True,True,tarde,52,915,False,0.1,2.72,1.17,0.0,0.47,4.46
R02911,2026-08-25 11:54:12.382656087,controle,F05,False,batida,True,True,manha,58,597,False,0.15,3.79,0.78,0.0,1.34,6.06
R02912,2026-08-25 10:44:00.078651571,controle,F01,False,batida,True,True,manha,15,86,False,0.79,1.5,0.32,0.0,0.76,3.37
R02913,2026-08-25 09:20:16.140582927,controle,F07,True,batida,False,False,manha,38,246,False,1.62,1.79,1.37,0.0,0.47,5.25
R02914,2026-08-25 11:44:05.734051116,controle,F03,True,batida,True,True,manha,58,275,False,0.6,1.98,0.89,0.0,0.66,4.13
R02915,2026-08-25 15:30:05.376876418,controle,F04,False,batida,False,True,tarde,24,107,False,2.89,1.6,0.38,0.0,0.93,5.8
R02916,2026-08-25 15:47:28.042070802,controle,F05,False,mista,True,True,tarde,27,426,False,0.45,1.19,0.72,0.0,1.18,3.54
R02917,2026-08-25 12:46:57.389717575,controle,F03,True,paletizada,True,True,manha,58,925,False,0.61,0.81,1.32,0.0,0.69,3.43
R02918,2026-08-25 09:11:19.878629564,controle,F06,False,paletizada,True,False,manha,5,85,False,0.54,0.71,0.66,0.0,0.63,2.54
R02919,2026-08-25 13:45:44.554609965,controle,F03,True,mista,True,True,manha,40,445,False,0.49,1.22,0.78,0.0,0.48,2.97
R02920,2026-08-25 13:44:46.582559930,controle,F01,False,mista,True,True,manha,36,647,False,0.98,1.19,0.51,0.0,0.83,3.51
R02921,2026-08-25 12:31:44.055469480,controle,F01,False,paletizada,True,True,manha,54,661,False,0.1,0.79,0.61,0.0,0.63,2.13
R02922,2026-08-25 15:52:53.512986684,controle,F04,False,batida,True,True,tarde,44,288,False,0.27,1.41,0.64,0.0,0.92,3.24
R02923,2026-08-25 16:52:41.074054770,controle,F02,False,paletizada,True,True,tarde,7,122,False,0.33,0.52,0.38,0.0,0.84,2.07
R02924,2026-08-25 17:17:36.750766916,controle,F02,False,paletizada,True,True,tarde,51,733,False,0.57,0.84,0.61,0.0,0.55,2.57
R02925,2026-08-26 14:45:45.303115129,controle,F01,False,mista,True,True,tarde,46,438,False,0.24,1.31,0.65,0.0,0.32,2.52
R02926,2026-08-26 10:08:33.636003910,controle,F01,False,batida,False,True,manha,43,582,False,2.52,2.09,0.75,0.0,0.35,5.71
R02927,2026-08-26 12:27:36.760610026,controle,F02,False,paletizada,False,True,manha,28,247,False,0.35,0.43,0.42,0.0,0.85,2.05
R02928,2026-08-26 13:42:13.649852775,controle,F01,False,paletizada,True,True,manha,15,86,False,0.21,0.54,0.36,0.0,0.31,1.42
R02929,2026-08-26 22:35:32.571219447,controle,F01,False,batida,True,True,noite,29,150,False,0.27,2.2,0.78,0.0,1.84,5.09
R02930,2026-08-26 11:36:54.843273651,controle,F03,True,batida,True,True,manha,52,704,False,0.39,2.31,1.12,0.0,0.43,4.25
R02931,2026-08-26 11:34:22.841752774,controle,F01,False,paletizada,True,True,manha,34,601,False,0.26,0.66,0.62,0.0,1.55,3.09
R02932,2026-08-26 10:44:56.335046337,controle,F02,False,mista,True,True,manha,22,125,False,0.93,1.16,0.53,0.0,0.42,3.04
R02933,2026-08-26 16:13:42.722365069,controle,F03,True,paletizada,True,True,tarde,43,691,False,0.77,0.73,0.5,0.0,0.7,2.7
R02934,2026-08-26 11:08:35.971225990,controle,F07,True,paletizada,True,True,manha,40,497,True,0.07,0.62,0.76,0.67,1.01,3.13
R02935,2026-08-26 11:48:44.723063347,controle,F03,True,paletizada,True,False,manha,32,195,False,0.33,0.55,1.34,0.0,0.91,3.13
R02936,2026-08-26 12:36:41.962952966,controle,F01,False,paletizada,True,True,manha,7,40,False,0.37,0.37,0.38,0.0,0.3,1.42
R02937,2026-08-26 12:12:38.272605292,controle,F06,False,mista,True,True,manha,51,340,False,0.74,1.25,0.81,0.0,1.23,4.03
R02938,2026-08-26 13:33:02.027405311,controle,F07,True,batida,True,True,manha,8,87,False,0.28,1.78,0.3,0.0,0.53,2.89
R02939,2026-08-26 15:46:27.057958924,controle,F02,False,paletizada,True,True,tarde,55,228,False,0.36,0.58,0.65,0.0,0.49,2.08
R02940,2026-08-26 16:32:37.857313287,controle,F04,False,batida,True,True,tarde,38,253,True,0.41,1.42,0.53,1.15,0.75,4.26
R02941,2026-08-26 09:39:19.728543769,controle,F06,False,paletizada,True,True,manha,56,379,False,0.55,0.55,0.68,0.0,0.83,2.61
R02942,2026-08-26 13:01:38.179310300,controle,F03,True,paletizada,True,True,manha,55,424,False,0.04,0.54,0.94,0.0,1.46,2.98
R02943,2026-08-26 12:44:06.697071344,controle,F09,False,batida,True,True,manha,12,65,True,0.4,1.32,0.49,0.12,0.94,3.27
R02944,2026-08-26 11:04:15.326921845,controle,F01,False,paletizada,True,True,manha,10,118,False,0.76,0.62,0.26,0.0,0.67,2.31
R02945,2026-08-27 10:09:15.079823780,controle,F11,False,mista,False,True,manha,31,294,False,1.7,1.02,0.44,0.0,0.57,3.73
R02946,2026-08-27 10:33:32.795844620,controle,F01,False,paletizada,True,True,manha,17,135,False,0.27,0.31,0.23,0.0,0.16,0.97
R02947,2026-08-27 10:33:45.164147695,controle,F06,False,paletizada,True,False,manha,33,363,False,0.62,0.87,1.0,0.0,1.27,3.76
R02948,2026-08-27 10:57:38.374057929,controle,F06,False,mista,True,True,manha,24,244,False,0.45,1.02,0.58,0.0,0.51,2.56
R02949,2026-08-27 20:55:13.876416868,controle,F10,False,batida,True,True,tarde,41,449,False,0.51,2.2,0.82,0.0,0.39,3.92
R02950,2026-08-27 12:57:54.612020728,controle,F01,False,mista,True,True,manha,55,679,True,0.06,1.22,1.12,0.62,0.51,3.53
R02951,2026-08-27 11:27:47.860678382,controle,F07,True,batida,True,True,manha,59,447,False,0.21,2.65,1.23,0.0,0.73,4.82
R02952,2026-08-27 06:32:28.128088201,controle,F03,True,paletizada,True,True,manha,9,96,False,0.85,0.73,0.29,0.0,0.9,2.77
R02953,2026-08-27 15:27:07.621073409,controle,F03,True,paletizada,True,True,tarde,5,62,True,0.11,0.38,0.24,1.7,0.12,2.55
R02954,2026-08-27 09:23:46.568430466,controle,F08,False,paletizada,True,True,manha,58,956,False,0.31,0.87,1.23,0.0,0.49,2.9
R02955,2026-08-27 15:02:45.844358348,controle,F01,False,mista,True,True,tarde,21,247,False,0.17,1.12,0.5,0.0,1.46,3.25
R02956,2026-08-27 15:27:57.648078216,controle,F01,False,batida,True,True,tarde,56,363,False,0.64,1.35,0.99,0.0,0.41,3.39
R02957,2026-08-27 10:24:26.773944735,controle,F01,False,paletizada,True,True,manha,10,53,False,0.54,0.34,0.3,0.0,0.3,1.48
R02958,2026-08-27 14:22:04.891363784,controle,F01,False,paletizada,True,True,tarde,40,427,False,0.96,0.65,0.72,0.0,1.02,3.35
R02959,2026-08-27 18:24:27.405577688,controle,F10,False,paletizada,True,True,tarde,47,432,True,0.79,0.6,0.84,0.82,0.5,3.55
R02960,2026-08-27 09:19:05.121887880,controle,F04,False,paletizada,False,True,manha,33,231,False,3.23,0.65,0.63,0.0,0.58,5.09
R02961,2026-08-27 07:44:05.205550754,controle,F06,False,mista,True,True,manha,40,446,False,0.38,1.09,0.71,0.0,0.64,2.82
R02962,2026-08-27 12:18:31.246141104,controle,F01,False,paletizada,True,True,manha,24,395,False,0.72,0.54,0.69,0.0,0.57,2.52
R02963,2026-08-27 10:52:43.491932122,controle,F01,False,paletizada,True,True,manha,17,144,False,0.4,0.45,0.59,0.0,1.8,3.24
R02964,2026-08-27 13:25:46.225392128,controle,F01,False,paletizada,True,True,manha,47,215,False,0.68,0.68,0.85,0.0,0.98,3.19
R02965,2026-08-27 11:29:37.180773042,controle,F01,False,mista,True,True,manha,42,349,False,0.21,0.8,0.58,0.0,1.12,2.71
R02966,2026-08-27 11:47:04.071137427,controle,F04,False,paletizada,True,True,manha,59,931,False,0.37,0.81,0.61,0.0,0.45,2.24
R02967,2026-08-27 15:06:55.203907719,controle,F06,False,paletizada,True,False,tarde,20,119,False,0.93,0.53,0.8,0.0,0.24,2.5
R02968,2026-08-28 08:56:28.412781057,controle,F01,False,paletizada,True,False,manha,14,89,False,0.37,0.27,0.85,0.0,1.33,2.82
R02969,2026-08-28 10:08:31.190522499,controle,F03,True,batida,True,True,manha,11,114,False,0.33,1.68,0.3,0.0,0.43,2.74
R02970,2026-08-28 16:43:13.952730374,controle,F01,False,mista,True,True,tarde,18,187,False,0.26,1.17,0.42,0.0,0.94,2.79
R02971,2026-08-28 15:56:36.018301700,controle,F01,False,paletizada,True,True,tarde,10,129,False,0.46,0.65,0.47,0.0,0.4,1.98
R02972,2026-08-28 14:58:12.860296572,controle,F02,False,batida,True,True,tarde,28,488,False,0.36,2.56,0.59,0.0,1.36,4.87
R02973,2026-08-28 11:32:19.071332718,controle,F11,False,mista,True,True,manha,29,509,False,0.25,0.8,0.4,0.0,0.52,1.97
R02974,2026-08-28 11:15:38.446976217,controle,F02,False,mista,True,True,manha,16,92,False,0.46,0.81,0.44,0.0,0.56,2.27
R02975,2026-08-28 17:51:26.271274860,controle,F02,False,mista,True,True,tarde,25,103,False,0.59,0.8,0.66,0.0,0.46,2.51
R02976,2026-08-28 17:00:22.436155893,controle,F10,False,paletizada,True,False,tarde,13,223,False,0.63,0.41,1.15,0.0,0.63,2.82
R02977,2026-08-28 15:57:15.261371460,controle,F06,False,paletizada,True,False,tarde,29,363,False,0.64,0.53,0.72,0.0,0.7,2.59
R02978,2026-08-28 06:52:26.775863367,controle,F09,False,mista,True,True,manha,53,788,False,0.13,1.35,0.72,0.0,0.93,3.13
R02979,2026-08-28 14:53:10.813526448,controle,F12,False,paletizada,True,True,tarde,46,325,True,0.14,0.46,0.75,0.53,0.67,2.55
R02980,2026-08-28 10:36:38.683584500,controle,F02,False,batida,True,True,manha,33,424,False,0.33,1.7,0.51,0.0,0.5,3.04
R02981,2026-08-28 15:54:17.238503584,controle,F07,True,batida,False,True,tarde,35,551,True,9.02,1.52,0.54,0.1,0.67,11.85
R02982,2026-08-28 11:01:53.575249836,controle,F06,False,batida,True,True,manha,17,82,False,0.43,1.22,0.31,0.0,0.63,2.59
R02983,2026-08-28 10:07:12.991009760,controle,F02,False,paletizada,True,True,manha,24,409,False,0.28,0.69,0.45,0.0,0.81,2.23
R02984,2026-08-28 14:15:36.827134898,controle,F04,False,mista,True,True,tarde,54,892,False,0.5,1.28,0.86,0.0,0.67,3.31
R02985,2026-08-28 10:05:35.103941674,controle,F02,False,paletizada,True,True,manha,42,223,True,0.11,0.63,0.65,0.96,0.39,2.74
R02986,2026-08-28 15:01:22.875957699,controle,F06,False,batida,True,True,tarde,4,61,True,0.4,1.82,0.38,0.09,0.48,3.17
R02987,2026-08-28 13:40:16.167652528,controle,F07,True,mista,True,True,manha,54,359,False,0.18,1.0,0.73,0.0,0.87,2.78
R02988,2026-08-28 12:36:40.428067298,controle,F01,False,batida,True,True,manha,30,509,False,0.4,3.35,0.66,0.0,1.21,5.62
R02989,2026-08-28 12:34:56.425321520,controle,F02,False,paletizada,True,False,manha,24,364,False,0.48,0.63,1.02,0.0,0.82,2.95
R02990,2026-08-28 15:39:55.740006770,controle,F01,False,paletizada,True,True,tarde,51,676,False,1.07,0.58,0.66,0.0,0.57,2.88
R02991,2026-08-28 14:30:40.973517133,controle,F01,False,batida,True,True,tarde,15,172,False,0.33,1.46,0.45,0.0,0.85,3.09
R02992,2026-08-28 14:51:55.871655933,controle,F01,False,paletizada,True,False,tarde,48,397,False,0.31,0.54,1.57,0.0,1.6,4.02
R02993,2026-08-28 11:56:35.581409318,controle,F10,False,paletizada,True,True,manha,15,169,True,0.11,0.57,0.37,0.64,0.3,1.99
R02994,2026-08-28 16:41:57.109279138,controle,F01,False,batida,True,True,tarde,24,307,False,0.79,2.04,0.32,0.0,2.8,5.95
R02995,2026-08-29 12:29:48.145840612,controle,F07,True,mista,True,True,manha,32,512,False,0.17,1.18,0.51,0.0,1.35,3.21
R02996,2026-08-29 10:42:37.233654937,controle,F09,False,paletizada,True,True,manha,16,154,False,0.92,0.51,0.34,0.0,0.65,2.42
R02997,2026-08-29 10:22:35.321023477,controle,F05,False,batida,True,True,manha,15,140,False,0.57,1.73,0.48,0.0,1.76,4.54
R02998,2026-08-29 10:59:49.083164620,controle,F02,False,batida,True,False,manha,55,389,False,0.03,2.52,1.43,0.0,1.52,5.5
R02999,2026-08-29 18:15:04.749091725,controle,F07,True,paletizada,True,False,tarde,4,18,False,0.67,0.4,0.36,0.0,0.67,2.1
R03000,2026-08-31 17:18:49.351517647,controle,F01,False,mista,True,True,tarde,52,693,False,0.07,1.33,0.73,0.0,0.72,2.85
R03001,2026-08-31 17:04:55.876514916,controle,F03,True,batida,True,True,tarde,29,375,False,0.19,3.68,0.59,0.0,1.13,5.59
R03002,2026-08-31 17:15:39.157641468,controle,F05,False,paletizada,False,True,tarde,44,390,False,4.08,0.58,0.55,0.0,0.66,5.87
R03003,2026-08-31 13:24:03.518886621,controle,F03,True,batida,True,True,manha,18,226,False,0.02,2.14,0.49,0.0,0.55,3.2
R03004,2026-08-31 15:55:54.366428740,controle,F02,False,paletizada,True,True,tarde,55,615,False,0.51,0.63,0.83,0.0,0.76,2.73
R03005,2026-08-31 09:21:37.185601939,controle,F04,False,batida,True,True,manha,23,186,False,0.23,1.62,0.5,0.0,0.21,2.56
R03006,2026-08-31 14:44:58.446797179,controle,F01,False,mista,True,True,tarde,23,174,False,0.79,0.93,0.51,0.0,0.41,2.64
R03007,2026-08-31 19:59:20.802459717,controle,F07,True,batida,True,True,tarde,30,167,False,0.01,1.48,0.39,0.0,0.75,2.63
R03008,2026-08-31 12:45:42.944614866,controle,F03,True,paletizada,True,True,manha,14,159,False,0.23,0.38,0.36,0.0,0.72,1.69
R03009,2026-08-31 15:23:31.823463534,controle,F10,False,mista,True,True,tarde,27,130,True,0.07,1.42,0.55,0.63,0.25,2.92
R03010,2026-08-31 06:00:00.000000000,controle,F01,False,paletizada,True,False,manha,20,181,False,0.48,0.42,0.8,0.0,0.82,2.52
R03011,2026-08-31 11:19:31.874602497,controle,F03,True,paletizada,True,False,manha,15,183,True,0.38,0.48,0.71,1.49,0.9,3.96
R03012,2026-08-31 06:00:00.000000000,controle,F07,True,batida,True,True,manha,17,146,True,0.95,1.5,0.6,0.96,0.36,4.37
R03013,2026-08-31 08:20:49.928144892,controle,F02,False,mista,True,True,manha,18,249,False,0.12,0.94,0.43,0.0,0.62,2.11
R03014,2026-08-31 09:44:44.951982082,controle,F05,False,paletizada,True,True,manha,3,43,False,0.19,0.24,0.34,0.0,0.56,1.33
R03015,2026-08-31 13:52:02.146631721,controle,F06,False,paletizada,True,True,manha,48,265,False,0.16,0.58,0.79,0.0,0.54,2.07
R03016,2026-08-31 07:42:39.315427416,controle,F01,False,paletizada,True,True,manha,52,685,False,0.4,0.67,0.9,0.0,0.58,2.55
R03017,2026-08-31 16:16:28.921416481,controle,F03,True,batida,True,True,tarde,36,332,False,0.31,2.45,0.71,0.0,1.13,4.6
R03018,2026-08-31 16:10:51.600122770,controle,F11,False,paletizada,True,True,tarde,36,592,False,0.96,0.76,0.51,0.0,1.4,3.63
R03019,2026-08-31 16:29:05.733083720,controle,F06,False,paletizada,True,True,tarde,54,483,False,0.8,0.59,0.66,0.0,0.82,2.87
R03020,2026-08-31 14:11:43.979860449,controle,F03,True,paletizada,True,True,tarde,37,442,False,0.36,0.5,0.59,0.0,0.77,2.22
R03021,2026-08-31 07:39:48.144113614,controle,F04,False,paletizada,True,True,manha,58,725,False,0.5,0.8,0.82,0.0,0.61,2.73
R03022,2026-08-31 07:23:17.734216545,controle,F06,False,batida,True,True,manha,26,179,False,0.1,1.7,0.36,0.0,1.0,3.16
R03023,2026-08-31 08:08:37.756295037,controle,F03,True,batida,False,True,manha,40,249,False,3.36,1.59,0.62,0.0,0.54,6.11
R03024,2026-09-01 13:23:03.222970548,controle,F06,False,mista,True,True,manha,21,227,False,0.65,0.6,0.32,0.0,0.46,2.03
R03025,2026-09-01 06:00:00.000000000,controle,F01,False,mista,True,True,manha,28,257,False,0.33,0.92,0.64,0.0,0.41,2.3
R03026,2026-09-01 11:39:10.931916423,controle,F01,False,paletizada,True,True,manha,34,480,False,1.45,0.74,0.61,0.0,0.72,3.52
R03027,2026-09-01 10:31:56.788310157,controle,F04,False,batida,True,False,manha,16,269,False,0.41,1.73,0.73,0.0,0.48,3.35
R03028,2026-09-01 10:11:48.775532449,controle,F02,False,paletizada,True,True,manha,50,478,False,0.42,0.69,0.82,0.0,0.8,2.73
R03029,2026-09-01 18:19:38.913438392,controle,F03,True,batida,True,True,tarde,46,635,False,0.41,2.2,0.72,0.0,0.15,3.48
R03030,2026-09-01 12:26:37.107059460,controle,F09,False,paletizada,True,True,manha,19,280,False,0.08,0.55,0.33,0.0,0.91,1.87
R03031,2026-09-01 07:14:21.451222651,controle,F03,True,paletizada,True,True,manha,50,528,False,1.74,0.83,0.66,0.0,0.62,3.85
R03032,2026-09-01 09:02:31.012139378,controle,F04,False,mista,True,True,manha,25,444,False,0.89,1.7,0.46,0.0,0.96,4.01
R03033,2026-09-01 13:21:36.091191880,controle,F02,False,paletizada,True,True,manha,51,322,True,0.55,0.63,0.87,2.21,0.63,4.89
R03034,2026-09-01 10:24:50.003342701,controle,F01,False,paletizada,True,True,manha,32,506,False,0.1,0.59,0.62,0.0,0.42,1.73
R03035,2026-09-01 14:39:54.628628223,controle,F06,False,paletizada,True,True,tarde,34,196,False,0.58,0.88,0.64,0.0,0.87,2.97
R03036,2026-09-01 14:48:43.392570429,controle,F04,False,mista,True,True,tarde,3,14,False,1.17,1.16,0.24,0.0,0.89,3.46
R03037,2026-09-01 12:13:31.962263415,controle,F07,True,batida,True,True,manha,11,135,False,0.56,1.94,0.29,0.0,0.78,3.57
R03038,2026-09-01 12:23:10.297659742,controle,F03,True,paletizada,True,False,manha,35,474,False,0.72,0.54,1.3,0.0,0.58,3.14
R03039,2026-09-01 07:57:50.848701004,controle,F08,False,paletizada,True,True,manha,18,73,False,0.92,0.53,0.54,0.0,1.19,3.18
R03040,2026-09-01 07:21:55.368845492,controle,F01,False,batida,True,True,manha,57,991,False,0.9,2.08,0.6,0.0,0.51,4.09
R03041,2026-09-01 12:33:29.482030659,controle,F11,False,paletizada,True,True,manha,10,98,False,1.21,0.35,0.28,0.0,0.76,2.6
R03042,2026-09-01 13:47:05.626824565,controle,F06,False,paletizada,True,True,manha,29,121,True,0.5,0.48,0.63,2.52,0.76,4.89
R03043,2026-09-01 12:56:02.867231536,controle,F01,False,mista,True,False,manha,46,741,False,0.14,1.16,1.72,0.0,0.63,3.65
R03044,2026-09-01 08:08:46.845841822,controle,F01,False,paletizada,False,True,manha,58,575,False,2.69,0.7,0.96,0.0,0.53,4.88
R03045,2026-09-01 09:24:47.148198944,controle,F05,False,batida,True,True,manha,30,485,False,0.17,1.86,0.51,0.0,1.12,3.66
R03046,2026-09-01 11:39:12.472248132,controle,F08,False,paletizada,True,True,manha,31,256,False,0.28,0.53,0.48,0.0,0.54,1.83
R03047,2026-09-01 11:51:07.723194447,controle,F03,True,batida,True,True,manha,7,92,False,0.77,2.01,0.42,0.0,0.8,4.0
R03048,2026-09-01 15:05:29.364230763,controle,F09,False,mista,True,True,tarde,25,341,False,0.36,0.72,0.46,0.0,1.04,2.58
R03049,2026-09-01 09:20:00.693620008,controle,F06,False,paletizada,True,True,manha,5,56,False,0.25,0.43,0.22,0.0,0.78,1.68
R03050,2026-09-02 08:53:23.142850310,controle,F01,False,mista,True,True,manha,41,332,False,0.09,1.07,0.63,0.0,1.19,2.98
R03051,2026-09-02 16:37:43.007991751,controle,F02,False,paletizada,True,True,tarde,4,27,False,0.34,0.45,0.27,0.0,1.82,2.88
R03052,2026-09-02 11:15:44.318695644,controle,F07,True,batida,True,True,manha,5,72,False,0.28,1.59,0.25,0.0,0.6,2.72
R03053,2026-09-02 10:30:28.362538634,controle,F01,False,paletizada,True,True,manha,37,179,False,0.54,0.47,0.72,0.0,0.53,2.26
R03054,2026-09-02 16:46:55.040488280,controle,F03,True,batida,True,True,tarde,59,866,True,0.25,2.39,1.13,0.33,0.56,4.66
R03055,2026-09-02 16:03:24.904372849,controle,F12,False,mista,False,True,tarde,3,54,False,2.87,1.28,0.27,0.0,1.08,5.5
R03056,2026-09-02 09:00:53.185859049,controle,F06,False,mista,True,True,manha,51,418,True,0.79,0.98,0.65,0.1,0.5,3.02
R03057,2026-09-02 11:44:28.844542791,controle,F01,False,batida,True,True,manha,8,143,False,0.2,1.65,0.33,0.0,0.66,2.84
R03058,2026-09-02 12:05:11.947711934,controle,F03,True,batida,True,True,manha,53,672,False,0.17,1.94,0.89,0.0,0.43,3.43
R03059,2026-09-02 12:07:36.596371648,controle,F04,False,mista,True,True,manha,42,619,False,0.57,1.34,0.46,0.0,0.54,2.91
R03060,2026-09-02 10:40:37.878040167,controle,F04,False,batida,True,False,manha,43,553,True,0.4,2.18,1.69,0.61,0.61,5.49
R03061,2026-09-02 10:43:26.338090648,controle,F01,False,batida,True,True,manha,34,146,False,0.11,1.51,0.49,0.0,0.59,2.7
R03062,2026-09-02 06:00:00.000000000,controle,F03,True,paletizada,True,True,manha,33,180,True,0.15,0.46,0.55,2.09,0.59,3.84
R03063,2026-09-02 13:59:55.692906511,controle,F03,True,batida,True,True,manha,45,531,False,0.58,3.79,0.87,0.0,0.55,5.79
R03064,2026-09-02 11:53:09.399307207,controle,F01,False,batida,True,True,manha,13,167,False,0.98,1.54,0.49,0.0,0.95,3.96
R03065,2026-09-02 19:56:39.542182828,controle,F08,False,batida,True,True,tarde,8,64,False,0.46,2.15,0.39,0.0,0.13,3.13
R03066,2026-09-02 13:08:11.164887546,controle,F03,True,batida,True,True,manha,35,371,False,0.41,1.4,0.48,0.0,0.98,3.27
R03067,2026-09-02 11:33:54.399547180,controle,F04,False,batida,True,False,manha,13,76,False,0.64,1.82,0.85,0.0,0.33,3.64
R03068,2026-09-02 16:24:03.337632712,controle,F04,False,paletizada,False,True,tarde,54,441,False,1.13,0.78,0.9,0.0,0.81,3.62
R03069,2026-09-02 13:36:43.720621056,controle,F05,False,mista,True,True,manha,10,122,False,0.27,1.16,0.4,0.0,0.81,2.64
R03070,2026-09-03 13:25:48.549861552,controle,F01,False,batida,True,True,manha,34,580,False,0.64,2.11,0.63,0.0,0.28,3.66
R03071,2026-09-03 21:36:33.452150378,controle,F03,True,batida,True,True,tarde,26,257,False,1.22,1.14,0.53,0.0,0.44,3.33
R03072,2026-09-03 16:29:32.002375772,controle,F04,False,paletizada,True,False,tarde,50,583,False,0.27,0.81,1.45,0.0,0.65,3.18
R03073,2026-09-03 15:30:04.558544949,controle,F01,False,paletizada,True,True,tarde,4,38,False,0.34,0.55,0.26,0.0,0.19,1.34
R03074,2026-09-03 14:49:12.351184593,controle,F05,False,paletizada,True,True,tarde,8,120,False,0.26,0.39,0.25,0.0,0.79,1.69
R03075,2026-09-03 13:48:03.989919729,controle,F07,True,paletizada,True,True,manha,51,431,False,0.19,0.67,0.86,0.0,0.9,2.62
R03076,2026-09-03 11:51:53.807917644,controle,F06,False,mista,True,True,manha,35,429,False,1.38,1.05,0.46,0.0,1.09,3.98
R03077,2026-09-03 13:27:53.342085171,controle,F04,False,batida,True,True,manha,58,1037,False,0.27,2.71,0.64,0.0,0.66,4.28
R03078,2026-09-03 15:20:04.922521238,controle,F03,True,paletizada,True,True,tarde,37,423,False,0.7,0.62,0.55,0.0,0.5,2.37
R03079,2026-09-03 09:02:29.851849924,controle,F05,False,batida,True,False,manha,6,60,False,1.14,2.07,0.66,0.0,1.03,4.9
R03080,2026-09-03 13:34:10.808624017,controle,F03,True,paletizada,True,True,manha,3,24,False,0.46,0.41,0.22,0.0,0.41,1.5
R03081,2026-09-03 19:36:14.158520787,controle,F07,True,paletizada,True,True,tarde,40,274,True,0.16,0.59,0.58,0.17,1.16,2.66
R03082,2026-09-03 14:38:22.518118305,controle,F04,False,batida,True,False,tarde,16,105,True,0.14,1.67,0.83,0.55,0.38,3.57
R03083,2026-09-03 14:54:21.472695219,controle,F08,False,mista,True,True,tarde,9,158,False,1.03,1.02,0.25,0.0,1.16,3.46
R03084,2026-09-03 11:34:01.653622881,controle,F05,False,mista,True,True,manha,3,53,False,0.21,1.08,0.25,0.0,0.56,2.1
R03085,2026-09-03 13:44:03.704941428,controle,F03,True,batida,True,True,manha,34,337,False,0.07,1.97,0.37,0.0,0.96,3.37
R03086,2026-09-03 09:03:06.051722932,controle,F03,True,paletizada,True,True,manha,34,291,False,0.46,0.66,0.97,0.0,1.05,3.14
R03087,2026-09-03 10:50:21.752837696,controle,F01,False,batida,True,True,manha,48,341,False,0.31,2.1,0.66,0.0,0.56,3.63
R03088,2026-09-03 13:49:07.211390667,controle,F09,False,paletizada,True,True,manha,45,739,False,0.49,0.67,0.67,0.0,0.33,2.16
R03089,2026-09-03 11:21:57.033034106,controle,F03,True,batida,True,True,manha,31,232,True,0.84,1.53,0.51,1.45,1.37,5.7
R03090,2026-09-03 11:07:52.625382488,controle,F01,False,paletizada,True,True,manha,5,86,False,0.77,0.61,0.3,0.0,0.39,2.07
R03091,2026-09-04 09:53:33.266361638,controle,F06,False,paletizada,True,True,manha,29,366,False,0.6,0.44,0.49,0.0,0.33,1.86
R03092,2026-09-04 13:30:14.772565508,controle,F09,False,paletizada,True,True,manha,44,647,False,0.07,0.73,1.38,0.0,0.38,2.56
R03093,2026-09-04 11:43:20.101217300,controle,F01,False,paletizada,True,True,manha,10,138,False,0.42,0.66,0.25,0.0,0.89,2.22
R03094,2026-09-04 10:34:18.233053366,controle,F01,False,paletizada,True,True,manha,14,187,False,0.19,0.43,0.4,0.0,1.12,2.14
R03095,2026-09-04 11:54:41.551347268,controle,F03,True,batida,True,True,manha,30,424,True,0.13,1.4,0.58,0.58,0.79,3.48
R03096,2026-09-04 18:05:39.364480442,controle,F07,True,batida,True,True,tarde,40,422,False,0.48,2.01,0.62,0.0,0.12,3.23
R03097,2026-09-04 11:14:32.912345004,controle,F04,False,mista,True,True,manha,34,421,False,0.28,1.25,0.72,0.0,0.41,2.66
R03098,2026-09-04 12:05:39.517044154,controle,F01,False,paletizada,True,True,manha,48,438,False,0.25,0.68,0.47,0.0,0.71,2.11
R03099,2026-09-04 16:16:22.636934414,controle,F10,False,paletizada,True,False,tarde,6,91,False,0.24,0.57,0.54,0.0,0.75,2.1
R03100,2026-09-04 13:47:33.600915063,controle,F01,False,paletizada,True,True,manha,14,173,False,0.72,0.4,0.4,0.0,0.44,1.96
R03101,2026-09-04 09:44:59.962526649,controle,F11,False,paletizada,True,True,manha,30,268,False,0.62,0.66,0.89,0.0,1.47,3.64
R03102,2026-09-04 11:57:34.664173470,controle,F07,True,paletizada,True,True,manha,33,556,False,0.07,0.72,0.78,0.0,0.57,2.14
R03103,2026-09-04 09:20:22.847639128,controle,F01,False,mista,True,True,manha,57,1017,False,0.29,1.31,0.91,0.0,0.54,3.05
R03104,2026-09-04 13:02:52.901184879,controle,F01,False,batida,True,True,manha,25,394,True,0.55,2.67,0.49,1.47,0.88,6.06
R03105,2026-09-04 06:28:23.155385901,controle,F01,False,batida,True,True,manha,44,461,False,0.14,2.72,0.73,0.0,1.0,4.59
R03106,2026-09-04 11:19:55.840876460,controle,F01,False,mista,True,True,manha,9,63,False,0.66,1.06,0.49,0.0,0.64,2.85
R03107,2026-09-04 12:53:51.841154385,controle,F04,False,batida,True,True,manha,13,213,False,0.29,1.66,0.43,0.0,0.2,2.58
R03108,2026-09-04 11:55:27.832606550,controle,F05,False,paletizada,True,True,manha,36,184,False,0.4,0.58,0.56,0.0,1.59,3.13
R03109,2026-09-04 12:24:49.351446054,controle,F04,False,paletizada,True,True,manha,27,461,False,0.66,0.57,0.39,0.0,0.89,2.51
R03110,2026-09-04 10:43:58.770036739,controle,F03,True,paletizada,True,True,manha,35,602,False,0.4,0.86,0.81,0.0,0.94,3.01
R03111,2026-09-04 15:21:29.163860337,controle,F02,False,batida,True,True,tarde,27,327,False,0.67,1.87,0.49,0.0,0.72,3.75
R03112,2026-09-04 13:09:22.507985574,controle,F01,False,batida,True,False,manha,45,260,True,0.35,1.96,1.42,1.05,1.91,6.69
R03113,2026-09-05 14:29:54.906650134,controle,F09,False,mista,True,True,tarde,3,34,False,0.98,1.13,0.35,0.0,1.15,3.61
R03114,2026-09-05 14:27:55.027120435,controle,F04,False,paletizada,True,True,tarde,3,14,False,0.47,0.36,0.28,0.0,0.64,1.75
R03115,2026-09-05 06:00:00.000000000,controle,F03,True,batida,True,True,manha,28,423,False,1.15,1.84,0.4,0.0,0.97,4.36
R03116,2026-09-05 10:56:17.893717425,controle,F09,False,batida,True,False,manha,18,164,False,1.03,2.39,0.71,0.0,0.71,4.84
R03117,2026-09-05 18:08:33.088010830,controle,F03,True,paletizada,True,True,tarde,13,90,True,0.08,0.36,0.54,0.19,1.0,2.17
R03118,2026-09-05 19:46:38.814267208,controle,F04,False,mista,False,True,tarde,58,411,False,1.71,1.32,0.58,0.0,0.46,4.07
R03119,2026-09-05 10:30:44.913873362,controle,F03,True,mista,True,True,manha,6,107,False,0.31,0.99,0.23,0.0,0.83,2.36
R03120,2026-09-05 20:02:35.000481390,controle,F02,False,batida,True,True,tarde,25,314,False,0.11,2.77,0.6,0.0,0.7,4.18
R03121,2026-09-05 14:33:59.980172396,controle,F01,False,batida,True,True,tarde,37,240,False,0.34,1.63,0.69,0.0,0.67,3.33
R03122,2026-09-05 08:27:52.799443081,controle,F02,False,mista,False,True,manha,22,343,True,1.51,1.75,0.43,0.35,0.92,4.96
R03123,2026-09-05 12:17:09.339248828,controle,F09,False,paletizada,True,True,manha,48,793,False,0.57,0.79,0.72,0.0,1.37,3.45
R03124,2026-09-05 17:05:40.131816280,controle,F04,False,paletizada,True,True,tarde,18,244,False,0.83,0.42,0.67,0.0,0.98,2.9
R03125,2026-09-05 17:12:28.165094780,controle,F06,False,batida,True,True,tarde,25,177,False,0.62,1.72,0.38,0.0,0.36,3.08
R03126,2026-09-07 08:51:56.709116920,controle,F07,True,mista,True,True,manha,46,684,False,0.45,1.35,0.73,0.0,1.18,3.71
R03127,2026-09-07 15:32:34.968390558,controle,F01,False,batida,True,True,tarde,22,314,False,0.81,1.41,0.46,0.0,0.24,2.92
R03128,2026-09-07 12:54:56.288869272,controle,F03,True,batida,False,True,manha,26,441,False,1.97,2.84,0.56,0.0,0.25,5.62
R03129,2026-09-07 12:49:54.252340622,controle,F08,False,paletizada,True,True,manha,51,663,False,1.33,0.72,0.85,0.0,0.42,3.32
R03130,2026-09-07 10:38:08.652856675,controle,F12,False,paletizada,True,True,manha,58,346,True,0.54,0.61,0.9,0.66,0.69,3.4
R03131,2026-09-07 11:34:05.916937533,controle,F04,False,paletizada,True,True,manha,47,350,False,0.58,0.76,1.17,0.0,0.33,2.84
R03132,2026-09-07 10:51:31.045023586,controle,F06,False,batida,True,True,manha,30,288,False,0.4,2.96,0.59,0.0,1.12,5.07
R03133,2026-09-07 08:49:04.795449121,controle,F02,False,mista,True,True,manha,16,169,False,0.05,0.72,0.53,0.0,0.72,2.02
R03134,2026-09-07 11:32:51.057431228,controle,F01,False,paletizada,True,True,manha,10,154,False,0.42,0.4,0.3,0.0,0.82,1.94
R03135,2026-09-07 10:50:20.455526828,controle,F01,False,batida,True,False,manha,21,96,False,0.44,1.53,0.97,0.0,1.24,4.18
R03136,2026-09-07 09:53:10.637750954,controle,F03,True,paletizada,True,False,manha,6,75,True,0.87,0.32,0.72,0.77,0.81,3.49
R03137,2026-09-07 16:57:39.320399145,controle,F03,True,batida,True,True,tarde,32,289,True,0.38,2.23,0.53,0.68,0.5,4.32
R03138,2026-09-07 12:53:42.454227026,controle,F05,False,paletizada,True,True,manha,20,120,False,0.25,0.61,0.56,0.0,0.66,2.08
R03139,2026-09-07 10:43:49.138283143,controle,F03,True,paletizada,True,True,manha,52,810,False,0.65,0.69,0.63,0.0,0.69,2.66
R03140,2026-09-07 10:41:47.577707746,controle,F06,False,paletizada,True,True,manha,26,208,False,0.7,0.69,0.55,0.0,0.47,2.41
R03141,2026-09-07 14:59:12.939833720,controle,F02,False,paletizada,True,True,tarde,44,453,False,0.31,0.56,0.68,0.0,1.11,2.66
R03142,2026-09-07 13:40:37.720297167,controle,F01,False,paletizada,True,True,manha,40,244,False,0.56,0.53,0.67,0.0,0.93,2.69
R03143,2026-09-07 11:45:35.160789812,controle,F02,False,paletizada,True,True,manha,29,334,False,0.18,0.7,0.49,0.0,0.71,2.08
R03144,2026-09-07 14:42:47.853311112,controle,F02,False,mista,False,True,tarde,34,455,False,1.3,1.09,0.47,0.0,1.29,4.15
R03145,2026-09-07 13:11:56.502653215,controle,F02,False,paletizada,True,True,manha,39,162,False,0.07,0.66,0.64,0.0,0.87,2.24
R03146,2026-09-08 13:34:10.464296012,controle,F04,False,mista,True,True,manha,8,43,False,0.2,0.78,0.46,0.0,0.88,2.32
R03147,2026-09-08 12:04:29.747615534,controle,F09,False,mista,True,False,manha,20,258,False,0.52,0.81,0.86,0.0,0.72,2.91
R03148,2026-09-08 16:50:10.746276849,controle,F10,False,mista,True,True,tarde,21,112,False,0.18,1.25,0.33,0.0,0.76,2.52
R03149,2026-09-08 11:14:31.324090167,controle,F05,False,mista,True,True,manha,4,54,False,0.5,0.82,0.36,0.0,0.69,2.37
R03150,2026-09-08 15:51:46.417563572,controle,F02,False,mista,False,True,tarde,38,502,True,5.23,1.12,0.61,0.21,1.26,8.43
R03151,2026-09-08 12:02:02.332231782,controle,F06,False,paletizada,True,True,manha,32,412,False,0.46,0.71,0.4,0.0,0.5,2.07
R03152,2026-09-08 11:21:04.359905715,controle,F03,True,paletizada,True,True,manha,15,91,False,0.79,0.5,0.4,0.0,0.56,2.25
R03153,2026-09-08 12:02:44.235745047,controle,F09,False,batida,True,True,manha,35,546,False,0.27,1.63,0.81,0.0,0.71,3.42
R03154,2026-09-08 12:26:18.103048897,controle,F07,True,paletizada,True,True,manha,33,502,False,0.43,0.56,0.63,0.0,0.93,2.55
R03155,2026-09-08 13:52:56.990559345,controle,F05,False,paletizada,True,True,manha,57,616,False,0.71,0.82,1.02,0.0,1.09,3.64
R03156,2026-09-08 15:12:53.416653670,controle,F03,True,mista,False,True,tarde,42,186,False,4.98,0.91,0.57,0.0,0.75,7.21
R03157,2026-09-08 14:51:55.730187511,controle,F06,False,paletizada,False,True,tarde,24,399,False,2.44,0.76,0.55,0.0,1.2,4.95
R03158,2026-09-08 09:25:27.613808731,controle,F02,False,mista,False,True,manha,16,247,False,0.65,1.98,0.42,0.0,0.82,3.87
R03159,2026-09-08 12:13:27.072089270,controle,F09,False,paletizada,True,True,manha,3,50,False,0.73,0.34,0.3,0.0,0.71,2.08
R03160,2026-09-08 13:32:28.681416571,controle,F03,True,paletizada,True,True,manha,8,53,False,0.08,0.43,0.31,0.0,1.4,2.22
R03161,2026-09-08 11:23:08.047561542,controle,F02,False,batida,True,True,manha,51,849,False,1.27,1.85,0.87,0.0,0.47,4.46
R03162,2026-09-08 15:06:12.548030439,controle,F11,False,batida,True,True,tarde,19,241,False,0.98,2.56,0.58,0.0,1.05,5.17
R03163,2026-09-08 09:05:50.019075376,controle,F01,False,paletizada,True,True,manha,24,296,False,0.32,0.54,0.73,0.0,1.54,3.13
R03164,2026-09-08 11:49:46.647635833,controle,F06,False,paletizada,True,True,manha,40,662,True,0.26,1.21,0.6,0.13,0.63,2.83
R03165,2026-09-08 09:36:15.978516584,controle,F08,False,paletizada,True,True,manha,50,704,False,0.49,0.86,0.8,0.0,0.91,3.06
R03166,2026-09-08 15:09:34.360572466,controle,F02,False,batida,True,True,tarde,24,238,False,0.31,2.05,0.45,0.0,1.43,4.24
R03167,2026-09-08 10:46:35.261913396,controle,F02,False,mista,False,True,manha,20,103,False,0.26,0.72,0.48,0.0,1.67,3.13
R03168,2026-09-08 11:24:16.389535381,controle,F11,False,paletizada,False,True,manha,51,434,False,1.48,0.66,0.63,0.0,1.36,4.13
R03169,2026-09-08 14:08:50.183237263,controle,F07,True,batida,True,False,tarde,10,72,True,0.14,2.0,0.82,0.07,0.6,3.63
R03170,2026-09-08 15:02:52.322977690,controle,F03,True,mista,True,True,tarde,32,426,False,0.46,0.86,0.8,0.0,0.94,3.06
R03171,2026-09-08 13:08:58.708829133,controle,F01,False,paletizada,True,False,manha,23,187,False,0.53,0.43,0.9,0.0,0.19,2.05
R03172,2026-09-08 13:39:15.838881145,controle,F01,False,batida,True,True,manha,17,149,False,0.5,2.68,0.5,0.0,0.16,3.84
R03173,2026-09-08 09:51:49.178694351,controle,F06,False,batida,True,True,manha,18,216,False,0.4,2.35,0.49,0.0,1.78,5.02
R03174,2026-09-08 11:07:47.279788352,controle,F05,False,mista,True,True,manha,15,180,False,0.6,0.78,0.43,0.0,0.65,2.46
R03175,2026-09-08 09:45:59.998271094,controle,F01,False,paletizada,True,False,manha,50,519,False,0.46,0.68,1.71,0.0,2.0,4.85
R03176,2026-09-08 15:15:59.903326868,controle,F03,True,mista,True,True,tarde,12,91,True,0.13,1.07,0.35,0.88,0.91,3.34
R03177,2026-09-08 12:25:33.292087917,controle,F02,False,paletizada,True,True,manha,59,681,False,0.32,0.73,0.92,0.0,1.54,3.51
R03178,2026-09-09 21:38:12.057968709,controle,F05,False,paletizada,True,True,tarde,16,107,False,1.03,0.41,0.58,0.0,0.24,2.26
R03179,2026-09-09 14:39:08.956086789,controle,F03,True,batida,True,True,tarde,19,224,False,0.09,1.21,0.39,0.0,0.64,2.33
R03180,2026-09-09 09:23:49.921735786,controle,F02,False,paletizada,True,True,manha,5,45,False,1.06,0.42,0.28,0.0,1.83,3.59
R03181,2026-09-09 06:26:14.690154339,controle,F04,False,paletizada,True,True,manha,49,315,False,0.27,0.43,0.7,0.0,0.52,1.92
R03182,2026-09-09 12:22:59.990956521,controle,F03,True,paletizada,True,False,manha,53,363,True,0.18,0.47,1.59,0.11,1.36,3.71
R03183,2026-09-09 09:47:55.570259774,controle,F03,True,batida,True,True,manha,41,332,False,0.05,2.44,0.53,0.0,0.53,3.55
R03184,2026-09-09 12:17:39.157297447,controle,F01,False,paletizada,False,True,manha,5,66,False,3.16,0.53,0.3,0.0,0.6,4.59
R03185,2026-09-09 15:32:57.891099929,controle,F01,False,batida,True,True,tarde,28,415,False,0.12,2.52,0.48,0.0,0.67,3.79
R03186,2026-09-09 14:26:26.652289642,controle,F02,False,batida,True,True,tarde,50,756,False,1.27,2.6,0.82,0.0,1.22,5.91
R03187,2026-09-09 13:20:07.520610552,controle,F05,False,batida,True,True,manha,4,50,False,0.31,1.99,0.26,0.0,0.43,2.99
R03188,2026-09-09 14:58:09.781337258,controle,F02,False,batida,True,True,tarde,17,180,False,0.47,1.84,0.38,0.0,0.46,3.15
R03189,2026-09-09 13:17:06.993900726,controle,F03,True,mista,True,True,manha,25,275,False,1.0,0.83,0.51,0.0,0.64,2.98
R03190,2026-09-09 12:21:51.019306354,controle,F04,False,paletizada,True,True,manha,42,314,False,0.2,0.66,0.83,0.0,0.2,1.89
R03191,2026-09-09 14:00:17.223056593,controle,F01,False,batida,True,True,tarde,29,368,False,0.37,2.35,0.71,0.0,0.53,3.96
R03192,2026-09-09 08:28:00.392100279,controle,F10,False,paletizada,False,True,manha,44,713,False,2.03,0.62,0.67,0.0,0.95,4.27
R03193,2026-09-09 10:25:08.930822314,controle,F11,False,paletizada,True,True,manha,51,313,False,0.49,0.62,0.87,0.0,0.47,2.45
R03194,2026-09-09 12:16:05.446549502,controle,F06,False,paletizada,True,True,manha,50,642,False,0.4,0.84,0.54,0.0,0.55,2.33
R03195,2026-09-09 13:06:52.065084423,controle,F08,False,paletizada,True,True,manha,47,787,False,0.1,0.83,0.75,0.0,0.35,2.03
R03196,2026-09-09 07:37:27.239155708,controle,F02,False,paletizada,True,True,manha,44,311,False,1.08,0.52,0.72,0.0,0.74,3.06
R03197,2026-09-09 14:35:57.716198361,controle,F01,False,paletizada,False,False,tarde,40,385,False,3.06,0.58,1.13,0.0,0.76,5.53
R03198,2026-09-09 10:42:08.785111723,controle,F09,False,paletizada,False,True,manha,40,401,False,3.23,0.55,1.02,0.0,0.37,5.17
R03199,2026-09-09 09:17:06.055181984,controle,F07,True,paletizada,True,True,manha,40,407,False,0.48,0.6,0.78,0.0,1.32,3.18
R03200,2026-09-09 08:29:19.487124614,controle,F01,False,paletizada,True,False,manha,6,97,False,0.58,0.66,0.56,0.0,1.21,3.01
R03201,2026-09-09 14:39:27.034078071,controle,F03,True,batida,True,True,tarde,51,598,True,1.13,1.97,1.09,2.05,0.92,7.16
R03202,2026-09-09 11:09:30.219974139,controle,F06,False,paletizada,True,True,manha,49,460,False,0.38,0.63,0.76,0.0,2.17,3.94
R03203,2026-09-09 13:45:14.226707077,controle,F07,True,paletizada,True,True,manha,34,604,False,0.37,0.88,0.54,0.0,0.74,2.53
R03204,2026-09-10 14:13:45.393468110,controle,F07,True,mista,True,True,tarde,46,217,False,0.11,1.14,0.83,0.0,0.39,2.47
R03205,2026-09-10 16:08:06.181242568,controle,F01,False,batida,True,False,tarde,39,352,False,0.01,1.39,1.11,0.0,0.74,3.25
R03206,2026-09-10 13:28:10.881306850,controle,F01,False,paletizada,True,True,manha,58,671,False,0.69,0.71,0.97,0.0,1.43,3.8
R03207,2026-09-10 06:00:00.000000000,controle,F03,True,paletizada,False,True,manha,8,97,False,7.25,0.46,0.27,0.0,1.01,8.99
R03208,2026-09-10 12:29:14.178156324,controle,F02,False,mista,True,True,manha,43,375,False,0.79,0.99,0.77,0.0,1.13,3.68
R03209,2026-09-10 11:07:17.729008536,controle,F02,False,batida,True,True,manha,47,325,False,0.39,1.65,0.66,0.0,1.04,3.74
R03210,2026-09-10 10:42:53.112018304,controle,F05,False,paletizada,True,True,manha,39,553,False,0.91,0.66,0.74,0.0,0.77,3.08
R03211,2026-09-10 22:54:29.023165882,controle,F01,False,mista,True,True,noite,29,229,False,0.48,1.04,0.44,0.0,1.63,3.59
R03212,2026-09-10 09:06:12.189799134,controle,F03,True,paletizada,True,True,manha,35,217,True,0.38,0.52,0.7,0.21,0.62,2.43
R03213,2026-09-10 13:01:10.939725526,controle,F05,False,paletizada,True,True,manha,25,399,False,0.78,0.61,0.49,0.0,0.51,2.39
R03214,2026-09-10 13:44:21.391121058,controle,F01,False,paletizada,True,True,manha,26,321,False,0.31,0.53,0.56,0.0,0.97,2.37
R03215,2026-09-10 13:05:18.142304910,controle,F02,False,paletizada,True,True,manha,3,50,False,0.35,0.46,0.22,0.0,0.44,1.47
R03216,2026-09-10 14:23:06.284737280,controle,F07,True,batida,True,False,tarde,58,785,True,0.98,2.19,1.66,0.31,1.0,6.14
R03217,2026-09-10 15:12:21.453498169,controle,F02,False,paletizada,True,True,tarde,11,145,False,0.7,0.35,0.37,0.0,0.92,2.34
R03218,2026-09-10 13:25:01.748493850,controle,F02,False,batida,True,True,manha,37,522,False,0.23,1.88,0.86,0.0,1.06,4.03
R03219,2026-09-10 12:15:16.308344286,controle,F03,True,batida,True,True,manha,40,169,False,0.39,2.4,0.67,0.0,0.6,4.06
R03220,2026-09-10 10:18:13.057164277,controle,F03,True,batida,True,True,manha,36,352,False,1.2,1.59,0.64,0.0,0.48,3.91
R03221,2026-09-10 10:55:07.978891101,controle,F06,False,paletizada,True,False,manha,12,143,False,0.02,0.53,0.65,0.0,1.28,2.48
R03222,2026-09-10 13:44:21.406800534,controle,F03,True,batida,True,True,manha,27,229,False,0.82,2.02,0.47,0.0,1.06,4.37
R03223,2026-09-10 08:17:06.483759367,controle,F02,False,paletizada,True,True,manha,43,248,False,0.21,0.56,0.65,0.0,0.57,1.99
R03224,2026-09-10 13:12:09.349526890,controle,F08,False,paletizada,True,True,manha,36,501,False,0.74,0.58,0.59,0.0,0.41,2.32
R03225,2026-09-10 12:53:03.601013042,controle,F09,False,mista,True,True,manha,7,87,False,0.74,0.93,0.29,0.0,0.59,2.55
R03226,2026-09-10 11:49:44.505903518,controle,F07,True,paletizada,True,False,manha,52,464,False,0.44,0.58,1.39,0.0,0.65,3.06
R03227,2026-09-10 13:28:27.262152861,controle,F05,False,paletizada,True,True,manha,37,256,False,0.2,0.75,0.57,0.0,0.56,2.08
R03228,2026-09-10 13:03:18.468754570,controle,F05,False,paletizada,True,True,manha,57,703,False,0.63,0.69,1.05,0.0,0.6,2.97
R03229,2026-09-10 12:53:56.487220292,controle,F05,False,mista,True,False,manha,41,221,False,0.61,1.03,1.32,0.0,1.74,4.7
R03230,2026-09-10 12:20:20.467712367,controle,F05,False,paletizada,True,True,manha,36,529,False,0.16,0.65,0.47,0.0,0.48,1.76
R03231,2026-09-10 12:47:38.314438987,controle,F03,True,paletizada,True,True,manha,51,782,False,0.35,0.62,0.8,0.0,0.45,2.22
R03232,2026-09-10 11:38:30.855548259,controle,F02,False,batida,True,True,manha,39,317,False,0.44,1.08,0.6,0.0,0.95,3.07
R03233,2026-09-11 13:31:34.304747613,controle,F03,True,batida,True,True,manha,37,407,False,0.81,2.5,0.61,0.0,1.47,5.39
R03234,2026-09-11 14:51:43.843042825,controle,F03,True,paletizada,True,True,tarde,54,549,False,0.56,0.68,1.06,0.0,1.15,3.45
R03235,2026-09-11 15:44:43.778774788,controle,F02,False,paletizada,True,True,tarde,28,398,False,0.26,0.59,0.42,0.0,1.6,2.87
R03236,2026-09-11 17:00:07.322379728,controle,F01,False,paletizada,True,True,tarde,53,347,False,0.22,0.52,0.92,0.0,1.23,2.89
R03237,2026-09-11 14:04:04.158869455,controle,F01,False,batida,True,True,tarde,50,587,False,0.93,3.75,0.64,0.0,0.61,5.93
R03238,2026-09-11 08:26:56.969668417,controle,F01,False,mista,True,False,manha,37,196,False,0.61,1.1,1.39,0.0,0.3,3.4
R03239,2026-09-11 12:36:39.190904503,controle,F02,False,batida,True,True,manha,32,436,False,1.02,2.01,0.57,0.0,1.09,4.69
R03240,2026-09-11 14:53:55.871285838,controle,F02,False,paletizada,True,True,tarde,39,522,False,0.11,0.63,0.66,0.0,0.14,1.54
R03241,2026-09-11 11:12:03.527788474,controle,F10,False,mista,True,False,manha,57,506,False,0.06,0.98,2.76,0.0,0.89,4.69
R03242,2026-09-11 12:01:21.656554460,controle,F01,False,mista,True,True,manha,29,318,False,0.3,1.4,0.72,0.0,0.74,3.16
R03243,2026-09-11 17:18:47.346994490,controle,F12,False,mista,True,True,tarde,57,438,False,0.54,1.16,0.88,0.0,0.8,3.38
R03244,2026-09-11 15:04:48.633150954,controle,F05,False,batida,True,True,tarde,7,65,False,0.59,1.91,0.26,0.0,0.5,3.26
R03245,2026-09-11 11:23:13.861533591,controle,F03,True,mista,True,True,manha,47,349,True,0.43,1.35,0.88,0.42,1.4,4.48
R03246,2026-09-11 17:38:33.682052245,controle,F01,False,batida,True,True,tarde,12,82,False,0.92,2.17,0.39,0.0,0.88,4.36
R03247,2026-09-11 12:49:37.568255055,controle,F09,False,mista,False,True,manha,41,342,False,4.62,1.08,0.53,0.0,0.99,7.22
R03248,2026-09-11 15:03:23.208897286,controle,F04,False,paletizada,True,False,tarde,28,467,False,0.27,0.71,0.91,0.0,0.8,2.69
R03249,2026-09-11 11:50:24.430331227,controle,F03,True,batida,True,True,manha,20,236,False,0.55,2.8,0.55,0.0,0.5,4.4
R03250,2026-09-11 11:22:13.480204220,controle,F01,False,mista,True,True,manha,42,625,False,0.61,1.61,0.54,0.0,0.48,3.24
R03251,2026-09-11 14:04:10.462611640,controle,F06,False,paletizada,True,True,tarde,14,157,False,0.75,0.5,0.42,0.0,1.36,3.03
R03252,2026-09-11 13:00:27.198210625,controle,F03,True,mista,True,True,manha,21,125,False,0.22,1.21,0.47,0.0,0.79,2.69
R03253,2026-09-11 13:26:54.761443173,controle,F04,False,paletizada,True,True,manha,4,22,False,0.32,0.27,0.28,0.0,1.26,2.13
R03254,2026-09-11 11:14:50.042037087,controle,F01,False,paletizada,True,True,manha,55,608,False,0.05,0.61,0.83,0.0,0.54,2.03
R03255,2026-09-11 07:56:49.865043930,controle,F01,False,paletizada,True,True,manha,39,422,False,0.15,0.68,0.62,0.0,0.25,1.7
R03256,2026-09-11 20:36:20.887759166,controle,F09,False,batida,True,False,tarde,43,451,False,0.35,1.59,1.71,0.0,0.5,4.15
R03257,2026-09-11 06:42:54.428349124,controle,F05,False,batida,True,True,manha,20,93,False,0.32,2.12,0.35,0.0,0.41,3.2
R03258,2026-09-11 14:34:38.653768624,controle,F09,False,paletizada,True,True,tarde,56,766,False,0.34,0.74,0.86,0.0,0.3,2.24
R03259,2026-09-11 09:32:07.378386360,controle,F01,False,paletizada,True,True,manha,45,738,False,1.36,0.76,0.8,0.0,0.62,3.54
R03260,2026-09-11 06:00:00.000000000,controle,F01,False,paletizada,True,False,manha,28,315,True,0.44,0.59,0.98,0.42,0.35,2.78
R03261,2026-09-11 11:40:52.198866066,controle,F04,False,paletizada,True,True,manha,31,296,False,0.45,0.46,0.4,0.0,0.27,1.58
R03262,2026-09-12 11:34:16.950653580,controle,F01,False,mista,True,True,manha,35,564,False,0.65,1.34,0.68,0.0,1.03,3.7
R03263,2026-09-12 12:40:23.885337741,controle,F01,False,paletizada,True,True,manha,53,901,False,0.6,0.84,1.11,0.0,0.94,3.49
R03264,2026-09-12 07:28:22.594970982,controle,F06,False,batida,True,True,manha,30,186,False,0.07,1.73,0.46,0.0,0.44,2.7
R03265,2026-09-12 12:16:05.174285772,controle,F01,False,mista,True,False,manha,53,411,True,0.14,1.37,1.28,3.8,1.49,8.08
R03266,2026-09-12 10:42:51.717235647,controle,F02,False,paletizada,False,True,manha,25,404,False,0.67,0.65,0.37,0.0,0.23,1.92
R03267,2026-09-12 16:11:33.294577056,controle,F02,False,batida,True,False,tarde,10,77,False,0.45,1.55,0.65,0.0,0.82,3.47
R03268,2026-09-12 11:28:27.467544662,controle,F06,False,paletizada,True,True,manha,8,117,False,0.48,0.53,0.39,0.0,0.58,1.98
R03269,2026-09-12 10:42:02.864922480,controle,F08,False,paletizada,True,False,manha,4,47,False,0.83,0.44,0.63,0.0,1.3,3.2
R03270,2026-09-14 11:57:38.538277207,controle,F01,False,paletizada,False,True,manha,43,688,False,2.66,0.75,0.62,0.0,0.26,4.29
R03271,2026-09-14 17:39:24.135223604,controle,F04,False,paletizada,True,True,tarde,17,181,False,0.25,0.48,0.52,0.0,1.41,2.66
R03272,2026-09-14 08:44:48.453419914,controle,F01,False,batida,True,True,manha,13,140,False,0.16,2.15,0.41,0.0,1.23,3.95
R03273,2026-09-14 11:43:22.822228200,controle,F02,False,paletizada,True,False,manha,6,32,False,0.47,0.45,0.53,0.0,0.49,1.94
R03274,2026-09-14 14:06:08.403542366,controle,F02,False,batida,True,True,tarde,11,174,False,0.57,1.45,0.37,0.0,1.15,3.54
R03275,2026-09-14 10:48:03.782705576,controle,F05,False,paletizada,True,True,manha,25,358,False,1.01,0.54,0.49,0.0,1.16,3.2
R03276,2026-09-14 08:33:30.765858555,controle,F04,False,paletizada,True,True,manha,29,270,False,1.16,0.77,0.48,0.0,0.17,2.58
R03277,2026-09-14 14:29:49.561200294,controle,F12,False,batida,True,True,tarde,31,254,False,0.98,2.26,0.52,0.0,0.98,4.74
R03278,2026-09-14 16:16:09.110339677,controle,F12,False,paletizada,True,True,tarde,13,53,False,0.26,0.43,0.42,0.0,0.52,1.63
R03279,2026-09-14 16:14:34.932591600,controle,F01,False,paletizada,True,False,tarde,59,474,False,0.33,0.53,1.94,0.0,1.05,3.85
R03280,2026-09-14 18:08:07.703543068,controle,F09,False,mista,True,True,tarde,9,52,False,0.31,1.7,0.39,0.0,0.7,3.1
R03281,2026-09-14 11:38:01.760898436,controle,F01,False,mista,False,True,manha,37,208,False,0.94,0.94,0.74,0.0,0.56,3.18
R03282,2026-09-14 20:20:00.981604003,controle,F04,False,mista,True,True,tarde,52,922,False,0.49,1.48,0.81,0.0,0.68,3.46
R03283,2026-09-14 10:53:36.683687569,controle,F02,False,paletizada,True,True,manha,3,26,False,0.95,0.51,0.32,0.0,0.39,2.17
R03284,2026-09-14 14:01:11.346365038,controle,F03,True,paletizada,True,True,tarde,30,280,False,0.22,0.54,0.67,0.0,0.89,2.32
R03285,2026-09-14 13:21:21.804730905,controle,F04,False,batida,True,True,manha,53,838,False,0.4,2.45,1.21,0.0,0.39,4.45
R03286,2026-09-14 08:58:45.228821624,controle,F05,False,paletizada,True,True,manha,6,40,True,0.37,0.25,0.33,0.17,0.64,1.76
R03287,2026-09-14 15:43:11.214846134,controle,F07,True,batida,True,True,tarde,5,27,False,0.33,1.92,0.3,0.0,0.28,2.83
R03288,2026-09-14 08:34:59.826518925,controle,F12,False,paletizada,True,True,manha,28,454,False,0.51,0.49,0.46,0.0,0.72,2.18
R03289,2026-09-14 06:00:00.000000000,controle,F04,False,paletizada,True,True,manha,5,52,False,0.42,0.52,0.25,0.0,0.21,1.4
R03290,2026-09-14 15:13:37.529283262,controle,F01,False,mista,True,True,tarde,25,227,False,0.82,0.72,0.57,0.0,1.34,3.45
R03291,2026-09-14 16:04:19.499474352,controle,F02,False,mista,False,True,tarde,3,39,False,3.68,0.94,0.21,0.0,0.86,5.69
R03292,2026-09-14 20:22:37.207334614,controle,F09,False,paletizada,True,True,tarde,38,523,False,0.69,0.9,0.61,0.0,0.9,3.1
R03293,2026-09-14 10:55:54.752891977,controle,F07,True,paletizada,True,True,manha,21,207,False,1.21,0.42,0.36,0.0,0.62,2.61
R03294,2026-09-14 14:34:16.346047673,controle,F10,False,batida,True,True,tarde,45,337,False,0.12,2.4,0.88,0.0,1.22,4.62
R03295,2026-09-14 14:44:35.371797136,controle,F01,False,mista,True,True,tarde,13,142,False,0.14,0.87,0.4,0.0,0.63,2.04
R03296,2026-09-14 09:09:10.358235680,controle,F03,True,batida,True,False,manha,11,117,False,0.04,1.71,0.81,0.0,0.94,3.5
R03297,2026-09-14 15:07:16.637288563,controle,F07,True,paletizada,False,True,tarde,25,253,False,6.56,0.47,0.53,0.0,1.17,8.73
R03298,2026-09-15 15:23:32.764123683,controle,F07,True,batida,True,True,tarde,54,457,False,0.69,2.12,0.71,0.0,0.42,3.94
R03299,2026-09-15 13:40:12.453278757,controle,F01,False,batida,True,False,manha,46,226,False,0.73,1.89,1.38,0.0,2.24,6.24
R03300,2026-09-15 15:05:52.088442774,controle,F04,False,batida,True,True,tarde,12,188,False,0.65,1.94,0.37,0.0,0.69,3.65
R03301,2026-09-15 10:07:15.310084270,controle,F03,True,paletizada,True,False,manha,49,488,False,0.96,0.47,1.73,0.0,1.31,4.47
R03302,2026-09-15 13:16:14.805737011,controle,F02,False,batida,True,True,manha,11,186,False,0.15,1.96,0.56,0.0,1.08,3.75
R03303,2026-09-15 11:12:52.485484402,controle,F04,False,paletizada,True,True,manha,37,291,False,0.85,0.73,0.53,0.0,0.17,2.28
R03304,2026-09-15 14:43:32.958719457,controle,F01,False,mista,True,True,tarde,23,411,False,0.45,1.09,0.55,0.0,0.4,2.49
R03305,2026-09-15 14:36:28.921731141,controle,F02,False,paletizada,True,False,tarde,44,645,False,0.1,0.94,1.23,0.0,0.93,3.2
R03306,2026-09-15 11:00:10.594374843,controle,F12,False,paletizada,True,True,manha,9,149,False,0.6,0.44,0.36,0.0,0.82,2.22
R03307,2026-09-15 10:52:15.704315025,controle,F03,True,mista,True,False,manha,24,214,False,0.26,0.87,0.97,0.0,1.0,3.1
R03308,2026-09-15 13:12:37.546332001,controle,F10,False,mista,True,True,manha,46,554,False,0.15,1.0,0.9,0.0,0.39,2.44
R03309,2026-09-15 13:01:29.101320332,controle,F06,False,mista,True,True,manha,13,123,False,1.55,0.75,0.46,0.0,0.94,3.7
R03310,2026-09-15 17:23:19.241367687,controle,F11,False,batida,True,True,tarde,58,1009,False,0.18,2.08,1.23,0.0,0.25,3.74
R03311,2026-09-15 18:30:49.535790937,controle,F01,False,batida,True,True,tarde,24,335,False,0.3,1.64,0.51,0.0,0.6,3.05
R03312,2026-09-15 16:57:02.208580207,controle,F04,False,batida,True,True,tarde,40,360,False,0.55,1.81,0.51,0.0,0.26,3.13
R03313,2026-09-15 10:57:29.976693116,controle,F06,False,batida,True,False,manha,13,94,True,0.37,1.41,0.8,2.08,1.05,5.71
R03314,2026-09-15 10:25:36.138336330,controle,F06,False,mista,True,True,manha,46,363,True,0.44,1.06,0.73,0.51,1.13,3.87
R03315,2026-09-15 16:07:07.904589214,controle,F03,True,batida,True,True,tarde,54,697,True,0.32,2.22,0.8,0.88,1.11,5.33
R03316,2026-09-15 14:00:30.266978763,controle,F07,True,batida,True,True,tarde,3,50,False,0.09,2.0,0.25,0.0,0.62,2.96
R03317,2026-09-15 11:24:42.133673052,controle,F12,False,mista,True,True,manha,31,479,False,0.34,1.03,0.66,0.0,0.75,2.78
R03318,2026-09-15 14:51:03.598594070,controle,F04,False,paletizada,True,True,tarde,11,194,False,0.43,0.5,0.27,0.0,0.64,1.84
R03319,2026-09-16 15:12:29.354401339,controle,F01,False,paletizada,True,True,tarde,20,302,False,0.02,0.79,0.35,0.0,1.53,2.69
R03320,2026-09-16 09:45:34.430561571,controle,F06,False,batida,True,True,manha,30,383,False,0.13,3.33,0.6,0.0,1.06,5.12
R03321,2026-09-16 15:05:12.830953052,controle,F01,False,mista,True,True,tarde,12,206,False,0.47,1.42,0.39,0.0,0.79,3.07
R03322,2026-09-16 12:03:12.334834998,controle,F03,True,batida,True,True,manha,47,632,False,0.11,2.83,1.0,0.0,0.69,4.63
R03323,2026-09-16 12:26:56.316299542,controle,F01,False,mista,True,True,manha,29,285,False,0.43,1.25,0.64,0.0,0.97,3.29
R03324,2026-09-16 13:38:34.813789389,controle,F01,False,paletizada,True,True,manha,33,401,False,0.67,0.64,0.67,0.0,0.94,2.92
R03325,2026-09-16 14:42:20.668278427,controle,F07,True,paletizada,True,True,tarde,43,371,False,0.11,0.47,0.52,0.0,0.51,1.61
R03326,2026-09-16 12:11:33.013599270,controle,F04,False,paletizada,True,True,manha,34,577,False,0.57,0.73,0.31,0.0,0.58,2.19
R03327,2026-09-16 14:54:09.951105196,controle,F01,False,mista,True,True,tarde,46,793,False,0.51,1.31,0.98,0.0,1.14,3.94
R03328,2026-09-16 09:41:04.964783290,controle,F01,False,paletizada,False,True,manha,43,346,False,0.54,0.62,0.73,0.0,0.94,2.83
R03329,2026-09-16 13:31:39.680652954,controle,F07,True,paletizada,True,True,manha,46,388,False,0.46,0.6,0.68,0.0,0.69,2.43
R03330,2026-09-16 14:07:26.032827392,controle,F11,False,paletizada,False,True,tarde,38,645,False,1.9,0.75,0.31,0.0,1.2,4.16
R03331,2026-09-16 09:53:14.148961674,controle,F03,True,paletizada,True,True,manha,34,365,True,0.92,0.64,0.62,1.15,1.25,4.58
R03332,2026-09-16 10:41:39.755493150,controle,F05,False,paletizada,False,True,manha,8,57,False,1.17,0.75,0.29,0.0,0.96,3.17
R03333,2026-09-16 16:07:20.032340862,controle,F03,True,paletizada,False,True,tarde,45,725,False,3.48,0.71,0.43,0.0,0.61,5.23
R03334,2026-09-16 07:08:09.887035002,controle,F07,True,mista,True,True,manha,42,742,False,0.28,1.31,0.76,0.0,0.66,3.01
R03335,2026-09-16 10:31:26.636983996,controle,F01,False,batida,True,True,manha,43,223,False,0.43,2.89,0.64,0.0,0.32,4.28
R03336,2026-09-16 13:12:33.593393221,controle,F01,False,batida,True,True,manha,29,180,False,0.33,1.41,0.61,0.0,1.06,3.41
R03337,2026-09-16 13:31:01.281273722,controle,F08,False,batida,True,True,manha,32,496,False,0.42,2.29,0.71,0.0,0.77,4.19
R03338,2026-09-16 15:55:22.782723589,controle,F10,False,batida,True,False,tarde,47,756,False,0.31,2.24,1.94,0.0,0.75,5.24
R03339,2026-09-16 14:53:55.697617723,controle,F01,False,batida,True,True,tarde,41,497,False,0.88,2.28,0.99,0.0,0.88,5.03
R03340,2026-09-16 15:32:18.630931855,controle,F10,False,paletizada,True,True,tarde,30,413,False,0.22,0.66,0.47,0.0,0.67,2.02
R03341,2026-09-16 15:08:07.562798152,controle,F08,False,paletizada,True,True,tarde,4,58,False,0.92,0.52,0.31,0.0,0.75,2.5
R03342,2026-09-16 06:00:00.000000000,controle,F02,False,mista,True,True,manha,4,28,False,0.3,0.95,0.27,0.0,1.44,2.96
R03343,2026-09-17 10:38:37.386722140,controle,F05,False,batida,True,True,manha,24,342,False,0.3,1.99,0.45,0.0,1.09,3.83
R03344,2026-09-17 15:14:24.716292900,controle,F04,False,batida,True,True,tarde,48,383,False,1.14,2.24,0.82,0.0,0.51,4.71
R03345,2026-09-17 11:37:27.332553169,controle,F05,False,batida,True,True,manha,54,723,False,0.71,1.68,0.62,0.0,0.39,3.4
R03346,2026-09-17 07:15:54.679484332,controle,F02,False,paletizada,True,True,manha,19,91,False,0.14,0.54,0.35,0.0,0.82,1.85
R03347,2026-09-17 12:17:45.357857336,controle,F06,False,batida,True,True,manha,46,555,False,0.35,1.26,0.68,0.0,0.38,2.67
R03348,2026-09-17 11:55:29.461227240,controle,F03,True,paletizada,True,True,manha,18,277,False,0.3,0.71,0.51,0.0,0.43,1.95
R03349,2026-09-17 08:47:48.524638700,controle,F04,False,paletizada,False,True,manha,4,24,False,1.94,0.38,0.35,0.0,0.28,2.95
R03350,2026-09-17 14:06:13.278555853,controle,F03,True,paletizada,True,True,tarde,20,177,False,0.52,0.55,0.53,0.0,0.65,2.25
R03351,2026-09-17 15:20:18.462009357,controle,F01,False,paletizada,True,True,tarde,17,284,False,0.12,0.59,0.34,0.0,0.97,2.02
R03352,2026-09-17 10:53:26.928312864,controle,F03,True,mista,True,True,manha,33,194,False,0.26,0.87,0.76,0.0,1.06,2.95
R03353,2026-09-17 14:28:37.263603028,controle,F04,False,paletizada,True,True,tarde,46,351,False,0.38,0.69,0.52,0.0,0.68,2.27
R03354,2026-09-17 13:48:36.121756021,controle,F07,True,paletizada,True,True,manha,21,340,True,0.56,0.58,0.49,0.33,0.62,2.58
R03355,2026-09-17 15:24:23.610063690,controle,F03,True,paletizada,True,True,tarde,22,115,False,0.33,0.59,0.4,0.0,0.37,1.69
R03356,2026-09-17 16:14:26.956968709,controle,F04,False,batida,True,True,tarde,47,397,True,0.65,2.61,0.75,0.97,0.46,5.44
R03357,2026-09-17 11:36:46.850375419,controle,F07,True,paletizada,True,True,manha,45,801,False,1.59,0.89,0.59,0.0,0.45,3.52
R03358,2026-09-17 11:59:06.589147290,controle,F01,False,paletizada,True,True,manha,30,443,False,0.71,0.52,0.59,0.0,0.36,2.18
R03359,2026-09-17 14:17:59.128035255,controle,F01,False,batida,True,True,tarde,54,345,False,0.48,2.98,0.65,0.0,0.56,4.67
R03360,2026-09-17 16:51:59.836925955,controle,F01,False,mista,True,True,tarde,26,104,False,0.27,0.67,0.57,0.0,0.63,2.14
R03361,2026-09-17 15:56:59.927647243,controle,F02,False,batida,True,True,tarde,26,379,False,0.16,1.9,0.64,0.0,0.32,3.02
R03362,2026-09-17 14:07:04.175987023,controle,F01,False,paletizada,True,True,tarde,7,78,False,0.15,0.63,0.35,0.0,0.79,1.92
R03363,2026-09-17 14:26:56.823636289,controle,F04,False,mista,True,True,tarde,37,409,False,0.38,0.83,0.57,0.0,0.93,2.71
R03364,2026-09-17 12:02:53.876371549,controle,F03,True,batida,True,True,manha,51,337,False,0.32,1.37,0.73,0.0,1.01,3.43
R03365,2026-09-18 13:45:29.444950407,controle,F09,False,batida,True,True,manha,37,520,False,0.48,2.13,0.71,0.0,0.32,3.64
R03366,2026-09-18 11:07:24.081961670,controle,F11,False,paletizada,True,True,manha,40,223,False,0.46,0.45,0.74,0.0,0.73,2.38
R03367,2026-09-18 12:40:32.206548712,controle,F01,False,batida,True,True,manha,50,823,False,0.7,2.27,0.97,0.0,0.6,4.54
R03368,2026-09-18 08:38:10.054127875,controle,F02,False,paletizada,True,True,manha,19,167,False,0.26,0.42,0.39,0.0,0.89,1.96
R03369,2026-09-18 16:18:57.196947067,controle,F09,False,paletizada,True,True,tarde,29,258,False,0.57,0.51,0.64,0.0,1.14,2.86
R03370,2026-09-18 16:49:41.117960636,controle,F06,False,mista,False,True,tarde,31,331,False,9.92,0.72,0.52,0.0,0.83,11.99
R03371,2026-09-18 10:30:10.424085274,controle,F11,False,paletizada,True,True,manha,30,434,False,0.26,0.74,0.4,0.0,0.95,2.35
R03372,2026-09-18 13:47:05.782887189,controle,F04,False,batida,True,True,manha,52,871,False,1.13,2.51,1.03,0.0,0.84,5.51
R03373,2026-09-18 15:49:01.068961213,controle,F02,False,paletizada,False,True,tarde,54,813,False,2.74,0.88,0.77,0.0,0.61,5.0
R03374,2026-09-18 13:48:52.857992948,controle,F11,False,paletizada,True,True,manha,25,446,False,1.07,0.66,0.63,0.0,0.68,3.04
R03375,2026-09-18 14:21:59.994899895,controle,F04,False,paletizada,True,True,tarde,42,577,False,0.12,0.87,0.8,0.0,0.47,2.26
R03376,2026-09-18 09:34:47.666106069,controle,F01,False,mista,True,True,manha,31,290,False,0.64,1.07,0.54,0.0,0.28,2.53
R03377,2026-09-18 13:07:41.320435533,controle,F02,False,paletizada,True,True,manha,21,272,False,0.27,0.73,0.54,0.0,0.88,2.42
R03378,2026-09-18 10:41:47.357247310,controle,F11,False,paletizada,True,True,manha,32,182,False,0.53,0.46,0.42,0.0,0.86,2.27
R03379,2026-09-18 09:43:34.935180664,controle,F11,False,batida,False,True,manha,51,214,False,4.02,1.21,0.61,0.0,0.4,6.24
R03380,2026-09-18 14:40:48.935265819,controle,F04,False,paletizada,True,True,tarde,58,305,False,0.52,0.53,0.61,0.0,0.66,2.32
R03381,2026-09-18 14:16:56.873770287,controle,F02,False,paletizada,True,True,tarde,36,251,False,1.31,0.55,0.4,0.0,0.53,2.79
R03382,2026-09-18 18:58:46.932480357,controle,F01,False,batida,True,False,tarde,6,60,False,0.42,1.71,0.66,0.0,0.99,3.78
R03383,2026-09-18 15:29:02.813593858,controle,F01,False,paletizada,True,True,tarde,36,332,False,0.71,0.55,0.77,0.0,0.85,2.88
R03384,2026-09-18 11:19:44.896241020,controle,F01,False,paletizada,True,True,manha,35,457,False,1.31,0.46,0.8,0.0,0.74,3.31
R03385,2026-09-18 15:03:19.138975934,controle,F07,True,mista,True,False,tarde,14,160,True,0.81,1.22,0.86,0.18,0.82,3.89
R03386,2026-09-18 17:04:26.269794768,controle,F04,False,paletizada,True,True,tarde,48,700,False,1.44,0.73,0.75,0.0,0.64,3.56
R03387,2026-09-18 08:04:32.247450598,controle,F01,False,batida,True,True,manha,34,303,False,0.44,2.52,0.59,0.0,1.22,4.77
R03388,2026-09-18 13:02:38.162014620,controle,F08,False,batida,True,True,manha,23,125,True,0.15,1.42,0.46,0.04,0.71,2.78
R03389,2026-09-19 10:57:25.086799353,controle,F06,False,paletizada,True,False,manha,31,399,False,0.26,0.51,1.02,0.0,1.12,2.91
R03390,2026-09-19 19:51:35.100290628,controle,F10,False,paletizada,True,True,tarde,57,425,False,0.19,0.57,0.94,0.0,0.61,2.31
R03391,2026-09-19 13:38:54.882539570,controle,F03,True,paletizada,True,True,manha,51,592,False,0.24,0.65,0.89,0.0,1.39,3.17
R03392,2026-09-19 14:18:59.084676720,controle,F11,False,paletizada,True,True,tarde,13,210,True,0.22,0.39,0.53,0.6,1.15,2.89
R03393,2026-09-19 11:10:17.710880768,controle,F11,False,paletizada,True,True,manha,15,135,False,0.27,0.32,0.34,0.0,1.46,2.39
R03394,2026-09-19 13:43:09.028402507,controle,F02,False,paletizada,True,True,manha,43,600,False,0.39,0.78,0.57,0.0,1.49,3.23
R03395,2026-09-19 10:18:59.059668110,controle,F05,False,paletizada,True,False,manha,23,256,False,0.57,0.8,1.19,0.0,0.75,3.31
R03396,2026-09-19 15:41:41.736222405,controle,F10,False,mista,True,False,tarde,33,433,True,0.21,0.85,1.21,0.24,1.33,3.84
R03397,2026-09-19 09:14:00.864376080,controle,F08,False,paletizada,True,True,manha,15,68,False,0.67,0.31,0.34,0.0,1.07,2.39
R03398,2026-09-19 12:58:30.194091055,controle,F06,False,paletizada,True,True,manha,4,54,False,0.36,0.52,0.24,0.0,0.69,1.81
R03399,2026-09-19 16:08:57.865510255,controle,F08,False,paletizada,True,True,tarde,12,54,False,0.46,0.4,0.42,0.0,0.59,1.87
R03400,2026-09-19 16:07:46.285362451,controle,F02,False,paletizada,True,True,tarde,31,461,False,0.66,0.7,0.73,0.0,0.46,2.55
R03401,2026-09-21 10:29:18.457576821,controle,F04,False,paletizada,True,True,manha,38,517,False,1.28,0.72,0.56,0.0,0.84,3.4
R03402,2026-09-21 13:37:40.216479542,controle,F10,False,paletizada,True,True,manha,9,44,False,0.42,0.37,0.41,0.0,0.39,1.59
R03403,2026-09-21 07:36:56.372829332,controle,F02,False,mista,True,True,manha,43,430,False,1.11,0.93,0.62,0.0,0.28,2.94
R03404,2026-09-21 09:35:18.318692392,controle,F01,False,mista,True,True,manha,7,92,False,0.03,0.78,0.28,0.0,0.41,1.5
R03405,2026-09-21 18:40:11.343993121,controle,F05,False,paletizada,True,True,tarde,41,340,True,0.41,0.6,0.63,0.48,0.3,2.42
R03406,2026-09-21 16:06:20.882350328,controle,F06,False,batida,True,True,tarde,33,457,False,0.07,1.97,0.43,0.0,0.56,3.03
R03407,2026-09-21 13:42:55.169702424,controle,F05,False,batida,True,True,manha,22,386,False,0.79,2.55,0.42,0.0,0.4,4.16
R03408,2026-09-21 13:35:59.355687739,controle,F02,False,mista,True,True,manha,46,633,False,0.51,1.02,0.62,0.0,1.0,3.15
R03409,2026-09-21 11:01:22.026338878,controle,F03,True,mista,False,False,manha,9,103,False,0.51,1.1,0.42,0.0,0.22,2.25
R03410,2026-09-21 15:04:32.068518502,controle,F02,False,batida,True,True,tarde,48,392,False,0.19,1.7,0.76,0.0,1.02,3.67
R03411,2026-09-21 16:53:47.336812587,controle,F01,False,paletizada,True,True,tarde,34,175,False,0.15,0.47,0.76,0.0,0.87,2.25
R03412,2026-09-21 14:23:10.282915132,controle,F03,True,paletizada,True,True,tarde,43,518,False,0.22,0.79,0.64,0.0,0.84,2.49
R03413,2026-09-21 12:43:09.626390288,controle,F07,True,batida,True,True,manha,54,696,False,0.37,2.45,0.67,0.0,0.74,4.23
R03414,2026-09-21 14:03:05.537464642,controle,F01,False,mista,False,True,tarde,28,358,False,2.66,1.04,0.63,0.0,0.31,4.64
R03415,2026-09-21 15:52:16.731486613,controle,F02,False,paletizada,True,True,tarde,43,476,False,0.56,0.74,0.56,0.0,1.66,3.52
R03416,2026-09-21 14:40:41.216958116,controle,F01,False,batida,True,True,tarde,5,75,True,0.53,1.51,0.22,0.35,1.59,4.2
R03417,2026-09-21 20:10:33.645531972,controle,F10,False,paletizada,True,True,tarde,56,554,False,0.34,0.67,1.02,0.0,0.55,2.58
R03418,2026-09-21 16:36:46.413464137,controle,F02,False,batida,True,True,tarde,46,446,False,0.22,1.63,0.6,0.0,0.31,2.76
R03419,2026-09-21 14:59:17.068751491,controle,F01,False,paletizada,True,False,tarde,37,379,True,0.14,0.5,0.72,1.72,0.88,3.96
R03420,2026-09-21 12:47:39.613360516,controle,F01,False,paletizada,False,False,manha,22,201,False,1.99,0.56,0.66,0.0,0.61,3.82
R03421,2026-09-21 11:01:06.666727234,controle,F01,False,batida,True,True,manha,56,897,False,0.37,2.42,0.72,0.0,0.47,3.98
R03422,2026-09-21 14:09:05.606701466,controle,F02,False,paletizada,True,False,tarde,42,172,False,0.47,0.55,1.56,0.0,0.56,3.14
R03423,2026-09-21 13:50:09.271678660,controle,F02,False,mista,True,True,manha,18,162,False,1.81,0.89,0.37,0.0,0.57,3.64
R03424,2026-09-21 13:17:03.619835030,controle,F03,True,batida,True,True,manha,12,119,False,0.15,3.1,0.38,0.0,0.76,4.39
R03425,2026-09-21 13:52:47.568795247,controle,F06,False,mista,True,True,manha,5,71,False,0.31,0.72,0.33,0.0,0.92,2.28
R03426,2026-09-21 07:29:06.863595532,controle,F03,True,mista,True,False,manha,15,212,True,1.07,1.25,0.9,0.42,0.23,3.87
R03427,2026-09-21 15:45:39.352312094,controle,F06,False,paletizada,True,True,tarde,20,144,False,0.53,0.48,0.42,0.0,0.66,2.09
R03428,2026-09-21 16:08:10.496649152,controle,F10,False,batida,True,True,tarde,58,837,False,0.05,2.07,1.09,0.0,1.02,4.23
R03429,2026-09-21 12:06:29.751923761,controle,F03,True,batida,True,True,manha,20,268,False,0.69,1.47,0.47,0.0,1.07,3.7
R03430,2026-09-21 08:07:38.398966417,controle,F01,False,batida,True,True,manha,47,495,False,0.4,1.58,0.89,0.0,0.39,3.26
R03431,2026-09-21 12:28:17.412364387,controle,F04,False,batida,True,True,manha,36,261,False,0.33,2.75,0.56,0.0,0.62,4.26
R03432,2026-09-21 16:48:12.371886482,controle,F01,False,batida,True,True,tarde,46,671,False,0.58,1.78,0.55,0.0,0.94,3.85
R03433,2026-09-22 17:35:31.676838622,controle,F10,False,batida,True,True,tarde,3,28,False,0.41,2.13,0.23,0.0,0.65,3.42
R03434,2026-09-22 16:44:18.127307126,controle,F03,True,paletizada,False,True,tarde,29,240,False,5.25,0.48,0.5,0.0,0.96,7.19
R03435,2026-09-22 11:21:54.057573943,controle,F06,False,mista,True,True,manha,13,104,True,0.16,0.83,0.35,2.27,0.85,4.46
R03436,2026-09-22 18:41:43.052374014,controle,F03,True,batida,True,True,tarde,24,321,False,0.82,2.56,0.47,0.0,0.68,4.53
R03437,2026-09-22 14:22:00.207813896,controle,F03,True,paletizada,True,True,tarde,43,487,False,0.07,0.53,0.83,0.0,0.28,1.71
R03438,2026-09-22 15:07:58.864480089,controle,F02,False,mista,True,True,tarde,31,163,False,0.46,0.95,0.91,0.0,0.59,2.91
R03439,2026-09-22 09:29:21.309059950,controle,F02,False,paletizada,True,True,manha,27,349,False,0.25,0.49,0.47,0.0,0.21,1.42
R03440,2026-09-22 12:04:34.245904832,controle,F02,False,mista,True,True,manha,55,415,False,1.09,1.19,0.84,0.0,0.22,3.34
R03441,2026-09-22 08:15:33.966470970,controle,F01,False,paletizada,True,False,manha,16,113,False,0.23,0.67,0.6,0.0,0.88,2.38
R03442,2026-09-22 10:10:34.084814059,controle,F01,False,mista,True,True,manha,51,296,False,0.38,1.24,0.81,0.0,0.66,3.09
R03443,2026-09-22 20:59:48.957719823,controle,F07,True,batida,False,True,tarde,16,76,False,6.67,2.35,0.33,0.0,0.74,10.09
R03444,2026-09-22 13:10:03.478022205,controle,F03,True,paletizada,True,True,manha,27,297,False,0.4,0.46,0.6,0.0,0.79,2.25
R03445,2026-09-22 11:58:34.486933249,controle,F03,True,paletizada,True,True,manha,13,221,False,0.56,0.36,0.34,0.0,0.81,2.07
R03446,2026-09-22 15:47:11.322173011,controle,F07,True,paletizada,True,True,tarde,14,59,False,1.49,0.38,0.35,0.0,0.22,2.44
R03447,2026-09-22 09:37:03.309837661,controle,F09,False,paletizada,True,True,manha,37,302,False,0.72,0.65,0.81,0.0,1.28,3.46
R03448,2026-09-22 12:17:45.729257740,controle,F02,False,paletizada,True,True,manha,29,513,False,0.16,0.6,0.48,0.0,1.23,2.47
R03449,2026-09-22 17:01:20.141463172,controle,F04,False,mista,True,True,tarde,49,770,False,0.67,1.02,0.52,0.0,0.69,2.9
R03450,2026-09-22 16:13:55.827106381,controle,F06,False,mista,True,True,tarde,40,590,False,0.5,1.24,0.68,0.0,0.48,2.9
R03451,2026-09-22 12:34:37.802400430,controle,F05,False,paletizada,True,False,manha,39,380,False,0.61,0.55,1.13,0.0,0.76,3.05
R03452,2026-09-22 14:27:44.096037508,controle,F05,False,paletizada,True,True,tarde,59,833,False,0.03,0.65,0.79,0.0,0.46,1.93
R03453,2026-09-22 14:02:34.043605702,controle,F01,False,batida,True,True,tarde,56,558,False,0.75,2.29,0.88,0.0,1.38,5.3
R03454,2026-09-22 11:55:56.612456396,controle,F02,False,batida,True,True,manha,13,117,False,0.22,1.55,0.51,0.0,0.77,3.05
R03455,2026-09-22 06:22:26.699133583,controle,F09,False,mista,True,True,manha,46,485,False,0.12,0.89,1.01,0.0,1.56,3.58
R03456,2026-09-22 11:43:34.281377122,controle,F03,True,mista,True,True,manha,5,82,False,0.56,1.1,0.24,0.0,0.93,2.83
R03457,2026-09-22 09:49:10.857505144,controle,F04,False,paletizada,True,True,manha,41,338,False,0.16,0.64,0.67,0.0,1.12,2.59
R03458,2026-09-22 08:17:58.627489567,controle,F05,False,batida,True,True,manha,48,268,True,0.14,2.08,1.13,0.85,0.67,4.87
R03459,2026-09-22 07:09:07.714812833,controle,F02,False,paletizada,True,True,manha,4,28,False,0.41,0.46,0.23,0.0,0.39,1.49
R03460,2026-09-22 14:49:11.426484784,controle,F05,False,batida,True,False,tarde,37,310,False,0.15,1.44,1.05,0.0,0.82,3.46
R03461,2026-09-22 14:35:32.711736022,controle,F02,False,paletizada,True,True,tarde,31,321,False,0.56,0.51,0.42,0.0,0.59,2.08
R03462,2026-09-22 11:58:11.886140852,controle,F11,False,mista,True,False,manha,38,385,False,0.14,1.2,1.2,0.0,0.46,3.0
R03463,2026-09-22 11:45:47.848768696,controle,F08,False,batida,True,True,manha,8,119,False,0.2,0.98,0.26,0.0,1.48,2.92
R03464,2026-09-22 13:00:02.162705713,controle,F05,False,paletizada,True,True,manha,38,625,False,0.17,0.55,0.54,0.0,0.59,1.85
R03465,2026-09-22 10:53:38.799449048,controle,F09,False,paletizada,False,True,manha,29,483,False,1.51,0.73,0.4,0.0,0.66,3.3
R03466,2026-09-22 10:52:32.039233564,controle,F04,False,paletizada,True,False,manha,52,440,False,0.79,0.75,1.88,0.0,0.3,3.72
R03467,2026-09-22 12:41:27.532231472,controle,F01,False,paletizada,False,True,manha,55,524,False,3.82,0.81,0.78,0.0,0.34,5.75
R03468,2026-09-22 09:50:57.651093430,controle,F01,False,paletizada,True,False,manha,34,493,False,0.42,0.56,1.43,0.0,1.23,3.64
R03469,2026-09-22 10:55:40.629964893,controle,F05,False,batida,True,True,manha,22,133,False,0.22,2.84,0.56,0.0,0.91,4.53
R03470,2026-09-23 13:36:16.915307302,controle,F01,False,paletizada,True,True,manha,23,221,False,0.24,0.37,0.66,0.0,0.73,2.0
R03471,2026-09-23 16:08:47.900233834,controle,F08,False,mista,False,True,tarde,46,803,False,5.19,1.78,0.7,0.0,0.33,8.0
R03472,2026-09-23 13:05:32.650102996,controle,F01,False,batida,True,True,manha,38,613,False,0.97,3.12,0.69,0.0,0.29,5.07
R03473,2026-09-23 21:11:03.911362162,controle,F03,True,paletizada,True,True,tarde,49,615,False,0.58,0.72,0.96,0.0,0.68,2.94
R03474,2026-09-23 17:13:20.188383661,controle,F01,False,paletizada,True,False,tarde,36,279,False,0.26,0.55,1.27,0.0,0.9,2.98
R03475,2026-09-23 18:18:24.856194330,controle,F03,True,batida,True,True,tarde,4,52,False,0.59,2.01,0.38,0.0,0.57,3.55
R03476,2026-09-23 15:33:28.221896447,controle,F08,False,paletizada,True,True,tarde,51,852,False,0.53,0.75,1.08,0.0,0.41,2.77
R03477,2026-09-23 16:51:28.216564628,controle,F11,False,paletizada,True,True,tarde,19,158,False,0.82,0.47,0.62,0.0,1.22,3.13
R03478,2026-09-23 14:29:55.771832468,controle,F03,True,batida,True,True,tarde,33,389,True,0.62,1.74,0.39,0.7,1.63,5.08
R03479,2026-09-23 22:08:13.315988245,controle,F05,False,paletizada,True,True,noite,14,76,False,0.03,0.49,0.38,0.0,1.36,2.26
R03480,2026-09-23 06:50:57.702920895,controle,F02,False,paletizada,True,True,manha,18,231,False,1.36,0.48,0.29,0.0,0.59,2.72
R03481,2026-09-23 18:08:43.847415117,controle,F07,True,mista,True,True,tarde,41,643,False,0.09,1.05,0.7,0.0,0.46,2.3
R03482,2026-09-23 14:07:30.551680081,controle,F03,True,batida,True,True,tarde,12,139,False,0.53,1.74,0.55,0.0,1.01,3.83
R03483,2026-09-23 13:42:04.318504081,controle,F05,False,paletizada,True,True,manha,5,59,False,0.37,0.41,0.36,0.0,1.66,2.8
R03484,2026-09-23 08:45:40.261432014,controle,F05,False,paletizada,True,True,manha,44,655,False,0.17,0.62,0.6,0.0,1.21,2.6
R03485,2026-09-23 11:16:51.321181515,controle,F01,False,batida,True,True,manha,34,275,False,0.16,2.07,0.77,0.0,0.29,3.29
R03486,2026-09-23 11:43:30.840182896,controle,F11,False,paletizada,True,True,manha,35,616,True,0.95,0.72,0.58,0.19,1.43,3.87
R03487,2026-09-23 18:24:05.841088196,controle,F01,False,paletizada,True,True,tarde,57,761,False,0.65,0.77,1.06,0.0,1.71,4.19
R03488,2026-09-23 16:24:47.523642267,controle,F02,False,mista,True,True,tarde,19,81,False,0.44,1.65,0.54,0.0,0.52,3.15
R03489,2026-09-23 15:25:41.395637769,controle,F11,False,paletizada,False,True,tarde,48,637,False,2.2,0.57,0.73,0.0,0.68,4.18
R03490,2026-09-23 12:53:27.817932235,controle,F07,True,batida,False,True,manha,41,539,False,2.08,1.94,0.51,0.0,0.41,4.94
R03491,2026-09-23 15:33:19.146994398,controle,F04,False,batida,True,True,tarde,28,245,False,0.94,1.76,0.57,0.0,0.5,3.77
R03492,2026-09-23 16:21:11.001634304,controle,F11,False,batida,True,True,tarde,28,414,False,0.09,1.81,0.55,0.0,1.03,3.48
R03493,2026-09-23 13:40:42.425382705,controle,F05,False,paletizada,True,False,manha,32,284,False,0.41,0.48,1.33,0.0,0.39,2.61
R03494,2026-09-23 12:03:25.597541988,controle,F01,False,paletizada,True,True,manha,24,180,False,0.22,0.61,0.75,0.0,2.47,4.05
R03495,2026-09-23 12:44:50.858032758,controle,F01,False,mista,True,False,manha,37,621,False,0.38,1.29,1.42,0.0,0.85,3.94
R03496,2026-09-23 12:53:50.133811884,controle,F01,False,paletizada,True,True,manha,17,213,False,1.03,0.45,0.51,0.0,0.84,2.83
R03497,2026-09-24 16:04:32.461847547,controle,F03,True,paletizada,True,True,tarde,57,493,True,0.15,0.78,1.08,0.09,1.99,4.09
R03498,2026-09-24 14:11:06.861458965,controle,F02,False,batida,True,True,tarde,11,120,False,0.32,1.62,0.41,0.0,0.33,2.68
R03499,2026-09-24 18:01:36.457183354,controle,F06,False,mista,True,True,tarde,20,167,False,0.15,0.7,0.45,0.0,1.93,3.23
R03500,2026-09-24 13:51:19.636896006,controle,F01,False,batida,True,True,manha,13,106,False,0.21,1.46,0.26,0.0,1.49,3.42
R03501,2026-09-24 06:57:40.393863788,controle,F01,False,mista,True,True,manha,23,358,False,0.41,1.2,0.57,0.0,0.58,2.76
R03502,2026-09-24 15:10:24.634833214,controle,F03,True,mista,True,True,tarde,51,575,False,0.27,1.27,0.58,0.0,0.37,2.49
R03503,2026-09-24 17:03:56.156666489,controle,F10,False,mista,True,True,tarde,44,605,False,0.74,1.06,0.57,0.0,0.53,2.9
R03504,2026-09-24 11:16:12.249790503,controle,F03,True,paletizada,True,True,manha,57,800,True,0.35,1.05,0.8,0.77,0.79,3.76
R03505,2026-09-24 07:59:36.250905202,controle,F04,False,paletizada,True,True,manha,19,143,False,0.14,0.67,0.42,0.0,1.19,2.42
R03506,2026-09-24 17:18:03.832641640,controle,F07,True,batida,False,True,tarde,23,106,True,2.48,1.88,0.65,0.17,0.73,5.91
R03507,2026-09-24 21:41:09.753429274,controle,F12,False,paletizada,True,True,tarde,20,209,False,0.19,0.46,0.38,0.0,0.71,1.74
R03508,2026-09-24 09:16:32.131469899,controle,F02,False,paletizada,True,True,manha,59,638,False,0.15,0.63,0.82,0.0,1.52,3.12
R03509,2026-09-24 15:10:19.860157765,controle,F05,False,paletizada,True,False,tarde,48,278,False,0.34,0.47,1.5,0.0,0.86,3.17
R03510,2026-09-24 15:06:23.006137086,controle,F03,True,mista,True,True,tarde,30,456,False,0.08,1.28,0.61,0.0,0.62,2.59
R03511,2026-09-24 09:27:29.875237524,controle,F01,False,paletizada,True,True,manha,15,104,False,0.62,0.35,0.29,0.0,0.49,1.75
R03512,2026-09-24 13:12:41.198834977,controle,F05,False,batida,True,False,manha,21,285,False,0.53,1.61,1.01,0.0,1.13,4.28
R03513,2026-09-24 08:40:16.170405459,controle,F07,True,paletizada,True,True,manha,55,751,False,0.5,0.75,0.85,0.0,1.42,3.52
R03514,2026-09-24 15:14:10.124578892,controle,F01,False,batida,True,False,tarde,51,709,False,0.26,2.64,1.64,0.0,0.74,5.28
R03515,2026-09-24 13:21:09.325112493,controle,F01,False,paletizada,True,True,manha,22,134,False,0.57,0.37,0.51,0.0,1.33,2.78
R03516,2026-09-24 14:02:29.086988917,controle,F01,False,batida,True,True,tarde,19,229,False,0.7,1.56,0.34,0.0,0.61,3.21
R03517,2026-09-24 16:31:08.103296611,controle,F01,False,paletizada,True,True,tarde,59,912,False,1.34,0.85,0.84,0.0,0.9,3.93
R03518,2026-09-24 10:03:58.384990357,controle,F02,False,mista,True,True,manha,50,241,False,0.11,0.97,0.9,0.0,1.83,3.81
R03519,2026-09-24 13:16:48.246984933,controle,F09,False,paletizada,True,True,manha,53,330,False,0.12,0.65,0.59,0.0,0.54,1.9
R03520,2026-09-25 09:28:04.643278035,controle,F05,False,mista,True,True,manha,53,842,False,0.46,1.25,0.7,0.0,0.43,2.84
R03521,2026-09-25 17:12:23.324266314,controle,F06,False,paletizada,True,False,tarde,5,65,False,0.12,0.36,0.58,0.0,0.94,2.0
R03522,2026-09-25 14:03:38.596919882,controle,F01,False,paletizada,True,True,tarde,20,221,False,0.24,0.42,0.39,0.0,1.44,2.49
R03523,2026-09-25 17:53:52.003702824,controle,F02,False,mista,True,True,tarde,52,776,False,0.96,1.91,0.67,0.0,0.59,4.13
R03524,2026-09-25 15:12:18.674437168,controle,F01,False,paletizada,True,False,tarde,42,539,False,0.94,0.7,1.49,0.0,1.53,4.66
R03525,2026-09-25 11:49:45.887154409,controle,F05,False,paletizada,True,True,manha,39,447,False,0.63,0.59,0.9,0.0,0.43,2.55
R03526,2026-09-25 18:09:34.514603654,controle,F08,False,batida,True,True,tarde,53,880,True,0.21,3.08,0.7,0.25,1.03,5.27
R03527,2026-09-25 17:50:36.650357167,controle,F09,False,paletizada,True,True,tarde,53,569,False,0.85,0.71,0.87,0.0,0.31,2.74
R03528,2026-09-25 06:28:18.468150963,controle,F01,False,paletizada,True,True,manha,36,249,False,0.32,0.38,0.53,0.0,0.65,1.88
R03529,2026-09-25 14:37:18.044271868,controle,F08,False,batida,True,True,tarde,50,697,False,1.67,2.69,0.55,0.0,1.51,6.42
R03530,2026-09-25 14:35:49.163962632,controle,F08,False,paletizada,True,True,tarde,35,599,False,0.6,0.67,0.58,0.0,1.43,3.28
R03531,2026-09-25 14:00:06.944573977,controle,F05,False,paletizada,True,True,tarde,16,163,False,0.16,0.63,0.23,0.0,1.59,2.61
R03532,2026-09-25 16:05:58.917928048,controle,F01,False,paletizada,True,True,tarde,17,130,False,0.19,0.51,0.3,0.0,0.42,1.42
R03533,2026-09-25 12:38:00.103137226,controle,F02,False,batida,True,True,manha,6,49,True,0.36,2.46,0.38,1.09,0.55,4.84
R03534,2026-09-25 11:41:39.159967671,controle,F01,False,batida,True,True,manha,37,497,False,0.28,3.06,0.84,0.0,0.43,4.61
R03535,2026-09-25 14:59:09.658688103,controle,F03,True,paletizada,True,False,tarde,50,601,True,0.66,0.71,1.5,1.14,0.82,4.83
R03536,2026-09-25 13:52:49.056918362,controle,F04,False,mista,True,True,manha,42,680,False,0.55,0.91,0.58,0.0,0.47,2.51
R03537,2026-09-25 07:03:08.437842928,controle,F04,False,paletizada,False,True,manha,48,202,False,3.52,0.4,0.83,0.0,1.39,6.14
R03538,2026-09-25 13:57:53.927868430,controle,F07,True,paletizada,True,True,manha,11,125,True,0.74,0.47,0.41,0.75,0.94,3.31
R03539,2026-09-25 07:54:23.978336922,controle,F08,False,batida,False,True,manha,5,68,True,6.52,1.85,0.33,0.37,1.27,10.34
R03540,2026-09-25 15:33:37.200184318,controle,F02,False,paletizada,True,True,tarde,35,255,False,0.26,0.61,0.6,0.0,0.88,2.35
R03541,2026-09-25 10:20:03.298028910,controle,F08,False,mista,True,True,manha,28,373,False,0.69,1.36,0.48,0.0,1.46,3.99
R03542,2026-09-25 12:27:37.778340391,controle,F03,True,batida,True,True,manha,21,181,True,0.17,2.37,0.54,0.42,2.46,5.96
R03543,2026-09-25 10:11:12.171337393,controle,F04,False,paletizada,True,True,manha,32,390,False,0.09,0.56,0.65,0.0,0.56,1.86
R03544,2026-09-25 09:55:45.992650296,controle,F02,False,batida,True,False,manha,39,453,False,0.44,1.89,1.19,0.0,0.87,4.39
R03545,2026-09-25 20:20:44.489602417,controle,F04,False,paletizada,True,False,tarde,52,862,False,0.75,0.74,1.97,0.0,0.52,3.98
R03546,2026-09-25 13:22:55.944626815,controle,F07,True,paletizada,True,True,manha,7,100,False,0.21,0.29,0.32,0.0,0.73,1.55
R03547,2026-09-25 14:06:20.361667100,controle,F04,False,batida,False,False,tarde,21,123,False,4.67,1.31,0.97,0.0,1.02,7.97
R03548,2026-09-25 17:05:46.367400307,controle,F01,False,paletizada,True,True,tarde,22,318,False,0.85,0.55,0.33,0.0,0.91,2.64
R03549,2026-09-25 15:37:50.946259242,controle,F02,False,paletizada,True,True,tarde,23,405,False,0.18,0.58,0.47,0.0,1.14,2.37
R03550,2026-09-25 09:24:31.235688745,controle,F11,False,paletizada,True,True,manha,59,981,False,0.24,1.2,0.72,0.0,0.26,2.42
R03551,2026-09-25 10:16:16.940917477,controle,F04,False,batida,False,True,manha,13,81,False,4.42,1.46,0.36,0.0,0.68,6.92
R03552,2026-09-25 07:54:26.561879420,controle,F11,False,batida,True,True,manha,32,551,False,0.88,2.17,0.54,0.0,0.35,3.94
R03553,2026-09-25 10:07:06.498950059,controle,F03,True,paletizada,True,True,manha,57,948,False,0.43,0.81,0.86,0.0,0.26,2.36
R03554,2026-09-26 12:29:36.912937574,controle,F01,False,paletizada,True,True,manha,40,687,False,0.42,0.69,0.67,0.0,1.12,2.9
R03555,2026-09-26 10:01:19.181465302,controle,F02,False,mista,True,True,manha,19,177,False,0.41,0.91,0.36,0.0,1.43,3.11
R03556,2026-09-26 14:31:09.633294303,controle,F09,False,paletizada,True,True,tarde,26,124,False,0.61,0.57,0.42,0.0,0.92,2.52
R03557,2026-09-26 16:18:43.120896962,controle,F01,False,paletizada,True,True,tarde,55,968,False,1.64,0.97,1.06,0.0,0.9,4.57
R03558,2026-09-26 10:16:55.443347734,controle,F02,False,paletizada,True,False,manha,14,118,False,0.68,0.42,0.77,0.0,1.03,2.9
R03559,2026-09-26 17:51:32.246923971,controle,F02,False,paletizada,True,True,tarde,37,251,False,0.2,0.47,0.5,0.0,0.84,2.01
R03560,2026-09-26 14:27:23.854123299,controle,F06,False,paletizada,True,False,tarde,35,202,False,0.17,0.65,1.51,0.0,1.9,4.23
R03561,2026-09-26 11:39:14.509738375,controle,F03,True,paletizada,True,True,manha,18,204,True,0.68,0.52,0.44,0.49,0.95,3.08
R03562,2026-09-26 12:35:30.915908995,controle,F06,False,paletizada,True,True,manha,31,140,False,0.8,0.43,0.67,0.0,0.41,2.31
